!Keysight Technologies,E4990A,MY54302543,A.03.06
!Date: Tue Mar 24 14:52:03 2026

BEGIN CH1_DATA
DCV(V), +1.851e-004, DCI(A), -2.556e-006
Frequency(Hz), |Z|(Ohm)-data, theta-z(deg)-data, Ls(H)-data, Rs(Ohm)-data
+1.00000000000e+003, +1.31805928802e+001, +8.57486233890e+001, +2.09198433187e-003, +9.77109649249e-001
+1.00733600000e+003, +1.32726217445e+001, +8.57630723490e+001, +2.09128860919e-003, +9.80594037826e-001
+1.01472600000e+003, +1.33675650828e+001, +8.57518557284e+001, +2.09087861714e-003, +9.90218299571e-001
+1.02217100000e+003, +1.34637157109e+001, +8.57383547727e+001, +2.09054281316e-003, +1.00050456570e+000
+1.02967000000e+003, +1.35607170275e+001, +8.57242600873e+001, +2.09023111554e-003, +1.01103951205e+000
+1.03722400000e+003, +1.36586767097e+001, +8.57067681808e+001, +2.08994977663e-003, +1.02250126532e+000
+1.04483300000e+003, +1.37575608270e+001, +8.56898759566e+001, +2.08970369568e-003, +1.03394846817e+000
+1.05249800000e+003, +1.38566941615e+001, +8.56728935816e+001, +2.08938648615e-003, +1.04549426679e+000
+1.06022000000e+003, +1.39560745159e+001, +8.56559932008e+001, +2.08899790394e-003, +1.05709736800e+000
+1.06799800000e+003, +1.40560969138e+001, +8.56380633894e+001, +2.08859712282e-003, +1.06905947082e+000
+1.07583300000e+003, +1.41556166439e+001, +8.56205827962e+001, +2.08801770024e-003, +1.08093483968e+000
+1.08372600000e+003, +1.42557488096e+001, +8.56022097878e+001, +2.08742124084e-003, +1.09313899676e+000
+1.09167600000e+003, +1.43566549114e+001, +8.55848155729e+001, +2.08683876515e-003, +1.10522213515e+000
+1.09968500000e+003, +1.44583683932e+001, +8.55677063021e+001, +2.08626921155e-003, +1.11735696690e+000
+1.10775300000e+003, +1.45612881310e+001, +8.55508318969e+001, +2.08576939830e-003, +1.12958633367e+000
+1.11588000000e+003, +1.46653052008e+001, +8.55358718416e+001, +2.08532718260e-003, +1.14147298390e+000
+1.12406600000e+003, +1.47703746522e+001, +8.55206118037e+001, +2.08492888517e-003, +1.15357299251e+000
+1.13231200000e+003, +1.48758907025e+001, +8.55070058584e+001, +2.08449243776e-003, +1.16533557723e+000
+1.14061900000e+003, +1.49827743578e+001, +8.54914944897e+001, +2.08413495485e-003, +1.17775223850e+000
+1.14898700000e+003, +1.50901400709e+001, +8.54767027544e+001, +2.08373986707e-003, +1.19007558836e+000
+1.15741700000e+003, +1.51981537770e+001, +8.54620304592e+001, +2.08332732349e-003, +1.20247380952e+000
+1.16590800000e+003, +1.53069484345e+001, +8.54473176098e+001, +2.08291718679e-003, +1.21499988683e+000
+1.17446100000e+003, +1.54164860156e+001, +8.54322998789e+001, +2.08250177811e-003, +1.22772251572e+000
+1.18307800000e+003, +1.55268452878e+001, +8.54168730857e+001, +2.08208797967e-003, +1.24067845034e+000
+1.19175700000e+003, +1.56378673361e+001, +8.54010168340e+001, +2.08165805552e-003, +1.25386350609e+000
+1.20050000000e+003, +1.57495887332e+001, +8.53847208318e+001, +2.08121370895e-003, +1.26728647250e+000
+1.20930700000e+003, +1.58621921676e+001, +8.53665528731e+001, +2.08077502283e-003, +1.28136045805e+000
+1.21817900000e+003, +1.59752781626e+001, +8.53484574929e+001, +2.08029376840e-003, +1.29552445676e+000
+1.22711600000e+003, +1.60893755035e+001, +8.53295055444e+001, +2.07983654301e-003, +1.31008159217e+000
+1.23611900000e+003, +1.62042193274e+001, +8.53106544999e+001, +2.07936997876e-003, +1.32474640125e+000
+1.24518700000e+003, +1.63197848581e+001, +8.52925657760e+001, +2.07889483962e-003, +1.33932922038e+000
+1.25432200000e+003, +1.64358493148e+001, +8.52741176856e+001, +2.07837659898e-003, +1.35412846980e+000
+1.26352400000e+003, +1.65524108651e+001, +8.52568126505e+001, +2.07782052104e-003, +1.36871408930e+000
+1.27279400000e+003, +1.66698494712e+001, +8.52389313554e+001, +2.07726814013e-003, +1.38360962120e+000
+1.28213200000e+003, +1.67884085236e+001, +8.52206922893e+001, +2.07675016533e-003, +1.39877588107e+000
+1.29153800000e+003, +1.69077903401e+001, +8.52019713868e+001, +2.07622894990e-003, +1.41422772105e+000
+1.30101300000e+003, +1.70281211843e+001, +8.51832008124e+001, +2.07571970067e-003, +1.42985154986e+000
+1.31055700000e+003, +1.71496070807e+001, +8.51632322743e+001, +2.07524363119e-003, +1.44600845084e+000
+1.32017200000e+003, +1.72718162152e+001, +8.51436160094e+001, +2.07474971289e-003, +1.46220497543e+000
+1.32985700000e+003, +1.73949854526e+001, +8.51240727868e+001, +2.07426737756e-003, +1.47854422231e+000
+1.33961400000e+003, +1.75189735686e+001, +8.51052189707e+001, +2.07377853937e-003, +1.49482687247e+000
+1.34944100000e+003, +1.76434959473e+001, +8.50870252870e+001, +2.07325301118e-003, +1.51103389199e+000
+1.35934100000e+003, +1.77691999962e+001, +8.50702949279e+001, +2.07276517762e-003, +1.52696898212e+000
+1.36931400000e+003, +1.78956061250e+001, +8.50542344074e+001, +2.07225640864e-003, +1.54282918158e+000
+1.37936000000e+003, +1.80228451169e+001, +8.50371992119e+001, +2.07173716503e-003, +1.55913734011e+000
+1.38947900000e+003, +1.81506448169e+001, +8.50200016685e+001, +2.07117915254e-003, +1.57562064680e+000
+1.39967300000e+003, +1.82794915577e+001, +8.50025051154e+001, +2.07063497399e-003, +1.59236647823e+000
+1.40994100000e+003, +1.84089139055e+001, +8.49833238687e+001, +2.07004843530e-003, +1.60978008479e+000
+1.42028500000e+003, +1.85391634107e+001, +8.49621352794e+001, +2.06944450228e-003, +1.62799944771e+000
+1.43070400000e+003, +1.86693702291e+001, +8.49436481842e+001, +2.06874353054e-003, +1.64543395410e+000
+1.44120100000e+003, +1.88014744440e+001, +8.49223254064e+001, +2.06813935665e-003, +1.66404669807e+000
+1.45177400000e+003, +1.89347527441e+001, +8.49023553534e+001, +2.06756700459e-003, +1.68241622913e+000
+1.46242400000e+003, +1.90688109607e+001, +8.48817972309e+001, +2.06697558825e-003, +1.70114260101e+000
+1.47315300000e+003, +1.92042477155e+001, +8.48624707517e+001, +2.06643304748e-003, +1.71967688525e+000
+1.48396100000e+003, +1.93407698830e+001, +8.48429490078e+001, +2.06590256540e-003, +1.73846518185e+000
+1.49484700000e+003, +1.94780516542e+001, +8.48225766456e+001, +2.06534862264e-003, +1.75770246017e+000
+1.50581400000e+003, +1.96163178298e+001, +8.48028295531e+001, +2.06479609748e-003, +1.77691273152e+000
+1.51686100000e+003, +1.97555364374e+001, +8.47826936940e+001, +2.06423978336e-003, +1.79643779985e+000
+1.52798900000e+003, +1.98956685004e+001, +8.47620018400e+001, +2.06367384800e-003, +1.81633573755e+000
+1.53919900000e+003, +2.00370931899e+001, +8.47412098836e+001, +2.06313772689e-003, +1.83648756301e+000
+1.55049100000e+003, +2.01790144926e+001, +8.47206006622e+001, +2.06255040694e-003, +1.85672296905e+000
+1.56186600000e+003, +2.03217455960e+001, +8.46992586033e+001, +2.06194050086e-003, +1.87739341385e+000
+1.57332400000e+003, +2.04658872312e+001, +8.46776248527e+001, +2.06137048601e-003, +1.89840405025e+000
+1.58486700000e+003, +2.06109784483e+001, +8.46557892688e+001, +2.06079114710e-003, +1.91968352620e+000
+1.59649400000e+003, +2.07568438618e+001, +8.46336196791e+001, +2.06018617658e-003, +1.94126570523e+000
+1.60820600000e+003, +2.09035541195e+001, +8.46113099952e+001, +2.05956251064e-003, +1.96309020321e+000
+1.62000500000e+003, +2.10515032254e+001, +8.45889223170e+001, +2.05895682698e-003, +1.98517350149e+000
+1.63188900000e+003, +2.12002633826e+001, +8.45664833744e+001, +2.05832988300e-003, +2.00746728193e+000
+1.64386100000e+003, +2.13502372261e+001, +8.45442225344e+001, +2.05771805314e-003, +2.02992608174e+000
+1.65592100000e+003, +2.15011598171e+001, +8.45226638782e+001, +2.05709756453e-003, +2.05232885334e+000
+1.66807000000e+003, +2.16533203449e+001, +8.45008550764e+001, +2.05649170800e-003, +2.07505711857e+000
+1.68030700000e+003, +2.18062842369e+001, +8.44789590900e+001, +2.05586103314e-003, +2.09801070465e+000
+1.69263400000e+003, +2.19603506838e+001, +8.44570360363e+001, +2.05523193378e-003, +2.12119717792e+000
+1.70505200000e+003, +2.21154917208e+001, +8.44348761789e+001, +2.05459991878e-003, +2.14469586886e+000
+1.71756100000e+003, +2.22714085158e+001, +8.44123314078e+001, +2.05393702861e-003, +2.16853811684e+000
+1.73016100000e+003, +2.24283553994e+001, +8.43904624971e+001, +2.05327099604e-003, +2.19233955075e+000
+1.74285400000e+003, +2.25861750570e+001, +8.43679051205e+001, +2.05258058244e-003, +2.21661562927e+000
+1.75564100000e+003, +2.27456560657e+001, +8.43449285487e+001, +2.05193725675e-003, +2.24134433318e+000
+1.76852000000e+003, +2.29059248734e+001, +8.43222696367e+001, +2.05126674145e-003, +2.26615153478e+000
+1.78149500000e+003, +2.30673223976e+001, +8.43001561013e+001, +2.05059626761e-003, +2.29097815203e+000
+1.79456400000e+003, +2.32296426763e+001, +8.42780385641e+001, +2.04990812697e-003, +2.31602201009e+000
+1.80773000000e+003, +2.33933685373e+001, +8.42543150740e+001, +2.04923592431e-003, +2.34198329899e+000
+1.82099200000e+003, +2.35579788778e+001, +8.42318801483e+001, +2.04854547592e-003, +2.36764087145e+000
+1.83435100000e+003, +2.37239562866e+001, +8.42081461098e+001, +2.04786858250e-003, +2.39409943234e+000
+1.84780900000e+003, +2.38911353185e+001, +8.41843572899e+001, +2.04719301591e-003, +2.42083887042e+000
+1.86136500000e+003, +2.40595269255e+001, +8.41600111902e+001, +2.04651902366e-003, +2.44807216577e+000
+1.87502000000e+003, +2.42290021949e+001, +8.41355148375e+001, +2.04583610549e-003, +2.47562130942e+000
+1.88877600000e+003, +2.43998644997e+001, +8.41104671362e+001, +2.04516631036e-003, +2.50369002621e+000
+1.90263300000e+003, +2.45717080205e+001, +8.40854725510e+001, +2.04447783742e-003, +2.53198531806e+000
+1.91659100000e+003, +2.47447315218e+001, +8.40603194655e+001, +2.04378681969e-003, +2.56061944718e+000
+1.93065200000e+003, +2.49192501315e+001, +8.40348707472e+001, +2.04311658957e-003, +2.58968743330e+000
+1.94481600000e+003, +2.50948411514e+001, +8.40094488186e+001, +2.04243354389e-003, +2.61900935138e+000
+1.95908300000e+003, +2.52715364148e+001, +8.39841091292e+001, +2.04174083136e-003, +2.64856537858e+000
+1.97345600000e+003, +2.54492789849e+001, +8.39586305710e+001, +2.04103025707e-003, +2.67844788002e+000
+1.98793400000e+003, +2.56282847413e+001, +8.39329136228e+001, +2.04032012087e-003, +2.70872659129e+000
+2.00251800000e+003, +2.58079331821e+001, +8.39074616583e+001, +2.03956232899e-003, +2.73911407932e+000
+2.01720900000e+003, +2.59889984398e+001, +8.38813330865e+001, +2.03881418027e-003, +2.77011588806e+000
+2.03200800000e+003, +2.61712418061e+001, +8.38554279255e+001, +2.03805932744e-003, +2.80130596660e+000
+2.04691500000e+003, +2.63547169549e+001, +8.38295710967e+001, +2.03730151803e-003, +2.83276961907e+000
+2.06193200000e+003, +2.65396161967e+001, +8.38041600568e+001, +2.03655523454e-003, +2.86434575957e+000
+2.07705900000e+003, +2.67258261808e+001, +8.37777529028e+001, +2.03580615856e-003, +2.89668833349e+000
+2.09229700000e+003, +2.69133664749e+001, +8.37527738961e+001, +2.03506425139e-003, +2.92867886739e+000
+2.10764700000e+003, +2.71019256995e+001, +8.37273774776e+001, +2.03429809383e-003, +2.96113897745e+000
+2.12310900000e+003, +2.72918958551e+001, +8.37009576008e+001, +2.03353509461e-003, +2.99440400696e+000
+2.13868500000e+003, +2.74830706909e+001, +8.36749468534e+001, +2.03276362585e-003, +3.02778021218e+000
+2.15437500000e+003, +2.76759740301e+001, +8.36485308212e+001, +2.03201926984e-003, +3.06171408654e+000
+2.17018000000e+003, +2.78696584711e+001, +8.36213225466e+001, +2.03122995544e-003, +3.09629383726e+000
+2.18610100000e+003, +2.80647721467e+001, +8.35932417506e+001, +2.03044230264e-003, +3.13163987551e+000
+2.20213900000e+003, +2.82613155399e+001, +8.35655376970e+001, +2.02966036054e-003, +3.16715079283e+000
+2.21829500000e+003, +2.84595546822e+001, +8.35371018214e+001, +2.02889775731e-003, +3.20340188771e+000
+2.23456900000e+003, +2.86586286708e+001, +8.35090185239e+001, +2.02809750870e-003, +3.23976687233e+000
+2.25096200000e+003, +2.88590675860e+001, +8.34808749534e+001, +2.02729525199e-003, +3.27651010591e+000
+2.26747600000e+003, +2.90611667397e+001, +8.34524600239e+001, +2.02650907135e-003, +3.31377423042e+000
+2.28411100000e+003, +2.92643055984e+001, +8.34240720317e+001, +2.02569693826e-003, +3.35134208750e+000
+2.30086800000e+003, +2.94689183561e+001, +8.33955065633e+001, +2.02488764314e-003, +3.38936928500e+000
+2.31774800000e+003, +2.96750655949e+001, +8.33666093949e+001, +2.02408382549e-003, +3.42794620512e+000
+2.33475100000e+003, +2.98821063779e+001, +8.33381504481e+001, +2.02324519847e-003, +3.46660546124e+000
+2.35188000000e+003, +3.00909041407e+001, +8.33083595557e+001, +2.02242081039e-003, +3.50636759554e+000
+2.36913400000e+003, +3.03003532400e+001, +8.32791979971e+001, +2.02154550918e-003, +3.54609013484e+000
+2.38651500000e+003, +3.05118147133e+001, +8.32494541030e+001, +2.02070399190e-003, +3.58656798530e+000
+2.40402300000e+003, +3.07246827910e+001, +8.32198631819e+001, +2.01985880036e-003, +3.62734750813e+000
+2.42166000000e+003, +3.09388988360e+001, +8.31904969119e+001, +2.01900494834e-003, +3.66838378031e+000
+2.43942600000e+003, +3.11547590028e+001, +8.31614066689e+001, +2.01816216525e-003, +3.70968388289e+000
+2.45732200000e+003, +3.13720370952e+001, +8.31321197559e+001, +2.01731298189e-003, +3.75147712724e+000
+2.47535000000e+003, +3.15908891309e+001, +8.31023937188e+001, +2.01646491293e-003, +3.79391929896e+000
+2.49351000000e+003, +3.18113293458e+001, +8.30714502436e+001, +2.01561555165e-003, +3.83744844679e+000
+2.51180300000e+003, +3.20330826395e+001, +8.30411158585e+001, +2.01475458814e-003, +3.88103392044e+000
+2.53023000000e+003, +3.22563492610e+001, +8.30095435318e+001, +2.01388621689e-003, +3.92572728597e+000
+2.54879300000e+003, +3.24810457546e+001, +8.29770734378e+001, +2.01300524373e-003, +3.97134361905e+000
+2.56749100000e+003, +3.27073698360e+001, +8.29444882888e+001, +2.01212826662e-003, +4.01747653832e+000
+2.58632700000e+003, +3.29354779674e+001, +8.29125869695e+001, +2.01126599343e-003, +4.06369369772e+000
+2.60530100000e+003, +3.31646139553e+001, +8.28793925756e+001, +2.01036380524e-003, +4.11103175926e+000
+2.62441500000e+003, +3.33958792424e+001, +8.28469543838e+001, +2.00949625397e-003, +4.15845972711e+000
+2.64366800000e+003, +3.36277386753e+001, +8.28156048997e+001, +2.00857333394e-003, +4.20558654291e+000
+2.66306300000e+003, +3.38616919449e+001, +8.27834333055e+001, +2.00767471057e-003, +4.25370884737e+000
+2.68260000000e+003, +3.40968540751e+001, +8.27518247640e+001, +2.00675392363e-003, +4.30191059351e+000
+2.70228000000e+003, +3.43336951607e+001, +8.27191278795e+001, +2.00583099138e-003, +4.35122808691e+000
+2.72210500000e+003, +3.45724823686e+001, +8.26867778716e+001, +2.00492637327e-003, +4.40085243563e+000
+2.74207500000e+003, +3.48127259904e+001, +8.26534446866e+001, +2.00400564287e-003, +4.45152151260e+000
+2.76219200000e+003, +3.50546312112e+001, +8.26201631746e+001, +2.00308407223e-003, +4.50264839869e+000
+2.78245600000e+003, +3.52980961404e+001, +8.25866451115e+001, +2.00215470865e-003, +4.55439822062e+000
+2.80286900000e+003, +3.55430379307e+001, +8.25529932146e+001, +2.00121217330e-003, +4.60670269097e+000
+2.82343200000e+003, +3.57901255118e+001, +8.25191991681e+001, +2.00029348694e-003, +4.65965827421e+000
+2.84414600000e+003, +3.60389703701e+001, +8.24853702675e+001, +1.99937645062e-003, +4.71315277799e+000
+2.86501100000e+003, +3.62874590926e+001, +8.24563022548e+001, +1.99836690378e-003, +4.76390105352e+000
+2.88603000000e+003, +3.65398745831e+001, +8.24214944231e+001, +1.99745108493e-003, +4.81904411190e+000
+2.90720300000e+003, +3.67944130806e+001, +8.23863056622e+001, +1.99655322764e-003, +4.87501314347e+000
+2.92853100000e+003, +3.70499580442e+001, +8.23507914617e+001, +1.99561241793e-003, +4.93163276807e+000
+2.95001500000e+003, +3.73071241049e+001, +8.23156023505e+001, +1.99466489611e-003, +4.98857147390e+000
+2.97165800000e+003, +3.75647589130e+001, +8.22785184178e+001, +1.99363732995e-003, +5.04711534913e+000
+2.99345900000e+003, +3.78245254247e+001, +8.22427735923e+001, +1.99263488235e-003, +5.10539942833e+000
+3.01541900000e+003, +3.80859808784e+001, +8.22052776895e+001, +1.99161882258e-003, +5.16538491710e+000
+3.03754100000e+003, +3.83497910249e+001, +8.21679939212e+001, +1.99063125082e-003, +5.22588745551e+000
+3.05982600000e+003, +3.86149422395e+001, +8.21306770566e+001, +1.98961763745e-003, +5.28693361974e+000
+3.08227400000e+003, +3.88824830999e+001, +8.20936111482e+001, +1.98863366536e-003, +5.34847970714e+000
+3.10488600000e+003, +3.91516850566e+001, +8.20555015846e+001, +1.98763494452e-003, +5.41130229119e+000
+3.12766500000e+003, +3.94225164591e+001, +8.20179086794e+001, +1.98662582244e-003, +5.47435139798e+000
+3.15061000000e+003, +3.96954993866e+001, +8.19805694371e+001, +1.98563219290e-003, +5.53787624373e+000
+3.17372400000e+003, +3.99705597688e+001, +8.19421264911e+001, +1.98464166202e-003, +5.60280458660e+000
+3.19700700000e+003, +4.02471975112e+001, +8.19038998929e+001, +1.98363593943e-003, +5.66816756346e+000
+3.22046200000e+003, +4.05253684125e+001, +8.18659911371e+001, +1.98261200227e-003, +5.73388785725e+000
+3.24408800000e+003, +4.08060890358e+001, +8.18268798214e+001, +1.98161284883e-003, +5.80118022496e+000
+3.26788800000e+003, +4.10880289638e+001, +8.17884536993e+001, +1.98058130651e-003, +5.86853708544e+000
+3.29186200000e+003, +4.13720249619e+001, +8.17492333415e+001, +1.97955094936e-003, +5.93712819678e+000
+3.31601200000e+003, +4.16583719653e+001, +8.17103725274e+001, +1.97854034890e-003, +6.00618159758e+000
+3.34033900000e+003, +4.19467961545e+001, +8.16712746742e+001, +1.97753273174e-003, +6.07608919131e+000
+3.36484500000e+003, +4.22362833113e+001, +8.16316509559e+001, +1.97647800175e-003, +6.14692164926e+000
+3.38953000000e+003, +4.25280359332e+001, +8.15921654469e+001, +1.97543646257e-003, +6.21837707633e+000
+3.41439700000e+003, +4.28214365752e+001, +8.15524111502e+001, +1.97437567876e-003, +6.29066815202e+000
+3.43944600000e+003, +4.31175543928e+001, +8.15113556980e+001, +1.97333977177e-003, +6.36472841136e+000
+3.46467900000e+003, +4.34144138885e+001, +8.14704466112e+001, +1.97224466516e-003, +6.43920545114e+000
+3.49009700000e+003, +4.37133405590e+001, +8.14289090757e+001, +1.97114699912e-003, +6.51488061110e+000
+3.51570100000e+003, +4.40142890973e+001, +8.13870458115e+001, +1.97004582679e-003, +6.59153111261e+000
+3.54149400000e+003, +4.43168877522e+001, +8.13450478753e+001, +1.96892410315e-003, +6.66896420374e+000
+3.56747500000e+003, +4.46216936593e+001, +8.13026284644e+001, +1.96780599654e-003, +6.74749049391e+000
+3.59364700000e+003, +4.49290071158e+001, +8.12603951159e+001, +1.96670618192e-003, +6.82669603364e+000
+3.62001100000e+003, +4.52372599658e+001, +8.12174191800e+001, +1.96555081106e-003, +6.90706849972e+000
+3.64656900000e+003, +4.55484797353e+001, +8.11745019109e+001, +1.96443173055e-003, +6.98830319944e+000
+3.67332100000e+003, +4.58607482575e+001, +8.11312452420e+001, +1.96326403121e-003, +7.07042479148e+000
+3.70027000000e+003, +4.61758837361e+001, +8.10877991126e+001, +1.96212532450e-003, +7.15360321229e+000
+3.72741600000e+003, +4.64933676605e+001, +8.10441357454e+001, +1.96099304153e-003, +7.23778938384e+000
+3.75476200000e+003, +4.68132738313e+001, +8.10004663600e+001, +1.95986979031e-003, +7.32283310207e+000
+3.78230800000e+003, +4.71351155903e+001, +8.09569532718e+001, +1.95873615232e-003, +7.40853146433e+000
+3.81005600000e+003, +4.74592856010e+001, +8.09127117461e+001, +1.95760284329e-003, +7.49567182076e+000
+3.83800800000e+003, +4.77850895204e+001, +8.08683001985e+001, +1.95644345579e-003, +7.58370135302e+000
+3.86616500000e+003, +4.81139806324e+001, +8.08230834522e+001, +1.95531371117e-003, +7.67338482990e+000
+3.89452800000e+003, +4.84433120891e+001, +8.07781391883e+001, +1.95411161565e-003, +7.76341915869e+000
+3.92309900000e+003, +4.87754531208e+001, +8.07321058318e+001, +1.95292524314e-003, +7.85532617073e+000
+3.95188000000e+003, +4.91097188984e+001, +8.06860084225e+001, +1.95173168226e-003, +7.94815290596e+000
+3.98087300000e+003, +4.94462574431e+001, +8.06401744952e+001, +1.95053790388e-003, +8.04165055557e+000
+4.01007800000e+003, +4.97847614595e+001, +8.05931024451e+001, +1.94932359759e-003, +8.13705687448e+000
+4.03949700000e+003, +5.01256487060e+001, +8.05461318597e+001, +1.94811195480e-003, +8.23331032210e+000
+4.06913200000e+003, +5.04692728497e+001, +8.04987994193e+001, +1.94691311638e-003, +8.33087568554e+000
+4.09898400000e+003, +5.08148338317e+001, +8.04506255427e+001, +1.94569300366e-003, +8.43005252256e+000
+4.12905600000e+003, +5.11625877833e+001, +8.04028709737e+001, +1.94446759984e-003, +8.52979288188e+000
+4.15934800000e+003, +5.15129501151e+001, +8.03544929696e+001, +1.94324689641e-003, +8.63108849037e+000
+4.18986200000e+003, +5.18651307820e+001, +8.03064123565e+001, +1.94200561100e-003, +8.73300206106e+000
+4.22060000000e+003, +5.22186855809e+001, +8.02578348480e+001, +1.94072234169e-003, +8.83617096393e+000
+4.25156400000e+003, +5.25753269450e+001, +8.02091626471e+001, +1.93946265877e-003, +8.94053488020e+000
+4.28275400000e+003, +5.29340009267e+001, +8.01608855870e+001, +1.93819043657e-003, +9.04547710793e+000
+4.31417400000e+003, +5.32951435823e+001, +8.01115962431e+001, +1.93691192578e-003, +9.15235997279e+000
+4.34582400000e+003, +5.36585002076e+001, +8.00614664590e+001, +1.93561901892e-003, +9.26100554477e+000
+4.37770600000e+003, +5.40251032211e+001, +8.00125107560e+001, +1.93436005208e-003, +9.36974312464e+000
+4.40982300000e+003, +5.43945460880e+001, +7.99616820852e+001, +1.93310069054e-003, +9.48133667599e+000
+4.44217400000e+003, +5.47654298254e+001, +7.99114794662e+001, +1.93180675331e-003, +9.59323147833e+000
+4.47476400000e+003, +5.51389905481e+001, +7.98608483406e+001, +1.93051403821e-003, +9.70663597566e+000
+4.50759200000e+003, +5.55151721093e+001, +7.98091501202e+001, +1.92921717198e-003, +9.82216407171e+000
+4.54066100000e+003, +5.58932373381e+001, +7.97567250166e+001, +1.92789151515e-003, +9.93938505576e+000
+4.57397300000e+003, +5.62732145176e+001, +7.97040776250e+001, +1.92654089041e-003, +1.00578350689e+001
+4.60752900000e+003, +5.66550132876e+001, +7.96512100363e+001, +1.92516246500e-003, +1.01775050614e+001
+4.64133100000e+003, +5.70404153495e+001, +7.95974107088e+001, +1.92381182545e-003, +1.02994224153e+001
+4.67538100000e+003, +5.74280904810e+001, +7.95434637570e+001, +1.92244778698e-003, +1.04226005989e+001
+4.70968100000e+003, +5.78185621410e+001, +7.94896299612e+001, +1.92108894920e-003, +1.05468853086e+001
+4.74423300000e+003, +5.82124529021e+001, +7.94353565633e+001, +1.91975162494e-003, +1.06729480657e+001
+4.77903800000e+003, +5.86083472065e+001, +7.93802632962e+001, +1.91838624568e-003, +1.08009283148e+001
+4.81409900000e+003, +5.90077452362e+001, +7.93253201489e+001, +1.91704704408e-003, +1.09301439708e+001
+4.84941600000e+003, +5.94078987079e+001, +7.92692117363e+001, +1.91563664746e-003, +1.10614300555e+001
+4.88499300000e+003, +5.98113667251e+001, +7.92134153440e+001, +1.91424625022e-003, +1.11937759242e+001
+4.92083100000e+003, +6.02169032415e+001, +7.91581587494e+001, +1.91283710034e-003, +1.13267150212e+001
+4.95693200000e+003, +6.06247112677e+001, +7.91030717029e+001, +1.91141312799e-003, +1.14606650828e+001
+4.99329700000e+003, +6.10347917901e+001, +7.90457090085e+001, +1.90995871661e-003, +1.15981863204e+001
+5.02993000000e+003, +6.14475694996e+001, +7.89889115951e+001, +1.90850424632e-003, +1.17364221947e+001
+5.06683100000e+003, +6.18636254372e+001, +7.89313265249e+001, +1.90705909550e-003, +1.18769138047e+001
+5.10400300000e+003, +6.22817668290e+001, +7.88740459497e+001, +1.90559254118e-003, +1.20182918355e+001
+5.14144700000e+003, +6.27029214829e+001, +7.88157939411e+001, +1.90412469573e-003, +1.21621055373e+001
+5.17916600000e+003, +6.31262857634e+001, +7.87576767923e+001, +1.90263747895e-003, +1.23070318303e+001
+5.21716200000e+003, +6.35527899757e+001, +7.86990431385e+001, +1.90115428075e-003, +1.24539649311e+001
+5.25543700000e+003, +6.39826744043e+001, +7.86392917499e+001, +1.89967743782e-003, +1.26036305083e+001
+5.29399300000e+003, +6.44146976847e+001, +7.85799360097e+001, +1.89817950997e-003, +1.27541489355e+001
+5.33283100000e+003, +6.48511962455e+001, +7.85191942409e+001, +1.89671720548e-003, +1.29079591313e+001
+5.37195400000e+003, +6.52905779436e+001, +7.84583644828e+001, +1.89525101904e-003, +1.30633368974e+001
+5.41136500000e+003, +6.57315399830e+001, +7.83972625249e+001, +1.89374131533e-003, +1.32202377726e+001
+5.45106400000e+003, +6.61749269012e+001, +7.83357801495e+001, +1.89221255105e-003, +1.33789654383e+001
+5.49105500000e+003, +6.66209290725e+001, +7.82746074086e+001, +1.89067395159e-003, +1.35387885908e+001
+5.53133900000e+003, +6.70687886649e+001, +7.82131395142e+001, +1.88910010910e-003, +1.37002464216e+001
+5.57191800000e+003, +6.75181053234e+001, +7.81509907219e+001, +1.88747735191e-003, +1.38637136153e+001
+5.61279600000e+003, +6.79706288415e+001, +7.80889318309e+001, +1.88585931649e-003, +1.40286759999e+001
+5.65397300000e+003, +6.84266072972e+001, +7.80261229278e+001, +1.88424704873e-003, +1.41961740713e+001
+5.69545200000e+003, +6.88856825073e+001, +7.79627799732e+001, +1.88263111592e-003, +1.43659067930e+001
+5.73723600000e+003, +6.93474055819e+001, +7.79018261959e+001, +1.88101903062e-003, +1.45343422790e+001
+5.77932600000e+003, +6.98150340674e+001, +7.78367063571e+001, +1.87945249157e-003, +1.47099281761e+001
+5.82172500000e+003, +7.02850164695e+001, +7.77711533673e+001, +1.87786021325e-003, +1.48875520545e+001
+5.86443500000e+003, +7.07574800933e+001, +7.77052856018e+001, +1.87624638226e-003, +1.50671156269e+001
+5.90745800000e+003, +7.12328971497e+001, +7.76392401571e+001, +1.87462431899e-003, +1.52485686701e+001
+5.95079700000e+003, +7.17104266083e+001, +7.75724131379e+001, +1.87296704463e-003, +1.54324819399e+001
+5.99445400000e+003, +7.21893951634e+001, +7.75053211086e+001, +1.87126095434e-003, +1.56180993792e+001
+6.03843100000e+003, +7.26707253546e+001, +7.74378274652e+001, +1.86952935062e-003, +1.58058013859e+001
+6.08273100000e+003, +7.31565515787e+001, +7.73704648326e+001, +1.86783032368e-003, +1.59954081337e+001
+6.12735600000e+003, +7.36440727760e+001, +7.73016440783e+001, +1.86608008147e-003, +1.61883083806e+001
+6.17230800000e+003, +7.41354547140e+001, +7.72332937900e+001, +1.86434762469e-003, +1.63825872912e+001
+6.21759000000e+003, +7.46305942553e+001, +7.71647902717e+001, +1.86262474148e-003, +1.65790156154e+001
+6.26320400000e+003, +7.51292330902e+001, +7.70955179826e+001, +1.86089975593e-003, +1.67783386784e+001
+6.30915300000e+003, +7.56300090243e+001, +7.70260247762e+001, +1.85914238540e-003, +1.69795764551e+001
+6.35543900000e+003, +7.61348793636e+001, +7.69560238441e+001, +1.85739846738e-003, +1.71835543376e+001
+6.40206400000e+003, +7.66418807894e+001, +7.68853561727e+001, +1.85561839818e-003, +1.73900605116e+001
+6.44903200000e+003, +7.71516643966e+001, +7.68142653580e+001, +1.85381930724e-003, +1.75989476472e+001
+6.49634400000e+003, +7.76640701331e+001, +7.67425520299e+001, +1.85199604560e-003, +1.78104620072e+001
+6.54400300000e+003, +7.81798196350e+001, +7.66701823730e+001, +1.85016511742e-003, +1.80248392893e+001
+6.59201200000e+003, +7.86982500830e+001, +7.65976660293e+001, +1.84831418210e-003, +1.82412729853e+001
+6.64037300000e+003, +7.92200826418e+001, +7.65250503314e+001, +1.84646043106e-003, +1.84598803697e+001
+6.68908900000e+003, +7.97446019229e+001, +7.64516221166e+001, +1.84458115462e-003, +1.86814731838e+001
+6.73816200000e+003, +8.02721442893e+001, +7.63795816651e+001, +1.84270118733e-003, +1.89031646957e+001
+6.78759500000e+003, +8.08024769926e+001, +7.63063354567e+001, +1.84079468290e-003, +1.91284282316e+001
+6.83739100000e+003, +8.13365042299e+001, +7.62329277475e+001, +1.83888991783e-003, +1.93560797815e+001
+6.88755200000e+003, +8.18740228021e+001, +7.61585807245e+001, +1.83697573832e-003, +1.95871671175e+001
+6.93808100000e+003, +8.24144279895e+001, +7.60835967155e+001, +1.83504039713e-003, +1.98211595007e+001
+6.98898100000e+003, +8.29580581898e+001, +7.60070415729e+001, +1.83308360213e-003, +2.00594779571e+001
+7.04025500000e+003, +8.35050138097e+001, +7.59304269732e+001, +1.83111908139e-003, +2.03000626850e+001
+7.09190400000e+003, +8.40557942882e+001, +7.58529718868e+001, +1.82915148697e-003, +2.05441604132e+001
+7.14393300000e+003, +8.46094932228e+001, +7.57751851855e+001, +1.82716406878e-003, +2.07908563886e+001
+7.19634300000e+003, +8.51663884907e+001, +7.56973828206e+001, +1.82516561535e-003, +2.10397835796e+001
+7.24913700000e+003, +8.57265640959e+001, +7.56187214927e+001, +1.82315069366e-003, +2.12921971414e+001
+7.30231900000e+003, +8.62909329428e+001, +7.55396740711e+001, +1.82114173765e-003, +2.15476706264e+001
+7.35589100000e+003, +8.68583744259e+001, +7.54604004159e+001, +1.81911601665e-003, +2.18057143633e+001
+7.40985600000e+003, +8.74292379822e+001, +7.53809473579e+001, +1.81708092758e-003, +2.20663648622e+001
+7.46421700000e+003, +8.80028869442e+001, +7.53011262447e+001, +1.81502137160e-003, +2.23297584814e+001
+7.51897700000e+003, +8.85802416557e+001, +7.52207501492e+001, +1.81295452055e-003, +2.25964297123e+001
+7.57413900000e+003, +8.91601133343e+001, +7.51408627592e+001, +1.81086443564e-003, +2.28645331611e+001
+7.62970500000e+003, +8.97435662868e+001, +7.50607115199e+001, +1.80876660941e-003, +2.31354776364e+001
+7.68567900000e+003, +9.03310008456e+001, +7.49795806452e+001, +1.80666232621e-003, +2.34104775713e+001
+7.74206300000e+003, +9.09204849393e+001, +7.48979618311e+001, +1.80451697689e-003, +2.36883188604e+001
+7.79886100000e+003, +9.15132606925e+001, +7.48155758025e+001, +1.80235268482e-003, +2.39697782899e+001
+7.85607600000e+003, +9.21098273748e+001, +7.47319290502e+001, +1.80017466606e-003, +2.42557867973e+001
+7.91371100000e+003, +9.27099936688e+001, +7.46470144049e+001, +1.79797856904e-003, +2.45463553317e+001
+7.97176800000e+003, +9.33135920495e+001, +7.45621575183e+001, +1.79577238890e-003, +2.48394083334e+001
+8.03025200000e+003, +9.39196431071e+001, +7.44764203005e+001, +1.79352857871e-003, +2.51361770318e+001
+8.08916400000e+003, +9.45297097772e+001, +7.43902371523e+001, +1.79128109709e-003, +2.54364261562e+001
+8.14850900000e+003, +9.51421371885e+001, +7.43033484384e+001, +1.78899557646e-003, +2.57401519250e+001
+8.20828900000e+003, +9.57578522502e+001, +7.42158001995e+001, +1.78669011784e-003, +2.60475616619e+001
+8.26850700000e+003, +9.63772093191e+001, +7.41281002097e+001, +1.78437556602e-003, +2.63579628260e+001
+8.32916800000e+003, +9.69994635487e+001, +7.40395245696e+001, +1.78203107794e-003, +2.66723478921e+001
+8.39027300000e+003, +9.76263514156e+001, +7.39514023844e+001, +1.77970057101e-003, +2.69890574658e+001
+8.45182700000e+003, +9.82554003676e+001, +7.38627490238e+001, +1.77732944662e-003, +2.73090320227e+001
+8.51383200000e+003, +9.88889898682e+001, +7.37740633865e+001, +1.77496545324e-003, +2.76321333760e+001
+8.57629200000e+003, +9.95250407000e+001, +7.36850015375e+001, +1.77256763802e-003, +2.79583704054e+001
+8.63921000000e+003, +1.00165192289e+002, +7.35959354275e+001, +1.77016859719e-003, +2.82876028764e+001
+8.70259000000e+003, +1.00808928943e+002, +7.35057154424e+001, +1.76774819899e-003, +2.86216406480e+001
+8.76643500000e+003, +1.01455104114e+002, +7.34153351895e+001, +1.76529531836e-003, +2.89585193345e+001
+8.83074800000e+003, +1.02106862207e+002, +7.33249926013e+001, +1.76286636901e-003, +2.92988174339e+001
+8.89553300000e+003, +1.02762712950e+002, +7.32335304737e+001, +1.76042397745e-003, +2.96441147378e+001
+8.96079400000e+003, +1.03420904138e+002, +7.31419614131e+001, +1.75794712467e-003, +2.99922048272e+001
+9.02653300000e+003, +1.04081254925e+002, +7.30497291249e+001, +1.75542814174e-003, +3.03440137650e+001
+9.09275400000e+003, +1.04745480713e+002, +7.29564479609e+001, +1.75289230792e-003, +3.07007467096e+001
+9.15946200000e+003, +1.05413304553e+002, +7.28615877949e+001, +1.75032931892e-003, +3.10633023559e+001
+9.22665800000e+003, +1.06081898926e+002, +7.27645382941e+001, +1.74768692574e-003, +3.14319857771e+001
+9.29434800000e+003, +1.06755107673e+002, +7.26674578294e+001, +1.74504865403e-003, +3.18041720547e+001
+9.36253400000e+003, +1.07432495834e+002, +7.25702404775e+001, +1.74240617386e-003, +3.21799415301e+001
+9.43122100000e+003, +1.08112456730e+002, +7.24733863092e+001, +1.73973776770e-003, +3.25579328537e+001
+9.50041100000e+003, +1.08796777359e+002, +7.23754845293e+001, +1.73705896260e-003, +3.29412391223e+001
+9.57010900000e+003, +1.09486792191e+002, +7.22791550153e+001, +1.73441542930e-003, +3.33255495176e+001
+9.64031800000e+003, +1.10180131938e+002, +7.21823803841e+001, +1.73174973461e-003, +3.37138080871e+001
+9.71104200000e+003, +1.10876532312e+002, +7.20848838139e+001, +1.72905492321e-003, +3.41064710530e+001
+9.78228600000e+003, +1.11575996704e+002, +7.19873128800e+001, +1.72633715651e-003, +3.45023755763e+001
+9.85405200000e+003, +1.12277300094e+002, +7.18888923444e+001, +1.72357038656e-003, +3.49025996160e+001
+9.92634400000e+003, +1.12982322161e+002, +7.17898176815e+001, +1.72078555487e-003, +3.53073979858e+001
+9.99916700000e+003, +1.13690415169e+002, +7.16906971100e+001, +1.71797847125e-003, +3.57154580946e+001
+1.00725240000e+004, +1.14400480210e+002, +7.15904866213e+001, +1.71512248772e-003, +3.61284248358e+001
+1.01464190000e+004, +1.15115180649e+002, +7.14901691171e+001, +1.71226737586e-003, +3.65453132235e+001
+1.02208560000e+004, +1.15834141308e+002, +7.13886418880e+001, +1.70939603291e-003, +3.69681401574e+001
+1.02958390000e+004, +1.16556757313e+002, +7.12870656177e+001, +1.70651083429e-003, +3.73945329617e+001
+1.03713730000e+004, +1.17285493722e+002, +7.11838689864e+001, +1.70363139394e-003, +3.78283484853e+001
+1.04474600000e+004, +1.18017072113e+002, +7.10809601632e+001, +1.70072906530e-003, +3.82648867648e+001
+1.05241060000e+004, +1.18751364491e+002, +7.09768663216e+001, +1.69778688449e-003, +3.87069941231e+001
+1.06013140000e+004, +1.19489814948e+002, +7.08720791054e+001, +1.69483064463e-003, +3.91542247609e+001
+1.06790890000e+004, +1.20231890283e+002, +7.07666258617e+001, +1.69185265010e-003, +3.96063900532e+001
+1.07574340000e+004, +1.20976764605e+002, +7.06592065910e+001, +1.68882796177e-003, +4.00658441069e+001
+1.08363540000e+004, +1.21726408273e+002, +7.05521797402e+001, +1.68580820666e-003, +4.05285945553e+001
+1.09158530000e+004, +1.22478939834e+002, +7.04439354937e+001, +1.68275039979e-003, +4.09972632933e+001
+1.09959350000e+004, +1.23234073409e+002, +7.03360779589e+001, +1.67966752943e-003, +4.14685574270e+001
+1.10766040000e+004, +1.23993032826e+002, +7.02276636987e+001, +1.67656660646e-003, +4.19448097991e+001
+1.11578660000e+004, +1.24753594456e+002, +7.01196363568e+001, +1.67342734314e-003, +4.24233674454e+001
+1.12397230000e+004, +1.25517908775e+002, +7.00115484168e+001, +1.67027463177e-003, +4.29058788758e+001
+1.13221810000e+004, +1.26285106175e+002, +6.99034847962e+001, +1.66709757474e-003, +4.33918879365e+001
+1.14052440000e+004, +1.27058547981e+002, +6.97947805965e+001, +1.66393335919e-003, +4.38839501877e+001
+1.14889170000e+004, +1.27831751491e+002, +6.96851531457e+001, +1.66069372933e-003, +4.43804576954e+001
+1.15732030000e+004, +1.28611533923e+002, +6.95739965248e+001, +1.65746130319e-003, +4.48850900918e+001
+1.16581080000e+004, +1.29394420734e+002, +6.94620228403e+001, +1.65419802487e-003, +4.53952059466e+001
+1.17436350000e+004, +1.30180397116e+002, +6.93494670598e+001, +1.65090653025e-003, +4.59103410860e+001
+1.18297900000e+004, +1.30970282788e+002, +6.92371643784e+001, +1.64760612509e-003, +4.64290335761e+001
+1.19165770000e+004, +1.31762128833e+002, +6.91237100389e+001, +1.64425715140e-003, +4.69536161687e+001
+1.20040010000e+004, +1.32556140225e+002, +6.90105657651e+001, +1.64087852144e-003, +4.74810506148e+001
+1.20920660000e+004, +1.33355510179e+002, +6.88972104686e+001, +1.63750427676e-003, +4.80136152599e+001
+1.21807770000e+004, +1.34156755922e+002, +6.87827542261e+001, +1.63408157348e-003, +4.85520247659e+001
+1.22701390000e+004, +1.34960872552e+002, +6.86687059409e+001, +1.63063956604e-003, +4.90933739431e+001
+1.23601560000e+004, +1.35767319624e+002, +6.85539445840e+001, +1.62715966645e-003, +4.96399352534e+001
+1.24508340000e+004, +1.36578249550e+002, +6.84382363070e+001, +1.62366499639e-003, +5.01930509643e+001
+1.25421780000e+004, +1.37391028282e+002, +6.83232250577e+001, +1.62014261348e-003, +5.07481377948e+001
+1.26341910000e+004, +1.38205998683e+002, +6.82084144232e+001, +1.61659179641e-003, +5.13064167013e+001
+1.27268790000e+004, +1.39023279829e+002, +6.80919941730e+001, +1.61299375248e-003, +5.18720080009e+001
+1.28202470000e+004, +1.39846527342e+002, +6.79747591637e+001, +1.60939978070e-003, +5.24445474985e+001
+1.29143010000e+004, +1.40670625650e+002, +6.78564689453e+001, +1.60574789551e-003, +5.30227108212e+001
+1.30090440000e+004, +1.41501069402e+002, +6.77373115112e+001, +1.60210339583e-003, +5.36081859353e+001
+1.31044820000e+004, +1.42337380879e+002, +6.76160725449e+001, +1.59844602805e-003, +5.42036416013e+001
+1.32006210000e+004, +1.43175873191e+002, +6.74945735481e+001, +1.59475479292e-003, +5.48035622457e+001
+1.32974650000e+004, +1.44017186145e+002, +6.73724509557e+001, +1.59103311034e-003, +5.54090537531e+001
+1.33950190000e+004, +1.44860205070e+002, +6.72500862410e+001, +1.58727341704e-003, +5.60188281269e+001
+1.34932890000e+004, +1.45708138780e+002, +6.71277095041e+001, +1.58351372190e-003, +5.66336061095e+001
+1.35922800000e+004, +1.46555919094e+002, +6.70053838569e+001, +1.57969988109e-003, +5.72512828737e+001
+1.36919970000e+004, +1.47408673836e+002, +6.68824932769e+001, +1.57588058862e-003, +5.78753207722e+001
+1.37924460000e+004, +1.48261664177e+002, +6.67597954215e+001, +1.57201408758e-003, +5.85020914649e+001
+1.38936320000e+004, +1.49118858609e+002, +6.66359509233e+001, +1.56812729498e-003, +5.91363574885e+001
+1.39955600000e+004, +1.49980001005e+002, +6.65131323623e+001, +1.56424313587e-003, +5.97728594585e+001
+1.40982350000e+004, +1.50844716068e+002, +6.63906504819e+001, +1.56034968237e-003, +6.04130914453e+001
+1.42016640000e+004, +1.51711973192e+002, +6.62690487469e+001, +1.55644280900e-003, +6.10553245446e+001
+1.43058520000e+004, +1.52581345841e+002, +6.61457888911e+001, +1.55248827548e-003, +6.17055465737e+001
+1.44108040000e+004, +1.53456167313e+002, +6.60227827618e+001, +1.54854302180e-003, +6.23604974043e+001
+1.45165260000e+004, +1.54333740224e+002, +6.58982837487e+001, +1.54455859765e-003, +6.30233871559e+001
+1.46230240000e+004, +1.55217143852e+002, +6.57724157488e+001, +1.54056715152e-003, +6.36952352464e+001
+1.47303030000e+004, +1.56104457791e+002, +6.56459304373e+001, +1.53655835805e-003, +6.43734601277e+001
+1.48383690000e+004, +1.56995944704e+002, +6.55195278697e+001, +1.53254322787e-003, +6.50564631862e+001
+1.49472280000e+004, +1.57888698288e+002, +6.53909724464e+001, +1.52846625991e-003, +6.57486506882e+001
+1.50568860000e+004, +1.58782595236e+002, +6.52628001217e+001, +1.52435775130e-003, +6.64436636895e+001
+1.51673480000e+004, +1.59680950558e+002, +6.51330127673e+001, +1.52022551620e-003, +6.71479349696e+001
+1.52786200000e+004, +1.60575145192e+002, +6.50019837004e+001, +1.51599248396e-003, +6.78569501270e+001
+1.53907090000e+004, +1.61471879945e+002, +6.48698909898e+001, +1.51172528389e-003, +6.85731096581e+001
+1.55036200000e+004, +1.62372264489e+002, +6.47376729863e+001, +1.50744618758e-003, +6.92945268018e+001
+1.56173590000e+004, +1.63273825163e+002, +6.46061999744e+001, +1.50314333481e-003, +7.00179195705e+001
+1.57319330000e+004, +1.64181039834e+002, +6.44742643770e+001, +1.49884317714e-003, +7.07483139328e+001
+1.58473470000e+004, +1.65089734946e+002, +6.43435195924e+001, +1.49452833022e-003, +7.14796516074e+001
+1.59636080000e+004, +1.66002723529e+002, +6.42133660872e+001, +1.49021715139e-003, +7.22146806130e+001
+1.60807220000e+004, +1.66916822058e+002, +6.40827042452e+001, +1.48586747296e-003, +7.29548889215e+001
+1.61986950000e+004, +1.67834106500e+002, +6.39509440173e+001, +1.48149079216e-003, +7.37027573175e+001
+1.63175340000e+004, +1.68754448226e+002, +6.38193754740e+001, +1.47710234557e-003, +7.44548684870e+001
+1.64372440000e+004, +1.69676674533e+002, +6.36857590113e+001, +1.47266385442e-003, +7.52166518891e+001
+1.65578330000e+004, +1.70605450742e+002, +6.35506996262e+001, +1.46822329537e-003, +7.59886458619e+001
+1.66793060000e+004, +1.71536102988e+002, +6.34153230399e+001, +1.46375461016e-003, +7.67658267672e+001
+1.68016710000e+004, +1.72466852010e+002, +6.32795321022e+001, +1.45924181840e-003, +7.75476695432e+001
+1.69249330000e+004, +1.73398730873e+002, +6.31441770902e+001, +1.45470547411e-003, +7.83323507850e+001
+1.70491000000e+004, +1.74334685467e+002, +6.30089408644e+001, +1.45016655333e-003, +7.91220506302e+001
+1.71741770000e+004, +1.75270101852e+002, +6.28739497266e+001, +1.44558879116e-003, +7.99143340575e+001
+1.73001720000e+004, +1.76208437874e+002, +6.27398905010e+001, +1.44101025575e-003, +8.07088864392e+001
+1.74270920000e+004, +1.77149117044e+002, +6.26044083728e+001, +1.43639599491e-003, +8.15118844064e+001
+1.75549420000e+004, +1.78089837141e+002, +6.24680280698e+001, +1.43173470291e-003, +8.23208708934e+001
+1.76837310000e+004, +1.79034108024e+002, +6.23324112510e+001, +1.42707662372e-003, +8.31328980974e+001
+1.78134640000e+004, +1.79981483344e+002, +6.21956176033e+001, +1.42239316668e-003, +8.39531364919e+001
+1.79441490000e+004, +1.80931449833e+002, +6.20582928884e+001, +1.41768878554e-003, +8.47795934332e+001
+1.80757930000e+004, +1.81884539764e+002, +6.19203556781e+001, +1.41296679767e-003, +8.56127718755e+001
+1.82084030000e+004, +1.82839783020e+002, +6.17813367416e+001, +1.40821368563e-003, +8.64535628485e+001
+1.83419850000e+004, +1.83795163904e+002, +6.16433509021e+001, +1.40344238878e-003, +8.72950784485e+001
+1.84765480000e+004, +1.84753032135e+002, +6.15041743992e+001, +1.39864196654e-003, +8.81446981689e+001
+1.86120970000e+004, +1.85712286471e+002, +6.13637705271e+001, +1.39380403919e-003, +8.90020434425e+001
+1.87486410000e+004, +1.86673876151e+002, +6.12228485864e+001, +1.38894539664e-003, +8.98655841907e+001
+1.88861870000e+004, +1.87637805487e+002, +6.10813544570e+001, +1.38406566777e-003, +9.07354988489e+001
+1.90247420000e+004, +1.88604096042e+002, +6.09403197505e+001, +1.37917912406e-003, +9.16088523893e+001
+1.91643130000e+004, +1.89573227956e+002, +6.07990112707e+001, +1.37427982300e-003, +9.24879860237e+001
+1.93049090000e+004, +1.90547762124e+002, +6.06582647933e+001, +1.36939750524e-003, +9.33717478865e+001
+1.94465360000e+004, +1.91521071265e+002, +6.05175651711e+001, +1.36447794056e-003, +9.42583807053e+001
+1.95892010000e+004, +1.92497901451e+002, +6.03761464429e+001, +1.35954535341e-003, +9.51524469899e+001
+1.97329140000e+004, +1.93475311101e+002, +6.02356794151e+001, +1.35460162500e-003, +9.60476233312e+001
+1.98776810000e+004, +1.94449738672e+002, +6.00938697138e+001, +1.34959179775e-003, +9.69488458656e+001
+2.00235090000e+004, +1.95422794592e+002, +5.99521497981e+001, +1.34454762404e-003, +9.78527038251e+001
+2.01704080000e+004, +1.96391438529e+002, +5.98094679340e+001, +1.33943490369e-003, +9.87607612498e+001
+2.03183840000e+004, +1.97365243303e+002, +5.96674515743e+001, +1.33434209473e-003, +9.96730039362e+001
+2.04674460000e+004, +1.98342196482e+002, +5.95244496235e+001, +1.32923294523e-003, +1.00593338099e+002
+2.06176020000e+004, +1.99316558236e+002, +5.93819077402e+001, +1.32408917748e-003, +1.01514551387e+002
+2.07688590000e+004, +2.00298499105e+002, +5.92385547393e+001, +1.31896160504e-003, +1.02445621517e+002
+2.09212260000e+004, +2.01289776377e+002, +5.90964521227e+001, +1.31388925852e-003, +1.03381298762e+002
+2.10747100000e+004, +2.02279224295e+002, +5.89535393145e+001, +1.30877081580e-003, +1.04322066238e+002
+2.12293210000e+004, +2.03273102604e+002, +5.88097345468e+001, +1.30364613675e-003, +1.05271414981e+002
+2.13850660000e+004, +2.04265444685e+002, +5.86660765698e+001, +1.29849158005e-003, +1.06223122547e+002
+2.15419530000e+004, +2.05258601343e+002, +5.85209805589e+001, +1.29330102887e-003, +1.07183231644e+002
+2.16999920000e+004, +2.06253281597e+002, +5.83755844933e+001, +1.28809501131e-003, +1.08148661860e+002
+2.18591890000e+004, +2.07247859540e+002, +5.82295195597e+001, +1.28285889426e-003, +1.09119697293e+002
+2.20195550000e+004, +2.08242803617e+002, +5.80840879694e+001, +1.27761412908e-003, +1.10092574386e+002
+2.21810970000e+004, +2.09239026097e+002, +5.79384223930e+001, +1.27235493105e-003, +1.11070432243e+002
+2.23438250000e+004, +2.10230225084e+002, +5.77937214248e+001, +1.26706036567e-003, +1.12046192886e+002
+2.25077460000e+004, +2.11221453177e+002, +5.76491519557e+001, +1.26175059699e-003, +1.13025081143e+002
+2.26728700000e+004, +2.12205194869e+002, +5.75084569282e+001, +1.25643396482e-003, +1.13991350354e+002
+2.28392050000e+004, +2.13192595146e+002, +5.73663323932e+001, +1.25110374801e-003, +1.14967459580e+002
+2.30067610000e+004, +2.14180480643e+002, +5.72202126426e+001, +1.24570546272e-003, +1.15959806112e+002
+2.31755450000e+004, +2.15171190501e+002, +5.70764122266e+001, +1.24034153028e-003, +1.16949858852e+002
+2.33455680000e+004, +2.16170109818e+002, +5.69311162009e+001, +1.23498934457e-003, +1.17952557232e+002
+2.35168380000e+004, +2.17171819097e+002, +5.67803266152e+001, +1.22956135334e-003, +1.18977691214e+002
+2.36893650000e+004, +2.18175954612e+002, +5.66294954393e+001, +1.22413206127e-003, +1.20007878822e+002
+2.38631580000e+004, +2.19176880564e+002, +5.64803172258e+001, +1.21869424674e-003, +1.21034605887e+002
+2.40382250000e+004, +2.20185148873e+002, +5.63326378353e+001, +1.21330510250e-003, +1.22064134566e+002
+2.42145770000e+004, +2.21186658038e+002, +5.61846122049e+001, +1.20786104245e-003, +1.23094527096e+002
+2.43922230000e+004, +2.22188218065e+002, +5.60410766296e+001, +1.20246886139e-003, +1.24113984039e+002
+2.45711720000e+004, +2.23193277827e+002, +5.58977796087e+001, +1.19708766631e-003, +1.25138017039e+002
+2.47514330000e+004, +2.24192476797e+002, +5.57543236671e+001, +1.19166215275e-003, +1.26162646036e+002
+2.49330180000e+004, +2.25194570656e+002, +5.56097298578e+001, +1.18622583360e-003, +1.27195945861e+002
+2.51159340000e+004, +2.26199260067e+002, +5.54655405889e+001, +1.18079923092e-003, +1.28232765162e+002
+2.53001920000e+004, +2.27195610486e+002, +5.53193636014e+001, +1.17529194180e-003, +1.29274675030e+002
+2.54858020000e+004, +2.28194075780e+002, +5.51727983884e+001, +1.16978189811e-003, +1.30322401185e+002
+2.56727740000e+004, +2.29191990317e+002, +5.50261781170e+001, +1.16426049575e-003, +1.31373332575e+002
+2.58611170000e+004, +2.30192180754e+002, +5.48805104028e+001, +1.15875692235e-003, +1.32425767710e+002
+2.60508420000e+004, +2.31195272308e+002, +5.47336654886e+001, +1.15324415463e-003, +1.33487060176e+002
+2.62419590000e+004, +2.32205130639e+002, +5.45873488570e+001, +1.14776566515e-003, +1.34553850127e+002
+2.64344790000e+004, +2.33223009007e+002, +5.44418651050e+001, +1.14233149361e-003, +1.35625872108e+002
+2.66284100000e+004, +2.34244671344e+002, +5.42967315746e+001, +1.13691373820e-003, +1.36702270462e+002
+2.68237640000e+004, +2.35258331732e+002, +5.41504913503e+001, +1.13143485714e-003, +1.37780991753e+002
+2.70205520000e+004, +2.36264942936e+002, +5.40061771530e+001, +1.12594417713e-003, +1.38852440910e+002
+2.72187830000e+004, +2.37272784088e+002, +5.38596135332e+001, +1.12042265871e-003, +1.39935360103e+002
+2.74184680000e+004, +2.38271519236e+002, +5.37141239975e+001, +1.11486966524e-003, +1.41012537929e+002
+2.76196190000e+004, +2.39264264607e+002, +5.35678170763e+001, +1.10927420129e-003, +1.42092084205e+002
+2.78222450000e+004, +2.40250886237e+002, +5.34234495894e+001, +1.10367632155e-003, +1.43164603103e+002
+2.80263570000e+004, +2.41241763555e+002, +5.32773191210e+001, +1.09807154925e-003, +1.44248700274e+002
+2.82319670000e+004, +2.42231942040e+002, +5.31326689903e+001, +1.09248374127e-003, +1.45330484212e+002
+2.84390860000e+004, +2.43215682521e+002, +5.29875477169e+001, +1.08685985290e-003, +1.46413063126e+002
+2.86477240000e+004, +2.44198171484e+002, +5.28432649930e+001, +1.08124281700e-003, +1.47495077657e+002
+2.88578920000e+004, +2.45182636569e+002, +5.27002536216e+001, +1.07565353596e-003, +1.48576970372e+002
+2.90696030000e+004, +2.46169143651e+002, +5.25556248189e+001, +1.07005106252e-003, +1.49668605619e+002
+2.92828660000e+004, +2.47163443449e+002, +5.24127455763e+001, +1.06450854027e-003, +1.50762014258e+002
+2.94976940000e+004, +2.48160236408e+002, +5.22697320258e+001, +1.05897580384e-003, +1.51860400752e+002
+2.97140990000e+004, +2.49183636207e+002, +5.21254410707e+001, +1.05353852655e-003, +1.52982496437e+002
+2.99320900000e+004, +2.50201176012e+002, +5.19827898405e+001, +1.04809977849e-003, +1.54098440295e+002
+3.01516820000e+004, +2.51215878073e+002, +5.18389885845e+001, +1.04263316463e-003, +1.55219632076e+002
+3.03728840000e+004, +2.52221434654e+002, +5.16964981157e+001, +1.03714874338e-003, +1.56333654095e+002
+3.05957080000e+004, +2.53229209965e+002, +5.15526896798e+001, +1.03165663713e-003, +1.57456575700e+002
+3.08201680000e+004, +2.54220865696e+002, +5.14091324991e+001, +1.02610530612e-003, +1.58571541303e+002
+3.10462740000e+004, +2.55208352104e+002, +5.12645775068e+001, +1.02052692495e-003, +1.59690253633e+002
+3.12740390000e+004, +2.56192165013e+002, +5.11214298566e+001, +1.01495859757e-003, +1.60804631695e+002
+3.15034750000e+004, +2.57179526248e+002, +5.09784114872e+001, +1.00941114175e-003, +1.61923616185e+002
+3.17345950000e+004, +2.58165336207e+002, +5.08353371285e+001, +1.00386199102e-003, +1.63044637191e+002
+3.19674090000e+004, +2.59149169539e+002, +5.06947766141e+001, +9.98346727821e-004, +1.64158408751e+002
+3.22019320000e+004, +2.60135478308e+002, +5.05545006404e+001, +9.92850949504e-004, +1.65275502653e+002
+3.24381760000e+004, +2.61122574491e+002, +5.04133675255e+001, +9.87352055745e-004, +1.66398847653e+002
+3.26761520000e+004, +2.62102236637e+002, +5.02744958146e+001, +9.81863946205e-004, +1.67512222992e+002
+3.29158740000e+004, +2.63084925196e+002, +5.01345362043e+001, +9.76378750415e-004, +1.68634040773e+002
+3.31573550000e+004, +2.64064849448e+002, +4.99955993325e+001, +9.70905188991e-004, +1.69753149639e+002
+3.34006080000e+004, +2.65039544945e+002, +4.98561927766e+001, +9.65413608870e-004, +1.70873190546e+002
+3.36456450000e+004, +2.66008864703e+002, +4.97181741207e+001, +9.59930707465e-004, +1.71987454213e+002
+3.38924800000e+004, +2.66984553270e+002, +4.95791819078e+001, +9.54465701379e-004, +1.73111865605e+002
+3.41411260000e+004, +2.67961754799e+002, +4.94410938304e+001, +9.49027669494e-004, +1.74236633382e+002
+3.43915960000e+004, +2.68940252579e+002, +4.93010865936e+001, +9.43575943917e-004, +1.75371642648e+002
+3.46439030000e+004, +2.69930363194e+002, +4.91621504165e+001, +9.38188906110e-004, +1.76513006757e+002
+3.48980610000e+004, +2.70922861185e+002, +4.90244883400e+001, +9.32836727262e-004, +1.77653982910e+002
+3.51540840000e+004, +2.71907386220e+002, +4.88856363738e+001, +9.27449223444e-004, +1.78796546002e+002
+3.54119860000e+004, +2.72891387447e+002, +4.87472813095e+001, +9.22076429731e-004, +1.79939529454e+002
+3.56717790000e+004, +2.73869028842e+002, +4.86103785113e+001, +9.16712601748e-004, +1.81075623525e+002
+3.59334780000e+004, +2.74831248906e+002, +4.84741228844e+001, +9.11317095536e-004, +1.82201640972e+002
+3.61970970000e+004, +2.75788633754e+002, +4.83371570010e+001, +9.05907221907e-004, +1.83329394160e+002
+3.64626500000e+004, +2.76743511104e+002, +4.82015754330e+001, +9.00520683492e-004, +1.84452863331e+002
+3.67301520000e+004, +2.77693528595e+002, +4.80672641994e+001, +8.95148639844e-004, +1.85570840665e+002
+3.69996150000e+004, +2.78652571629e+002, +4.79323774954e+001, +8.89810184527e-004, +1.86699236512e+002
+3.72710560000e+004, +2.79605545182e+002, +4.77984627227e+001, +8.84478572828e-004, +1.87822359014e+002
+3.75444880000e+004, +2.80562481485e+002, +4.76668996260e+001, +8.79205244347e-004, +1.88941911633e+002
+3.78199260000e+004, +2.81518441960e+002, +4.75363723753e+001, +8.73956186698e-004, +1.90059303373e+002
+3.80973850000e+004, +2.82474947192e+002, +4.74041423215e+001, +8.68698097162e-004, +1.91185470619e+002
+3.83768790000e+004, +2.83419271915e+002, +4.72726298590e+001, +8.63426148557e-004, +1.92302997386e+002
+3.86584230000e+004, +2.84368016234e+002, +4.71413380197e+001, +8.58184702547e-004, +1.93424899022e+002
+3.89420340000e+004, +2.85317860470e+002, +4.70071527053e+001, +8.52920345166e-004, +1.94560261637e+002
+3.92277240000e+004, +2.86257961323e+002, +4.68743657785e+001, +8.47660758030e-004, +1.95686051434e+002
+3.95155110000e+004, +2.87196222459e+002, +4.67416240800e+001, +8.42411230456e-004, +1.96812544677e+002
+3.98054090000e+004, +2.88136111849e+002, +4.66086901975e+001, +8.37178887639e-004, +1.97942968572e+002
+4.00974340000e+004, +2.89073930405e+002, +4.64785498282e+001, +8.31994270012e-004, +1.99063850500e+002
+4.03916010000e+004, +2.90018092581e+002, +4.63488066308e+001, +8.26848506709e-004, +2.00189718819e+002
+4.06879260000e+004, +2.90967925215e+002, +4.62216054509e+001, +8.21768765301e-004, +2.01312257401e+002
+4.09864260000e+004, +2.91914799779e+002, +4.60948041226e+001, +8.16700995166e-004, +2.02433329711e+002
+4.12871150000e+004, +2.92861124693e+002, +4.59669383312e+001, +8.11632195710e-004, +2.03559959807e+002
+4.15900100000e+004, +2.93805456684e+002, +4.58411289439e+001, +8.06601301904e-004, +2.04679659365e+002
+4.18951270000e+004, +2.94752016038e+002, +4.57155945149e+001, +8.01595613481e-004, +2.05801889828e+002
+4.22024830000e+004, +2.95705055126e+002, +4.55881995513e+001, +7.96597416784e-004, +2.06937495412e+002
+4.25120930000e+004, +2.96657920964e+002, +4.54620271562e+001, +7.91630668084e-004, +2.08070471897e+002
+4.28239750000e+004, +2.97602339520e+002, +4.53370124830e+001, +7.86672631605e-004, +2.09195215686e+002
+4.31381450000e+004, +2.98542995692e+002, +4.52138644539e+001, +7.81745847280e-004, +2.10312341265e+002
+4.34546200000e+004, +2.99477877892e+002, +4.50907584490e+001, +7.76820669949e-004, +2.11427133254e+002
+4.37734160000e+004, +3.00383614994e+002, +4.49722926347e+001, +7.71899596772e-004, +2.12505981273e+002
+4.40945510000e+004, +3.01288400943e+002, +4.48546258264e+001, +7.67004485671e-004, +2.13582930301e+002
+4.44180430000e+004, +3.02188938378e+002, +4.47373401619e+001, +7.62121466566e-004, +2.14657166828e+002
+4.47439070000e+004, +3.03103458533e+002, +4.46200356691e+001, +7.57291108469e-004, +2.15743121473e+002
+4.50721620000e+004, +3.04016077723e+002, +4.45011449381e+001, +7.52452213528e-004, +2.16835345825e+002
+4.54028260000e+004, +3.04936051814e+002, +4.43806589317e+001, +7.47627696926e-004, +2.17940486073e+002
+4.57359150000e+004, +3.05874700661e+002, +4.42580719712e+001, +7.42838053277e-004, +2.19068570899e+002
+4.60714480000e+004, +3.06807243225e+002, +4.41351860718e+001, +7.38046543106e-004, +2.20195188274e+002
+4.64094420000e+004, +3.07737174342e+002, +4.40143685719e+001, +7.33293394909e-004, +2.21313981032e+002
+4.67499160000e+004, +3.08665142590e+002, +4.38948486644e+001, +7.28570005582e-004, +2.22428253598e+002
+4.70928880000e+004, +3.09596661978e+002, +4.37770092611e+001, +7.23894404949e-004, +2.23540524339e+002
+4.74383760000e+004, +3.10506557664e+002, +4.36616521951e+001, +7.19218512388e-004, +2.24629569106e+002
+4.77863980000e+004, +3.11413424490e+002, +4.35469448879e+001, +7.14562194595e-004, +2.25715604436e+002
+4.81369740000e+004, +3.12325053065e+002, +4.34334025428e+001, +7.09950065872e-004, +2.26802328792e+002
+4.84901220000e+004, +3.13226653375e+002, +4.33197516961e+001, +7.05331836911e-004, +2.27883757575e+002
+4.88458600000e+004, +3.14128980501e+002, +4.32063285674e+001, +7.00736584027e-004, +2.28966418684e+002
+4.92042090000e+004, +3.15024539190e+002, +4.30927595414e+001, +6.96142835911e-004, +2.30046233747e+002
+4.95651860000e+004, +3.15915864681e+002, +4.29803081208e+001, +6.91573014721e-004, +2.31120272404e+002
+4.99288120000e+004, +3.16818518557e+002, +4.28673419351e+001, +6.87039935078e-004, +2.32206045310e+002
+5.02951050000e+004, +3.17705326461e+002, +4.27563852688e+001, +6.82517154640e-004, +2.33274137288e+002
+5.06640850000e+004, +3.18595671346e+002, +4.26471296741e+001, +6.78042734303e-004, +2.34339879743e+002
+5.10357730000e+004, +3.19483960472e+002, +4.25372103611e+001, +6.73574198049e-004, +2.35408057868e+002
+5.14101870000e+004, +3.20367663421e+002, +4.24278364229e+001, +6.69121950534e-004, +2.36472231268e+002
+5.17873480000e+004, +3.21263318430e+002, +4.23202021764e+001, +6.64735646089e-004, +2.37540089269e+002
+5.21672760000e+004, +3.22150835452e+002, +4.22129947697e+001, +6.60356562514e-004, +2.38601734670e+002
+5.25499910000e+004, +3.23042393235e+002, +4.21084565121e+001, +6.56038283526e-004, +2.39657683435e+002
+5.29355140000e+004, +3.23936513355e+002, +4.20037424687e+001, +6.51741384673e-004, +2.40717585025e+002
+5.33238650000e+004, +3.24843448327e+002, +4.19025071687e+001, +6.47532228990e-004, +2.41775236094e+002
+5.37150660000e+004, +3.25752981594e+002, +4.18005693732e+001, +6.43337038176e-004, +2.42838871926e+002
+5.41091360000e+004, +3.26655088714e+002, +4.16994803042e+001, +6.39155598174e-004, +2.43895132669e+002
+5.45060970000e+004, +3.27550365073e+002, +4.15974564538e+001, +6.34967115265e-004, +2.44951191471e+002
+5.49059710000e+004, +3.28440251594e+002, +4.14964661676e+001, +6.30799332721e-004, +2.46000627736e+002
+5.53087780000e+004, +3.29317289950e+002, +4.13963317835e+001, +6.26636050064e-004, +2.47038487008e+002
+5.57145410000e+004, +3.30186474052e+002, +4.12954429779e+001, +6.22467333943e-004, +2.48074587103e+002
+5.61232800000e+004, +3.31056541160e+002, +4.11951337617e+001, +6.18326467876e-004, +2.49110396897e+002
+5.65350170000e+004, +3.31927511096e+002, +4.10958239024e+001, +6.14218526166e-004, +2.50144324531e+002
+5.69497760000e+004, +3.32800790348e+002, +4.09957954359e+001, +6.10124847696e-004, +2.51183966433e+002
+5.73675770000e+004, +3.33677539204e+002, +4.08965501694e+001, +6.06065863076e-004, +2.52224479548e+002
+5.77884430000e+004, +3.34557954997e+002, +4.07964671963e+001, +6.02021912509e-004, +2.53272196385e+002
+5.82123970000e+004, +3.35440356933e+002, +4.06965623487e+001, +5.98002227899e-004, +2.54321975923e+002
+5.86394610000e+004, +3.36328540946e+002, +4.05965176656e+001, +5.94009547499e-004, +2.55377913271e+002
+5.90696580000e+004, +3.37217544661e+002, +4.05009305531e+001, +5.90090348766e-004, +2.56418675720e+002
+5.95030120000e+004, +3.38105791518e+002, +4.04045748691e+001, +5.86178507294e-004, +2.57463014404e+002
+5.99395440000e+004, +3.39037969900e+002, +4.03126544079e+001, +5.82413271465e-004, +2.58525084093e+002
+6.03792790000e+004, +3.39957399769e+002, +4.02211559744e+001, +5.78647624207e-004, +2.59577072203e+002
+6.08222400000e+004, +3.40870647142e+002, +4.01284407792e+001, +5.74873693052e-004, +2.60630233073e+002
+6.12684510000e+004, +3.41768532150e+002, +4.00382855005e+001, +5.71121372001e-004, +2.61663031447e+002
+6.17179350000e+004, +3.42664402148e+002, +3.99460537759e+001, +5.67358350076e-004, +2.62703428576e+002
+6.21707170000e+004, +3.43517103588e+002, +3.98537079789e+001, +5.63540560442e-004, +2.63712295400e+002
+6.26268210000e+004, +3.44363673109e+002, +3.97587193016e+001, +5.59700470427e-004, +2.64727684182e+002
+6.30862710000e+004, +3.45211159133e+002, +3.96669112811e+001, +5.55918146116e-004, +2.65732613896e+002
+6.35490910000e+004, +3.46069100450e+002, +3.95771478790e+001, +5.52195101737e-004, +2.66738785860e+002
+6.40153070000e+004, +3.46927205193e+002, +3.94878465914e+001, +5.48495925430e-004, +2.67744362610e+002
+6.44849430000e+004, +3.47798111202e+002, +3.94034676736e+001, +5.44891965622e-004, +2.68741916042e+002
+6.49580240000e+004, +3.48683368992e+002, +3.93192377147e+001, +5.41329380901e-004, +2.69751043471e+002
+6.54345760000e+004, +3.49564212244e+002, +3.92370907280e+001, +5.37800874803e-004, +2.70749779640e+002
+6.59146250000e+004, +3.50450190283e+002, +3.91540611258e+001, +5.34286944164e-004, +2.71756947326e+002
+6.63981950000e+004, +3.51328900705e+002, +3.90728771165e+001, +5.30799870988e-004, +2.72752390342e+002
+6.68853120000e+004, +3.52205346647e+002, +3.89912463723e+001, +5.27321128499e-004, +2.73748823161e+002
+6.73760040000e+004, +3.53098455058e+002, +3.89106176983e+001, +5.23895317219e-004, +2.74755358542e+002
+6.78702950000e+004, +3.53969591407e+002, +3.88308330016e+001, +5.20463044864e-004, +2.75742542905e+002
+6.83682120000e+004, +3.54865151886e+002, +3.87488208497e+001, +5.17058121694e-004, +2.76758396697e+002
+6.88697830000e+004, +3.55741218889e+002, +3.86685910384e+001, +5.13661329091e-004, +2.77753153530e+002
+6.93750330000e+004, +3.56610347808e+002, +3.85884959815e+001, +5.10272775303e-004, +2.78742952457e+002
+6.98839900000e+004, +3.57486777485e+002, +3.85063417125e+001, +5.06888470933e-004, +2.79747434665e+002
+7.03966800000e+004, +3.58359311658e+002, +3.84243878734e+001, +5.03517668506e-004, +2.80749075597e+002
+7.09131320000e+004, +3.59228847701e+002, +3.83424660842e+001, +5.00159841395e-004, +2.81749217258e+002
+7.14333730000e+004, +3.60097216908e+002, +3.82634488197e+001, +4.96849180578e-004, +2.82738104962e+002
+7.19574300000e+004, +3.60967059394e+002, +3.81862336556e+001, +4.93576872522e-004, +2.83722077492e+002
+7.24853320000e+004, +3.61834580407e+002, +3.81120965362e+001, +4.90351372913e-004, +2.84693160465e+002
+7.30171070000e+004, +3.62704679764e+002, +3.80442179946e+001, +4.87213485167e-004, +2.85642768709e+002
+7.35527830000e+004, +3.63574341567e+002, +3.79755776199e+001, +4.84082276223e-004, +2.86595876324e+002
+7.40923890000e+004, +3.64446693055e+002, +3.79077146452e+001, +4.80978545430e-004, +2.87548938896e+002
+7.46359530000e+004, +3.65321285177e+002, +3.78389838787e+001, +4.77883818006e-004, +2.88508031471e+002
+7.51835060000e+004, +3.66212364984e+002, +3.77701384174e+001, +4.74824608937e-004, +2.89481478149e+002
+7.57350750000e+004, +3.67108751860e+002, +3.76991903857e+001, +4.71764801621e-004, +2.90468255840e+002
+7.62906910000e+004, +3.68015980857e+002, +3.76289927235e+001, +4.68741764733e-004, +2.91461589902e+002
+7.68503830000e+004, +3.68920508840e+002, +3.75599901908e+001, +4.65742618097e-004, +2.92449011635e+002
+7.74141810000e+004, +3.69812590594e+002, +3.74895612778e+001, +4.62727481253e-004, +2.93433065181e+002
+7.79821160000e+004, +3.70707140701e+002, +3.74219589831e+001, +4.59760013232e-004, +2.94408857389e+002
+7.85542170000e+004, +3.71568657653e+002, +3.73510280378e+001, +4.56731823090e-004, +2.95372361544e+002
+7.91305150000e+004, +3.72419966371e+002, +3.72826148014e+001, +4.53733003328e-004, +2.96318671858e+002
+7.97110410000e+004, +3.73284148480e+002, +3.72146118324e+001, +4.50769561619e-004, +2.97274426719e+002
+8.02958250000e+004, +3.74154109017e+002, +3.71454895403e+001, +4.47816723059e-004, +2.98240023213e+002
+8.08849000000e+004, +3.75042882915e+002, +3.70804120200e+001, +4.44942922456e-004, +2.99205500486e+002
+8.14782970000e+004, +3.75933443533e+002, +3.70140877654e+001, +4.42072852981e-004, +3.00178160342e+002
+8.20760470000e+004, +3.76855852101e+002, +3.69492235258e+001, +4.39269212785e-004, +3.01171339177e+002
+8.26781820000e+004, +3.77779280552e+002, +3.68850573300e+001, +4.36487456566e-004, +3.02163440707e+002
+8.32847350000e+004, +3.78695970540e+002, +3.68207751770e+001, +4.33710322208e-004, +3.03151469790e+002
+8.38957380000e+004, +3.79610242545e+002, +3.67580153181e+001, +4.30959405487e-004, +3.04132377125e+002
+8.45112230000e+004, +3.80521871831e+002, +3.66961702383e+001, +4.28228221046e-004, +3.05108368745e+002
+8.51312230000e+004, +3.81427344019e+002, +3.66343901898e+001, +4.25504297585e-004, +3.06079981765e+002
+8.57557720000e+004, +3.82339805681e+002, +3.65739469565e+001, +4.22814960314e-004, +3.07052701963e+002
+8.63849030000e+004, +3.83247950497e+002, +3.65141967986e+001, +4.20141042583e-004, +3.08019999595e+002
+8.70186490000e+004, +3.84151890608e+002, +3.64554570756e+001, +4.17485807523e-004, +3.08980681863e+002
+8.76570450000e+004, +3.85060220696e+002, +3.63962797332e+001, +4.14844249513e-004, +3.09947419436e+002
+8.83001240000e+004, +3.85949180034e+002, +3.63375163847e+001, +4.12199225849e-004, +3.10897683299e+002
+8.89479210000e+004, +3.86851204968e+002, +3.62801006965e+001, +4.09594624223e-004, +3.11853849214e+002
+8.96004710000e+004, +3.87747752106e+002, +3.62238736793e+001, +4.07008875286e-004, +3.12801598988e+002
+9.02578080000e+004, +3.88650152089e+002, +3.61671212377e+001, +4.04437190962e-004, +3.13756915659e+002
+9.09199670000e+004, +3.89566144402e+002, +3.61124802240e+001, +4.01912783351e-004, +3.14715499658e+002
+9.15869840000e+004, +3.90491507954e+002, +3.60591614861e+001, +3.99423123001e-004, +3.15677098611e+002
+9.22588940000e+004, +3.91445833822e+002, +3.60085496379e+001, +3.97000844672e-004, +3.16651995121e+002
+9.29357340000e+004, +3.92397804563e+002, +3.59587193775e+001, +3.94595068931e-004, +3.17622586251e+002
+9.36175390000e+004, +3.93342304431e+002, +3.59062273740e+001, +3.92168094383e-004, +3.18598575265e+002
+9.43043460000e+004, +3.94296845220e+002, +3.58546627138e+001, +3.89771503263e-004, +3.19579712161e+002
+9.49961920000e+004, +3.95229491442e+002, +3.58016833317e+001, +3.87351652418e-004, +3.20549548205e+002
+9.56931140000e+004, +3.96133901240e+002, +3.57444811446e+001, +3.84876871115e-004, +3.21514259045e+002
+9.63951480000e+004, +3.97032637304e+002, +3.56886858066e+001, +3.82422402604e-004, +3.22469408908e+002
+9.71023330000e+004, +3.97939442542e+002, +3.56321597814e+001, +3.79981523088e-004, +3.23434789021e+002
+9.78147050000e+004, +3.98865869619e+002, +3.55774399592e+001, +3.77588398507e-004, +3.24409540714e+002
+9.85323040000e+004, +3.99782500187e+002, +3.55263341058e+001, +3.75231263190e-004, +3.25362400701e+002
+9.92551680000e+004, +4.00716069349e+002, +3.54766137618e+001, +3.72914418093e-004, +3.26324122539e+002
+9.99833340000e+004, +4.01649853583e+002, +3.54297292090e+001, +3.70635025683e-004, +3.27275190591e+002
+1.00716843000e+005, +4.02602281083e+002, +3.53820934865e+001, +3.68377095651e-004, +3.28245181573e+002
+1.01455733000e+005, +4.03552610593e+002, +3.53341463637e+001, +3.66125407801e-004, +3.29215419629e+002
+1.02200043000e+005, +4.04508191939e+002, +3.52869267939e+001, +3.63895959927e-004, +3.30187666771e+002
+1.02949815000e+005, +4.05463505468e+002, +3.52393513625e+001, +3.61673909337e-004, +3.31161833836e+002
+1.03705086000e+005, +4.06434556149e+002, +3.51862883712e+001, +3.59427788592e-004, +3.32171981301e+002
+1.04465899000e+005, +4.07405072905e+002, +3.51366945142e+001, +3.57222917378e-004, +3.33168247395e+002
+1.05232293000e+005, +4.08352667023e+002, +3.50859862917e+001, +3.54998998455e-004, +3.34151038986e+002
+1.06004310000e+005, +4.09339394791e+002, +3.50399729331e+001, +3.52861150300e-004, +3.35147318828e+002
+1.06781990000e+005, +4.10309169475e+002, +3.49946769233e+001, +3.50725236285e-004, +3.36127458169e+002
+1.07565376000e+005, +4.11276490634e+002, +3.49543000033e+001, +3.48640381218e-004, +3.37086027167e+002
+1.08354509000e+005, +4.12235548937e+002, +3.49159473760e+001, +3.46576074188e-004, +3.38030098074e+002
+1.09149431000e+005, +4.13213538014e+002, +3.48762270541e+001, +3.44525640237e-004, +3.38995922992e+002
+1.09950185000e+005, +4.14179868521e+002, +3.48364105913e+001, +3.42474448715e-004, +3.39953188164e+002
+1.10756813000e+005, +4.15155897733e+002, +3.47974830337e+001, +3.40448667680e-004, +3.40915345167e+002
+1.11569359000e+005, +4.16124876049e+002, +3.47569936736e+001, +3.38413490028e-004, +3.41878775645e+002
+1.12387867000e+005, +4.17105292940e+002, +3.47161532641e+001, +3.36394385409e-004, +3.42853673867e+002
+1.13212379000e+005, +4.18091074870e+002, +3.46761171715e+001, +3.34396035091e-004, +3.43830266894e+002
+1.14042940000e+005, +4.19071131915e+002, +3.46351988858e+001, +3.32395256196e-004, +3.44806432843e+002
+1.14879594000e+005, +4.20059911474e+002, +3.45960279487e+001, +3.30425591158e-004, +3.45783125336e+002
+1.15722386000e+005, +4.21058323916e+002, +3.45534439074e+001, +3.28444405648e-004, +3.46782583863e+002
+1.16571362000e+005, +4.22078409648e+002, +3.45124353347e+001, +3.26502521793e-004, +3.47793976155e+002
+1.17426565000e+005, +4.23090278269e+002, +3.44702794648e+001, +3.24553939075e-004, +3.48804038409e+002
+1.18288043000e+005, +4.24095546677e+002, +3.44288954840e+001, +3.22615912405e-004, +3.49806080241e+002
+1.19155840000e+005, +4.25106353585e+002, +3.43878906154e+001, +3.20694414607e-004, +3.50811742538e+002
+1.20030005000e+005, +4.26115599335e+002, +3.43463368473e+001, +3.18776405849e-004, +3.51819056538e+002
+1.20910582000e+005, +4.27111361783e+002, +3.43056204968e+001, +3.16864355126e-004, +3.52812355222e+002
+1.21797619000e+005, +4.28101596716e+002, +3.42641642065e+001, +3.14951523649e-004, +3.53804817920e+002
+1.22691164000e+005, +4.29098910731e+002, +3.42244495273e+001, +3.13067201072e-004, +3.54796419726e+002
+1.23591265000e+005, +4.30110163305e+002, +3.41869018707e+001, +3.11219410918e-004, +3.55791018724e+002
+1.24497968000e+005, +4.31132297878e+002, +3.41509276334e+001, +3.09400733901e-004, +3.56788569109e+002
+1.25411324000e+005, +4.32161006711e+002, +3.41180584145e+001, +3.07619853891e-004, +3.57779006548e+002
+1.26331380000e+005, +4.33219706887e+002, +3.40875621784e+001, +3.05887068702e-004, +3.58784771585e+002
+1.27258186000e+005, +4.34268630456e+002, +3.40574508972e+001, +3.04158128579e-004, +3.59781332902e+002
+1.28191792000e+005, +4.35313723151e+002, +3.40263491991e+001, +3.02426524205e-004, +3.60779448127e+002
+1.29132246000e+005, +4.36364431488e+002, +3.39948913160e+001, +3.00703862616e-004, +3.61784264512e+002
+1.30079600000e+005, +4.37389809996e+002, +3.39606474889e+001, +2.98950094338e-004, +3.62780489521e+002
+1.31033904000e+005, +4.38418561257e+002, +3.39267486030e+001, +2.97209527504e-004, +3.63778595041e+002
+1.31995210000e+005, +4.39456136493e+002, +3.38905799113e+001, +2.95465641861e-004, +3.64794285135e+002
+1.32963567000e+005, +4.40483901755e+002, +3.38564782431e+001, +2.93739232513e-004, +3.65793560660e+002
+1.33939029000e+005, +4.41538955475e+002, +3.38235363369e+001, +2.92047857332e-004, +3.66811083686e+002
+1.34921647000e+005, +4.42605665946e+002, +3.37889789563e+001, +2.90359667350e-004, +3.67845788809e+002
+1.35911474000e+005, +4.43713670705e+002, +3.37602933045e+001, +2.88750358694e-004, +3.68890141035e+002
+1.36908563000e+005, +4.44831112254e+002, +3.37319565887e+001, +2.87156656130e-004, +3.69941361078e+002
+1.37912966000e+005, +4.45929326085e+002, +3.37024734510e+001, +2.85548844158e-004, +3.70982059522e+002
+1.38924739000e+005, +4.47037096578e+002, +3.36730421032e+001, +2.83954520762e-004, +3.72031016037e+002
+1.39943933000e+005, +4.48125160175e+002, +3.36407812030e+001, +2.82333755985e-004, +3.73076359900e+002
+1.40970605000e+005, +4.49182150484e+002, +3.36065438587e+001, +2.80686307963e-004, +3.74104961587e+002
+1.42004809000e+005, +4.50232108002e+002, +3.35683028884e+001, +2.79012864729e-004, +3.75145665685e+002
+1.43046601000e+005, +4.51282387399e+002, +3.35324877469e+001, +2.77365403003e-004, +3.76176691549e+002
+1.44096035000e+005, +4.52349094597e+002, +3.34982316935e+001, +2.75747175219e-004, +3.77215201882e+002
+1.45153168000e+005, +4.53427527551e+002, +3.34652953575e+001, +2.74153184936e-004, +3.78258304317e+002
+1.46218056000e+005, +4.54525604023e+002, +3.34350173886e+001, +2.72597508042e-004, +3.79306739403e+002
+1.47290757000e+005, +4.55661158777e+002, +3.34071123149e+001, +2.71088144372e-004, +3.80376605153e+002
+1.48371328000e+005, +4.56789556501e+002, +3.33804017874e+001, +2.69589558839e-004, +3.81435773524e+002
+1.49459826000e+005, +4.57926643307e+002, +3.33542820886e+001, +2.68106717158e-004, +3.82500099521e+002
+1.50556309000e+005, +4.59062547106e+002, +3.33263992693e+001, +2.66617040849e-004, +3.83571688924e+002
+1.51660837000e+005, +4.60195250994e+002, +3.32987431671e+001, +2.65133562388e-004, +3.84640120622e+002
+1.52773467000e+005, +4.61341004942e+002, +3.32719920548e+001, +2.63670344250e-004, +3.85715976331e+002
+1.53894261000e+005, +4.62475119168e+002, +3.32470369392e+001, +2.62219330802e-004, +3.86774652584e+002
+1.55023277000e+005, +4.63604899016e+002, +3.32181072664e+001, +2.60744511391e-004, +3.87847790149e+002
+1.56160575000e+005, +4.64731048557e+002, +3.31905343583e+001, +2.59283588996e-004, +3.88912391548e+002
+1.57306218000e+005, +4.65874233931e+002, +3.31613901786e+001, +2.57827744017e-004, +3.89998745880e+002
+1.58460265000e+005, +4.66988142106e+002, +3.31294121838e+001, +2.56342810210e-004, +3.91073742105e+002
+1.59622778000e+005, +4.68097704320e+002, +3.30959016399e+001, +2.54851888859e-004, +3.92152492229e+002
+1.60793820000e+005, +4.69213132988e+002, +3.30640269547e+001, +2.53382204559e-004, +3.93229424775e+002
+1.61973453000e+005, +4.70329025819e+002, +3.30315944849e+001, +2.51915787004e-004, +3.94309797749e+002
+1.63161741000e+005, +4.71473204926e+002, +3.30025069357e+001, +2.50493718996e-004, +3.95399464824e+002
+1.64358746000e+005, +4.72613979420e+002, +3.29743811388e+001, +2.49082646527e-004, +3.96482488868e+002
+1.65564532000e+005, +4.73804246426e+002, +3.29512726270e+001, +2.47737222701e-004, +3.97584994083e+002
+1.66779165000e+005, +4.75006488162e+002, +3.29281415576e+001, +2.46403436221e-004, +3.98698109537e+002
+1.68002709000e+005, +4.76202360140e+002, +3.29046325449e+001, +2.45069348942e-004, +3.99808046249e+002
+1.69235228000e+005, +4.77393799185e+002, +3.28811148186e+001, +2.43738489781e-004, +4.00914765410e+002
+1.70476790000e+005, +4.78592483445e+002, +3.28560740416e+001, +2.42406900897e-004, +4.02034936411e+002
+1.71727461000e+005, +4.79793567873e+002, +3.28309416373e+001, +2.41081525727e-004, +4.03158031850e+002
+1.72987306000e+005, +4.80984746309e+002, +3.28061115363e+001, +2.39758764094e-004, +4.04271919938e+002
+1.74256395000e+005, +4.82185543325e+002, +3.27800747434e+001, +2.38438601727e-004, +4.05399876502e+002
+1.75534794000e+005, +4.83393239947e+002, +3.27554470408e+001, +2.37136520970e-004, +4.06527710748e+002
+1.76822571000e+005, +4.84609935976e+002, +3.27276912608e+001, +2.35824277425e-004, +4.07677906820e+002
+1.78119796000e+005, +4.85827222523e+002, +3.26992644205e+001, +2.34513634822e-004, +4.08832215462e+002
+1.79426538000e+005, +4.87051729500e+002, +3.26695131117e+001, +2.33203665877e-004, +4.09999231615e+002
+1.80742867000e+005, +4.88304209963e+002, +3.26411043546e+001, +2.31921103163e-004, +4.11184208151e+002
+1.82068852000e+005, +4.89539613366e+002, +3.26119502831e+001, +2.30631148746e-004, +4.12358801006e+002
+1.83404566000e+005, +4.90755391953e+002, +3.25847052476e+001, +2.29349487744e-004, +4.13508622747e+002
+1.84750078000e+005, +4.92003596059e+002, +3.25604605872e+001, +2.28107112130e-004, +4.14672438004e+002
+1.86105462000e+005, +4.93204257330e+002, +3.25390073764e+001, +2.26865321409e-004, +4.15783742443e+002
+1.87470789000e+005, +4.94448737157e+002, +3.25177076510e+001, +2.25649790410e-004, +4.16931709166e+002
+1.88846133000e+005, +4.95679679733e+002, +3.24958207261e+001, +2.24429502039e-004, +4.18071427195e+002
+1.90231566000e+005, +4.96915861834e+002, +3.24753637022e+001, +2.23225431124e-004, +4.19209351139e+002
+1.91627164000e+005, +4.98178430635e+002, +3.24503018043e+001, +2.22010046337e-004, +4.20391445925e+002
+1.93033000000e+005, +4.99451977553e+002, +3.24263442786e+001, +2.20811267728e-004, +4.21578157459e+002
+1.94449150000e+005, +5.00733836172e+002, +3.23988217229e+001, +2.19599514445e-004, +4.22789078710e+002
+1.95875689000e+005, +5.02006005585e+002, +3.23744748615e+001, +2.18407683826e-004, +4.23977480878e+002
+1.97312694000e+005, +5.03294092137e+002, +3.23488604509e+001, +2.17220072090e-004, +4.25185789889e+002
+1.98760241000e+005, +5.04569762759e+002, +3.23241638800e+001, +2.16037505995e-004, +4.26379816219e+002
+2.00218407000e+005, +5.05824151542e+002, +3.23009435461e+001, +2.14859582725e-004, +4.27549398458e+002
+2.01687271000e+005, +5.07063098254e+002, +3.22771952423e+001, +2.13677019648e-004, +4.28708893186e+002
+2.03166912000e+005, +5.08313528581e+002, +3.22574192710e+001, +2.12527715154e-004, +4.29859766156e+002
+2.04657407000e+005, +5.09570766961e+002, +3.22345494149e+001, +2.11367950309e-004, +4.31031484476e+002
+2.06158837000e+005, +5.10865742409e+002, +3.22106945884e+001, +2.10222909586e-004, +4.32240279532e+002
+2.07671282000e+005, +5.12160002287e+002, +3.21876745248e+001, +2.09087148390e-004, +4.33444994006e+002
+2.09194823000e+005, +5.13493386868e+002, +3.21582911336e+001, +2.07935192968e-004, +4.34713669427e+002
+2.10729540000e+005, +5.14823822039e+002, +3.21313904128e+001, +2.06801081990e-004, +4.35968596495e+002
+2.12275518000e+005, +5.16162139050e+002, +3.21052156500e+001, +2.05678915214e-004, +4.37227292671e+002
+2.13832836000e+005, +5.17497156550e+002, +3.20798661482e+001, +2.04564709489e-004, +4.38479793084e+002
+2.15401580000e+005, +5.18824316271e+002, +3.20545914248e+001, +2.03452386128e-004, +4.39725815879e+002
+2.16981833000e+005, +5.20121560517e+002, +3.20303249827e+001, +2.02338701243e-004, +4.40942158488e+002
+2.18573679000e+005, +5.21420421272e+002, +3.20070841720e+001, +2.01236119813e-004, +4.42155428531e+002
+2.20177203000e+005, +5.22734064367e+002, +3.19818671144e+001, +2.00132792802e-004, +4.43391272609e+002
+2.21792491000e+005, +5.24060499154e+002, +3.19558810231e+001, +1.99034696337e-004, +4.44642219255e+002
+2.23419629000e+005, +5.25410199675e+002, +3.19311434074e+001, +1.97956898734e-004, +4.45907401673e+002
+2.25058704000e+005, +5.26797345877e+002, +3.19061169435e+001, +1.96895908748e-004, +4.47206309155e+002
+2.26709805000e+005, +5.28211292733e+002, +3.18814348998e+001, +1.95850942536e-004, +4.48526852429e+002
+2.28373018000e+005, +5.29622086573e+002, +3.18559048430e+001, +1.94804197697e-004, +4.49849415016e+002
+2.30048433000e+005, +5.31028284305e+002, +3.18302144554e+001, +1.93758983713e-004, +4.51169430645e+002
+2.31736139000e+005, +5.32432218680e+002, +3.18028697459e+001, +1.92708095216e-004, +4.52496198914e+002
+2.33436227000e+005, +5.33835860955e+002, +3.17734588735e+001, +1.91650153380e-004, +4.53833459069e+002
+2.35148788000e+005, +5.35207989380e+002, +3.17442774498e+001, +1.90586531862e-004, +4.55143431180e+002
+2.36873912000e+005, +5.36586769844e+002, +3.17137959989e+001, +1.89522781350e-004, +4.56466079537e+002
+2.38611692000e+005, +5.37984516638e+002, +3.16826030695e+001, +1.88466383342e-004, +4.57809018272e+002
+2.40362221000e+005, +5.39386880843e+002, +3.16511197129e+001, +1.87414470404e-004, +4.59157985965e+002
+2.42125593000e+005, +5.40765140318e+002, +3.16221323964e+001, +1.86371843302e-004, +4.60474746074e+002
+2.43901901000e+005, +5.42173379287e+002, +3.15932568112e+001, +1.85344476816e-004, +4.61817101851e+002
+2.45691241000e+005, +5.43603742921e+002, +3.15666880565e+001, +1.84340941377e-004, +4.63167478348e+002
+2.47493708000e+005, +5.45024725013e+002, +3.15392167467e+001, +1.83333565087e-004, +4.64514945040e+002
+2.49309398000e+005, +5.46440109637e+002, +3.15118196378e+001, +1.82328819065e-004, +4.65857875802e+002
+2.51138409000e+005, +5.47847619122e+002, +3.14851759145e+001, +1.81329497392e-004, +4.67190929474e+002
+2.52980838000e+005, +5.49246540164e+002, +3.14568801455e+001, +1.80323001052e-004, +4.68525504427e+002
+2.54836784000e+005, +5.50615242292e+002, +3.14328744008e+001, +1.79332896346e-004, +4.69813401940e+002
+2.56706345000e+005, +5.52006583987e+002, +3.14064803624e+001, +1.78342150837e-004, +4.71133128152e+002
+2.58589622000e+005, +5.53419480172e+002, +3.13809210357e+001, +1.77366757531e-004, +4.72467625850e+002
+2.60486716000e+005, +5.54846007059e+002, +3.13544903364e+001, +1.76395349973e-004, +4.73818716719e+002
+2.62397727000e+005, +5.56273744077e+002, +3.13288247104e+001, +1.75432195702e-004, +4.75167563165e+002
+2.64322758000e+005, +5.57777136297e+002, +3.13010880607e+001, +1.74486316992e-004, +4.76592096355e+002
+2.66261911000e+005, +5.59262815173e+002, +3.12725680420e+001, +1.73534724223e-004, +4.78006103867e+002
+2.68215291000e+005, +5.60769933363e+002, +3.12447833466e+001, +1.72597193685e-004, +4.79435357693e+002
+2.70183001000e+005, +5.62245790115e+002, +3.12166996518e+001, +1.71652316342e-004, +4.80840042522e+002
+2.72165147000e+005, +5.63718907495e+002, +3.11865331940e+001, +1.70700201800e-004, +4.82253629721e+002
+2.74161835000e+005, +5.65144439589e+002, +3.11570438391e+001, +1.69741059348e-004, +4.83623709551e+002
+2.76173171000e+005, +5.66578528032e+002, +3.11268604213e+001, +1.68785228656e-004, +4.85005292815e+002
+2.78199263000e+005, +5.68000117127e+002, +3.10969496495e+001, +1.67831161491e-004, +4.86375423399e+002
+2.80240219000e+005, +5.69448587830e+002, +3.10664847942e+001, +1.66886470748e-004, +4.87772055614e+002
+2.82296147000e+005, +5.70868360301e+002, +3.10342623462e+001, +1.65929046734e-004, +4.89153783368e+002
+2.84367159000e+005, +5.72313875846e+002, +3.10012104903e+001, +1.64979344654e-004, +4.90562512524e+002
+2.86453365000e+005, +5.73723286613e+002, +3.09654027781e+001, +1.64010356907e-004, +4.91955178202e+002
+2.88554875000e+005, +5.75187918081e+002, +3.09312690454e+001, +1.63069441932e-004, +4.93387288740e+002
+2.90671803000e+005, +5.76650969799e+002, +3.08963849901e+001, +1.62128663258e-004, +4.94822643282e+002
+2.92804261000e+005, +5.78121641530e+002, +3.08623345855e+001, +1.61198097545e-004, +4.96260955361e+002
+2.94952364000e+005, +5.79608189676e+002, +3.08303300290e+001, +1.60285600022e-004, +4.97703015748e+002
+2.97116225000e+005, +5.81192997503e+002, +3.08020368444e+001, +1.59421302515e-004, +4.99210897495e+002
+2.99295962000e+005, +5.82770036929e+002, +3.07728350887e+001, +1.58554002522e-004, +5.00717512679e+002
+3.01491690000e+005, +5.84340555978e+002, +3.07421223656e+001, +1.57681358637e-004, +5.02227093547e+002
+3.03703526000e+005, +5.85892522062e+002, +3.07111879192e+001, +1.56806225650e-004, +5.03722597789e+002
+3.05931589000e+005, +5.87420660701e+002, +3.06796769176e+001, +1.55925711493e-004, +5.05201334877e+002
+3.08175998000e+005, +5.88928279396e+002, +3.06459913598e+001, +1.55033578960e-004, +5.06674516949e+002
+3.10436872000e+005, +5.90421458294e+002, +3.06114433531e+001, +1.54137644704e-004, +5.08140525762e+002
+3.12714333000e+005, +5.91934741615e+002, +3.05750410466e+001, +1.53242503447e-004, +5.09634320487e+002
+3.15008502000e+005, +5.93397227621e+002, +3.05446140241e+001, +1.52365215102e-004, +5.11053689102e+002
+3.17319502000e+005, +5.94874894038e+002, +3.05091326808e+001, +1.51473053777e-004, +5.12513424071e+002
+3.19647456000e+005, +5.96367430210e+002, +3.04766257774e+001, +1.50602003537e-004, +5.13971005646e+002
+3.21992488000e+005, +5.97828933519e+002, +3.04439204080e+001, +1.49726182661e-004, +5.15403575850e+002
+3.24354725000e+005, +5.99319634840e+002, +3.04114424391e+001, +1.48862634928e-004, +5.16860800256e+002
+3.26734291000e+005, +6.00772578780e+002, +3.03790623350e+001, +1.47994097071e-004, +5.18285621861e+002
+3.29131315000e+005, +6.02279061495e+002, +3.03453530430e+001, +1.47136831430e-004, +5.19764370550e+002
+3.31545924000e+005, +6.03785102055e+002, +3.03098542185e+001, +1.46275495794e-004, +5.21252970695e+002
+3.33978248000e+005, +6.05315081497e+002, +3.02737591917e+001, +1.45421237108e-004, +5.22766162118e+002
+3.36428415000e+005, +6.06860683700e+002, +3.02364423609e+001, +1.44569251269e-004, +5.24300131893e+002
+3.38896558000e+005, +6.08393205394e+002, +3.02017766532e+001, +1.43729420018e-004, +5.25809427212e+002
+3.41382808000e+005, +6.09919942518e+002, +3.01653856683e+001, +1.42884596265e-004, +5.27323690794e+002
+3.43887298000e+005, +6.11435745235e+002, +3.01300321152e+001, +1.42045512660e-004, +5.28823701877e+002
+3.46410162000e+005, +6.12918824897e+002, +3.00952817101e+001, +1.41205301289e-004, +5.30292903347e+002
+3.48951534000e+005, +6.14394019417e+002, +3.00601166457e+001, +1.40365476113e-004, +5.31758214563e+002
+3.51511550000e+005, +6.15875931034e+002, +3.00255837210e+001, +1.39533817575e-004, +5.33226648177e+002
+3.54090347000e+005, +6.17377597552e+002, +2.99912989047e+001, +1.38711561505e-004, +5.34711555376e+002
+3.56688064000e+005, +6.18893067643e+002, +2.99564033624e+001, +1.37893662321e-004, +5.36212422998e+002
+3.59304838000e+005, +6.20450477793e+002, +2.99218803473e+001, +1.37090375580e-004, +5.37748351085e+002
+3.61940809000e+005, +6.22054117529e+002, +2.98846555732e+001, +1.36289657317e-004, +5.39339717273e+002
+3.64596119000e+005, +6.23643178293e+002, +2.98491186176e+001, +1.35496273114e-004, +5.40910105445e+002
+3.67270908000e+005, +6.25192825690e+002, +2.98139062736e+001, +1.34699264265e-004, +5.42445308665e+002
+3.69965321000e+005, +6.26761483563e+002, +2.97796037371e+001, +1.33913693610e-004, +5.43992811203e+002
+3.72679501000e+005, +6.28315880083e+002, +2.97454691499e+001, +1.33129338236e-004, +5.45527755580e+002
+3.75413593000e+005, +6.29781672842e+002, +2.97128885046e+001, +1.32336247896e-004, +5.46978004065e+002
+3.78167744000e+005, +6.31273955366e+002, +2.96810548729e+001, +1.31555525833e-004, +5.48447840863e+002
+3.80942099000e+005, +6.32760587443e+002, +2.96479712934e+001, +1.30772334646e-004, +5.49920247441e+002
+3.83736808000e+005, +6.34268316109e+002, +2.96156370047e+001, +1.30000225899e-004, +5.51407561572e+002
+3.86552020000e+005, +6.35788608244e+002, +2.95833559099e+001, +1.29234542096e-004, +5.52906175328e+002
+3.89387885000e+005, +6.37356367768e+002, +2.95528502608e+001, +1.28489057289e-004, +5.54437011021e+002
+3.92244555000e+005, +6.38921385201e+002, +2.95216430293e+001, +1.27743640367e-004, +5.55969981992e+002
+3.95122183000e+005, +6.40503533216e+002, +2.94899308794e+001, +1.27003048349e-004, +5.57521317802e+002
+3.98020921000e+005, +6.42056702778e+002, +2.94575478165e+001, +1.26257503985e-004, +5.59051810367e+002
+4.00940926000e+005, +6.43620258799e+002, +2.94260814749e+001, +1.25521021543e-004, +5.60586975098e+002
+4.03882352000e+005, +6.45175210149e+002, +2.93918016498e+001, +1.24775401582e-004, +5.62130866664e+002
+4.06845358000e+005, +6.46703412221e+002, +2.93575340281e+001, +1.24028222550e-004, +5.63652088575e+002
+4.09830101000e+005, +6.48241605314e+002, +2.93236959621e+001, +1.23288191680e-004, +5.65180335806e+002
+4.12836742000e+005, +6.49791664278e+002, +2.92897956906e+001, +1.22553708516e-004, +5.66719969731e+002
+4.15865440000e+005, +6.51356248226e+002, +2.92555493182e+001, +1.21824132703e-004, +5.68274897750e+002
+4.18916357000e+005, +6.52924734753e+002, +2.92217498529e+001, +1.21100432856e-004, +5.69831456486e+002
+4.21989657000e+005, +6.54543281486e+002, +2.91843430275e+001, +1.20375799758e-004, +5.71452520252e+002
+4.25085504000e+005, +6.56157850299e+002, +2.91481844618e+001, +1.19658505501e-004, +5.73063934139e+002
+4.28204062000e+005, +6.57754867047e+002, +2.91110261431e+001, +1.18937665011e-004, +5.74666361422e+002
+4.31345500000e+005, +6.59353999577e+002, +2.90768596456e+001, +1.18231741664e-004, +5.76254672564e+002
+4.34509984000e+005, +6.60929417317e+002, +2.90437064054e+001, +1.17528666025e-004, +5.77817298482e+002
+4.37697683000e+005, +6.62446858990e+002, +2.90094050136e+001, +1.16814496601e-004, +5.79336351983e+002
+4.40908769000e+005, +6.63952765962e+002, +2.89768762890e+001, +1.16108350261e-004, +5.80836036642e+002
+4.44143412000e+005, +6.65487466754e+002, +2.89452056940e+001, +1.15413839552e-004, +5.82356735896e+002
+4.47401785000e+005, +6.67043883040e+002, +2.89143746166e+001, +1.14729501757e-004, +5.83892361436e+002
+4.50684063000e+005, +6.68623894865e+002, +2.88839553146e+001, +1.14053970091e-004, +5.85446966998e+002
+4.53990421000e+005, +6.70268207192e+002, +2.88535499926e+001, +1.13392574060e-004, +5.87058457004e+002
+4.57321035000e+005, +6.71993379725e+002, +2.88261925910e+001, +1.12758664867e-004, +5.88724231474e+002
+4.60676083000e+005, +6.73686210977e+002, +2.87976467197e+001, +1.12117837333e-004, +5.90369056544e+002
+4.64055746000e+005, +6.75362299612e+002, +2.87691015989e+001, +1.11477067346e-004, +5.91999867361e+002
+4.67460202000e+005, +6.77029389190e+002, +2.87386102224e+001, +1.10830819618e-004, +5.93634502566e+002
+4.70889635000e+005, +6.78705287179e+002, +2.87065750117e+001, +1.10183523775e-004, +5.95286332696e+002
+4.74344227000e+005, +6.80239609022e+002, +2.86708620746e+001, +1.09503545095e-004, +5.96835613708e+002
+4.77824163000e+005, +6.81828874005e+002, +2.86357237309e+001, +1.08837794599e-004, +5.98430526628e+002
+4.81329628000e+005, +6.83426918003e+002, +2.86017579162e+001, +1.08180776837e-004, +6.00027161218e+002
+4.84860811000e+005, +6.85033154757e+002, +2.85658196247e+001, +1.07521459566e-004, +6.01642964307e+002
+4.88417900000e+005, +6.86659319072e+002, +2.85321237727e+001, +1.06876184303e-004, +6.03264165767e+002
+4.92001085000e+005, +6.88355545771e+002, +2.85012587634e+001, +1.06254507029e-004, +6.04931417062e+002
+4.95610557000e+005, +6.90067922353e+002, +2.84707058387e+001, +1.05639203279e-004, +6.06611769814e+002
+4.99246509000e+005, +6.91769081173e+002, +2.84397867201e+001, +1.05023742105e-004, +6.08285062301e+002
+5.02909136000e+005, +6.93456964526e+002, +2.84088915001e+001, +1.04409182773e-004, +6.09947237650e+002
+5.06598633000e+005, +6.95133638302e+002, +2.83749090440e+001, +1.03785444312e-004, +6.11618040335e+002
+5.10315197000e+005, +6.96753245678e+002, +2.83403909964e+001, +1.03154434572e-004, +6.13242438600e+002
+5.14059027000e+005, +6.98313473087e+002, +2.83040245950e+001, +1.02511684048e-004, +6.14825942573e+002
+5.17830323000e+005, +6.99901971798e+002, +2.82672431499e+001, +1.01874990032e-004, +6.16437438853e+002
+5.21629287000e+005, +7.01502027830e+002, +2.82299074091e+001, +1.01241386473e-004, +6.18063039699e+002
+5.25456120000e+005, +7.03135391424e+002, +2.81932836776e+001, +1.00618108221e-004, +6.19714592475e+002
+5.29311029000e+005, +7.04794843149e+002, +2.81567758864e+001, +1.00002023873e-004, +6.21389206453e+002
+5.33194218000e+005, +7.06537889076e+002, +2.81197280236e+001, +9.93989871049e-005, +6.23141431740e+002
+5.37105896000e+005, +7.08271061572e+002, +2.80836321192e+001, +9.88004986185e-005, +6.24880208157e+002
+5.41046271000e+005, +7.10009117892e+002, +2.80463914003e+001, +9.82018422517e-005, +6.26630745296e+002
+5.45015554000e+005, +7.11762204210e+002, +2.80103266585e+001, +9.76118693158e-005, +6.28388489052e+002
+5.49013956000e+005, +7.13493556240e+002, +2.79732687731e+001, +9.70185562620e-005, +6.30133626628e+002
+5.53041692000e+005, +7.15271646579e+002, +2.79373986881e+001, +9.64381696775e-005, +6.31913895969e+002
+5.57098977000e+005, +7.17057788905e+002, +2.79010619650e+001, +9.58600934779e-005, +6.33704809486e+002
+5.61186028000e+005, +7.18815365444e+002, +2.78660307168e+001, +9.52850359434e-005, +6.35463619534e+002
+5.65303062000e+005, +7.20560264261e+002, +2.78288649181e+001, +9.47043499960e-005, +6.37224517595e+002
+5.69450300000e+005, +7.22288829124e+002, +2.77926473668e+001, +9.41272961750e-005, +6.38966180799e+002
+5.73627963000e+005, +7.23948724689e+002, +2.77549584225e+001, +9.35396130024e-005, +6.40656497846e+002
+5.77836275000e+005, +7.25566796387e+002, +2.77163760033e+001, +9.29468081198e-005, +6.42315792327e+002
+5.82075461000e+005, +7.27187134535e+002, +2.76790831161e+001, +9.23613579183e-005, +6.43970213806e+002
+5.86345747000e+005, +7.28826435243e+002, +2.76412129498e+001, +9.17795816852e-005, +6.45645547356e+002
+5.90647360000e+005, +7.30486228770e+002, +2.76051959704e+001, +9.12090240623e-005, +6.47328816598e+002
+5.94980532000e+005, +7.32168964736e+002, +2.75693594281e+001, +9.06447655107e-005, +6.49032067222e+002
+5.99345493000e+005, +7.33914576594e+002, +2.75391844315e+001, +9.01081517015e-005, +6.50758265951e+002
+6.03742477000e+005, +7.35659332166e+002, +2.75101060507e+001, +8.95772794197e-005, +6.52477871234e+002
+6.08171718000e+005, +7.37410907091e+002, +2.74763235272e+001, +8.90356935646e-005, +6.54232112242e+002
+6.12633454000e+005, +7.39140351012e+002, +2.74421129405e+001, +8.84928153850e-005, +6.55969983058e+002
+6.17127923000e+005, +7.40861283785e+002, +2.74043425399e+001, +8.79410690430e-005, +6.57722203394e+002
+6.21655364000e+005, +7.42549777950e+002, +2.73607692731e+001, +8.73711950817e-005, +6.59480940908e+002
+6.26216020000e+005, +7.44226099400e+002, +2.73139239272e+001, +8.67933102281e-005, +6.61249165750e+002
+6.30810134000e+005, +7.45909350073e+002, +2.72682681104e+001, +8.62228103928e-005, +6.63017270757e+002
+6.35437952000e+005, +7.47608347334e+002, +2.72255423029e+001, +8.56656842272e-005, +6.64782696453e+002
+6.40099722000e+005, +7.49321306777e+002, +2.71853197778e+001, +8.51203189597e-005, +6.66546375350e+002
+6.44795691000e+005, +7.51050200703e+002, +2.71485424680e+001, +8.45894976400e-005, +6.68304398245e+002
+6.49526112000e+005, +7.52796215943e+002, +2.71199236781e+001, +8.40866653702e-005, +6.70029540972e+002
+6.54291236000e+005, +7.54573579313e+002, +2.70900248479e+001, +8.35860941438e-005, +6.71790897395e+002
+6.59091319000e+005, +7.56326598285e+002, +2.70579485302e+001, +8.30790771982e-005, +6.73544311953e+002
+6.63926617000e+005, +7.58097889686e+002, +2.70226299699e+001, +8.25673965227e-005, +6.75334177342e+002
+6.68797388000e+005, +7.59880184555e+002, +2.69859310485e+001, +8.20555743781e-005, +6.77142890906e+002
+6.73703892000e+005, +7.61685927143e+002, +2.69371847287e+001, +8.15150957538e-005, +6.79045832586e+002
+6.78646392000e+005, +7.63491990559e+002, +2.68882021637e+001, +8.09768119015e-005, +6.80951384543e+002
+6.83625152000e+005, +7.65284660121e+002, +2.68434543189e+001, +8.04516866249e-005, +6.82820345381e+002
+6.88640438000e+005, +7.67056316571e+002, +2.67999933814e+001, +7.99306535514e-005, +6.84663630076e+002
+6.93692517000e+005, +7.68827831784e+002, +2.67603852293e+001, +7.94229231119e-005, +6.86484330146e+002
+6.98781659000e+005, +7.70553898214e+002, +2.67273617175e+001, +7.89311733174e-005, +6.88225387113e+002
+7.03908138000e+005, +7.72272399984e+002, +2.67003991979e+001, +7.84576792992e-005, +6.89923648488e+002
+7.09072226000e+005, +7.73984212231e+002, +2.66692481041e+001, +7.79745312804e-005, +6.91641904126e+002
+7.14274199000e+005, +7.75703196177e+002, +2.66376882908e+001, +7.74934801512e-005, +6.93369682186e+002
+7.19514335000e+005, +7.77415667896e+002, +2.66044652725e+001, +7.70097940046e-005, +6.95102382795e+002
+7.24792915000e+005, +7.79123385644e+002, +2.65666914775e+001, +7.65160065688e-005, +6.96859165769e+002
+7.30110220000e+005, +7.80828126299e+002, +2.65247374650e+001, +7.60134540303e-005, +6.98639432189e+002
+7.35466534000e+005, +7.82529955421e+002, +2.64829527181e+001, +7.55138061270e-005, +7.00416802021e+002
+7.40862144000e+005, +7.84252534089e+002, +2.64429225529e+001, +7.50234913742e-005, +7.02202790923e+002
+7.46297338000e+005, +7.85987816929e+002, +2.64044992223e+001, +7.45412323747e-005, +7.03991085677e+002
+7.51772406000e+005, +7.87733873394e+002, +2.63654782637e+001, +7.40609983869e-005, +7.05793400695e+002
+7.57287640000e+005, +7.89468500922e+002, +2.63312979617e+001, +7.35948221018e-005, +7.07556618644e+002
+7.62843337000e+005, +7.91192357351e+002, +2.62970138609e+001, +7.31298309972e-005, +7.09311481412e+002
+7.68439791000e+005, +7.92952993771e+002, +2.62638566641e+001, +7.26735678412e-005, +7.11093086377e+002
+7.74077303000e+005, +7.94750303162e+002, +2.62291755806e+001, +7.22191058406e-005, +7.12917593766e+002
+7.79756174000e+005, +7.96535041004e+002, +2.61949778839e+001, +7.17670822076e-005, +7.14728554704e+002
+7.85476706000e+005, +7.98407718850e+002, +2.61577449876e+001, +7.13175634298e-005, +7.16637779457e+002
+7.91239206000e+005, +8.00314323099e+002, +2.61222453233e+001, +7.08776931145e-005, +7.18567577003e+002
+7.97043982000e+005, +8.02180085650e+002, +2.60866222834e+001, +7.04361005613e-005, +7.20462217368e+002
+8.02891343000e+005, +8.04067222818e+002, +2.60503035793e+001, +6.99968629017e-005, +7.22381089887e+002
+8.08781602000e+005, +8.05909511441e+002, +2.60147620099e+001, +6.95578985815e-005, +7.24255623707e+002
+8.14715074000e+005, +8.07745499750e+002, +2.59794848512e+001, +6.91213030822e-005, +7.26123584756e+002
+8.20692075000e+005, +8.09498097066e+002, +2.59437892587e+001, +6.86788514415e-005, +7.27919860380e+002
+8.26712926000e+005, +8.11283157078e+002, +2.59079381124e+001, +6.82411228571e-005, +7.29746971274e+002
+8.32777948000e+005, +8.13107351626e+002, +2.58728050989e+001, +6.78107329071e-005, +7.31605537428e+002
+8.38887464000e+005, +8.14940775308e+002, +2.58355714634e+001, +6.73782464863e-005, +7.33486132274e+002
+8.45041802000e+005, +8.16769846491e+002, +2.57986579160e+001, +6.69484475881e-005, +7.35361551281e+002
+8.51241290000e+005, +8.18722941347e+002, +2.57616882280e+001, +6.65308542875e-005, +7.37349736289e+002
+8.57486260000e+005, +8.20654718545e+002, +2.57242772814e+001, +6.61125695181e-005, +7.39322248152e+002
+8.63777044000e+005, +8.22584908579e+002, +2.56858087891e+001, +6.56937540681e-005, +7.41300690429e+002
+8.70113979000e+005, +8.24480619067e+002, +2.56464546079e+001, +6.52722444261e-005, +7.43254355820e+002
+8.76497405000e+005, +8.26382837917e+002, +2.56076338532e+001, +6.48547035949e-005, +7.45211341582e+002
+8.82927661000e+005, +8.28179910563e+002, +2.55661793841e+001, +6.44249635053e-005, +7.47090679917e+002
+8.89405091000e+005, +8.29956955853e+002, +2.55225772382e+001, +6.39910217859e-005, +7.48966081561e+002
+8.95930042000e+005, +8.31741292613e+002, +2.54806431536e+001, +6.35639535857e-005, +7.50838380177e+002
+9.02502861000e+005, +8.33599727740e+002, +2.54412194469e+001, +6.31506916045e-005, +7.52762625144e+002
+9.09123902000e+005, +8.35474140408e+002, +2.54003336706e+001, +6.27374719063e-005, +7.54711190305e+002
+9.15793516000e+005, +8.37433503219e+002, +2.53620117190e+001, +6.23386777858e-005, +7.56721232670e+002
+9.22512060000e+005, +8.39570189108e+002, +2.53275294990e+001, +6.19637878931e-005, +7.58868274690e+002
+9.29279894000e+005, +8.41647116074e+002, +2.52916830183e+001, +6.15831556373e-005, +7.60970673940e+002
+9.36097378000e+005, +8.43695957051e+002, +2.52552271239e+001, +6.12009403746e-005, +7.63052313031e+002
+9.42964878000e+005, +8.45741166785e+002, +2.52184227690e+001, +6.08195567937e-005, +7.65133662007e+002
+9.49882760000e+005, +8.47723361963e+002, +2.51785328241e+001, +6.04286442383e-005, +7.67178212650e+002
+9.56851394000e+005, +8.49605239886e+002, +2.51357856430e+001, +6.00262870286e-005, +7.69150747727e+002
+9.63871151000e+005, +8.51471806123e+002, +2.50933152085e+001, +5.96256752250e-005, +7.71108436687e+002
+9.70942408000e+005, +8.53321641332e+002, +2.50509572922e+001, +5.92263590702e-005, +7.73051008767e+002
+9.78065542000e+005, +8.55202370645e+002, +2.50089396454e+001, +5.88321356039e-005, +7.75020166922e+002
+9.85240933000e+005, +8.57039670149e+002, +2.49646378206e+001, +5.84321128638e-005, +7.76965124219e+002
+9.92468965000e+005, +8.58841047204e+002, +2.49236320553e+001, +5.80391064636e-005, +7.78857419151e+002
+9.99750024000e+005, +8.60588878960e+002, +2.48807947297e+001, +5.76407638946e-005, +7.80713401778e+002
+1.00708450000e+006, +8.62387697764e+002, +2.48382295621e+001, +5.72487105187e-005, +7.82614597604e+002
+1.01447278300e+006, +8.64235623536e+002, +2.47946016075e+001, +5.68598464269e-005, +7.84567786871e+002
+1.02191526900e+006, +8.66103965917e+002, +2.47493731807e+001, +5.64710887854e-005, +7.86550371321e+002
+1.02941235600e+006, +8.68043704506e+002, +2.47043003949e+001, +5.60894732129e-005, +7.88597576926e+002
+1.03696444300e+006, +8.70132137122e+002, +2.46546795273e+001, +5.57098482668e-005, +7.90809518929e+002
+1.04457193500e+006, +8.72216579281e+002, +2.46045859753e+001, +5.53309854577e-005, +7.93021744633e+002
+1.05223523700e+006, +8.74240138062e+002, +2.45588192162e+001, +5.49593987659e-005, +7.95152066863e+002
+1.05995476000e+006, +8.76276582711e+002, +2.45115942605e+001, +5.45875693442e-005, +7.97304202451e+002
+1.06773091600e+006, +8.78246903091e+002, +2.44666380236e+001, +5.42183850893e-005, +7.99382599411e+002
+1.07556412000e+006, +8.80171320593e+002, +2.44273630979e+001, +5.38601837832e-005, +8.01383901007e+002
+1.08345479100e+006, +8.82086589945e+002, +2.43878794094e+001, +5.35029613180e-005, +8.03378912320e+002
+1.09140335100e+006, +8.84000323274e+002, +2.43462533993e+001, +5.31432257704e-005, +8.05386859456e+002
+1.09941022300e+006, +8.85908786015e+002, +2.43036080772e+001, +5.27831042884e-005, +8.07397211136e+002
+1.10747583700e+006, +8.87789372163e+002, +2.42607097360e+001, +5.24228485968e-005, +8.09384481050e+002
+1.11560062200e+006, +8.89624002098e+002, +2.42130350342e+001, +5.20523066400e-005, +8.11360961487e+002
+1.12378501300e+006, +8.91434169571e+002, +2.41641322054e+001, +5.16800640037e-005, +8.13323635576e+002
+1.13202944700e+006, +8.93322629338e+002, +2.41150721799e+001, +5.13142315470e-005, +8.15359442829e+002
+1.14033436500e+006, +8.95218495994e+002, +2.40679175658e+001, +5.09547527216e-005, +8.17390595873e+002
+1.14870021100e+006, +8.97157805200e+002, +2.40212092625e+001, +5.06006937699e-005, +8.19459303438e+002
+1.15712743100e+006, +8.99167036567e+002, +2.39764481023e+001, +5.02564068246e-005, +8.21580226425e+002
+1.16561647500e+006, +9.01282892884e+002, +2.39336200908e+001, +4.99237295424e-005, +8.23787046230e+002
+1.17416779800e+006, +9.03430828091e+002, +2.38915691731e+001, +4.95960922843e-005, +8.26019056803e+002
+1.18278185600e+006, +9.05555631405e+002, +2.38483708926e+001, +4.92666746281e-005, +8.28238074752e+002
+1.19145911000e+006, +9.07666330911e+002, +2.38063167028e+001, +4.89404599660e-005, +8.30437697742e+002
+1.20020002200e+006, +9.09785078040e+002, +2.37632127937e+001, +4.86143888210e-005, +8.32652206024e+002
+1.20900506100e+006, +9.11994756494e+002, +2.37191303006e+001, +4.82929979040e-005, +8.34957043015e+002
+1.21787469600e+006, +9.14178204418e+002, +2.36754065449e+001, +4.79725831848e-005, +8.37236432178e+002
+1.22680940100e+006, +9.16291598805e+002, +2.36305773278e+001, +4.76481062248e-005, +8.39459579532e+002
+1.23580965400e+006, +9.18402173447e+002, +2.35880047671e+001, +4.73295158565e-005, +8.41666480477e+002
+1.24487593600e+006, +9.20448220674e+002, +2.35442473726e+001, +4.70071188402e-005, +8.43822620238e+002
+1.25400873000e+006, +9.22385296209e+002, +2.35027204771e+001, +4.66851809650e-005, +8.45865263770e+002
+1.26320852600e+006, +9.24239810980e+002, +2.34612636748e+001, +4.63610796120e-005, +8.47832397123e+002
+1.27247581500e+006, +9.26118695022e+002, +2.34194807416e+001, +4.60394972685e-005, +8.49824611960e+002
+1.28181109100e+006, +9.28037390150e+002, +2.33750673975e+001, +4.57169090196e-005, +8.51870911591e+002
+1.29121485300e+006, +9.29984118907e+002, +2.33307036896e+001, +4.53976734139e-005, +8.53943301897e+002
+1.30068760500e+006, +9.31979131734e+002, +2.32808121847e+001, +4.50725264919e-005, +8.56096267132e+002
+1.31022985100e+006, +9.34060221931e+002, +2.32267112656e+001, +4.47457502491e-005, +8.58356120350e+002
+1.31984210200e+006, +9.36131245882e+002, +2.31740341826e+001, +4.44229692430e-005, +8.60598349553e+002
+1.32952487200e+006, +9.38203792332e+002, +2.31219116883e+001, +4.41031314231e-005, +8.62839184057e+002
+1.33927867800e+006, +9.40324066202e+002, +2.30721406803e+001, +4.37915895415e-005, +8.65109572750e+002
+1.34910404000e+006, +9.42425593635e+002, +2.30228983911e+001, +4.34818930032e-005, +8.67360097705e+002
+1.35900148500e+006, +9.44512175132e+002, +2.29787975743e+001, +4.31824187797e-005, +8.69564549678e+002
+1.36897154000e+006, +9.46623647028e+002, +2.29345415587e+001, +4.28854842473e-005, +8.71793662456e+002
+1.37901473800e+006, +9.48717958807e+002, +2.28908678389e+001, +4.25904670988e-005, +8.74003967004e+002
+1.38913161700e+006, +9.50834155621e+002, +2.28452278005e+001, +4.22946390717e-005, +8.76247843111e+002
+1.39932271600e+006, +9.52944831634e+002, +2.27989045106e+001, +4.19990461615e-005, +8.78491786233e+002
+1.40958858000e+006, +9.54997582194e+002, +2.27461176563e+001, +4.16913857094e-005, +8.80724720414e+002
+1.41992975800e+006, +9.56994884042e+002, +2.26910940366e+001, +4.13792916350e-005, +8.82921626244e+002
+1.43034680100e+006, +9.59092232828e+002, +2.26411038784e+001, +4.10820378988e-005, +8.85179105944e+002
+1.44084026800e+006, +9.61243308251e+002, +2.25919918463e+001, +4.07902971718e-005, +8.87481265362e+002
+1.45141071700e+006, +9.63521713544e+002, +2.25477356192e+001, +4.05138465898e-005, +8.89870481442e+002
+1.46205871500e+006, +9.65971448708e+002, +2.25088257873e+001, +4.02550842695e-005, +8.92384297594e+002
+1.47278483000e+006, +9.68781072766e+002, +2.24622999341e+001, +3.99995958513e-005, +8.95280751832e+002
+1.48358963500e+006, +9.71540970409e+002, +2.24315236853e+001, +3.97696640660e-005, +8.98030519604e+002
+1.49447370700e+006, +9.74195946140e+002, +2.23965031622e+001, +3.95292930119e-005, +9.00711653390e+002
+1.50543762900e+006, +9.76689762051e+002, +2.23634517061e+001, +3.92867814912e-005, +9.03231875830e+002
+1.51648198400e+006, +9.79121776446e+002, +2.23308947742e+001, +3.90437695497e-005, +9.05692514575e+002
+1.52760736500e+006, +9.81000419001e+002, +2.23123864035e+001, +3.88032443269e-005, +9.07550626599e+002
+1.53881436500e+006, +9.82816420305e+002, +2.22886390101e+001, +3.85529736604e-005, +9.09385233769e+002
+1.55010358300e+006, +9.84757135284e+002, +2.22543389007e+001, +3.82917578754e-005, +9.11404375450e+002
+1.56147562200e+006, +9.86743635661e+002, +2.22126159852e+001, +3.80217715878e-005, +9.13514790805e+002
+1.57293109000e+006, +9.88910333167e+002, +2.21546131163e+001, +3.77339456575e-005, +9.15898688769e+002
+1.58447059900e+006, +9.91492780842e+002, +2.20727584408e+001, +3.74251404680e-005, +9.18823700832e+002
+1.59609476500e+006, +9.94193653444e+002, +2.19690487084e+001, +3.70874298628e-005, +9.22001357497e+002
+1.60780421000e+006, +9.96795749363e+002, +2.18697597332e+001, +3.67550588929e-005, +9.25059334427e+002
+1.61959955900e+006, +9.99308476304e+002, +2.17717516483e+001, +3.64234115711e-005, +9.28026611816e+002
+1.63148144200e+006, +1.00158332490e+003, +2.16763118902e+001, +3.60892606640e-005, +9.30756719211e+002
+1.64345049400e+006, +1.00364990856e+003, +2.15738791489e+001, +3.57388137799e-005, +9.33338426705e+002
+1.65550735500e+006, +1.00538500745e+003, +2.14540995601e+001, +3.53518845944e-005, +9.35722763595e+002
+1.66765266900e+006, +1.00708439892e+003, +2.13489417767e+001, +3.49895040453e-005, +9.37978871997e+002
+1.67988708500e+006, +1.00874469273e+003, +2.12571047577e+001, +3.46492255419e-005, +9.40112648650e+002
+1.69221125600e+006, +1.01035771949e+003, +2.11836408994e+001, +3.43383023569e-005, +9.42084831784e+002
+1.70462584100e+006, +1.01195530831e+003, +2.11250742798e+001, +3.40520511897e-005, +9.43947763124e+002
+1.71713150300e+006, +1.01310786991e+003, +2.11634112492e+001, +3.39011551981e-005, +9.44778346065e+002
+1.72972891100e+006, +1.01431519934e+003, +2.11889574972e+001, +3.37331654164e-005, +9.45740877611e+002
+1.74241873700e+006, +1.01576122547e+003, +2.11983465545e+001, +3.35494068892e-005, +9.47028966730e+002
+1.75520166000e+006, +1.01745003903e+003, +2.11881420121e+001, +3.33451237144e-005, +9.48669015771e+002
+1.76807836200e+006, +1.01936780909e+003, +2.11557010747e+001, +3.31162216710e-005, +9.50665596067e+002
+1.78104953100e+006, +1.02228640588e+003, +2.10521575361e+001, +3.28151502961e-005, +9.54052683143e+002
+1.79411586200e+006, +1.02575553699e+003, +2.09072511951e+001, +3.24718322615e-005, +9.58219093959e+002
+1.80727805000e+006, +1.02892719405e+003, +2.07765506994e+001, +3.21418441712e-005, +9.62017017413e+002
+1.82053680100e+006, +1.03168395934e+003, +2.06595058140e+001, +3.18209172884e-005, +9.65340096497e+002
+1.83389282200e+006, +1.03423319407e+003, +2.05612537903e+001, +3.15231598571e-005, +9.68349699838e+002
+1.84734682700e+006, +1.03610650135e+003, +2.04918962208e+001, +3.12490674373e-005, +9.70543456155e+002
+1.86089953400e+006, +1.03663423453e+003, +2.04822797158e+001, +3.10233454891e-005, +9.71098690555e+002
+1.87455166800e+006, +1.03734255284e+003, +2.04636619086e+001, +3.07916385354e-005, +9.71880126919e+002
+1.88830395900e+006, +1.03838913963e+003, +2.04406459365e+001, +3.05652854158e-005, +9.73006422054e+002
+1.90215714100e+006, +1.03957089398e+003, +2.04063264969e+001, +3.03283882517e-005, +9.74331058055e+002
+1.91611195400e+006, +1.04119027210e+003, +2.03640052089e+001, +3.00945304008e-005, +9.76116699619e+002
+1.93016914400e+006, +1.04344554943e+003, +2.02977291823e+001, +2.98467433112e-005, +9.78650381479e+002
+1.94432946100e+006, +1.04596538994e+003, +2.02247543143e+001, +2.95986251204e-005, +9.81475087470e+002
+1.95859366300e+006, +1.04848546227e+003, +2.01538444225e+001, +2.93548899222e-005, +9.84287619016e+002
+1.97296251200e+006, +1.05114104527e+003, +2.00728717617e+001, +2.91023844916e-005, +9.87291439507e+002
+1.98743677500e+006, +1.05384970362e+003, +1.99955538052e+001, +2.88578895514e-005, +9.90322757167e+002
+2.00201722600e+006, +1.05690593535e+003, +1.98916845823e+001, +2.85876174067e-005, +9.93848302814e+002
+2.01670464300e+006, +1.06019917634e+003, +1.97751910975e+001, +2.83078205340e-005, +9.97676424838e+002
+2.03149981200e+006, +1.06337606415e+003, +1.96761452509e+001, +2.80503018291e-005, +1.00128639791e+003
+2.04640352300e+006, +1.06632993700e+003, +1.95879221137e+001, +2.78030923855e-005, +1.00461944516e+003
+2.06141657200e+006, +1.06900311481e+003, +1.95101868476e+001, +2.75642755343e-005, +1.00762323008e+003
+2.07653976100e+006, +1.07135623025e+003, +1.94650090023e+001, +2.73627240296e-005, +1.01012305116e+003
+2.09177389900e+006, +1.07294255438e+003, +1.94783402692e+001, +2.72215729238e-005, +1.01153549189e+003
+2.10711979900e+006, +1.07461027966e+003, +1.94804523401e+001, +2.70681458902e-005, +1.01309455964e+003
+2.12257828200e+006, +1.07639036329e+003, +1.94719690471e+001, +2.69042572296e-005, +1.01482588000e+003
+2.13815017200e+006, +1.07837975913e+003, +1.94494112942e+001, +2.67278819251e-005, +1.01684294005e+003
+2.15383630300e+006, +1.08052450690e+003, +1.94099605420e+001, +2.65341515508e-005, +1.01911278784e+003
+2.16963751200e+006, +1.08285723827e+003, +1.93263019097e+001, +2.62883549065e-005, +1.02183728852e+003
+2.18555464400e+006, +1.08537357256e+003, +1.92364383702e+001, +2.60405322688e-005, +1.02477394256e+003
+2.20158854800e+006, +1.08798716368e+003, +1.91450835832e+001, +2.57946948278e-005, +1.02781184046e+003
+2.21774008300e+006, +1.09066773823e+003, +1.90581716647e+001, +2.55577328844e-005, +1.03088555994e+003
+2.23401011000e+006, +1.09353612045e+003, +1.89683862117e+001, +2.53229030448e-005, +1.03415499714e+003
+2.25039949900e+006, +1.09696866096e+003, +1.88841295277e+001, +2.51094683204e-005, +1.03792437222e+003
+2.26690912500e+006, +1.10076020430e+003, +1.87959232300e+001, +2.49001541812e-005, +1.04205907097e+003
+2.28353987100e+006, +1.10432818091e+003, +1.87126242382e+001, +2.46929742993e-005, +1.04595296550e+003
+2.30029262600e+006, +1.10760245013e+003, +1.86308706681e+001, +2.44822269378e-005, +1.04956011523e+003
+2.31716828400e+006, +1.11061711290e+003, +1.85529764576e+001, +2.42717808500e-005, +1.05289819236e+003
+2.33416774700e+006, +1.11328197257e+003, +1.84749429325e+001, +2.40547937845e-005, +1.05590601458e+003
+2.35129192300e+006, +1.11511696487e+003, +1.84073107137e+001, +2.38344435527e-005, +1.05806281757e+003
+2.36854172800e+006, +1.11697327267e+003, +1.83390246170e+001, +2.36153554609e-005, +1.06024375793e+003
+2.38591808200e+006, +1.11882965496e+003, +1.82703191761e+001, +2.33973637723e-005, +1.06242722240e+003
+2.40342191500e+006, +1.12067451068e+003, +1.82025336419e+001, +2.31818748164e-005, +1.06459398468e+003
+2.42105416200e+006, +1.12253220563e+003, +1.81315185768e+001, +2.29642886734e-005, +1.06679251402e+003
+2.43881576300e+006, +1.12422408576e+003, +1.80665765757e+001, +2.27523600810e-005, +1.06879624376e+003
+2.45670767000e+006, +1.12588777100e+003, +1.79932699988e+001, +2.25313432707e-005, +1.07082376057e+003
+2.47473083700e+006, +1.12772705457e+003, +1.79223561393e+001, +2.23183984947e-005, +1.07300342769e+003
+2.49288622800e+006, +1.12972337631e+003, +1.78507997928e+001, +2.21093534317e-005, +1.07533621303e+003
+2.51117481200e+006, +1.13175884659e+003, +1.77751564403e+001, +2.18977198107e-005, +1.07773077675e+003
+2.52959756700e+006, +1.13445496382e+003, +1.76889961540e+001, +2.16877915691e-005, +1.08081776778e+003
+2.54815547700e+006, +1.13738010608e+003, +1.76020058255e+001, +2.14825734356e-005, +1.08412806251e+003
+2.56684953300e+006, +1.14020278236e+003, +1.75114610969e+001, +2.12725254878e-005, +1.08736211434e+003
+2.58568073500e+006, +1.14287687485e+003, +1.74274431715e+001, +2.10687288553e-005, +1.09041538211e+003
+2.60465008900e+006, +1.14536124115e+003, +1.73453243751e+001, +2.08650286014e-005, +1.09327623599e+003
+2.62375860700e+006, +1.14755355063e+003, +1.72652452441e+001, +2.06598320046e-005, +1.09584594318e+003
+2.64300731100e+006, +1.14910282556e+003, +1.72179268566e+001, +2.04824796477e-005, +1.09760669417e+003
+2.66239723000e+006, +1.15074609577e+003, +1.71600496364e+001, +2.02960011471e-005, +1.09951984721e+003
+2.68192940000e+006, +1.15242315218e+003, +1.70872355462e+001, +2.00944921512e-005, +1.10155346318e+003
+2.70160486300e+006, +1.15425686963e+003, +1.69969829704e+001, +1.98774789881e-005, +1.10383910280e+003
+2.72142467200e+006, +1.15621857990e+003, +1.68966547876e+001, +1.96529885338e-005, +1.10630526558e+003
+2.74138988400e+006, +1.15810228695e+003, +1.67043868547e+001, +1.93256524163e-005, +1.10923093822e+003
+2.76150156800e+006, +1.16018359928e+003, +1.65109446131e+001, +1.90030508185e-005, +1.11234396793e+003
+2.78176079800e+006, +1.16237931509e+003, +1.63440798351e+001, +1.87145804160e-005, +1.11540649794e+003
+2.80216865500e+006, +1.16475173403e+003, +1.62018747277e+001, +1.84585887492e-005, +1.11849310238e+003
+2.82272623100e+006, +1.16728009534e+003, +1.60834805426e+001, +1.82332974646e-005, +1.12159166600e+003
+2.84343462300e+006, +1.17061422259e+003, +1.60410756712e+001, +1.81056070055e-005, +1.12503500337e+003
+2.86429493900e+006, +1.17427060605e+003, +1.60525804723e+001, +1.80424777683e-005, +1.12848384365e+003
+2.88530829200e+006, +1.17784415644e+003, +1.60509132245e+001, +1.79637668531e-005, +1.13192753233e+003
+2.90647580600e+006, +1.18120137228e+003, +1.60242279584e+001, +1.78548157195e-005, +1.13530585750e+003
+2.92779861100e+006, +1.18446960294e+003, +1.59787242428e+001, +1.77246686603e-005, +1.13870641480e+003
+2.94927784700e+006, +1.18728543824e+003, +1.59004055252e+001, +1.75531997033e-005, +1.14185914999e+003
+2.97091466100e+006, +1.18911296121e+003, +1.57411485989e+001, +1.72818277328e-005, +1.14451784659e+003
+2.99271021000e+006, +1.19110886285e+003, +1.55917132863e+001, +1.70256893320e-005, +1.14727778466e+003
+3.01466565700e+006, +1.19336618910e+003, +1.54527024484e+001, +1.67864442567e-005, +1.15022687204e+003
+3.03678217700e+006, +1.19588699519e+003, +1.53258074426e+001, +1.65655589069e-005, +1.15335941872e+003
+3.05906095000e+006, +1.19861985779e+003, +1.52096506684e+001, +1.63605305485e-005, +1.15663498341e+003
+3.08150316700e+006, +1.20264280190e+003, +1.51258647940e+001, +1.62082214743e-005, +1.16097716271e+003
+3.10411002700e+006, +1.20675903593e+003, +1.50496863260e+001, +1.60658212929e-005, +1.16536842928e+003
+3.12688273800e+006, +1.21036520931e+003, +1.49774427266e+001, +1.59214488427e-005, +1.16924625655e+003
+3.14982251600e+006, +1.21365723618e+003, +1.49001159822e+001, +1.57685176868e-005, +1.17284868982e+003
+3.17293058800e+006, +1.21642322262e+003, +1.48270871662e+001, +1.56141845863e-005, +1.17591938979e+003
+3.19620818800e+006, +1.21795649396e+003, +1.47718157072e+001, +1.54634418890e-005, +1.17770172573e+003
+3.21965656000e+006, +1.21851681369e+003, +1.47262668521e+001, +1.53115787051e-005, +1.17849014184e+003
+3.24327695600e+006, +1.21938315245e+003, +1.46663548975e+001, +1.51503501328e-005, +1.17965150000e+003
+3.26707063800e+006, +1.22029250562e+003, +1.45970236273e+001, +1.49816272181e-005, +1.18090422573e+003
+3.29103887900e+006, +1.22155276533e+003, +1.45087056577e+001, +1.47997393852e-005, +1.18259694176e+003
+3.31518295800e+006, +1.22305825528e+003, +1.44015856114e+001, +1.46037606434e-005, +1.18462521326e+003
+3.33950416500e+006, +1.22509367033e+003, +1.42344136513e+001, +1.43564689438e-005, +1.18748064316e+003
+3.36400380000e+006, +1.22726684401e+003, +1.40766885895e+001, +1.41222089675e-005, +1.19041331228e+003
+3.38868317200e+006, +1.22939633870e+003, +1.39282329298e+001, +1.38985217997e-005, +1.19324961470e+003
+3.41354360000e+006, +1.23186841274e+003, +1.37923432017e+001, +1.36927899281e-005, +1.19634890122e+003
+3.43858641100e+006, +1.23426649492e+003, +1.36661912230e+001, +1.34973399384e-005, +1.19932280960e+003
+3.46381294400e+006, +1.23709529056e+003, +1.35801933837e+001, +1.33468331667e-005, +1.20250886364e+003
+3.48922454700e+006, +1.23993075599e+003, +1.34994833546e+001, +1.32025428745e-005, +1.20567398053e+003
+3.51482257700e+006, +1.24268827194e+003, +1.34144537828e+001, +1.30543230615e-005, +1.20878448640e+003
+3.54060840200e+006, +1.24543549920e+003, +1.33298207340e+001, +1.29074458847e-005, +1.21188223012e+003
+3.56658340000e+006, +1.24806601698e+003, +1.32374814089e+001, +1.27531504204e-005, +1.21490404594e+003
+3.59274895900e+006, +1.25061265254e+003, +1.31447369713e+001, +1.25987927511e-005, +1.21784497446e+003
+3.61910647600e+006, +1.25316052449e+003, +1.30515703941e+001, +1.24452378954e-005, +1.22078787644e+003
+3.64565736100e+006, +1.25549138735e+003, +1.29472237894e+001, +1.22803191445e-005, +1.22357285154e+003
+3.67240303000e+006, +1.25776243641e+003, +1.28343098963e+001, +1.21082204306e-005, +1.22633914325e+003
+3.69934491400e+006, +1.25984585963e+003, +1.27099581787e+001, +1.19252225959e-005, +1.22897499893e+003
+3.72648445300e+006, +1.26167255019e+003, +1.25736473584e+001, +1.17304491040e-005, +1.23141384681e+003
+3.75382309500e+006, +1.26188093599e+003, +1.23750108496e+001, +1.14658380635e-005, +1.23256219335e+003
+3.78136230200e+006, +1.26269664645e+003, +1.21926492754e+001, +1.12244105675e-005, +1.23421399570e+003
+3.80910354500e+006, +1.26405677531e+003, +1.20215430685e+001, +1.10004479639e-005, +1.23633519785e+003
+3.83704830600e+006, +1.26590736359e+003, +1.18638732615e+001, +1.07949538012e-005, +1.23886607412e+003
+3.86519807900e+006, +1.26839788885e+003, +1.17123126173e+001, +1.06021769993e-005, +1.24198884263e+003
+3.89355436700e+006, +1.27311359964e+003, +1.15855752093e+001, +1.04513511196e-005, +1.24717498195e+003
+3.92211868600e+006, +1.27835923851e+003, +1.14672446106e+001, +1.03130112637e-005, +1.25284129743e+003
+3.95089256100e+006, +1.28311011359e+003, +1.13579064517e+001, +1.01792645416e-005, +1.25798184318e+003
+3.97987753100e+006, +1.28756175360e+003, +1.12594396220e+001, +1.00534187790e-005, +1.26278021409e+003
+4.00907514300e+006, +1.29165651314e+003, +1.11688887667e+001, +9.93244889801e-006, +1.26719315711e+003
+4.03848695800e+006, +1.29526903254e+003, +1.11370816953e+001, +9.85988655457e-006, +1.27087634312e+003
+4.06811454700e+006, +1.29840218412e+003, +1.11488752727e+001, +9.82201349101e-006, +1.27389884083e+003
+4.09795949300e+006, +1.30112709145e+003, +1.11364629360e+001, +9.76020307651e-006, +1.27662679629e+003
+4.12802339100e+006, +1.30365868737e+003, +1.10893608247e+001, +9.66742760656e-006, +1.27931728889e+003
+4.15830784700e+006, +1.30581028552e+003, +1.10092376814e+001, +9.54426507853e-006, +1.28177868442e+003
+4.18881447900e+006, +1.30743529981e+003, +1.08871739877e+001, +9.38264136989e-006, +1.28390279573e+003
+4.21954491800e+006, +1.30699611641e+003, +1.06089714811e+001, +9.07601086092e-006, +1.28465502227e+003
+4.25050080400e+006, +1.30695670498e+003, +1.03608410113e+001, +8.80124545969e-006, +1.28564627598e+003
+4.28168379200e+006, +1.30770244005e+003, +1.01444727070e+001, +8.56150038679e-006, +1.28725881998e+003
+4.31309554800e+006, +1.30889833050e+003, +9.95265750492e+000, +8.34770561839e-006, +1.28920058765e+003
+4.34473775100e+006, +1.31072795893e+003, +9.79175966417e+000, +8.16565745544e-006, +1.29163375636e+003
+4.37661209000e+006, +1.31527938295e+003, +9.76602320708e+000, +8.11316381666e-006, +1.29621922303e+003
+4.40872027000e+006, +1.32022693596e+003, +9.75990977408e+000, +8.07936114459e-006, +1.30111896665e+003
+4.44106400500e+006, +1.32466777100e+003, +9.72339790226e+000, +8.01768306610e-006, +1.30563836319e+003
+4.47364502400e+006, +1.32872520097e+003, +9.65926071909e+000, +7.93151027529e-006, +1.30988789261e+003
+4.50646506700e+006, +1.33220276773e+003, +9.56214232662e+000, +7.81572220653e-006, +1.31369315951e+003
+4.53952588800e+006, +1.33423852510e+003, +9.37020172391e+000, +7.61608492237e-006, +1.31643574100e+003
+4.57282925400e+006, +1.33495286285e+003, +9.10356798095e+000, +7.35125079174e-006, +1.31813773766e+003
+4.60637694300e+006, +1.33609408980e+003, +8.86053319390e+000, +7.11053865426e-006, +1.32014940998e+003
+4.64017074900e+006, +1.33730556574e+003, +8.64790265429e+000, +6.89691336149e-006, +1.32210175898e+003
+4.67421247600e+006, +1.33892787911e+003, +8.45829600390e+000, +6.70579886437e-006, +1.32436461189e+003
+4.70850394400e+006, +1.34091479460e+003, +8.30241200732e+000, +6.54484136835e-006, +1.32686162024e+003
+4.74304698500e+006, +1.34404498751e+003, +8.27819831608e+000, +6.49348241787e-006, +1.33004090777e+003
+4.77784344400e+006, +1.34712082445e+003, +8.23123199248e+000, +6.42454034727e-006, +1.33324323926e+003
+4.81289518100e+006, +1.35016195525e+003, +8.16633810117e+000, +6.34209726066e-006, +1.33647111880e+003
+4.84820406800e+006, +1.35299899162e+003, +8.08010430379e+000, +6.24296009100e-006, +1.33956712840e+003
+4.88377199200e+006, +1.35561005036e+003, +7.96630359269e+000, +6.12256747134e-006, +1.34252807044e+003
+4.91960085400e+006, +1.35786569406e+003, +7.79767838861e+000, +5.96002769917e-006, +1.34530997006e+003
+4.95569256700e+006, +1.35994025548e+003, +7.60737338124e+000, +5.78190477512e-006, +1.34797075764e+003
+4.99204906000e+006, +1.36214660742e+003, +7.41727896119e+000, +5.60626208849e-006, +1.35074854027e+003
+5.02867227500e+006, +1.36431342510e+003, +7.22457379250e+000, +5.43024102977e-006, +1.35348194360e+003
+5.06556417000e+006, +1.36675639954e+003, +7.03178837031e+000, +5.25697370371e-006, +1.35647618321e+003
+5.10272671500e+006, +1.36970609019e+003, +6.82161556255e+000, +5.07438362236e-006, +1.36000962306e+003
+5.14016189600e+006, +1.37335327300e+003, +6.58742252941e+000, +4.87821876205e-006, +1.36428635689e+003
+5.17787171300e+006, +1.37656660361e+003, +6.37278024066e+000, +4.69652411000e-006, +1.36806047239e+003
+5.21585818100e+006, +1.37940345928e+003, +6.17688325598e+000, +4.52888037746e-006, +1.37139527295e+003
+5.25412333000e+006, +1.38165604606e+003, +5.99811982654e+000, +4.37339557572e-006, +1.37409192819e+003
+5.29266920300e+006, +1.38328348459e+003, +5.84449619637e+000, +4.23572355556e-006, +1.37609307742e+003
+5.33149786100e+006, +1.38257604338e+003, +5.78805852222e+000, +4.16227982583e-006, +1.37552732394e+003
+5.37061137800e+006, +1.38234885058e+003, +5.71112630641e+000, +4.07655949057e-006, +1.37548723615e+003
+5.41001184300e+006, +1.38243062463e+003, +5.61925058283e+000, +3.98221394140e-006, +1.37578743349e+003
+5.44970136300e+006, +1.38298507131e+003, +5.50366467570e+000, +3.87370173035e-006, +1.37660960137e+003
+5.48968205700e+006, +1.38399200109e+003, +5.37765942560e+000, +3.76044599158e-006, +1.37790047560e+003
+5.52995606200e+006, +1.38597907084e+003, +5.20737263918e+000, +3.62037108539e-006, +1.38025875831e+003
+5.57052553000e+006, +1.38849399177e+003, +5.01669358833e+000, +3.46902842582e-006, +1.38317503546e+003
+5.61139262800e+006, +1.39104669979e+003, +4.82238352340e+000, +3.31678576788e-006, +1.38612252398e+003
+5.65255953900e+006, +1.39388318314e+003, +4.61702099630e+000, +3.15915158587e-006, +1.38936004557e+003
+5.69402846400e+006, +1.39689280525e+003, +4.40710984509e+000, +3.00031247984e-006, +1.39276250679e+003
+5.73580161700e+006, +1.40090855608e+003, +4.15563531926e+000, +2.81688914957e-006, +1.39722540960e+003
+5.77788123100e+006, +1.40601053104e+003, +3.86659392438e+000, +2.61165816779e-006, +1.40281012108e+003
+5.82026955500e+006, +1.41038453790e+003, +3.59937283129e+000, +2.42121346547e-006, +1.40760243548e+003
+5.86296885200e+006, +1.41421647489e+003, +3.35799221604e+000, +2.24867574159e-006, +1.41178832392e+003
+5.90598140400e+006, +1.41739497427e+003, +3.14305846229e+000, +2.09426161334e-006, +1.41526285432e+003
+5.94930951000e+006, +1.41993017202e+003, +2.95516976685e+000, +1.95833861370e-006, +1.41804191843e+003
+5.99295548400e+006, +1.42004392755e+003, +2.90451106505e+000, +1.91093201693e-006, +1.41821969759e+003
+6.03692165900e+006, +1.42034861265e+003, +2.82942467713e+000, +1.84841088432e-006, +1.41861709189e+003
+6.08121038200e+006, +1.42069982868e+003, +2.73195275400e+000, +1.77222315803e-006, +1.41908513125e+003
+6.12582402200e+006, +1.42131895237e+003, +2.60942896426e+000, +1.68120186913e-006, +1.41984517401e+003
+6.17076496100e+006, +1.42205366852e+003, +2.46001198017e+000, +1.57426653185e-006, +1.42074313403e+003
+6.21603560100e+006, +1.42320667028e+003, +2.22325251325e+000, +1.41361706227e-006, +1.42213535870e+003
+6.26163836000e+006, +1.42438354416e+003, +1.96102200668e+000, +1.23889396667e-006, +1.42354933640e+003
+6.30757567600e+006, +1.42570247687e+003, +1.70848668582e+000, +1.07253425355e-006, +1.42506868792e+003
+6.35385000100e+006, +1.42703050790e+003, +1.47096691069e+000, +9.17590678739e-007, +1.42656024583e+003
+6.40046380900e+006, +1.42849925875e+003, +1.24266377366e+000, +7.70345697757e-007, +1.42816329300e+003
+6.44741959100e+006, +1.42994057783e+003, +1.04235722770e+000, +6.42128847048e-007, +1.42970395104e+003
+6.49471985500e+006, +1.43142714054e+003, +8.71048164692e-001, +5.33251105651e-007, +1.43126172741e+003
+6.54236712800e+006, +1.43311872196e+003, +6.96893632015e-001, +4.24033867929e-007, +1.43301271496e+003
+6.59036395600e+006, +1.43505244268e+003, +5.20568639367e-001, +3.14867545260e-007, +1.43499321217e+003
+6.63871290400e+006, +1.43710152006e+003, +3.37493040855e-001, +2.02937997648e-007, +1.43707658901e+003
+6.68741655400e+006, +1.43929850362e+003, +1.57922978039e-001, +9.44136466949e-008, +1.43929303641e+003
+6.73647751000e+006, +1.44252318704e+003, -3.65586984380e-002, -2.17459374182e-008, +1.44252289339e+003
+6.78589839200e+006, +1.44572278934e+003, -2.26622647394e-001, -1.34114998780e-007, +1.44571148056e+003
+6.83568184100e+006, +1.44863415265e+003, -4.16010625567e-001, -2.44892218580e-007, +1.44859596786e+003
+6.88583051600e+006, +1.45140389534e+003, -6.14701038907e-001, -3.59902671426e-007, +1.45132036644e+003
+6.93634709800e+006, +1.45394667099e+003, -8.12443040071e-001, -4.73035275140e-007, +1.45380050316e+003
+6.98723428500e+006, +1.45734477814e+003, -9.96520021320e-001, -5.77322701916e-007, +1.45712435959e+003
+7.03849479700e+006, +1.46019363625e+003, -1.18376631824e+000, -6.82123855066e-007, +1.45988199733e+003
+7.09013137100e+006, +1.46266795455e+003, -1.38170005149e+000, -7.91699996587e-007, +1.46224267256e+003
+7.14214676700e+006, +1.46442492807e+003, -1.58476952044e+000, -9.02498678176e-007, +1.46386478833e+003
+7.19454376400e+006, +1.46551917563e+003, -1.80345651201e+000, -1.02028077791e-006, +1.46479325065e+003
+7.24732516200e+006, +1.46484679575e+003, -2.04707584051e+000, -1.14908853090e-006, +1.46391195289e+003
+7.30049378000e+006, +1.46194276979e+003, -2.31894355163e+000, -1.28957687932e-006, +1.46074554368e+003
+7.35405246000e+006, +1.45974049077e+003, -2.58228723734e+000, -1.42332455680e-006, +1.45825819122e+003
+7.40800406200e+006, +1.45839643083e+003, -2.83247039890e+000, -1.54831866586e-006, +1.45661469776e+003
+7.46235147100e+006, +1.45765745962e+003, -3.07090043456e+000, -1.66546328653e-006, +1.45556427409e+003
+7.51709758900e+006, +1.45785486060e+003, -3.29794531528e+000, -1.77568207047e-006, +1.45544047841e+003
+7.57224534100e+006, +1.46159575236e+003, -3.46189601021e+000, -1.85502527075e-006, +1.45892859942e+003
+7.62779767400e+006, +1.46488796033e+003, -3.63842519674e+000, -1.93965400855e-006, +1.46193532303e+003
+7.68375755600e+006, +1.46790035005e+003, -3.82504958368e+000, -2.02831238819e-006, +1.46463045249e+003
+7.74012797800e+006, +1.47059580454e+003, -4.01995893006e+000, -2.11986363827e-006, +1.46697768317e+003
+7.79691195000e+006, +1.47277318324e+003, -4.22679261674e+000, -2.21578533851e-006, +1.46876741778e+003
+7.85411250700e+006, +1.47415179751e+003, -4.44784258732e+000, -2.31662483440e-006, +1.46971215857e+003
+7.91173270500e+006, +1.47515061491e+003, -4.67717747670e+000, -2.41971188431e-006, +1.47023828395e+003
+7.96977562200e+006, +1.47611308256e+003, -4.91742444934e+000, -2.52682655461e-006, +1.47067991422e+003
+8.02824436100e+006, +1.47682749123e+003, -5.16340192419e+000, -2.63484223804e-006, +1.47083465469e+003
+8.08714204400e+006, +1.47747752880e+003, -5.41185074226e+000, -2.74235174424e-006, +1.47089164090e+003
+8.14647181800e+006, +1.47764629409e+003, -5.67197811157e+000, -2.85314208004e-006, +1.47041177579e+003
+8.20623685400e+006, +1.47726504547e+003, -5.94781222656e+000, -2.96885391617e-006, +1.46931247332e+003
+8.26644034500e+006, +1.47717360550e+003, -6.21579461764e+000, -3.07932082133e-006, +1.46848952969e+003
+8.32708550800e+006, +1.47725346338e+003, -6.49108028348e+000, -3.19188372032e-006, +1.46778348121e+003
+8.38817558200e+006, +1.47752901329e+003, -6.75884877931e+000, -3.29937003434e-006, +1.46726061897e+003
+8.44971383200e+006, +1.47787980880e+003, -7.02333483203e+000, -3.40368866998e-006, +1.46679044254e+003
+8.51170354500e+006, +1.47862167382e+003, -7.28373228267e+000, -3.50527152287e-006, +1.46668990585e+003
+8.57414803400e+006, +1.47957567659e+003, -7.53952114030e+000, -3.60357350791e-006, +1.46678414112e+003
+8.63705063500e+006, +1.48058768672e+003, -7.79968389660e+000, -3.70255049693e-006, +1.46689016181e+003
+8.70041470900e+006, +1.48191579397e+003, -8.06294653477e+000, -3.80224833426e-006, +1.46726642240e+003
+8.76424364200e+006, +1.48321786898e+003, -8.33129979540e+000, -3.90273675861e-006, +1.46756514728e+003
+8.82854084300e+006, +1.48601711661e+003, -8.61220280804e+000, -4.01152981726e-006, +1.46926154652e+003
+8.89330974900e+006, +1.48893687308e+003, -8.89887837052e+000, -4.12190685646e-006, +1.47101438242e+003
+8.95855381900e+006, +1.49128635009e+003, -9.17927880103e+000, -4.22639202454e-006, +1.47218896998e+003
+9.02427654000e+006, +1.49313380957e+003, -9.45394130921e+000, -4.32538007206e-006, +1.47285400737e+003
+9.09048142300e+006, +1.49435895933e+003, -9.70756696010e+000, -4.41159999081e-006, +1.47296154477e+003
+9.15717200500e+006, +1.49456049327e+003, -9.94894706332e+000, -4.48788902398e-006, +1.47208542684e+003
+9.22435185100e+006, +1.49357834693e+003, -1.01558760988e+001, -4.54391801645e-006, +1.47017649893e+003
+9.29202454800e+006, +1.49250735226e+003, -1.03680508302e+001, -4.60074297174e-006, +1.46813766036e+003
+9.36019371300e+006, +1.49136122045e+003, -1.05884163654e+001, -4.65963277338e-006, +1.46596709557e+003
+9.42886298900e+006, +1.49014398004e+003, -1.08233697248e+001, -4.72327128947e-006, +1.46363542162e+003
+9.49803604300e+006, +1.48896258109e+003, -1.10620181884e+001, -4.78718693769e-006, +1.46129776452e+003
+9.56771657200e+006, +1.48697838708e+003, -1.13195267739e+001, -4.85504513531e-006, +1.45805341863e+003
+9.63790830000e+006, +1.48525191137e+003, -1.15822391063e+001, -4.92431117271e-006, +1.45500851966e+003
+9.70861497500e+006, +1.48392642154e+003, -1.18497403217e+001, -4.99529295975e-006, +1.45230319310e+003
+9.77984037600e+006, +1.48282009571e+003, -1.21231764507e+001, -5.06786699134e-006, +1.44975078307e+003
+9.85158830900e+006, +1.48220564492e+003, -1.24078606468e+001, -5.14513467558e-006, +1.44758548414e+003
+9.92386260800e+006, +1.48313539652e+003, -1.27003984796e+001, -5.22940843322e-006, +1.44684754493e+003
+9.99666713200e+006, +1.48436756264e+003, -1.30039175472e+001, -5.31768967602e-006, +1.44630048399e+003
+1.00700057730e+007, +1.48520894868e+003, -1.33042809414e+001, -5.40178079848e-006, +1.44534843794e+003
+1.01438824490e+007, +1.48549843382e+003, -1.36213392632e+001, -5.48891599283e-006, +1.44371634932e+003
+1.02183011080e+007, +1.48526269158e+003, -1.39350343948e+001, -5.57108863370e-006, +1.44155053270e+003
+1.02932657240e+007, +1.48357586670e+003, -1.42714640738e+001, -5.65486794489e-006, +1.43779068007e+003
+1.03687803040e+007, +1.48003020081e+003, -1.46276462752e+001, -5.73702565567e-006, +1.43205861788e+003
+1.04448488830e+007, +1.47700323073e+003, -1.49769160627e+001, -5.81623721508e-006, +1.42682946596e+003
+1.05214755240e+007, +1.47456383602e+003, -1.53132065646e+001, -5.89071282111e-006, +1.42221176299e+003
+1.05986643210e+007, +1.47265411222e+003, -1.56391602008e+001, -5.96148264218e-006, +1.41813430989e+003
+1.06764194000e+007, +1.47123135332e+003, -1.59539026213e+001, -6.02827636546e-006, +1.41456415468e+003
+1.07547449140e+007, +1.47283587759e+003, -1.62204064076e+001, -6.08831034804e-006, +1.41420855497e+003
+1.08336450480e+007, +1.47401997573e+003, -1.64906796108e+001, -6.14684313691e-006, +1.41338752510e+003
+1.09131240180e+007, +1.47464687840e+003, -1.67725021575e+001, -6.20602823180e-006, +1.41191260087e+003
+1.09931860700e+007, +1.47468866019e+003, -1.70621503874e+001, -6.26426502393e-006, +1.40978326101e+003
+1.10738354830e+007, +1.47406435502e+003, -1.73620222284e+001, -6.32192431147e-006, +1.40690352755e+003
+1.11550765640e+007, +1.47128799458e+003, -1.76924249927e+001, -6.37949241250e-006, +1.40169852770e+003
+1.12369136550e+007, +1.46767895315e+003, -1.80279859734e+001, -6.43337467920e-006, +1.39562393640e+003
+1.13193511280e+007, +1.46451984850e+003, -1.83615504379e+001, -6.48666154922e-006, +1.38995765896e+003
+1.14023933880e+007, +1.46166063957e+003, -1.86823118956e+001, -6.53514870241e-006, +1.38464458701e+003
+1.14860448710e+007, +1.45918042315e+003, -1.90003774529e+001, -6.58277246882e-006, +1.37967906560e+003
+1.15703100480e+007, +1.45747062603e+003, -1.93072517477e+001, -6.62860670564e-006, +1.37550118357e+003
+1.16551934200e+007, +1.45700844358e+003, -1.95877290731e+001, -6.67008313573e-006, +1.37269030745e+003
+1.17406995230e+007, +1.45620644938e+003, -1.98753603895e+001, -6.71113984970e-006, +1.36946666424e+003
+1.18268329250e+007, +1.45514839893e+003, -2.01683793911e+001, -6.75151570680e-006, +1.36592371106e+003
+1.19135982280e+007, +1.45388799378e+003, -2.04616155151e+001, -6.78976045137e-006, +1.36215725041e+003
+1.20010000690e+007, +1.45228848635e+003, -2.07564076505e+001, -6.82564864479e-006, +1.35802854715e+003
+1.20890431160e+007, +1.45014116776e+003, -2.10539778675e+001, -6.85854527869e-006, +1.35333321917e+003
+1.21777320740e+007, +1.44778385208e+003, -2.13493648461e+001, -6.88847424818e-006, +1.34843390140e+003
+1.22670716820e+007, +1.44522849666e+003, -2.16482104868e+001, -6.91723236917e-006, +1.34329133534e+003
+1.23570667130e+007, +1.44250931059e+003, -2.19492171661e+001, -6.94456163399e-006, +1.33794976541e+003
+1.24477219760e+007, +1.43967210117e+003, -2.22534981421e+001, -6.97099903797e-006, +1.33244155724e+003
+1.25390423130e+007, +1.43589311821e+003, -2.25618960774e+001, -6.99275759106e-006, +1.32599787737e+003
+1.26310326040e+007, +1.43187176321e+003, -2.28667916552e+001, -7.01095189795e-006, +1.31934208551e+003
+1.27236977650e+007, +1.42815669635e+003, -2.31774877143e+001, -7.03099006092e-006, +1.31289024565e+003
+1.28170427460e+007, +1.42445923233e+003, -2.34805878163e+001, -7.04763567733e-006, +1.30650705729e+003
+1.29110725350e+007, +1.42093311974e+003, -2.37801009910e+001, -7.06287621465e-006, +1.30029556431e+003
+1.30057921550e+007, +1.41778510357e+003, -2.40868189623e+001, -7.08079609046e-006, +1.29433584738e+003
+1.31012066680e+007, +1.41517353115e+003, -2.43794628286e+001, -7.09635035737e-006, +1.28898487917e+003
+1.31973211710e+007, +1.41250957795e+003, -2.46780527492e+001, -7.11216837731e-006, +1.28350250121e+003
+1.32941408000e+007, +1.40966569717e+003, -2.49790800988e+001, -7.12662704790e-006, +1.27780843439e+003
+1.33916707280e+007, +1.40655413762e+003, -2.52901121813e+001, -7.14126141565e-006, +1.27174476721e+003
+1.34899161650e+007, +1.40339887025e+003, -2.56069605119e+001, -7.15602826022e-006, +1.26555707295e+003
+1.35888823610e+007, +1.39924826316e+003, -2.59435539366e+001, -7.16959794908e-006, +1.25823969110e+003
+1.36885746040e+007, +1.39523943139e+003, -2.62846078380e+001, -7.18369712474e-006, +1.25097924532e+003
+1.37889982200e+007, +1.39142447628e+003, -2.66162008919e+001, -7.19509619443e-006, +1.24397187568e+003
+1.38901585740e+007, +1.38794093928e+003, -2.69407952513e+001, -7.20524583340e-006, +1.23731487770e+003
+1.39920610730e+007, +1.38462888348e+003, -2.72602999965e+001, -7.21388613201e-006, +1.23084482129e+003
+1.40947111590e+007, +1.38302920221e+003, -2.75474144223e+001, -7.22255064954e-006, +1.22623298956e+003
+1.41981143180e+007, +1.38181748544e+003, -2.78247204625e+001, -7.23005259329e-006, +1.22205129006e+003
+1.43022760750e+007, +1.37979900593e+003, -2.81199420659e+001, -7.23678450391e-006, +1.21693149776e+003
+1.44072019950e+007, +1.37721152894e+003, -2.84221921913e+001, -7.24129181116e-006, +1.21120835243e+003
+1.45128976840e+007, +1.37389887152e+003, -2.87412370609e+001, -7.24493690364e-006, +1.20463495495e+003
+1.46193687880e+007, +1.36911109776e+003, -2.90794369265e+001, -7.24412461849e-006, +1.19653013853e+003
+1.47266209980e+007, +1.36189760378e+003, -2.94492120423e+001, -7.23634345635e-006, +1.18592932928e+003
+1.48346600440e+007, +1.35531842028e+003, -2.98156480118e+001, -7.22977110351e-006, +1.17591450461e+003
+1.49434916970e+007, +1.34915108390e+003, -3.01824410944e+001, -7.22412212343e-006, +1.16624521062e+003
+1.50531217720e+007, +1.34485119123e+003, -3.02084451953e+001, -7.15423107076e-006, +1.16222127254e+003
+1.51635561280e+007, +1.33990383847e+003, -3.05745515539e+001, -7.15351485471e-006, +1.15361437826e+003
+1.52748006650e+007, +1.33709712952e+003, -3.09506172350e+001, -7.16511721503e-006, +1.14670905845e+003
+1.53868613250e+007, +1.33405391980e+003, -3.13129355554e+001, -7.17143764569e-006, +1.13973765033e+003
+1.54997440980e+007, +1.33052989597e+003, -3.16644453910e+001, -7.17187765623e-006, +1.13246325652e+003
+1.56134550130e+007, +1.32660478805e+003, -3.20094224742e+001, -7.16781289776e-006, +1.12490904012e+003
+1.57280001470e+007, +1.32206130088e+003, -3.23405183845e+001, -7.15667648045e-006, +1.11698809510e+003
+1.58433856190e+007, +1.31616360611e+003, -3.26331789312e+001, -7.12982796293e-006, +1.10839436610e+003
+1.59596175950e+007, +1.30963341430e+003, -3.29080729546e+001, -7.09547223127e-006, +1.09949398871e+003
+1.60767022850e+007, +1.30335945282e+003, -3.31978911707e+001, -7.06475672900e-006, +1.09063094440e+003
+1.61946459440e+007, +1.29737579581e+003, -3.34876439388e+001, -7.03497289554e-006, +1.08201768012e+003
+1.63134548740e+007, +1.29162556877e+003, -3.37880902645e+001, -7.00779801947e-006, +1.07347012026e+003
+1.64331354230e+007, +1.28622939896e+003, -3.41137937332e+001, -6.98643812681e-006, +1.06490191117e+003
+1.65536939860e+007, +1.28162003582e+003, -3.44798057207e+001, -6.97573095263e-006, +1.05647242426e+003
+1.66751370030e+007, +1.27681194508e+003, -3.48318322318e+001, -6.96053804904e-006, +1.04804811137e+003
+1.67974709640e+007, +1.27187935004e+003, -3.51692247667e+001, -6.94128052235e-006, +1.03970336974e+003
+1.69207024050e+007, +1.26677641522e+003, -3.54931075663e+001, -6.91803090198e-006, +1.03139082245e+003
+1.70448379100e+007, +1.26161162797e+003, -3.58048306502e+001, -6.89172829445e-006, +1.02318532098e+003
+1.71698841120e+007, +1.25613427536e+003, -3.60466065212e+001, -6.85162112637e-006, +1.01563304886e+003
+1.72958476900e+007, +1.25060256773e+003, -3.62916154397e+001, -6.81149494730e-006, +1.00800431326e+003
+1.74227353770e+007, +1.24501606597e+003, -3.65514571395e+001, -6.77318528510e-006, +1.00014920481e+003
+1.75505539510e+007, +1.23948154254e+003, -3.68188526411e+001, -6.73603371494e-006, +9.92247395419e+002
+1.76793102420e+007, +1.23389408344e+003, -3.70983746521e+001, -6.70013402216e-006, +9.84155204338e+002
+1.78090111280e+007, +1.22830317816e+003, -3.74120770630e+001, -6.66903690875e-006, +9.75624727472e+002
+1.79396635410e+007, +1.22266474351e+003, -3.77462110779e+001, -6.64020850288e-006, +9.66797762860e+002
+1.80712744590e+007, +1.21705396481e+003, -3.80762500545e+001, -6.61031130418e-006, +9.58053592697e+002
+1.82038509170e+007, +1.21139870947e+003, -3.83934237295e+001, -6.57772945425e-006, +9.49451601834e+002
+1.83373999960e+007, +1.20580058354e+003, -3.87020493034e+001, -6.54373721717e-006, +9.41016474527e+002
+1.84719288320e+007, +1.20051911573e+003, -3.90048764630e+001, -6.51020118746e-006, +9.32914277257e+002
+1.86074446140e+007, +1.19558195506e+003, -3.92935549878e+001, -6.47616640723e-006, +9.25274566516e+002
+1.87439545810e+007, +1.19050264012e+003, -3.95821817696e+001, -6.44101580115e-006, +9.17533999274e+002
+1.88814660280e+007, +1.18508582436e+003, -3.98710852991e+001, -6.40375230182e-006, +9.09540056928e+002
+1.90199863010e+007, +1.17924091407e+003, -4.01566558883e+001, -6.36342855110e-006, +9.01275077316e+002
+1.91595228010e+007, +1.17317420285e+003, -4.04421351102e+001, -6.32161866200e-006, +8.92857691148e+002
+1.93000829850e+007, +1.16621828764e+003, -4.07109146653e+001, -6.27263628271e-006, +8.84005240551e+002
+1.94416743610e+007, +1.15911778366e+003, -4.09834102397e+001, -6.22317843860e-006, +8.75017444380e+002
+1.95843044960e+007, +1.15207222078e+003, -4.12626356922e+001, -6.17467531621e-006, +8.66006214570e+002
+1.97279810090e+007, +1.14496755681e+003, -4.15415272108e+001, -6.12563008604e-006, +8.56979896651e+002
+1.98727115780e+007, +1.13795613862e+003, -4.18251993767e+001, -6.07747767778e-006, +8.47985317250e+002
+2.00185039350e+007, +1.13063485466e+003, -4.21297563582e+001, -6.02992100834e-006, +8.38509965415e+002
+2.01653658700e+007, +1.12322246980e+003, -4.24422461954e+001, -5.98253065558e-006, +8.28890954628e+002
+2.03133052290e+007, +1.11600117850e+003, -4.27411204522e+001, -5.93435713305e-006, +8.19622177999e+002
+2.04623299170e+007, +1.10890821793e+003, -4.30383129325e+001, -5.88647353895e-006, +8.10498238481e+002
+2.06124478970e+007, +1.10209959425e+003, -4.33288484453e+001, -5.83918766797e-006, +8.01697393499e+002
+2.07636671880e+007, +1.09534943552e+003, -4.36103308600e+001, -5.79109297174e-006, +7.93085027070e+002
+2.09159958710e+007, +1.08900949626e+003, -4.38824377651e+001, -5.74407179486e-006, +7.84918425151e+002
+2.10694420840e+007, +1.08263606596e+003, -4.41500137483e+001, -5.69633164156e-006, +7.76811469732e+002
+2.12240140260e+007, +1.07637553366e+003, -4.44109033861e+001, -5.64845826193e-006, +7.68897582888e+002
+2.13797199550e+007, +1.07013810141e+003, -4.46638042118e+001, -5.59989155864e-006, +7.61128973699e+002
+2.15365681920e+007, +1.06400949629e+003, -4.49120004275e+001, -5.55144557693e-006, +7.53522991414e+002
+2.16945671150e+007, +1.05863555188e+003, -4.51260868927e+001, -5.50369351994e-006, +7.46919243201e+002
+2.18537251680e+007, +1.05300736406e+003, -4.53420927556e+001, -5.45492347607e-006, +7.40129728011e+002
+2.20140508530e+007, +1.04723236720e+003, -4.55663250548e+001, -5.40628257607e-006, +7.33149726941e+002
+2.21755527370e+007, +1.04103463105e+003, -4.57958231177e+001, -5.35605552898e-006, +7.25827421332e+002
+2.23382394490e+007, +1.03463480658e+003, -4.60319783138e+001, -5.30549987135e-006, +7.18302228689e+002
+2.25021196800e+007, +1.02716682147e+003, -4.62858979653e+001, -5.25114575636e-006, +7.09834244500e+002
+2.26672021880e+007, +1.01930264726e+003, -4.65434436456e+001, -5.19517075382e-006, +7.01080819099e+002
+2.28334957920e+007, +1.01164911720e+003, -4.68038681206e+001, -5.14060223947e-006, +6.92471686798e+002
+2.30010093780e+007, +1.00433747951e+003, -4.70629077608e+001, -5.08773561178e-006, +6.84149630332e+002
+2.31697518950e+007, +9.97209160172e+002, -4.73185591748e+001, -5.03560492830e-006, +6.76029611159e+002
+2.33397323590e+007, +9.90491038583e+002, -4.75791716729e+001, -4.98602937935e-006, +6.68156320840e+002
+2.35109598520e+007, +9.84632489522e+002, -4.78429953172e+001, -4.94109138556e-006, +6.60850365801e+002
+2.36834435240e+007, +9.78615109374e+002, -4.81016886742e+001, -4.89500839245e-006, +6.53529561115e+002
+2.38571925880e+007, +9.72448241706e+002, -4.83568592145e+001, -4.84798309440e-006, +6.46181235567e+002
+2.40322163300e+007, +9.66169113881e+002, -4.86075710952e+001, -4.80015895402e-006, +6.38843326580e+002
+2.42085241000e+007, +9.59750615323e+002, -4.88499090732e+001, -4.75114735037e-006, +6.31548343003e+002
+2.43861253180e+007, +9.53010981293e+002, -4.90723122857e+001, -4.69927610650e-006, +6.24323209270e+002
+2.45650294740e+007, +9.46227467805e+002, -4.92993673555e+001, -4.64772512057e-006, +6.17041342356e+002
+2.47452461260e+007, +9.39398152242e+002, -4.95194751681e+001, -4.59567815079e-006, +6.09847458478e+002
+2.49267849030e+007, +9.32553357326e+002, -4.97434427192e+001, -4.54404173650e-006, +6.02626540131e+002
+2.51096555050e+007, +9.25680444952e+002, -4.99660458567e+001, -4.49239924708e-006, +5.95436044246e+002
+2.52938677010e+007, +9.18725715192e+002, -5.01897381890e+001, -4.44065938723e-006, +5.88211649986e+002
+2.54794313360e+007, +9.11743229676e+002, -5.04175761754e+001, -4.38927947344e-006, +5.80951476209e+002
+2.56663563230e+007, +9.04795917706e+002, -5.06405740719e+001, -4.33799218777e-006, +5.73806317898e+002
+2.58546526490e+007, +8.97832129217e+002, -5.08614628897e+001, -4.28673570161e-006, +5.66709514910e+002
+2.60443303750e+007, +8.90849609609e+002, -5.10800410067e+001, -4.23549837495e-006, +5.59662121132e+002
+2.62353996360e+007, +8.83848364537e+002, -5.12934388802e+001, -4.18412397864e-006, +5.52698684738e+002
+2.64278706400e+007, +8.76620724052e+002, -5.15091708600e+001, -4.13208596098e-006, +5.45599414097e+002
+2.66217536710e+007, +8.69542505021e+002, -5.17180751496e+001, -4.08064084076e-006, +5.38708908861e+002
+2.68170590870e+007, +8.62587663512e+002, -5.19243735163e+001, -4.02991509916e-006, +5.31958725265e+002
+2.70137973250e+007, +8.55755425244e+002, -5.21238628866e+001, -3.97968033009e-006, +5.25396609508e+002
+2.72119788950e+007, +8.49058472275e+002, -5.23140088272e+001, -3.92987602779e-006, +5.19057944981e+002
+2.74116143860e+007, +8.42977486666e+002, -5.24742200594e+001, -3.88166575814e-006, +5.13473041114e+002
+2.76127144650e+007, +8.36853250934e+002, -5.26333868557e+001, -3.83354825099e-006, +5.07896968831e+002
+2.78152898760e+007, +8.30613042737e+002, -5.28049596989e+001, -3.78587188467e-006, +5.02130637715e+002
+2.80193514440e+007, +8.24167671346e+002, -5.29842820557e+001, -3.73797541371e-006, +4.96177034098e+002
+2.82249100700e+007, +8.17593906533e+002, -5.31760646060e+001, -3.69042403803e-006, +4.90031491894e+002
+2.84319767370e+007, +8.10615324747e+002, -5.34032318651e+001, -3.64303124302e-006, +4.83272311748e+002
+2.86405625100e+007, +8.03364016749e+002, -5.36461372560e+001, -3.59539954198e-006, +4.76210534834e+002
+2.88506785330e+007, +7.96193389763e+002, -5.38806082282e+001, -3.54798167475e-006, +4.69331948666e+002
+2.90623360310e+007, +7.89108297923e+002, -5.41029303276e+001, -3.50065767738e-006, +4.62678600068e+002
+2.92755463150e+007, +7.82086090978e+002, -5.43197694199e+001, -3.45364763067e-006, +4.56160295279e+002
+2.94903207750e+007, +7.75113844733e+002, -5.45302262079e+001, -3.40686946918e-006, +4.49777938977e+002
+2.97066708860e+007, +7.68286712194e+002, -5.47471110405e+001, -3.36128600650e-006, +4.43444615370e+002
+2.99246082100e+007, +7.61432376855e+002, -5.49464366050e+001, -3.31514820000e-006, +4.37322576000e+002
+3.01441443880e+007, +7.54415424242e+002, -5.50646311804e+001, -3.26538855335e-006, +4.32017536291e+002
+3.03652911520e+007, +7.47727134028e+002, -5.52402789223e+001, -3.21973358692e-006, +4.26306276149e+002
+3.05880603170e+007, +7.41063354087e+002, -5.53970616818e+001, -3.17380292940e-006, +4.20839472388e+002
+3.08124637860e+007, +7.34594142288e+002, -5.54704964236e+001, -3.12594331114e-006, +4.16390389109e+002
+3.10385135480e+007, +7.28080921444e+002, -5.55430804918e+001, -3.07834173516e-006, +4.11938297533e+002
+3.12662216810e+007, +7.21551935533e+002, -5.56315089589e+001, -3.03172254460e-006, +4.07325562627e+002
+3.14956003510e+007, +7.15012477038e+002, -5.57332804282e+001, -2.98598457661e-006, +4.02584995362e+002
+3.17266618130e+007, +7.08422976828e+002, -5.58498750871e+001, -2.94098555408e-006, +3.97682592185e+002
+3.19594184150e+007, +7.01663697939e+002, -5.60068324522e+001, -2.89707283054e-006, +3.92295990037e+002
+3.21938825900e+007, +6.94798386123e+002, -5.61871907825e+001, -2.85386529777e-006, +3.86642364033e+002
+3.24300668680e+007, +6.88063103547e+002, -5.63608881609e+001, -2.81130121114e-006, +3.81159435188e+002
+3.26679838660e+007, +6.81388909388e+002, -5.65269217675e+001, -2.76907326990e-006, +3.75816716594e+002
+3.29076462970e+007, +6.74836236979e+002, -5.66892249858e+001, -2.72755952744e-006, +3.70606557729e+002
+3.31490669650e+007, +6.68448792988e+002, -5.68454165324e+001, -2.68686095989e-006, +3.65574494633e+002
+3.33922587700e+007, +6.62415772718e+002, -5.70039532015e+001, -2.64798706540e-006, +3.60739155528e+002
+3.36372347060e+007, +6.56318685648e+002, -5.71528203204e+001, -2.60889181385e-006, +3.55987375428e+002
+3.38840078610e+007, +6.50114083484e+002, -5.72908834658e+001, -2.56939128289e-006, +3.51304883880e+002
+3.41325914190e+007, +6.43843997087e+002, -5.74152083948e+001, -2.52959265940e-006, +3.46740348620e+002
+3.43829986640e+007, +6.37478109074e+002, -5.75307428114e+001, -2.48954061119e-006, +3.42228209239e+002
+3.46352429740e+007, +6.30922821814e+002, -5.76060648040e+001, -2.44803968471e-006, +3.38008964268e+002
+3.48893378260e+007, +6.24341917359e+002, -5.76781535310e+001, -2.40678019936e-006, +3.33819766676e+002
+3.51452967960e+007, +6.17756931204e+002, -5.77552881604e+001, -2.36606379034e-006, +3.29595844058e+002
+3.54031335610e+007, +6.11158612391e+002, -5.78357502536e+001, -2.32580021614e-006, +3.25349176218e+002
+3.56628618950e+007, +6.04544797774e+002, -5.79177814677e+001, -2.28592968542e-006, +3.21095296384e+002
+3.59244956780e+007, +5.97778525767e+002, -5.80125812882e+001, -2.24620722872e-006, +3.16663031457e+002
+3.61880488860e+007, +5.90947505376e+002, -5.81114951394e+001, -2.20674065794e-006, +3.12178654744e+002
+3.64535356020e+007, +5.84247437373e+002, -5.82087743355e+001, -2.16811650935e-006, +3.07796527696e+002
+3.67209700110e+007, +5.77698472733e+002, -5.83049760081e+001, -2.13041225036e-006, +3.03521482421e+002
+3.69903664020e+007, +5.71258914811e+002, -5.83977117528e+001, -2.09340954105e-006, +2.99351051612e+002
+3.72617391670e+007, +5.65049644311e+002, -5.84898939104e+001, -2.05760710613e-006, +2.95322602804e+002
+3.75351028070e+007, +5.59335117769e+002, -5.85896739279e+001, -2.02411971762e-006, +2.91505021741e+002
+3.78104719280e+007, +5.53480373237e+002, -5.86807736780e+001, -1.99027349964e-006, +2.87702312108e+002
+3.80878612410e+007, +5.47527805769e+002, -5.87653865040e+001, -1.95628363602e-006, +2.83917070722e+002
+3.83672855680e+007, +5.41489014508e+002, -5.88422724151e+001, -1.92217842717e-006, +2.80164134718e+002
+3.86487598390e+007, +5.35356373973e+002, -5.89130502726e+001, -1.88797592937e-006, +2.76424991103e+002
+3.89322990910e+007, +5.28789556979e+002, -5.89788169063e+001, -1.85251625666e-006, +2.72514314154e+002
+3.92179184760e+007, +5.22216146582e+002, -5.90364946775e+001, -1.81726212970e-006, +2.68676027495e+002
+3.95056332520e+007, +5.15771973904e+002, -5.90848337032e+001, -1.78266673987e-006, +2.64987323953e+002
+3.97954587930e+007, +5.09462691745e+002, -5.91261427950e+001, -1.74879005888e-006, +2.61430618569e+002
+4.00874105840e+007, +5.03241074978e+002, -5.91619246480e+001, -1.71549289214e-006, +2.57968201597e+002
+4.03815042230e+007, +4.97307737613e+002, -5.91761346088e+001, -1.68316951424e-006, +2.54820784485e+002
+4.06777554240e+007, +4.91551478150e+002, -5.91750670697e+001, -1.65155229518e-006, +2.51879138559e+002
+4.09761800160e+007, +4.85756026892e+002, -5.91774663744e+001, -1.62023453320e-006, +2.48891984977e+002
+4.12767939430e+007, +4.79877480876e+002, -5.91863641646e+001, -1.58911673898e-006, +2.45815931637e+002
+4.15796132660e+007, +4.73963249087e+002, -5.91955900819e+001, -1.55825064016e-006, +2.42720833880e+002
+4.18846541660e+007, +4.67949880265e+002, -5.92147475580e+001, -1.52758028137e-006, +2.39506930029e+002
+4.21919329400e+007, +4.61801554146e+002, -5.92546128366e+001, -1.49715060066e-006, +2.36083988909e+002
+4.25014660060e+007, +4.55674935163e+002, -5.92859413413e+001, -1.46700608258e-006, +2.32737743154e+002
+4.28132699030e+007, +4.49574178548e+002, -5.93063419883e+001, -1.43712807754e-006, +2.29484122935e+002
+4.31273612890e+007, +4.43507603908e+002, -5.93148055273e+001, -1.40753360296e-006, +2.26331115570e+002
+4.34437569470e+007, +4.37467256718e+002, -5.93153662819e+001, -1.37826043212e-006, +2.23244919269e+002
+4.37624737810e+007, +4.31437852288e+002, -5.92894559252e+001, -1.34900292637e-006, +2.20335805965e+002
+4.40835288200e+007, +4.25447045750e+002, -5.92581142186e+001, -1.32015360815e-006, +2.17476350072e+002
+4.44069392190e+007, +4.19500590694e+002, -5.92240547549e+001, -1.29176465095e-006, +2.14650984563e+002
+4.47327222560e+007, +4.13609358887e+002, -5.91852447423e+001, -1.26383784824e-006, +2.11877206941e+002
+4.50608953380e+007, +4.07725523254e+002, -5.91420260383e+001, -1.23622876419e-006, +2.09127203330e+002
+4.53914759990e+007, +4.01905760680e+002, -5.90985682039e+001, -1.20915980628e-006, +2.06403805414e+002
+4.57244819030e+007, +3.96116951144e+002, -5.90511403540e+001, -1.18247792473e-006, +2.03712169682e+002
+4.60599308400e+007, +3.90363391774e+002, -5.89951656936e+001, -1.15613755437e-006, +2.01080241396e+002
+4.63978407350e+007, +3.84634215162e+002, -5.89301243483e+001, -1.13010081145e-006, +1.98503202261e+002
+4.67382296410e+007, +3.80223775610e+002, -5.86083400549e+001, -1.10523619025e-006, +1.98053006702e+002
+4.70811157460e+007, +3.74552258379e+002, -5.85336671193e+001, -1.07996049896e-006, +1.95515328038e+002
+4.74265173690e+007, +3.68873845809e+002, -5.84403590206e+001, -1.05478803351e-006, +1.93063340801e+002
+4.77744529650e+007, +3.63223001941e+002, -5.83372268957e+001, -1.02992370099e-006, +1.90662560910e+002
+4.81249411240e+007, +3.57615116057e+002, -5.82265930314e+001, -1.00543685034e-006, +1.88306270753e+002
+4.84780005730e+007, +3.52006348736e+002, -5.81039076106e+001, -9.81154885484e-007, +1.85993266984e+002
+4.88336501750e+007, +3.46434495185e+002, -5.79726582898e+001, -9.57222692406e-007, +1.83722490801e+002
+4.91919089320e+007, +3.40992286176e+002, -5.78355711034e+001, -9.33921123656e-007, +1.81527526186e+002
+4.95527959860e+007, +3.35549258203e+002, -5.76860002142e+001, -9.10819683612e-007, +1.79370831189e+002
+4.99163306200e+007, +3.30056391781e+002, -5.75243822350e+001, -8.87794607517e-007, +1.77220694939e+002
+5.02825322560e+007, +3.24518654306e+002, -5.73520323426e+001, -8.64878872935e-007, +1.75069990448e+002
+5.06514204600e+007, +3.18971705980e+002, -5.71632033673e+001, -8.42117941864e-007, +1.72961747051e+002
+5.10230149430e+007, +3.13269133435e+002, -5.69586467806e+001, -8.19142205800e-007, +1.70808179125e+002
+5.13973355570e+007, +3.07498297854e+002, -5.67368760287e+001, -7.96181189021e-007, +1.68658133765e+002
+5.17744023030e+007, +3.01801123347e+002, -5.65037940743e+001, -7.73662439885e-007, +1.66558536615e+002
+5.21542353270e+007, +2.96180641558e+002, -5.62583125093e+001, -7.51580830082e-007, +1.64513417997e+002
+5.25368549240e+007, +2.90633453296e+002, -5.60019518525e+001, -7.29937802343e-007, +1.62511956371e+002
+5.29222815370e+007, +2.85156443241e+002, -5.57304602916e+001, -7.08686070545e-007, +1.60567825908e+002
+5.33105357580e+007, +2.79849604485e+002, -5.54569872304e+001, -6.88178724314e-007, +1.58681655015e+002
+5.37016383330e+007, +2.74539421034e+002, -5.51593359742e+001, -6.67797828312e-007, +1.56843330966e+002
+5.40956101560e+007, +2.69238958334e+002, -5.48390829878e+001, -6.47595629427e-007, +1.55047927421e+002
+5.44924722790e+007, +2.63962305451e+002, -5.44948620989e+001, -6.27601227250e-007, +1.53302960769e+002
+5.48922459050e+007, +2.58690635578e+002, -5.41257902467e+001, -6.07769113213e-007, +1.51594698567e+002
+5.52949523950e+007, +2.53405125188e+002, -5.37121111980e+001, -5.87914070094e-007, +1.49976000910e+002
+5.57006132630e+007, +2.48154105789e+002, -5.32780296502e+001, -5.68342718616e-007, +1.48379416737e+002
+5.61092501850e+007, +2.42929570627e+002, -5.28243009965e+001, -5.49044941343e-007, +1.46792920263e+002
+5.65208849940e+007, +2.37736396390e+002, -5.23522119596e+001, -5.30043654311e-007, +1.45210762090e+002
+5.69355396830e+007, +2.32579023470e+002, -5.18575603578e+001, -5.11321058407e-007, +1.43645130314e+002
+5.73532364070e+007, +2.27469089331e+002, -5.13514548589e+001, -4.92981873808e-007, +1.42063893884e+002
+5.77739974830e+007, +2.22400782906e+002, -5.08252100105e+001, -4.74952739749e-007, +1.40487965292e+002
+5.81978453930e+007, +2.17357135651e+002, -5.02614909943e+001, -4.57084567100e-007, +1.38953111585e+002
+5.86248027820e+007, +2.12364574290e+002, -4.96598947455e+001, -4.39438934790e-007, +1.37468572074e+002
+5.90548924620e+007, +2.07392222066e+002, -4.90153960195e+001, -4.21927657465e-007, +1.36019475994e+002
+5.94881374140e+007, +2.02461924808e+002, -4.83307603997e+001, -4.04623351291e-007, +1.34602642215e+002
+5.99245607840e+007, +1.97555478465e+002, -4.75930162772e+001, -3.87418399531e-007, +1.33229911700e+002
+6.03641858910e+007, +1.92778818292e+002, -4.67740898882e+001, -3.70360297765e-007, +1.32029718541e+002
+6.08070362240e+007, +1.87960795773e+002, -4.59511017957e+001, -3.53597698807e-007, +1.30683883460e+002
+6.12531354440e+007, +1.83215666872e+002, -4.50782858618e+001, -3.37079238078e-007, +1.29375905304e+002
+6.17025073850e+007, +1.78536008585e+002, -4.41512477442e+001, -3.20773479278e-007, +1.28100221220e+002
+6.21551760580e+007, +1.73936152367e+002, -4.31624315672e+001, -3.04672030040e-007, +1.26872042689e+002
+6.26111656490e+007, +1.69406048123e+002, -4.21121567500e+001, -2.88768928993e-007, +1.25671094526e+002
+6.30705005200e+007, +1.64946202748e+002, -4.09959895429e+001, -2.73051219660e-007, +1.24494053674e+002
+6.35332052140e+007, +1.60568602786e+002, -3.98102660390e+001, -2.57529972766e-007, +1.23343793947e+002
+6.39993044520e+007, +1.56270179696e+002, -3.85505516631e+001, -2.42187563061e-007, +1.22212439835e+002
+6.44688231390e+007, +1.52065651895e+002, -3.72156667803e+001, -2.27052051440e-007, +1.21099697261e+002
+6.49417863590e+007, +1.47953523009e+002, -3.57972295420e+001, -2.12088215080e-007, +1.20003934103e+002
+6.54182193850e+007, +1.43969925684e+002, -3.42884557583e+001, -1.97323534340e-007, +1.18949654294e+002
+6.58981476700e+007, +1.40104685611e+002, -3.26856398604e+001, -1.82732999815e-007, +1.17918570205e+002
+6.63815968570e+007, +1.36375868341e+002, -3.09803633499e+001, -1.68306732301e-007, +1.16921000605e+002
+6.68685927780e+007, +1.32794977058e+002, -2.91693773115e+001, -1.54049013230e-007, +1.15954276261e+002
+6.73591614510e+007, +1.29376791913e+002, -2.72476784307e+001, -1.39956016053e-007, +1.15020585903e+002
+6.78533290870e+007, +1.26129148419e+002, -2.52138388264e+001, -1.26029384839e-007, +1.14112091171e+002
+6.83511220900e+007, +1.23061654838e+002, -2.30649756027e+001, -1.12262237097e-007, +1.13224248609e+002
+6.88525670560e+007, +1.20197629552e+002, -2.07970240264e+001, -9.86496837725e-008, +1.12366047175e+002
+6.93576907780e+007, +1.17545386551e+002, -1.84150374378e+001, -8.52075455754e-008, +1.11526255927e+002
+6.98665202440e+007, +1.15113768373e+002, -1.59114772750e+001, -7.18901674284e-008, +1.10703346853e+002
+7.03790826390e+007, +1.12931690705e+002, -1.32952764973e+001, -5.87303533738e-008, +1.09904876889e+002
+7.08954053510e+007, +1.11021312683e+002, -1.05772814970e+001, -4.57499064283e-008, +1.09134861955e+002
+7.14155159660e+007, +1.09393804506e+002, -7.76516600538e+000, -3.29395812836e-008, +1.08390681705e+002
+7.19394422740e+007, +1.08063581891e+002, -4.86536923005e+000, -2.02769920757e-008, +1.07674200922e+002
+7.24672122670e+007, +1.07057704470e+002, -1.88966705998e+000, -7.75319001806e-009, +1.06999484244e+002
+7.29988541430e+007, +1.06382573157e+002, +1.14363754954e+000, +4.62925937561e-009, +1.06361381856e+002
+7.35343963090e+007, +1.06026286801e+002, +4.21652240733e+000, +1.68726326881e-008, +1.05739307150e+002
+7.40738673780e+007, +1.06002028447e+002, +7.31057378239e+000, +2.89813816110e-008, +1.05140335442e+002
+7.46172961730e+007, +1.06301854599e+002, +1.04060656962e+001, +4.09538909021e-008, +1.04553439367e+002
+7.51647117300e+007, +1.06934033967e+002, +1.34816890103e+001, +5.27872222819e-008, +1.03987410720e+002
+7.57161432970e+007, +1.07876557716e+002, +1.65097068531e+001, +6.44390078554e-008, +1.03428980298e+002
+7.62716203360e+007, +1.09151972123e+002, +1.94811884030e+001, +7.59593311373e-008, +1.02903134930e+002
+7.68311725270e+007, +1.10749681037e+002, +2.23837785134e+001, +8.73638789208e-008, +1.02405122786e+002
+7.73948297650e+007, +1.12658234969e+002, +2.52024772321e+001, +9.86496528447e-008, +1.01934144670e+002
+7.79626221680e+007, +1.14869540940e+002, +2.79258593964e+001, +1.09821986443e-007, +1.01493482415e+002
+7.85345800700e+007, +1.17372938478e+002, +3.05500249204e+001, +1.20903574147e-007, +1.01079896250e+002
+7.91107340330e+007, +1.20148915250e+002, +3.30661744826e+001, +1.31881764090e-007, +1.00689713600e+002
+7.96911148400e+007, +1.23182269253e+002, +3.54655213862e+001, +1.42740049464e-007, +1.00327624488e+002
+8.02757534990e+007, +1.26452505546e+002, +3.77492803168e+001, +1.53483508398e-007, +9.99856501166e+001
+8.08646812490e+007, +1.29950463022e+002, +3.99174997351e+001, +1.64119519646e-007, +9.96680025803e+001
+8.14579295550e+007, +1.33659107472e+002, +4.19681128032e+001, +1.74633528909e-007, +9.93778327814e+001
+8.20555301130e+007, +1.37569246855e+002, +4.39039538865e+001, +1.85033242495e-007, +9.91190907598e+001
+8.26575148550e+007, +1.41664085249e+002, +4.57329746063e+001, +1.95329539570e-007, +9.88819958168e+001
+8.32639159420e+007, +1.45936830553e+002, +4.74573007532e+001, +2.05523883240e-007, +9.86736513106e+001
+8.38747657750e+007, +1.50369823466e+002, +4.90819742264e+001, +2.15609910347e-007, +9.84890134022e+001
+8.44900969920e+007, +1.54960515534e+002, +5.06126209479e+001, +2.25602402295e-007, +9.83317884818e+001
+8.51099424680e+007, +1.59689724688e+002, +5.20473423501e+001, +2.35466471424e-007, +9.82108011821e+001
+8.57343353230e+007, +1.64554724794e+002, +5.34048123957e+001, +2.45255981653e-007, +9.81005238837e+001
+8.63633089160e+007, +1.69550974110e+002, +5.46815767765e+001, +2.54950354597e-007, +9.80208125791e+001
+8.69968968550e+007, +1.74677501965e+002, +5.58821494687e+001, +2.64559697444e-007, +9.79760780858e+001
+8.76351329900e+007, +1.79924070960e+002, +5.70116641907e+001, +2.74081647427e-007, +9.79629509590e+001
+8.82780514230e+007, +1.85290780158e+002, +5.80766840932e+001, +2.83533484247e-007, +9.79787574523e+001
+8.89256865050e+007, +1.90765617762e+002, +5.90788990275e+001, +2.92898659863e-007, +9.80262912757e+001
+8.95780728380e+007, +1.96357784641e+002, +6.00230196918e+001, +3.02202369362e-007, +9.81105631760e+001
+9.02352452780e+007, +2.02052476515e+002, +6.09122756726e+001, +3.11428330511e-007, +9.82274402419e+001
+9.08972389390e+007, +2.07846440565e+002, +6.17545980818e+001, +3.20592088526e-007, +9.83631144792e+001
+9.15640891900e+007, +2.13780164580e+002, +6.25475311412e+001, +3.29745321854e-007, +9.85553521733e+001
+9.22358316610e+007, +2.19799076277e+002, +6.33000506162e+001, +3.38827427828e-007, +9.87597273791e+001
+9.29125022420e+007, +2.25907182194e+002, +6.40098872152e+001, +3.47834572085e-007, +9.89961508684e+001
+9.35941370880e+007, +2.32110951260e+002, +6.46799269661e+001, +3.56782259192e-007, +9.92679521814e+001
+9.42807726170e+007, +2.38386196156e+002, +6.53133057271e+001, +3.65639677830e-007, +9.95634444080e+001
+9.49724455180e+007, +2.44741207183e+002, +6.59125335819e+001, +3.74424264019e-007, +9.98864163749e+001
+9.56691927440e+007, +2.51074955171e+002, +6.64814106328e+001, +3.82990417387e-007, +1.00190603213e+002
+9.63710515240e+007, +2.57534083642e+002, +6.70164315691e+001, +3.91549954592e-007, +1.00558593347e+002
+9.70780593570e+007, +2.64088388735e+002, +6.75228138582e+001, +4.00069355368e-007, +1.00965093498e+002
+9.77902540170e+007, +2.70746724952e+002, +6.79946268791e+001, +4.08542434574e-007, +1.01447049308e+002
+9.85076735580e+007, +2.77523574112e+002, +6.84347753080e+001, +4.16996854288e-007, +1.02006610138e+002
+9.92303563110e+007, +2.84493991070e+002, +6.88304089783e+001, +4.25505113262e-007, +1.02739229826e+002
+9.99583408880e+007, +2.91575180416e+002, +6.91962432243e+001, +4.33981743246e-007, +1.03558248436e+002
+1.00691666184e+008, +2.98765092365e+002, +6.95477825511e+001, +4.42465411714e-007, +1.04396323959e+002
+1.01430371382e+008, +3.06030873675e+002, +6.98850458206e+001, +4.50904991827e-007, +1.05245482171e+002
+1.02174495950e+008, +3.13387813401e+002, +7.02092855823e+001, +4.59324548710e-007, +1.06108548470e+002
+1.02924079645e+008, +3.20849439229e+002, +7.05302182410e+001, +4.67769626674e-007, +1.06942216332e+002
+1.03679162518e+008, +3.28366752644e+002, +7.08560705008e+001, +4.76190482518e-007, +1.07685350952e+002
+1.04439784913e+008, +3.35987542187e+002, +7.11524478826e+001, +4.84555544363e-007, +1.08541194547e+002
+1.05205987469e+008, +3.43674341637e+002, +7.14340038013e+001, +4.92851030081e-007, +1.09424801403e+002
+1.05977811123e+008, +3.51486244421e+002, +7.16997854329e+001, +5.01157072407e-007, +1.10365278835e+002
+1.06755297115e+008, +3.59386951107e+002, +7.19465955831e+001, +5.09410148038e-007, +1.11375210585e+002
+1.07538486984e+008, +3.67217597250e+002, +7.21988210100e+001, +5.17455249738e-007, +1.12263889960e+002
+1.08327422577e+008, +3.75254034948e+002, +7.24247567863e+001, +5.25589107829e-007, +1.13310958196e+002
+1.09122146044e+008, +3.83351450578e+002, +7.26233702161e+001, +5.33602167155e-007, +1.14488502977e+002
+1.09922699849e+008, +3.91600702616e+002, +7.28060835366e+001, +5.41652085330e-007, +1.15759759728e+002
+1.10729126764e+008, +4.00026278409e+002, +7.29497728663e+001, +5.49700985207e-007, +1.17291671738e+002
+1.11541469877e+008, +4.08701011457e+002, +7.30278254526e+001, +5.57763670215e-007, +1.19302786246e+002
+1.12359772589e+008, +4.17554027163e+002, +7.30769618535e+001, +5.65843322795e-007, +1.21544505974e+002
+1.13184078623e+008, +4.26537735731e+002, +7.31219291770e+001, +5.73944700619e-007, +1.23839245106e+002
+1.14014432022e+008, +4.35609129649e+002, +7.31753965346e+001, +5.82046701438e-007, +1.26083949830e+002
+1.14850877149e+008, +4.44758680727e+002, +7.32291591803e+001, +5.90111152074e-007, +1.28332696480e+002
+1.15693458697e+008, +4.53959258988e+002, +7.32872919143e+001, +5.98114494533e-007, +1.30546405935e+002
+1.16542221683e+008, +4.63205699214e+002, +7.33576988112e+001, +6.06075511228e-007, +1.32660173399e+002
+1.17397211457e+008, +4.72497970041e+002, +7.34402293643e+001, +6.13994956947e-007, +1.34669209908e+002
+1.18258473700e+008, +4.81775656138e+002, +7.35428099394e+001, +6.21821401950e-007, +1.36486494129e+002
+1.19126054430e+008, +4.90996170415e+002, +7.36584520570e+001, +6.29480677336e-007, +1.38147976942e+002
+1.20000000000e+008, +4.99834129756e+002, +7.38124535345e+001, +6.36643456447e-007, +1.39344945621e+002
END
