!Keysight Technologies,E4990A,MY54302543,A.03.06
!Date: Tue Mar 24 14:54:32 2026

BEGIN CH1_DATA
DCV(V), +4.164e-005, DCI(A), -3.882e-007
Frequency(Hz), |Z|(Ohm)-data, theta-z(deg)-data, Ls(H)-data, Rs(Ohm)-data
+1.00000000000e+003, +1.14099703715e+001, +8.67590780131e+001, +1.81304882318e-003, +6.45058116213e-001
+1.00733600000e+003, +1.14932208012e+001, +8.67761975682e+001, +1.81300794086e-003, +6.46336020036e-001
+1.01472600000e+003, +1.15765533460e+001, +8.67678537982e+001, +1.81283898972e-003, +6.52705507981e-001
+1.02217100000e+003, +1.16603731327e+001, +8.67563102462e+001, +1.81264470526e-003, +6.59776908131e-001
+1.02967000000e+003, +1.17453763330e+001, +8.67448069620e+001, +1.81254050600e-003, +6.66940959787e-001
+1.03722400000e+003, +1.18311577303e+001, +8.67306899990e+001, +1.81245583102e-003, +6.74722234054e-001
+1.04483300000e+003, +1.19174479443e+001, +8.67150597084e+001, +1.81235113259e-003, +6.82889065331e-001
+1.05249800000e+003, +1.20043311560e+001, +8.66995500316e+001, +1.81224072464e-003, +6.91111761127e-001
+1.06022000000e+003, +1.20910645644e+001, +8.66849747441e+001, +1.81201321206e-003, +6.99175847915e-001
+1.06799800000e+003, +1.21786371090e+001, +8.66699407826e+001, +1.81181748719e-003, +7.07430010038e-001
+1.07583300000e+003, +1.22651752095e+001, +8.66540289797e+001, +1.81137369635e-003, +7.15857240227e-001
+1.08372600000e+003, +1.23526197181e+001, +8.66385443721e+001, +1.81097253074e-003, +7.24293610473e-001
+1.09167600000e+003, +1.24407186924e+001, +8.66229356223e+001, +1.81057711199e-003, +7.32842570952e-001
+1.09968500000e+003, +1.25296179608e+001, +8.66088704066e+001, +1.81020826059e-003, +7.41149801135e-001
+1.10775300000e+003, +1.26194211536e+001, +8.65950090857e+001, +1.80987789380e-003, +7.49509418653e-001
+1.11588000000e+003, +1.27101282896e+001, +8.65817634161e+001, +1.80958601368e-003, +7.57829944350e-001
+1.12406600000e+003, +1.28022958625e+001, +8.65698640665e+001, +1.80941189722e-003, +7.65979423083e-001
+1.13231200000e+003, +1.28948593366e+001, +8.65578507296e+001, +1.80919935931e-003, +7.74216460255e-001
+1.14061900000e+003, +1.29880231468e+001, +8.65464991983e+001, +1.80897762226e-003, +7.82378631518e-001
+1.14898700000e+003, +1.30821119789e+001, +8.65338618871e+001, +1.80878812515e-003, +7.90926565440e-001
+1.15741700000e+003, +1.31765759891e+001, +8.65220039508e+001, +1.80855704407e-003, +7.99359749020e-001
+1.16590800000e+003, +1.32718901903e+001, +8.65102285998e+001, +1.80835029378e-003, +8.07864585113e-001
+1.17446100000e+003, +1.33675769391e+001, +8.64993340102e+001, +1.80810277316e-003, +8.16226140281e-001
+1.18307800000e+003, +1.34642148257e+001, +8.64861768420e+001, +1.80788399980e-003, +8.25212939626e-001
+1.19175700000e+003, +1.35614584176e+001, +8.64728271539e+001, +1.80765425241e-003, +8.34326738802e-001
+1.20050000000e+003, +1.36592742907e+001, +8.64586652254e+001, +1.80740514332e-003, +8.43714330396e-001
+1.20930700000e+003, +1.37576832743e+001, +8.64431992839e+001, +1.80713884567e-003, +8.53499427385e-001
+1.21817900000e+003, +1.38572018643e+001, +8.64268823553e+001, +1.80692243811e-003, +8.63612038462e-001
+1.22711600000e+003, +1.39568746648e+001, +8.64109521207e+001, +1.80663358185e-003, +8.73696795127e-001
+1.23611900000e+003, +1.40574103356e+001, +8.63945318080e+001, +1.80636177547e-003, +8.84011057325e-001
+1.24518700000e+003, +1.41586112824e+001, +8.63782516773e+001, +1.80608415222e-003, +8.94390212440e-001
+1.25432200000e+003, +1.42603392309e+001, +8.63631450292e+001, +1.80578256475e-003, +9.04568651583e-001
+1.26352400000e+003, +1.43625400347e+001, +8.63478901710e+001, +1.80544818928e-003, +9.14867758856e-001
+1.27279400000e+003, +1.44654433424e+001, +8.63324642477e+001, +1.80510896698e-003, +9.25309147382e-001
+1.28213200000e+003, +1.45691340733e+001, +8.63168224396e+001, +1.80477546676e-003, +9.35911127536e-001
+1.29153800000e+003, +1.46738577386e+001, +8.63013594456e+001, +1.80447858911e-003, +9.46590472576e-001
+1.30101300000e+003, +1.47793219757e+001, +8.62854516410e+001, +1.80417923751e-003, +9.57488626241e-001
+1.31055700000e+003, +1.48859846856e+001, +8.62676085096e+001, +1.80392990350e-003, +9.69024872210e-001
+1.32017200000e+003, +1.49931886890e+001, +8.62498609336e+001, +1.80365178973e-003, +9.80637770441e-001
+1.32985700000e+003, +1.51011449252e+001, +8.62323933863e+001, +1.80337249299e-003, +9.92292632575e-001
+1.33961400000e+003, +1.52100575957e+001, +8.62167854348e+001, +1.80311689750e-003, +1.00358364029e+000
+1.34944100000e+003, +1.53195101083e+001, +8.62004480982e+001, +1.80283288890e-003, +1.01516413982e+000
+1.35934100000e+003, +1.54296528609e+001, +8.61875512789e+001, +1.80254340743e-003, +1.02592830110e+000
+1.36931400000e+003, +1.55405756109e+001, +8.61737599365e+001, +1.80225013260e-003, +1.03703600749e+000
+1.37936000000e+003, +1.56523343436e+001, +8.61600473093e+001, +1.80196162661e-003, +1.04823146504e+000
+1.38947900000e+003, +1.57646151604e+001, +8.61458354257e+001, +1.80164073216e-003, +1.05965238247e+000
+1.39967300000e+003, +1.58776291575e+001, +8.61306898924e+001, +1.80130861394e-003, +1.07143641418e+000
+1.40994100000e+003, +1.59912592458e+001, +8.61139964282e+001, +1.80095227540e-003, +1.08375275458e+000
+1.42028500000e+003, +1.61053012807e+001, +8.60957229046e+001, +1.80054675094e-003, +1.09660621176e+000
+1.43070400000e+003, +1.62216428610e+001, +8.60783863799e+001, +1.80030921723e-003, +1.10942477652e+000
+1.44120100000e+003, +1.63374255394e+001, +8.60613681864e+001, +1.79991611358e-003, +1.12218453189e+000
+1.45177400000e+003, +1.64540435424e+001, +8.60435569736e+001, +1.79952344869e-003, +1.13529762490e+000
+1.46242400000e+003, +1.65718704422e+001, +8.60262911372e+001, +1.79917345317e-003, +1.14840936466e+000
+1.47315300000e+003, +1.66907213293e+001, +8.60091147687e+001, +1.79884191589e-003, +1.16163711199e+000
+1.48396100000e+003, +1.68105865180e+001, +8.59919964677e+001, +1.79852738049e-003, +1.17498974246e+000
+1.49484700000e+003, +1.69312938010e+001, +8.59748761146e+001, +1.79821230291e-003, +1.18847343210e+000
+1.50581400000e+003, +1.70527938338e+001, +8.59578783200e+001, +1.79788822668e-003, +1.20204847036e+000
+1.51686100000e+003, +1.71750633832e+001, +8.59401843404e+001, +1.79755232998e-003, +1.21595795037e+000
+1.52798900000e+003, +1.72985046033e+001, +8.59218795365e+001, +1.79724565718e-003, +1.23020990642e+000
+1.53919900000e+003, +1.74225825628e+001, +8.59043403405e+001, +1.79691431648e-003, +1.24435368410e+000
+1.55049100000e+003, +1.75475968054e+001, +8.58860245421e+001, +1.79658613673e-003, +1.25887750494e+000
+1.56186600000e+003, +1.76733838737e+001, +8.58675986884e+001, +1.79624477715e-003, +1.27357046680e+000
+1.57332400000e+003, +1.77999580442e+001, +8.58486661180e+001, +1.79589109777e-003, +1.28855797064e+000
+1.58486700000e+003, +1.79279203762e+001, +8.58297523712e+001, +1.79558450620e-003, +1.30372383720e+000
+1.59649400000e+003, +1.80559565534e+001, +8.58091409988e+001, +1.79519052759e-003, +1.31951276782e+000
+1.60820600000e+003, +1.81853730233e+001, +8.57899192508e+001, +1.79484592265e-003, +1.33505489687e+000
+1.62000500000e+003, +1.83156240415e+001, +8.57701662722e+001, +1.79448963775e-003, +1.35091437671e+000
+1.63188900000e+003, +1.84466627406e+001, +8.57507089946e+001, +1.79412149414e-003, +1.36682668806e+000
+1.64386100000e+003, +1.85786058411e+001, +8.57314774961e+001, +1.79374965220e-003, +1.38282190835e+000
+1.65592100000e+003, +1.87118181521e+001, +8.57122248505e+001, +1.79340864401e-003, +1.39900708155e+000
+1.66807000000e+003, +1.88459870318e+001, +8.56928785189e+001, +1.79306684799e-003, +1.41538393866e+000
+1.68030700000e+003, +1.89809746971e+001, +8.56741393090e+001, +1.79271402913e-003, +1.43171219882e+000
+1.69263400000e+003, +1.91165755737e+001, +8.56544375107e+001, +1.79232539785e-003, +1.44849504829e+000
+1.70505200000e+003, +1.92533593006e+001, +8.56355941898e+001, +1.79195801894e-003, +1.46517310494e+000
+1.71756100000e+003, +1.93907663574e+001, +8.56163700867e+001, +1.79155688143e-003, +1.48211684426e+000
+1.73016100000e+003, +1.95292114244e+001, +8.55965590147e+001, +1.79116027802e-003, +1.49943151771e+000
+1.74285400000e+003, +1.96683493620e+001, +8.55776476471e+001, +1.79073822721e-003, +1.51658697730e+000
+1.75564100000e+003, +1.98089791592e+001, +8.55576079792e+001, +1.79035768425e-003, +1.53433829054e+000
+1.76852000000e+003, +1.99501896244e+001, +8.55380087865e+001, +1.78994179650e-003, +1.55207976547e+000
+1.78149500000e+003, +2.00926546053e+001, +8.55185901966e+001, +1.78954678497e-003, +1.56995225943e+000
+1.79456400000e+003, +2.02358878780e+001, +8.54991592027e+001, +1.78913079277e-003, +1.58798550377e+000
+1.80773000000e+003, +2.03802794476e+001, +8.54790866054e+001, +1.78872403738e-003, +1.60643421438e+000
+1.82099200000e+003, +2.05259927242e+001, +8.54590896621e+001, +1.78834331372e-003, +1.62506120810e+000
+1.83435100000e+003, +2.06724093048e+001, +8.54384684288e+001, +1.78793190709e-003, +1.64406985346e+000
+1.84780900000e+003, +2.08200796366e+001, +8.54179918886e+001, +1.78753773168e-003, +1.66323109497e+000
+1.86136500000e+003, +2.09688217875e+001, +8.53960596783e+001, +1.78714191033e-003, +1.68311436192e+000
+1.87502000000e+003, +2.11185667570e+001, +8.53744990600e+001, +1.78674221866e-003, +1.70305524656e+000
+1.88877600000e+003, +2.12695722629e+001, +8.53518448755e+001, +1.78635486304e-003, +1.72361497113e+000
+1.90263300000e+003, +2.14214346643e+001, +8.53304552542e+001, +1.78595187616e-003, +1.74389200497e+000
+1.91659100000e+003, +2.15744798630e+001, +8.53080783735e+001, +1.78555497488e-003, +1.76474903868e+000
+1.93065200000e+003, +2.17288937552e+001, +8.52857423008e+001, +1.78518005072e-003, +1.78582201169e+000
+1.94481600000e+003, +2.18839953249e+001, +8.52633322403e+001, +1.78477083653e-003, +1.80709964680e+000
+1.95908300000e+003, +2.20404025956e+001, +8.52410659138e+001, +1.78437872208e-003, +1.82855114888e+000
+1.97345600000e+003, +2.21974890448e+001, +8.52189429684e+001, +1.78395033028e-003, +1.85012477675e+000
+1.98793400000e+003, +2.23558456063e+001, +8.51951920699e+001, +1.78352992617e-003, +1.87255833345e+000
+2.00251800000e+003, +2.25148992954e+001, +8.51730598037e+001, +1.78307950056e-003, +1.89454727519e+000
+2.01720900000e+003, +2.26752680754e+001, +8.51502329110e+001, +1.78264150482e-003, +1.91704346352e+000
+2.03200800000e+003, +2.28363843319e+001, +8.51276384820e+001, +1.78217294238e-003, +1.93963784604e+000
+2.04691500000e+003, +2.29989192563e+001, +8.51053505945e+001, +1.78172675462e-003, +1.96235699389e+000
+2.06193200000e+003, +2.31622861813e+001, +8.50820338624e+001, +1.78125212175e-003, +1.98568753476e+000
+2.07705900000e+003, +2.33272947280e+001, +8.50590653604e+001, +1.78081513435e-003, +2.00915037271e+000
+2.09229700000e+003, +2.34932370617e+001, +8.50379568778e+001, +1.78036464563e-003, +2.03206567847e+000
+2.10764700000e+003, +2.36603815546e+001, +8.50153970524e+001, +1.77991155189e-003, +2.05580401190e+000
+2.12310900000e+003, +2.38286049119e+001, +8.49932749450e+001, +1.77945176458e-003, +2.07958596954e+000
+2.13868500000e+003, +2.39979439582e+001, +8.49696279991e+001, +1.77898123154e-003, +2.10423103208e+000
+2.15437500000e+003, +2.41687614817e+001, +8.49462597380e+001, +1.77853174841e-003, +2.12902812334e+000
+2.17018000000e+003, +2.43405768708e+001, +8.49220526999e+001, +1.77806392918e-003, +2.15440689676e+000
+2.18610100000e+003, +2.45136588548e+001, +8.48976384580e+001, +1.77759857278e-003, +2.18013083738e+000
+2.20213900000e+003, +2.46881242060e+001, +8.48725911503e+001, +1.77714207552e-003, +2.20639660828e+000
+2.21829500000e+003, +2.48636582528e+001, +8.48478047125e+001, +1.77667344959e-003, +2.23279711263e+000
+2.23456900000e+003, +2.50405205314e+001, +8.48230856065e+001, +1.77621090841e-003, +2.25943900234e+000
+2.25096200000e+003, +2.52183072761e+001, +8.47979941648e+001, +1.77572392126e-003, +2.28647947509e+000
+2.26747600000e+003, +2.53970936579e+001, +8.47730523096e+001, +1.77521821115e-003, +2.31369962372e+000
+2.28411100000e+003, +2.55776041625e+001, +8.47480698030e+001, +1.77474399206e-003, +2.34125023214e+000
+2.30086800000e+003, +2.57591628083e+001, +8.47225554904e+001, +1.77425189381e-003, +2.36929162345e+000
+2.31774800000e+003, +2.59420555629e+001, +8.46973525389e+001, +1.77376352244e-003, +2.39747648683e+000
+2.33475100000e+003, +2.61260461649e+001, +8.46714772151e+001, +1.77326001210e-003, +2.42622830496e+000
+2.35188000000e+003, +2.63110537147e+001, +8.46453198688e+001, +1.77273510485e-003, +2.45536893499e+000
+2.36913400000e+003, +2.64971844801e+001, +8.46193096251e+001, +1.77219840889e-003, +2.48471483996e+000
+2.38651500000e+003, +2.66848548576e+001, +8.45936967195e+001, +1.77167715537e-003, +2.51418931885e+000
+2.40402300000e+003, +2.68737465659e+001, +8.45675554496e+001, +1.77114741447e-003, +2.54419266052e+000
+2.42166000000e+003, +2.70640598630e+001, +8.45411982025e+001, +1.77062194279e-003, +2.57460384866e+000
+2.43942600000e+003, +2.72561693407e+001, +8.45157796020e+001, +1.77012844139e-003, +2.60491600799e+000
+2.45732200000e+003, +2.74492745199e+001, +8.44901404333e+001, +1.76961058987e-003, +2.63559811069e+000
+2.47535000000e+003, +2.76436679535e+001, +8.44638825503e+001, +1.76908506089e-003, +2.66687310058e+000
+2.49351000000e+003, +2.78396676500e+001, +8.44372400265e+001, +1.76857292701e-003, +2.69866658348e+000
+2.51180300000e+003, +2.80369788008e+001, +8.44101516120e+001, +1.76805443613e-003, +2.73098579177e+000
+2.53023000000e+003, +2.82355689539e+001, +8.43821017804e+001, +1.76752544649e-003, +2.76408677235e+000
+2.54879300000e+003, +2.84355240384e+001, +8.43528847442e+001, +1.76698947043e-003, +2.79809134947e+000
+2.56749100000e+003, +2.86369916375e+001, +8.43234596832e+001, +1.76645932483e-003, +2.83255120072e+000
+2.58632700000e+003, +2.88394299594e+001, +8.42947400301e+001, +1.76590250866e-003, +2.86695943261e+000
+2.60530100000e+003, +2.90434864933e+001, +8.42659536242e+001, +1.76535671614e-003, +2.90176422759e+000
+2.62441500000e+003, +2.92489939508e+001, +8.42365774564e+001, +1.76480869829e-003, +2.93721754243e+000
+2.64366800000e+003, +2.94559177898e+001, +8.42087815465e+001, +1.76426387805e-003, +2.97221444147e+000
+2.66306300000e+003, +2.96639228914e+001, +8.41803665622e+001, +1.76369361274e-003, +3.00783887523e+000
+2.68260000000e+003, +2.98736940837e+001, +8.41518925183e+001, +1.76314064120e-003, +3.04387840093e+000
+2.70228000000e+003, +3.00847466817e+001, +8.41228893121e+001, +1.76257410702e-003, +3.08053217706e+000
+2.72210500000e+003, +3.02971554080e+001, +8.40942465328e+001, +1.76200019438e-003, +3.11734767807e+000
+2.74207500000e+003, +3.05110137604e+001, +8.40653513888e+001, +1.76142261290e-003, +3.15465718845e+000
+2.76219200000e+003, +3.07267827368e+001, +8.40359157929e+001, +1.76086570096e-003, +3.19266721682e+000
+2.78245600000e+003, +3.09436102772e+001, +8.40056195841e+001, +1.76027950609e-003, +3.23146968363e+000
+2.80286900000e+003, +3.11624519910e+001, +8.39757726656e+001, +1.75972158913e-003, +3.27046768370e+000
+2.82343200000e+003, +3.13824247599e+001, +8.39455888524e+001, +1.75913876197e-003, +3.30999432429e+000
+2.84414600000e+003, +3.16045758079e+001, +8.39153784057e+001, +1.75859026549e-003, +3.34999601867e+000
+2.86501100000e+003, +3.18291623618e+001, +8.38881249083e+001, +1.75809942165e-003, +3.38885584977e+000
+2.88603000000e+003, +3.20539938563e+001, +8.38571352272e+001, +1.75752133823e-003, +3.43003175469e+000
+2.90720300000e+003, +3.22802596882e+001, +8.38262487224e+001, +1.75693501980e-003, +3.47154493459e+000
+2.92853100000e+003, +3.25077669576e+001, +8.37949621416e+001, +1.75632802661e-003, +3.51365947234e+000
+2.95001500000e+003, +3.27368409192e+001, +8.37628385015e+001, +1.75571621768e-003, +3.55666559470e+000
+2.97165800000e+003, +3.29669167384e+001, +8.37306460125e+001, +1.75507040938e-003, +3.60007472705e+000
+2.99345900000e+003, +3.31987408026e+001, +8.36982281225e+001, +1.75443091301e-003, +3.64406142344e+000
+3.01541900000e+003, +3.34320601376e+001, +8.36652521094e+001, +1.75378265325e-003, +3.68879634543e+000
+3.03754100000e+003, +3.36676155514e+001, +8.36315274111e+001, +1.75316202014e-003, +3.73448219732e+000
+3.05982600000e+003, +3.39041719187e+001, +8.35986012294e+001, +1.75250927834e-003, +3.78008438936e+000
+3.08227400000e+003, +3.41431763986e+001, +8.35650936240e+001, +1.75189480042e-003, +3.82657416165e+000
+3.10488600000e+003, +3.43836033213e+001, +8.35312277520e+001, +1.75126571234e-003, +3.87371428781e+000
+3.12766500000e+003, +3.46260827683e+001, +8.34970427208e+001, +1.75065267102e-003, +3.92155955559e+000
+3.15061000000e+003, +3.48698007505e+001, +8.34634108540e+001, +1.75001810839e-003, +3.96949745280e+000
+3.17372400000e+003, +3.51157463492e+001, +8.34291810082e+001, +1.74940620812e-003, +4.01833721195e+000
+3.19700700000e+003, +3.53631322498e+001, +8.33954255997e+001, +1.74878131982e-003, +4.06734226343e+000
+3.22046200000e+003, +3.56120320687e+001, +8.33613745086e+001, +1.74814310735e-003, +4.11699302007e+000
+3.24408800000e+003, +3.58631429921e+001, +8.33269287590e+001, +1.74752605317e-003, +4.16743846215e+000
+3.26788800000e+003, +3.61152324531e+001, +8.32926158972e+001, +1.74687037834e-003, +4.21821338855e+000
+3.29186200000e+003, +3.63699726311e+001, +8.32576985661e+001, +1.74625464958e-003, +4.26997890037e+000
+3.31601200000e+003, +3.66257762685e+001, +8.32231073496e+001, +1.74560464512e-003, +4.32196965663e+000
+3.34033900000e+003, +3.68840236533e+001, +8.31882644102e+001, +1.74498390653e-003, +4.37471629053e+000
+3.36484500000e+003, +3.71436783514e+001, +8.31530550318e+001, +1.74434169654e-003, +4.42817681053e+000
+3.38953000000e+003, +3.74049580829e+001, +8.31176261017e+001, +1.74368919522e-003, +4.48228953125e+000
+3.41439700000e+003, +3.76682028946e+001, +8.30819821057e+001, +1.74304088903e-003, +4.53709838216e+000
+3.43944600000e+003, +3.79331526823e+001, +8.30458244359e+001, +1.74238367199e-003, +4.59277462043e+000
+3.46467900000e+003, +3.81991026640e+001, +8.30090280770e+001, +1.74168413398e-003, +4.64932534746e+000
+3.49009700000e+003, +3.84673960155e+001, +8.29719160178e+001, +1.74100469403e-003, +4.70671028818e+000
+3.51570100000e+003, +3.87368441910e+001, +8.29339742458e+001, +1.74028911348e-003, +4.76513694333e+000
+3.54149400000e+003, +3.90085580200e+001, +8.28965074684e+001, +1.73959114730e-003, +4.82387494716e+000
+3.56747500000e+003, +3.92819316318e+001, +8.28584195348e+001, +1.73888004933e-003, +4.88359240758e+000
+3.59364700000e+003, +3.95573626736e+001, +8.28200812660e+001, +1.73817353493e-003, +4.94409696355e+000
+3.62001100000e+003, +3.98342680864e+001, +8.27819404471e+001, +1.73744735156e-003, +5.00501408014e+000
+3.64656900000e+003, +4.01129635462e+001, +8.27434285505e+001, +1.73671255670e-003, +5.06677852584e+000
+3.67332100000e+003, +4.03939244595e+001, +8.27048606609e+001, +1.73599101915e-003, +5.12923915909e+000
+3.70027000000e+003, +4.06763569452e+001, +8.26660842276e+001, +1.73524664747e-003, +5.19240734163e+000
+3.72741600000e+003, +4.09617891432e+001, +8.26267324827e+001, +1.73454326588e-003, +5.25674513754e+000
+3.75476200000e+003, +4.12491237301e+001, +8.25880541940e+001, +1.73383737047e-003, +5.32123393431e+000
+3.78230800000e+003, +4.15381142922e+001, +8.25485250276e+001, +1.73311287498e-003, +5.38693139380e+000
+3.81005600000e+003, +4.18294061319e+001, +8.25089176248e+001, +1.73239902751e-003, +5.45337832770e+000
+3.83800800000e+003, +4.21222847663e+001, +8.24691542936e+001, +1.73166507018e-003, +5.52054355302e+000
+3.86616500000e+003, +4.24173269263e+001, +8.24289252904e+001, +1.73093334119e-003, +5.58873591106e+000
+3.89452800000e+003, +4.27143575587e+001, +8.23879965142e+001, +1.73019531797e-003, +5.65811668237e+000
+3.92309900000e+003, +4.30120465893e+001, +8.23472260153e+001, +1.72940022899e-003, +5.72788510924e+000
+3.95188000000e+003, +4.33129945177e+001, +8.23056643488e+001, +1.72864847839e-003, +5.79909950680e+000
+3.98087300000e+003, +4.36159494922e+001, +8.22643911514e+001, +1.72789303224e-003, +5.87079609605e+000
+4.01007800000e+003, +4.39206172087e+001, +8.22221491928e+001, +1.72711734275e-003, +5.94388967908e+000
+4.03949700000e+003, +4.42274968543e+001, +8.21802854023e+001, +1.72634598971e-003, +6.01743690029e+000
+4.06913200000e+003, +4.45367165832e+001, +8.21371453690e+001, +1.72557624998e-003, +6.09272798007e+000
+4.09898400000e+003, +4.48478921728e+001, +8.20942852372e+001, +1.72479927498e-003, +6.16852888953e+000
+4.12905600000e+003, +4.51614184792e+001, +8.20508048509e+001, +1.72402538294e-003, +6.24559673636e+000
+4.15934800000e+003, +4.54767146760e+001, +8.20074874013e+001, +1.72323578381e-003, +6.32325029646e+000
+4.18986200000e+003, +4.57938585628e+001, +8.19643324104e+001, +1.72243302848e-003, +6.40150208153e+000
+4.22060000000e+003, +4.61123450907e+001, +8.19208887202e+001, +1.72159591608e-003, +6.48064201880e+000
+4.25156400000e+003, +4.64336293025e+001, +8.18773729930e+001, +1.72077928460e-003, +6.56070949404e+000
+4.28275400000e+003, +4.67569191915e+001, +8.18332551122e+001, +1.71995133648e-003, +6.64202762131e+000
+4.31417400000e+003, +4.70826911187e+001, +8.17890121981e+001, +1.71913017282e-003, +6.72429079821e+000
+4.34582400000e+003, +4.74100988872e+001, +8.17449571238e+001, +1.71828639873e-003, +6.80712897927e+000
+4.37770600000e+003, +4.77409225238e+001, +8.16997060456e+001, +1.71747782757e-003, +6.89194057570e+000
+4.40982300000e+003, +4.80740294448e+001, +8.16554624596e+001, +1.71667164170e-003, +6.97675997162e+000
+4.44217400000e+003, +4.84090139244e+001, +8.16099429430e+001, +1.71584395026e-003, +7.06342461835e+000
+4.47476400000e+003, +4.87460438240e+001, +8.15637346086e+001, +1.71500169421e-003, +7.15149112618e+000
+4.50759200000e+003, +4.90854594663e+001, +8.15178300024e+001, +1.71416185660e-003, +7.24018527607e+000
+4.54066100000e+003, +4.94269665380e+001, +8.14706950116e+001, +1.71330630111e-003, +7.33077251671e+000
+4.57397300000e+003, +4.97700694264e+001, +8.14227057200e+001, +1.71241914481e-003, +7.42288224341e+000
+4.60752900000e+003, +5.01155957581e+001, +8.13748979733e+001, +1.71153361316e-003, +7.51576153023e+000
+4.64133100000e+003, +5.04637896109e+001, +8.13266607986e+001, +1.71065453964e-003, +7.60998182157e+000
+4.67538100000e+003, +5.08138311150e+001, +8.12779349269e+001, +1.70975320235e-003, +7.70548486464e+000
+4.70968100000e+003, +5.11670166794e+001, +8.12292375133e+001, +1.70887504623e-003, +7.80202511494e+000
+4.74423300000e+003, +5.15232374567e+001, +8.11798250283e+001, +1.70801187849e-003, +7.90025386261e+000
+4.77903800000e+003, +5.18813328306e+001, +8.11305754926e+001, +1.70712885804e-003, +7.99922713592e+000
+4.81409900000e+003, +5.22420660849e+001, +8.10807121377e+001, +1.70624676805e-003, +8.09976461864e+000
+4.84941600000e+003, +5.26048447911e+001, +8.10304928499e+001, +1.70534756680e-003, +8.20155793913e+000
+4.88499300000e+003, +5.29700093022e+001, +8.09798717844e+001, +1.70444099055e-003, +8.30471401127e+000
+4.92083100000e+003, +5.33371012529e+001, +8.09297456139e+001, +1.70351648418e-003, +8.40834979779e+000
+4.95693200000e+003, +5.37056180209e+001, +8.08788104426e+001, +1.70255177555e-003, +8.51358799768e+000
+4.99329700000e+003, +5.40780099580e+001, +8.08276888837e+001, +1.70162744864e-003, +8.62025777319e+000
+5.02993000000e+003, +5.44515727419e+001, +8.07763368075e+001, +1.70065663256e-003, +8.72798062538e+000
+5.06683100000e+003, +5.48286394122e+001, +8.07249770929e+001, +1.69971381041e-003, +8.83692937667e+000
+5.10400300000e+003, +5.52074468859e+001, +8.06723674499e+001, +1.69873714896e-003, +8.94800875104e+000
+5.14144700000e+003, +5.55889094679e+001, +8.06196685320e+001, +1.69776053408e-003, +9.06028523566e+000
+5.17916600000e+003, +5.59729061346e+001, +8.05676960571e+001, +1.69678339852e-003, +9.17296163568e+000
+5.21716200000e+003, +5.63600940263e+001, +8.05146598409e+001, +1.69581624689e-003, +9.28787561435e+000
+5.25543700000e+003, +5.67495868346e+001, +8.04609762598e+001, +1.69483370322e-003, +9.40450291223e+000
+5.29399300000e+003, +5.71417649349e+001, +8.04067574017e+001, +1.69384727106e-003, +9.52281559569e+000
+5.33283100000e+003, +5.75382372304e+001, +8.03526516277e+001, +1.69290729979e-003, +9.64245929439e+000
+5.37195400000e+003, +5.79368701652e+001, +8.02979332952e+001, +1.69194594446e-003, +9.76380725384e+000
+5.41136500000e+003, +5.83379571197e+001, +8.02422995622e+001, +1.69096967371e-003, +9.88723126112e+000
+5.45106400000e+003, +5.87406059759e+001, +8.01866500130e+001, +1.68995764910e-003, +1.00116957689e+001
+5.49105500000e+003, +5.91457236672e+001, +8.01311965570e+001, +1.68893650201e-003, +1.01371452668e+001
+5.53133900000e+003, +5.95527017578e+001, +8.00758208016e+001, +1.68788840167e-003, +1.02635989275e+001
+5.57191800000e+003, +5.99606403268e+001, +8.00198005517e+001, +1.68678439149e-003, +1.03916486219e+001
+5.61279600000e+003, +6.03730622442e+001, +7.99645787325e+001, +1.68573036618e-003, +1.05204269006e+001
+5.65397300000e+003, +6.07878628931e+001, +7.99071514427e+001, +1.68465141922e-003, +1.06526986866e+001
+5.69545200000e+003, +6.12055300816e+001, +7.98498451973e+001, +1.68357253666e-003, +1.07861563000e+001
+5.73723600000e+003, +6.16286545976e+001, +7.97937941280e+001, +1.68256968470e-003, +1.09200639128e+001
+5.77932600000e+003, +6.20534959183e+001, +7.97344460835e+001, +1.68151566195e-003, +1.10585953033e+001
+5.82172500000e+003, +6.24802627052e+001, +7.96754770558e+001, +1.68043541851e-003, +1.11979193382e+001
+5.86443500000e+003, +6.29098505870e+001, +7.96157631017e+001, +1.67934700343e-003, +1.13394087314e+001
+5.90745800000e+003, +6.33420211265e+001, +7.95560393151e+001, +1.67824762114e-003, +1.14822454364e+001
+5.95079700000e+003, +6.37767437292e+001, +7.94957247433e+001, +1.67713280225e-003, +1.16270675367e+001
+5.99445400000e+003, +6.42132991694e+001, +7.94350002305e+001, +1.67598451813e-003, +1.17735643541e+001
+6.03843100000e+003, +6.46524154637e+001, +7.93736026531e+001, +1.67482038885e-003, +1.19221762828e+001
+6.08273100000e+003, +6.50945391032e+001, +7.93122160196e+001, +1.67365515201e-003, +1.20722450029e+001
+6.12735600000e+003, +6.55396466816e+001, +7.92506564689e+001, +1.67248677114e-003, +1.22239816719e+001
+6.17230800000e+003, +6.59880543067e+001, +7.91881663781e+001, +1.67131862315e-003, +1.23783155808e+001
+6.21759000000e+003, +6.64395157116e+001, +7.91256012935e+001, +1.67014839790e-003, +1.25342570329e+001
+6.26320400000e+003, +6.68949576543e+001, +7.90630684817e+001, +1.66899941518e-003, +1.26918700236e+001
+6.30915300000e+003, +6.73526118636e+001, +7.90001481183e+001, +1.66782434479e-003, +1.28513132879e+001
+6.35543900000e+003, +6.78130838076e+001, +7.89365048387e+001, +1.66663623102e-003, +1.30131081430e+001
+6.40206400000e+003, +6.82763025953e+001, +7.88725620033e+001, +1.66543547733e-003, +1.31767712587e+001
+6.44903200000e+003, +6.87422362114e+001, +7.88080270400e+001, +1.66421891002e-003, +1.33426562667e+001
+6.49634400000e+003, +6.92109615455e+001, +7.87427707244e+001, +1.66298769807e-003, +1.35109535413e+001
+6.54400300000e+003, +6.96824204292e+001, +7.86771211388e+001, +1.66174186686e-003, +1.36812861072e+001
+6.59201200000e+003, +7.01569748768e+001, +7.86113856916e+001, +1.66049136476e-003, +1.38533743975e+001
+6.64037300000e+003, +7.06344207257e+001, +7.85449676291e+001, +1.65922758111e-003, +1.40279108889e+001
+6.68908900000e+003, +7.11148003920e+001, +7.84788131814e+001, +1.65795659008e-003, +1.42037787871e+001
+6.73816200000e+003, +7.15979201022e+001, +7.84131612742e+001, +1.65667515554e-003, +1.43806498861e+001
+6.78759500000e+003, +7.20846933632e+001, +7.83465402786e+001, +1.65539520607e-003, +1.45605187213e+001
+6.83739100000e+003, +7.25730720472e+001, +7.82795343739e+001, +1.65407268756e-003, +1.47422800202e+001
+6.88755200000e+003, +7.30656724266e+001, +7.82120319776e+001, +1.65276660585e-003, +1.49266218401e+001
+6.93808100000e+003, +7.35610092760e+001, +7.81439488147e+001, +1.65144201809e-003, +1.51133710862e+001
+6.98898100000e+003, +7.40599315213e+001, +7.80742545124e+001, +1.65011125327e-003, +1.53040294723e+001
+7.04025500000e+003, +7.45614959124e+001, +7.80044911802e+001, +1.64876205191e-003, +1.54964897866e+001
+7.09190400000e+003, +7.50674862281e+001, +7.79336422112e+001, +1.64742758480e-003, +1.56924379489e+001
+7.14393300000e+003, +7.55757105917e+001, +7.78624481880e+001, +1.64606305244e-003, +1.58905005154e+001
+7.19634300000e+003, +7.60871531726e+001, +7.77914022707e+001, +1.64469326323e-003, +1.60902616592e+001
+7.24913700000e+003, +7.66024221629e+001, +7.77198441474e+001, +1.64332672078e-003, +1.62927206866e+001
+7.30231900000e+003, +7.71210596205e+001, +7.76480076112e+001, +1.64195415288e-003, +1.64974985453e+001
+7.35589100000e+003, +7.76426595166e+001, +7.75758209191e+001, +1.64056625548e-003, +1.67046216193e+001
+7.40985600000e+003, +7.81680292431e+001, +7.75034680670e+001, +1.63918082964e-003, +1.69140387475e+001
+7.46421700000e+003, +7.86960652128e+001, +7.74299002061e+001, +1.63776757420e-003, +1.71269333718e+001
+7.51897700000e+003, +7.92270626337e+001, +7.73568043836e+001, +1.63634318190e-003, +1.73411345831e+001
+7.57413900000e+003, +7.97605487882e+001, +7.72842074933e+001, +1.63489796231e-003, +1.75564998799e+001
+7.62970500000e+003, +8.02980817020e+001, +7.72107760785e+001, +1.63345525505e-003, +1.77751920437e+001
+7.68567900000e+003, +8.08383943166e+001, +7.71370059269e+001, +1.63199170708e-003, +1.79962833855e+001
+7.74206300000e+003, +8.13822093285e+001, +7.70622602459e+001, +1.63051771450e-003, +1.82208358758e+001
+7.79886100000e+003, +8.19295393437e+001, +7.69867067411e+001, +1.62903390249e-003, +1.84486571383e+001
+7.85607600000e+003, +8.24796077388e+001, +7.69102883140e+001, +1.62752408131e-003, +1.86796856102e+001
+7.91371100000e+003, +8.30330677311e+001, +7.68328571137e+001, +1.62599993064e-003, +1.89143116875e+001
+7.97176800000e+003, +8.35899107791e+001, +7.67550496335e+001, +1.62446530754e-003, +1.91516692615e+001
+8.03025200000e+003, +8.41492392689e+001, +7.66768888014e+001, +1.62290229940e-003, +1.93915413985e+001
+8.08916400000e+003, +8.47127523499e+001, +7.65979538859e+001, +1.62134106064e-003, +1.96349455983e+001
+8.14850900000e+003, +8.52798358173e+001, +7.65185770793e+001, +1.61977105974e-003, +1.98812948548e+001
+8.20828900000e+003, +8.58495221304e+001, +7.64382365993e+001, +1.61817031118e-003, +2.01311478944e+001
+8.26850700000e+003, +8.64220114358e+001, +7.63580904771e+001, +1.61655046804e-003, +2.03828906558e+001
+8.32916800000e+003, +8.69981959155e+001, +7.62766606966e+001, +1.61491755392e-003, +2.06389199784e+001
+8.39027300000e+003, +8.75780661479e+001, +7.61956274951e+001, +1.61328290990e-003, +2.08967894275e+001
+8.45182700000e+003, +8.81609723281e+001, +7.61143205346e+001, +1.61162930598e-003, +2.11573474105e+001
+8.51383200000e+003, +8.87476447104e+001, +7.60331429784e+001, +1.60997291155e-003, +2.14201833220e+001
+8.57629200000e+003, +8.93375311214e+001, +7.59520027754e+001, +1.60830261030e-003, +2.16853131573e+001
+8.63921000000e+003, +8.99304132274e+001, +7.58699310060e+001, +1.60660755633e-003, +2.19541694925e+001
+8.70259000000e+003, +9.05278082846e+001, +7.57875740919e+001, +1.60491894037e-003, +2.22261726348e+001
+8.76643500000e+003, +9.11277908825e+001, +7.57043186419e+001, +1.60319786992e-003, +2.25018184242e+001
+8.83074800000e+003, +9.17322821360e+001, +7.56213166540e+001, +1.60148622200e-003, +2.27798329187e+001
+8.89553300000e+003, +9.23413859256e+001, +7.55376822140e+001, +1.59977867756e-003, +2.30616350479e+001
+8.96079400000e+003, +9.29528601804e+001, +7.54533385613e+001, +1.59803528229e-003, +2.33468189592e+001
+9.02653300000e+003, +9.35677039513e+001, +7.53681369512e+001, +1.59627239839e-003, +2.36359016173e+001
+9.09275400000e+003, +9.41852647866e+001, +7.52822697519e+001, +1.59448002457e-003, +2.39284497957e+001
+9.15946200000e+003, +9.48058850802e+001, +7.51954377937e+001, +1.59266146856e-003, +2.42250596132e+001
+9.22665800000e+003, +9.54289602461e+001, +7.51060123129e+001, +1.59079491894e-003, +2.45282378591e+001
+9.29434800000e+003, +9.60559461093e+001, +7.50165203329e+001, +1.58892269469e-003, +2.48343547263e+001
+9.36253400000e+003, +9.66861815231e+001, +7.49270289062e+001, +1.58703435199e-003, +2.51431471708e+001
+9.43122100000e+003, +9.73206714850e+001, +7.48376236376e+001, +1.58514656902e-003, +2.54547508516e+001
+9.50041100000e+003, +9.79587266441e+001, +7.47477319096e+001, +1.58324370618e-003, +2.57699440288e+001
+9.57010900000e+003, +9.86021045401e+001, +7.46586396372e+001, +1.58136320789e-003, +2.60870868745e+001
+9.64031800000e+003, +9.92494241233e+001, +7.45695043003e+001, +1.57947604416e-003, +2.64072168601e+001
+9.71104200000e+003, +9.98989056280e+001, +7.44799901239e+001, +1.57755117069e-003, +2.67304393198e+001
+9.78228600000e+003, +1.00553069473e+002, +7.43890046168e+001, +1.57561978268e-003, +2.70592987670e+001
+9.85405200000e+003, +1.01208460147e+002, +7.42987042684e+001, +1.57364435002e-003, +2.73892578612e+001
+9.92634400000e+003, +1.01866602221e+002, +7.42073476061e+001, +1.57163560927e-003, +2.77236935854e+001
+9.99916700000e+003, +1.02528434708e+002, +7.41152542395e+001, +1.56961025558e-003, +2.80623563796e+001
+1.00725240000e+004, +1.03194397547e+002, +7.40233331969e+001, +1.56758194707e-003, +2.84038314936e+001
+1.01464190000e+004, +1.03864047468e+002, +7.39300335680e+001, +1.56553144972e-003, +2.87507097577e+001
+1.02208560000e+004, +1.04537445657e+002, +7.38363363425e+001, +1.56346708562e-003, +2.91013476357e+001
+1.02958390000e+004, +1.05215357605e+002, +7.37419703268e+001, +1.56139780960e-003, +2.94564657383e+001
+1.03713730000e+004, +1.05898674046e+002, +7.36469036325e+001, +1.55933579881e-003, +2.98164119428e+001
+1.04474600000e+004, +1.06584235916e+002, +7.35513858734e+001, +1.55723637504e-003, +3.01798924202e+001
+1.05241060000e+004, +1.07273578042e+002, +7.34551828246e+001, +1.55511989703e-003, +3.05477876459e+001
+1.06013140000e+004, +1.07967212887e+002, +7.33579267550e+001, +1.55299066081e-003, +3.09209463076e+001
+1.06790890000e+004, +1.08663637749e+002, +7.32601729015e+001, +1.55083114406e-003, +3.12979796790e+001
+1.07574340000e+004, +1.09364465119e+002, +7.31609680595e+001, +1.54865665935e-003, +3.16811237065e+001
+1.08363540000e+004, +1.10068824665e+002, +7.30616664478e+001, +1.54646545444e-003, +3.20677024954e+001
+1.09158530000e+004, +1.10777950924e+002, +7.29611774138e+001, +1.54426568095e-003, +3.24601122424e+001
+1.09959350000e+004, +1.11488397249e+002, +7.28607699498e+001, +1.54201962577e-003, +3.28550377253e+001
+1.10766040000e+004, +1.12203241870e+002, +7.27603888933e+001, +1.53976978158e-003, +3.32534958858e+001
+1.11578660000e+004, +1.12920091425e+002, +7.26600364644e+001, +1.53748301351e-003, +3.36547879293e+001
+1.12397230000e+004, +1.13641577216e+002, +7.25592867184e+001, +1.53519204982e-003, +3.40605150589e+001
+1.13221810000e+004, +1.14365782394e+002, +7.24582301329e+001, +1.53287129496e-003, +3.44699611675e+001
+1.14052440000e+004, +1.15094817321e+002, +7.23573667791e+001, +1.53055329819e-003, +3.48828298151e+001
+1.14889170000e+004, +1.15825663540e+002, +7.22551446917e+001, +1.52818449403e-003, +3.53012044793e+001
+1.15732030000e+004, +1.16560054900e+002, +7.21524830232e+001, +1.52579600269e-003, +3.57238882637e+001
+1.16581080000e+004, +1.17299598598e+002, +7.20482957272e+001, +1.52339906035e-003, +3.61535216638e+001
+1.17436350000e+004, +1.18042540562e+002, +7.19430310643e+001, +1.52097444533e-003, +3.65887577541e+001
+1.18297900000e+004, +1.18789792064e+002, +7.18376719620e+001, +1.51854206418e-003, +3.70279951448e+001
+1.19165770000e+004, +1.19539665019e+002, +7.17321526186e+001, +1.51607975598e-003, +3.74708577752e+001
+1.20040010000e+004, +1.20294169041e+002, +7.16264131315e+001, +1.51361248655e-003, +3.79181145193e+001
+1.20920660000e+004, +1.21051142316e+002, +7.15202608492e+001, +1.51111130187e-003, +3.83694948464e+001
+1.21807770000e+004, +1.21810433458e+002, +7.14134621679e+001, +1.50857249235e-003, +3.88254450656e+001
+1.22701390000e+004, +1.22575039771e+002, +7.13067986153e+001, +1.50604009116e-003, +3.92853730611e+001
+1.23601560000e+004, +1.23342549448e+002, +7.11991631818e+001, +1.50347441103e-003, +3.97507777832e+001
+1.24508340000e+004, +1.24111927651e+002, +7.10911126607e+001, +1.50086787256e-003, +4.02202281701e+001
+1.25421780000e+004, +1.24885753552e+002, +7.09834235866e+001, +1.49825884970e-003, +4.06929851986e+001
+1.26341910000e+004, +1.25660562978e+002, +7.08753401362e+001, +1.49559929781e-003, +4.11694880021e+001
+1.27268790000e+004, +1.26441013224e+002, +7.07665601096e+001, +1.49294203178e-003, +4.16519157179e+001
+1.28202470000e+004, +1.27225085285e+002, +7.06561637716e+001, +1.49025434804e-003, +4.21415773681e+001
+1.29143010000e+004, +1.28012217710e+002, +7.05455752724e+001, +1.48754248250e-003, +4.26353575537e+001
+1.30090440000e+004, +1.28804636676e+002, +7.04335906467e+001, +1.48482138940e-003, +4.31365716563e+001
+1.31044820000e+004, +1.29603178973e+002, +7.03197444370e+001, +1.48209561168e-003, +4.36465665956e+001
+1.32006210000e+004, +1.30403745196e+002, +7.02058610350e+001, +1.47933460833e-003, +4.41601422665e+001
+1.32974650000e+004, +1.31207792965e+002, +7.00907643399e+001, +1.47654439896e-003, +4.46803358187e+001
+1.33950190000e+004, +1.32015875145e+002, +6.99756640878e+001, +1.47374243820e-003, +4.52047755282e+001
+1.34932890000e+004, +1.32827748199e+002, +6.98603153443e+001, +1.47092356299e-003, +4.57339292858e+001
+1.35922800000e+004, +1.33639582601e+002, +6.97448069995e+001, +1.46804654144e-003, +4.62663026144e+001
+1.36919970000e+004, +1.34455590371e+002, +6.96290061137e+001, +1.46515703574e-003, +4.68036550865e+001
+1.37924460000e+004, +1.35276068152e+002, +6.95129034763e+001, +1.46225795546e-003, +4.73461404001e+001
+1.38936320000e+004, +1.36099179709e+002, +6.93968353940e+001, +1.45933266154e-003, +4.78923961507e+001
+1.39955600000e+004, +1.36928089330e+002, +6.92808310878e+001, +1.45641544580e-003, +4.84434856663e+001
+1.40982350000e+004, +1.37758097486e+002, +6.91642077673e+001, +1.45344967993e-003, +4.89992977497e+001
+1.42016640000e+004, +1.38590868317e+002, +6.90493493053e+001, +1.45047636193e-003, +4.95550659563e+001
+1.43058520000e+004, +1.39429771855e+002, +6.89329506016e+001, +1.44749885035e-003, +5.01194551154e+001
+1.44108040000e+004, +1.40270412956e+002, +6.88155768995e+001, +1.44447671504e-003, +5.06896716801e+001
+1.45165260000e+004, +1.41117262684e+002, +6.86978962984e+001, +1.44146256459e-003, +5.12658466805e+001
+1.46230240000e+004, +1.41967746337e+002, +6.85791625689e+001, +1.43842231949e-003, +5.18488027562e+001
+1.47303030000e+004, +1.42825008982e+002, +6.84592671507e+001, +1.43538653178e-003, +5.24400000263e+001
+1.48383690000e+004, +1.43683208755e+002, +6.83387875153e+001, +1.43230184404e-003, +5.30360123627e+001
+1.49472280000e+004, +1.44545646496e+002, +6.82168446200e+001, +1.42919278041e-003, +5.36401450290e+001
+1.50568860000e+004, +1.45410740245e+002, +6.80944509177e+001, +1.42605370655e-003, +5.42494960255e+001
+1.51673480000e+004, +1.46277264483e+002, +6.79715824127e+001, +1.42287281119e-003, +5.48636888054e+001
+1.52786200000e+004, +1.47145178734e+002, +6.78469501952e+001, +1.41963724890e-003, +5.54857937012e+001
+1.53907090000e+004, +1.48017476132e+002, +6.77210155789e+001, +1.41638064395e-003, +5.61159082495e+001
+1.55036200000e+004, +1.48889462187e+002, +6.75954907882e+001, +1.41307570051e-003, +5.67481967574e+001
+1.56173590000e+004, +1.49765900570e+002, +6.74700012707e+001, +1.40976449929e-003, +5.73853660386e+001
+1.57319330000e+004, +1.50645945116e+002, +6.73440223402e+001, +1.40643358429e-003, +5.80283827501e+001
+1.58473470000e+004, +1.51530055483e+002, +6.72185280851e+001, +1.40309737211e-003, +5.86750828485e+001
+1.59636080000e+004, +1.52416410423e+002, +6.70944768846e+001, +1.39974900775e-003, +5.93224098536e+001
+1.60807220000e+004, +1.53306661593e+002, +6.69696765059e+001, +1.39638141621e-003, +5.99763632736e+001
+1.61986950000e+004, +1.54200925601e+002, +6.68438258284e+001, +1.39299249461e-003, +6.06377781830e+001
+1.63175340000e+004, +1.55099043799e+002, +6.67171758414e+001, +1.38958327690e-003, +6.13060234775e+001
+1.64372440000e+004, +1.55998109854e+002, +6.65895977030e+001, +1.38612666746e-003, +6.19803120185e+001
+1.65578330000e+004, +1.56903057597e+002, +6.64598905517e+001, +1.38265397492e-003, +6.26656614946e+001
+1.66793060000e+004, +1.57811490415e+002, +6.63303153030e+001, +1.37916760008e-003, +6.33555125106e+001
+1.68016710000e+004, +1.58721808388e+002, +6.62001074688e+001, +1.37564561435e-003, +6.40511668087e+001
+1.69249330000e+004, +1.59634027815e+002, +6.60694931543e+001, +1.37209110495e-003, +6.47520823875e+001
+1.70491000000e+004, +1.60550608516e+002, +6.59396382374e+001, +1.36853779489e-003, +6.54562981101e+001
+1.71741770000e+004, +1.61467045850e+002, +6.58097546666e+001, +1.36493934490e-003, +6.61639862193e+001
+1.73001720000e+004, +1.62385550200e+002, +6.56800377946e+001, +1.36131718253e-003, +6.68755451543e+001
+1.74270920000e+004, +1.63308304484e+002, +6.55494454882e+001, +1.35767866278e-003, +6.75945816802e+001
+1.75549420000e+004, +1.64233148887e+002, +6.54185188167e+001, +1.35401185362e-003, +6.83188372322e+001
+1.76837310000e+004, +1.65160760194e+002, +6.52870960450e+001, +1.35032075998e-003, +6.90490355324e+001
+1.78134640000e+004, +1.66092882620e+002, +6.51544589398e+001, +1.34661208779e-003, +6.97878259941e+001
+1.79441490000e+004, +1.67027622618e+002, +6.50217628949e+001, +1.34288295032e-003, +7.05314197403e+001
+1.80757930000e+004, +1.67966627867e+002, +6.48888447480e+001, +1.33914501115e-003, +7.12809595132e+001
+1.82084030000e+004, +1.68907154735e+002, +6.47540593521e+001, +1.33535846934e-003, +7.20396884389e+001
+1.83419850000e+004, +1.69850025472e+002, +6.46203977006e+001, +1.33156316774e-003, +7.28000160173e+001
+1.84765480000e+004, +1.70797347292e+002, +6.44847629446e+001, +1.32774159152e-003, +7.35711473085e+001
+1.86120970000e+004, +1.71744739253e+002, +6.43487557402e+001, +1.32387763885e-003, +7.43469507669e+001
+1.87486410000e+004, +1.72696163749e+002, +6.42113577481e+001, +1.31999091149e-003, +7.51319185964e+001
+1.88861870000e+004, +1.73649965268e+002, +6.40750573912e+001, +1.31609656650e-003, +7.59186103962e+001
+1.90247420000e+004, +1.74606678291e+002, +6.39382400941e+001, +1.31218103764e-003, +7.67116481637e+001
+1.91643130000e+004, +1.75566932218e+002, +6.38006504246e+001, +1.30824637752e-003, +7.75120398498e+001
+1.93049090000e+004, +1.76535189593e+002, +6.36631402070e+001, +1.30433511166e-003, +7.83194539590e+001
+1.94465360000e+004, +1.77502007877e+002, +6.35257527323e+001, +1.30037796807e-003, +7.91296002452e+001
+1.95892010000e+004, +1.78471002092e+002, +6.33881825159e+001, +1.29639886679e-003, +7.99449255414e+001
+1.97329140000e+004, +1.79442025847e+002, +6.32499321003e+001, +1.29239131547e-003, +8.07667659840e+001
+1.98776810000e+004, +1.80412274908e+002, +6.31111128887e+001, +1.28833702173e-003, +8.15935677217e+001
+2.00235090000e+004, +1.81381365065e+002, +6.29723483810e+001, +1.28424131212e-003, +8.24234028239e+001
+2.01704080000e+004, +1.82347002092e+002, +6.28326498164e+001, +1.28007759225e-003, +8.32580040074e+001
+2.03183840000e+004, +1.83319818599e+002, +6.26939808349e+001, +1.27594385931e-003, +8.40966661224e+001
+2.04674460000e+004, +1.84293944599e+002, +6.25532281975e+001, +1.27176321569e-003, +8.49455711487e+001
+2.06176020000e+004, +1.85270626287e+002, +6.24135814620e+001, +1.26758138387e-003, +8.57962249670e+001
+2.07688590000e+004, +1.86251616473e+002, +6.22723808021e+001, +1.26337989062e-003, +8.66570646239e+001
+2.09212260000e+004, +1.87240719578e+002, +6.21325973070e+001, +1.25921863987e-003, +8.75213561243e+001
+2.10747100000e+004, +1.88232216466e+002, +6.19918693843e+001, +1.25503151986e-003, +8.83932566045e+001
+2.12293210000e+004, +1.89227225039e+002, +6.18496627532e+001, +1.25081981765e-003, +8.92748866344e+001
+2.13850660000e+004, +1.90222763353e+002, +6.17084874905e+001, +1.24659346917e-003, +9.01575576043e+001
+2.15419530000e+004, +1.91219689536e+002, +6.15655736632e+001, +1.24232628447e-003, +9.10497643144e+001
+2.16999920000e+004, +1.92219346903e+002, +6.14220681425e+001, +1.23804066187e-003, +9.19488275344e+001
+2.18591890000e+004, +1.93217972430e+002, +6.12775316750e+001, +1.23370774600e-003, +9.28542644576e+001
+2.20195550000e+004, +1.94220551223e+002, +6.11332104530e+001, +1.22937449083e-003, +9.37647984667e+001
+2.21810970000e+004, +1.95221465522e+002, +6.09884727205e+001, +1.22499832153e-003, +9.46795945679e+001
+2.23438250000e+004, +1.96220114857e+002, +6.08446673282e+001, +1.22059240160e-003, +9.55943169686e+001
+2.25077460000e+004, +1.97219529776e+002, +6.07023726893e+001, +1.21618354043e-003, +9.65086546502e+001
+2.26728700000e+004, +1.98215839916e+002, +6.05616119813e+001, +1.21174896454e-003, +9.74205787422e+001
+2.28392050000e+004, +1.99213900919e+002, +6.04194999770e+001, +1.20728491837e-003, +9.83411284234e+001
+2.30067610000e+004, +2.00222313686e+002, +6.02761516526e+001, +1.20284467609e-003, +9.92742631907e+001
+2.31755450000e+004, +2.01223713299e+002, +6.01327851434e+001, +1.19833849969e-003, +1.00207721421e+002
+2.33455680000e+004, +2.02231213188e+002, +5.99871127485e+001, +1.19381791924e-003, +1.01154996803e+002
+2.35168380000e+004, +2.03247864795e+002, +5.98369616815e+001, +1.18927416891e-003, +1.02124388741e+002
+2.36893650000e+004, +2.04264995008e+002, +5.96873412995e+001, +1.18471635116e-003, +1.03096294647e+002
+2.38631580000e+004, +2.05282144251e+002, +5.95387278959e+001, +1.18014823392e-003, +1.04068983245e+002
+2.40382250000e+004, +2.06300666729e+002, +5.93903047480e+001, +1.17556840779e-003, +1.05045629580e+002
+2.42145770000e+004, +2.07316653049e+002, +5.92427543498e+001, +1.17096346181e-003, +1.06022101850e+002
+2.43922230000e+004, +2.08338673667e+002, +5.90978934898e+001, +1.16640461239e-003, +1.06997075760e+002
+2.45711720000e+004, +2.09358377583e+002, +5.89540354747e+001, +1.16182486197e-003, +1.07971465767e+002
+2.47514330000e+004, +2.10378868203e+002, +5.88091821055e+001, +1.15721789658e-003, +1.08953096018e+002
+2.49330180000e+004, +2.11399090428e+002, +5.86640699629e+001, +1.15258730643e-003, +1.09939119862e+002
+2.51159340000e+004, +2.12421168081e+002, +5.85183152945e+001, +1.14794061245e-003, +1.10931852929e+002
+2.53001920000e+004, +2.13444168396e+002, +5.83721293490e+001, +1.14327564850e-003, +1.11930154656e+002
+2.54858020000e+004, +2.14461697415e+002, +5.82240187361e+001, +1.13854051536e-003, +1.12935415994e+002
+2.56727740000e+004, +2.15484503731e+002, +5.80761085435e+001, +1.13381921178e-003, +1.13946545668e+002
+2.58611170000e+004, +2.16509790480e+002, +5.79274772193e+001, +1.12908566318e-003, +1.14965024238e+002
+2.60508420000e+004, +2.17538210911e+002, +5.77799923817e+001, +1.12436648976e-003, +1.15985224954e+002
+2.62419590000e+004, +2.18568093157e+002, +5.76317038820e+001, +1.11962918049e-003, +1.17012508344e+002
+2.64344790000e+004, +2.19609394148e+002, +5.74843506183e+001, +1.11494614384e-003, +1.18046625895e+002
+2.66284100000e+004, +2.20655374926e+002, +5.73379401151e+001, +1.11028272195e-003, +1.19083948203e+002
+2.68237640000e+004, +2.21696714418e+002, +5.71897209549e+001, +1.10555811877e-003, +1.20128360396e+002
+2.70205520000e+004, +2.22732154956e+002, +5.70420149429e+001, +1.10079610786e-003, +1.21171613874e+002
+2.72187830000e+004, +2.23771863310e+002, +5.68941464266e+001, +1.09603948029e-003, +1.22221404207e+002
+2.74184680000e+004, +2.24792595296e+002, +5.67455407765e+001, +1.09116818049e-003, +1.23266888657e+002
+2.76196190000e+004, +2.25817819360e+002, +5.65966736641e+001, +1.08630398170e-003, +1.24319304946e+002
+2.78222450000e+004, +2.26839749481e+002, +5.64478024600e+001, +1.08141297311e-003, +1.25373522428e+002
+2.80263570000e+004, +2.27862431972e+002, +5.62997406029e+001, +1.07652538903e-003, +1.26429058855e+002
+2.82319670000e+004, +2.28885765906e+002, +5.61520270623e+001, +1.07163536599e-003, +1.27487355549e+002
+2.84390860000e+004, +2.29906012724e+002, +5.60032749313e+001, +1.06670856639e-003, +1.28550916151e+002
+2.86477240000e+004, +2.30920911604e+002, +5.58553653806e+001, +1.06175911394e-003, +1.29612190047e+002
+2.88578920000e+004, +2.31940958881e+002, +5.57077871048e+001, +1.05682957932e-003, +1.30678729644e+002
+2.90696030000e+004, +2.32966321395e+002, +5.55606222294e+001, +1.05192152479e-003, +1.31750363291e+002
+2.92828660000e+004, +2.33994194011e+002, +5.54115925291e+001, +1.04699360208e-003, +1.32833166546e+002
+2.94976940000e+004, +2.35026859832e+002, +5.52650227913e+001, +1.04211051401e-003, +1.33913911963e+002
+2.97140990000e+004, +2.36084279934e+002, +5.51174021045e+001, +1.03731559453e-003, +1.35015831768e+002
+2.99320900000e+004, +2.37138349030e+002, +5.49693582132e+001, +1.03249195727e-003, +1.36120835880e+002
+3.01516820000e+004, +2.38187236552e+002, +5.48223001548e+001, +1.02765026084e-003, +1.37223056533e+002
+3.03728840000e+004, +2.39237099688e+002, +5.46739613235e+001, +1.02278935013e-003, +1.38333701428e+002
+3.05957080000e+004, +2.40277944718e+002, +5.45262818153e+001, +1.01789174885e-003, +1.39440369047e+002
+3.08201680000e+004, +2.41310883550e+002, +5.43774345286e+001, +1.01294041987e-003, +1.40549873087e+002
+3.10462740000e+004, +2.42340895597e+002, +5.42286185112e+001, +1.00797265628e-003, +1.41660972981e+002
+3.12740390000e+004, +2.43370854269e+002, +5.40793051597e+001, +1.00299432409e-003, +1.42777137866e+002
+3.15034750000e+004, +2.44397242643e+002, +5.39312202201e+001, +9.98013374355e-004, +1.43890342927e+002
+3.17345950000e+004, +2.45425101775e+002, +5.37835141486e+001, +9.93040228021e-004, +1.45006434999e+002
+3.19674090000e+004, +2.46451102289e+002, +5.36359988935e+001, +9.88059463698e-004, +1.46124076056e+002
+3.22019320000e+004, +2.47483232816e+002, +5.34898858807e+001, +9.83118724053e-004, +1.47243781938e+002
+3.24381760000e+004, +2.48510267879e+002, +5.33437087324e+001, +9.78154944190e-004, +1.48363942450e+002
+3.26761520000e+004, +2.49538415074e+002, +5.31972874311e+001, +9.73191030776e-004, +1.49488859008e+002
+3.29158740000e+004, +2.50566016201e+002, +5.30515101493e+001, +9.68232079861e-004, +1.50614427868e+002
+3.31573550000e+004, +2.51589210883e+002, +5.29055818071e+001, +9.63253631542e-004, +1.51741072093e+002
+3.34006080000e+004, +2.52609975827e+002, +5.27605971176e+001, +9.58277928584e-004, +1.52866106764e+002
+3.36456450000e+004, +2.53630406401e+002, +5.26146350289e+001, +9.53289063084e-004, +1.53997510151e+002
+3.38924800000e+004, +2.54650714178e+002, +5.24688453794e+001, +9.48302797211e-004, +1.55131362603e+002
+3.41411260000e+004, +2.55677994939e+002, +5.23239516852e+001, +9.43354871675e-004, +1.56269425840e+002
+3.43915960000e+004, +2.56697974333e+002, +5.21775104680e+001, +9.38361671637e-004, +1.57411601570e+002
+3.46439030000e+004, +2.57738205259e+002, +5.20322473050e+001, +9.33458728504e-004, +1.58565149226e+002
+3.48980610000e+004, +2.58777711177e+002, +5.18854559703e+001, +9.28534643801e-004, +1.59726818877e+002
+3.51540840000e+004, +2.59811719405e+002, +5.17402240409e+001, +9.23612106281e-004, +1.60882674021e+002
+3.54119860000e+004, +2.60841527276e+002, +5.15947351994e+001, +9.18673461651e-004, +1.62039918735e+002
+3.56717790000e+004, +2.61867212217e+002, +5.14496485617e+001, +9.13728139860e-004, +1.63196209917e+002
+3.59334780000e+004, +2.62885150966e+002, +5.13054119972e+001, +9.08769989397e-004, +1.64347630198e+002
+3.61970970000e+004, +2.63893461455e+002, +5.11606454294e+001, +9.03776080075e-004, +1.65497872264e+002
+3.64626500000e+004, +2.64897649783e+002, +5.10161021349e+001, +8.98775882135e-004, +1.66647630884e+002
+3.67301520000e+004, +2.65902222404e+002, +5.08730703691e+001, +8.93801542457e-004, +1.67795068157e+002
+3.69996150000e+004, +2.66907405589e+002, +5.07301471719e+001, +8.88836288329e-004, +1.68945345512e+002
+3.72710560000e+004, +2.67913855541e+002, +5.05876989007e+001, +8.83887077235e-004, +1.70097542490e+002
+3.75444880000e+004, +2.68921581987e+002, +5.04473036114e+001, +8.78974110882e-004, +1.71245937910e+002
+3.78199260000e+004, +2.69931323346e+002, +5.03067590623e+001, +8.74071984812e-004, +1.72398940927e+002
+3.80973850000e+004, +2.70934276710e+002, +5.01661502613e+001, +8.69153606948e-004, +1.73550603548e+002
+3.83768790000e+004, +2.71944169616e+002, +5.00253639081e+001, +8.64262055483e-004, +1.74710105176e+002
+3.86584230000e+004, +2.72942674965e+002, +4.98851480553e+001, +8.59348712352e-004, +1.75862939506e+002
+3.89420340000e+004, +2.73937230311e+002, +4.97424052316e+001, +8.54398854844e-004, +1.77025125903e+002
+3.92277240000e+004, +2.74933575846e+002, +4.95993073148e+001, +8.49458345025e-004, +1.78192453201e+002
+3.95155110000e+004, +2.75925062397e+002, +4.94566657235e+001, +8.44517086581e-004, +1.79357630537e+002
+3.98054090000e+004, +2.76917655706e+002, +4.93153060017e+001, +8.39604229411e-004, +1.80521471229e+002
+4.00974340000e+004, +2.77916412075e+002, +4.91746843306e+001, +8.34728187388e-004, +1.81689247378e+002
+4.03916010000e+004, +2.78915407772e+002, +4.90363478223e+001, +8.29890471812e-004, +1.82851395777e+002
+4.06879260000e+004, +2.79915059257e+002, +4.88982573298e+001, +8.25066799516e-004, +1.84015646415e+002
+4.09864260000e+004, +2.80912312057e+002, +4.87600323675e+001, +8.20243598621e-004, +1.85181373675e+002
+4.12871150000e+004, +2.81915355618e+002, +4.86238094414e+001, +8.15471791187e-004, +1.86346077471e+002
+4.15900100000e+004, +2.82915262219e+002, +4.84867322149e+001, +8.10689652978e-004, +1.87514386532e+002
+4.18951270000e+004, +2.83913680979e+002, +4.83502802552e+001, +8.05920865672e-004, +1.88681900970e+002
+4.22024830000e+004, +2.84919751496e+002, +4.82125492578e+001, +8.01167605913e-004, +1.89861739955e+002
+4.25120930000e+004, +2.85927206255e+002, +4.80758283695e+001, +7.96440653021e-004, +1.91041262720e+002
+4.28239750000e+004, +2.86924596995e+002, +4.79407863437e+001, +7.91716768083e-004, +1.92210290916e+002
+4.31381450000e+004, +2.87916113147e+002, +4.78057609280e+001, +7.86987610968e-004, +1.93377734559e+002
+4.34546200000e+004, +2.88902223784e+002, +4.76721643014e+001, +7.82272638779e-004, +1.94538600355e+002
+4.37734160000e+004, +2.89861021712e+002, +4.75418627144e+001, +7.77536788698e-004, +1.95671071527e+002
+4.40945510000e+004, +2.90824415462e+002, +4.74143092312e+001, +7.72860089629e-004, +1.96798588309e+002
+4.44180430000e+004, +2.91782082188e+002, +4.72839134678e+001, +7.68145788882e-004, +1.97935038109e+002
+4.47439070000e+004, +2.92742703647e+002, +4.71550740498e+001, +7.63471656555e-004, +1.99069844478e+002
+4.50721620000e+004, +2.93711350860e+002, +4.70243478108e+001, +7.58808104871e-004, +2.00219359465e+002
+4.54028260000e+004, +2.94687077718e+002, +4.68936012805e+001, +7.54175357812e-004, +2.01375980234e+002
+4.57359150000e+004, +2.95683423715e+002, +4.67587136438e+001, +7.49556696546e-004, +2.02564496679e+002
+4.60714480000e+004, +2.96680856596e+002, +4.66251993093e+001, +7.44969675641e-004, +2.03750885558e+002
+4.64094420000e+004, +2.97662614603e+002, +4.64921378833e+001, +7.40361324799e-004, +2.04927048915e+002
+4.67499160000e+004, +2.98637820116e+002, +4.63616198139e+001, +7.35780929370e-004, +2.06091298511e+002
+4.70928880000e+004, +2.99611742255e+002, +4.62305537090e+001, +7.31203994697e-004, +2.07258875801e+002
+4.74383760000e+004, +3.00576826161e+002, +4.61047525216e+001, +7.26683449078e-004, +2.08402555307e+002
+4.77863980000e+004, +3.01536826643e+002, +4.59778226041e+001, +7.22150787124e-004, +2.09549022991e+002
+4.81369740000e+004, +3.02490624372e+002, +4.58509962798e+001, +7.17618844251e-004, +2.10692807979e+002
+4.84901220000e+004, +3.03453181894e+002, +4.57246419364e+001, +7.13127778091e-004, +2.11842915968e+002
+4.88458600000e+004, +3.04403612624e+002, +4.55986089370e+001, +7.08626638940e-004, +2.12985328722e+002
+4.92042090000e+004, +3.05350223395e+002, +4.54735158371e+001, +7.04142906755e-004, +2.14123448457e+002
+4.95651860000e+004, +3.06298067727e+002, +4.53483347934e+001, +6.99676028928e-004, +2.15264695754e+002
+4.99288120000e+004, +3.07242038222e+002, +4.52228902430e+001, +6.95212323780e-004, +2.16406136413e+002
+5.02951050000e+004, +3.08182674139e+002, +4.50986993127e+001, +6.90771600898e-004, +2.17542343839e+002
+5.06640850000e+004, +3.09125925703e+002, +4.49764667175e+001, +6.86375712581e-004, +2.18674800011e+002
+5.10357730000e+004, +3.10064037815e+002, +4.48538491827e+001, +6.81979312034e-004, +2.19806931469e+002
+5.14101870000e+004, +3.10995719580e+002, +4.47320984104e+001, +6.77594977707e-004, +2.20933008866e+002
+5.17873480000e+004, +3.11934754091e+002, +4.46105968052e+001, +6.73245484871e-004, +2.22065157105e+002
+5.21672760000e+004, +3.12872746631e+002, +4.44913041248e+001, +6.68935774421e-004, +2.23189907319e+002
+5.25499910000e+004, +3.13810442937e+002, +4.43717091840e+001, +6.64637603651e-004, +2.24317373224e+002
+5.29355140000e+004, +3.14750168294e+002, +4.42548216204e+001, +6.60391552639e-004, +2.25437673916e+002
+5.33238650000e+004, +3.15705633633e+002, +4.41400119358e+001, +6.56218414400e-004, +2.26563034784e+002
+5.37150660000e+004, +3.16654775893e+002, +4.40252811712e+001, +6.52048173530e-004, +2.27685302977e+002
+5.41091360000e+004, +3.17596175490e+002, +4.39111034553e+001, +6.47883947753e-004, +2.28801595833e+002
+5.45060970000e+004, +3.18547388910e+002, +4.37963439951e+001, +6.43748361819e-004, +2.29928904317e+002
+5.49059710000e+004, +3.19477790845e+002, +4.36829118193e+001, +6.39601954768e-004, +2.31037765468e+002
+5.53087780000e+004, +3.20399592568e+002, +4.35686537592e+001, +6.35444964762e-004, +2.32145217378e+002
+5.57145410000e+004, +3.21310115709e+002, +4.34542717435e+001, +6.31280871075e-004, +2.33246570741e+002
+5.61232800000e+004, +3.22222317105e+002, +4.33406608309e+001, +6.27145964312e-004, +2.34347739163e+002
+5.65350170000e+004, +3.23143305567e+002, +4.32268421528e+001, +6.23042493184e-004, +2.35457674232e+002
+5.69497760000e+004, +3.24058564616e+002, +4.31140199996e+001, +6.18956176828e-004, +2.36561151639e+002
+5.73675770000e+004, +3.24973311287e+002, +4.29999323141e+001, +6.14871127294e-004, +2.37670695960e+002
+5.77884430000e+004, +3.25900240524e+002, +4.28869977019e+001, +6.10839061985e-004, +2.38786245168e+002
+5.82123970000e+004, +3.26818611713e+002, +4.27736378591e+001, +6.06802676119e-004, +2.39898718745e+002
+5.86394610000e+004, +3.27744205703e+002, +4.26617974754e+001, +6.02813720890e-004, +2.41012142672e+002
+5.90696580000e+004, +3.28675528278e+002, +4.25524350734e+001, +5.98879895995e-004, +2.42121704428e+002
+5.95030120000e+004, +3.29600910212e+002, +4.24407972439e+001, +5.94925655802e-004, +2.43237237973e+002
+5.99395440000e+004, +3.30567135820e+002, +4.23365848135e+001, +5.91145071802e-004, +2.44355626325e+002
+6.03792790000e+004, +3.31516903244e+002, +4.22306112661e+001, +5.87330158281e-004, +2.45470236369e+002
+6.08222400000e+004, +3.32468121750e+002, +4.21256024058e+001, +5.83544066627e-004, +2.46583689594e+002
+6.12684510000e+004, +3.33405963168e+002, +4.20207030240e+001, +5.79751272220e-004, +2.47688288934e+002
+6.17179350000e+004, +3.34327535587e+002, +4.19152918168e+001, +5.75940510831e-004, +2.48784245714e+002
+6.21707170000e+004, +3.35220228180e+002, +4.18081096116e+001, +5.72077048532e-004, +2.49867007329e+002
+6.26268210000e+004, +3.36100913035e+002, +4.17014865963e+001, +5.68216919923e-004, +2.50939973564e+002
+6.30862710000e+004, +3.36991536389e+002, +4.15956476198e+001, +5.64399892828e-004, +2.52018622553e+002
+6.35490910000e+004, +3.37881575562e+002, +4.14911111295e+001, +5.60613696695e-004, +2.53093069779e+002
+6.40153070000e+004, +3.38767708166e+002, +4.13880113358e+001, +5.56854230835e-004, +2.54160279007e+002
+6.44849430000e+004, +3.39669435744e+002, +4.12894367371e+001, +5.53187244664e-004, +2.55222791085e+002
+6.49580240000e+004, +3.40576126104e+002, +4.11914797705e+001, +5.49551577742e-004, +2.56287911872e+002
+6.54345760000e+004, +3.41491151269e+002, +4.10959352041e+001, +5.45971934496e-004, +2.57351155825e+002
+6.59146250000e+004, +3.42398488321e+002, +4.10004583459e+001, +5.42396774248e-004, +2.58409622392e+002
+6.63981950000e+004, +3.43308162966e+002, +4.09055008035e+001, +5.38847077436e-004, +2.59469084497e+002
+6.68853120000e+004, +3.44214167036e+002, +4.08089240577e+001, +5.35290200731e-004, +2.60533387664e+002
+6.73760040000e+004, +3.45121421424e+002, +4.07152352763e+001, +5.31782643788e-004, +2.61588547573e+002
+6.78702950000e+004, +3.46034395067e+002, +4.06216971984e+001, +5.28301458459e-004, +2.62648691940e+002
+6.83682120000e+004, +3.46932771733e+002, +4.05275725845e+001, +5.24807745060e-004, +2.63701289961e+002
+6.88697830000e+004, +3.47841217911e+002, +4.04337662308e+001, +5.21348790529e-004, +2.64761505742e+002
+6.93750330000e+004, +3.48735869042e+002, +4.03401765343e+001, +5.17887625555e-004, +2.65811572656e+002
+6.98839900000e+004, +3.49631761951e+002, +4.02429317553e+001, +5.14405830010e-004, +2.66878179791e+002
+7.03966800000e+004, +3.50521806775e+002, +4.01484591371e+001, +5.10961351961e-004, +2.67930577853e+002
+7.09131320000e+004, +3.51416039775e+002, +4.00540213288e+001, +5.07539756998e-004, +2.68987208359e+002
+7.14333730000e+004, +3.52307848737e+002, +3.99615574505e+001, +5.04151760712e-004, +2.70035351568e+002
+7.19574300000e+004, +3.53194397541e+002, +3.98701046676e+001, +5.00783137003e-004, +2.71076607511e+002
+7.24853320000e+004, +3.54082576038e+002, +3.97835606311e+001, +4.97484278069e-004, +2.72100829119e+002
+7.30171070000e+004, +3.54964491267e+002, +3.97022628540e+001, +4.94247073988e-004, +2.73100566502e+002
+7.35527830000e+004, +3.55845885534e+002, +3.96206230380e+001, +4.91021223425e-004, +2.74102306167e+002
+7.40923890000e+004, +3.56736499802e+002, +3.95384487382e+001, +4.87818093595e-004, +2.75114319955e+002
+7.46359530000e+004, +3.57628249901e+002, +3.94576088400e+001, +4.84645635735e-004, +2.76122978015e+002
+7.51835060000e+004, +3.58516482519e+002, +3.93750749369e+001, +4.81466365368e-004, +2.77136691222e+002
+7.57350750000e+004, +3.59433331504e+002, +3.92913615014e+001, +4.78328604103e-004, +2.78178285554e+002
+7.62906910000e+004, +3.60350444055e+002, +3.92085853299e+001, +4.75215543249e-004, +2.79217460604e+002
+7.68503830000e+004, +3.61259887288e+002, +3.91264795686e+001, +4.72113988391e-004, +2.80249111050e+002
+7.74141810000e+004, +3.62158896100e+002, +3.90442033612e+001, +4.69012052087e-004, +2.81274405456e+002
+7.79821160000e+004, +3.63062986751e+002, +3.89637255903e+001, +4.65949805593e-004, +2.82297531702e+002
+7.85542170000e+004, +3.63930864904e+002, +3.88810991515e+001, +4.62834795308e-004, +2.83302076374e+002
+7.91305150000e+004, +3.64794009622e+002, +3.87998251673e+001, +4.59743101602e-004, +2.84298518571e+002
+7.97110410000e+004, +3.65672152770e+002, +3.87183876551e+001, +4.56684268134e-004, +2.85308278105e+002
+8.02958250000e+004, +3.66542230327e+002, +3.86378436464e+001, +4.53639700709e-004, +2.86309153431e+002
+8.08849000000e+004, +3.67424701442e+002, +3.85596465903e+001, +4.50648960229e-004, +2.87311300812e+002
+8.14782970000e+004, +3.68319479540e+002, +3.84808018792e+001, +4.47681799168e-004, +2.88326639208e+002
+8.20760470000e+004, +3.69243929117e+002, +3.84046487191e+001, +4.44791475446e-004, +2.89355441628e+002
+8.26781820000e+004, +3.70170113818e+002, +3.83286468240e+001, +4.41918567929e-004, +2.90386014527e+002
+8.32847350000e+004, +3.71085219273e+002, +3.82522285443e+001, +4.39042300995e-004, +2.91410569569e+002
+8.38957380000e+004, +3.72003351822e+002, +3.81778063681e+001, +4.36202953551e-004, +2.92430486694e+002
+8.45112230000e+004, +3.72914227312e+002, +3.81040961293e+001, +4.33375850649e-004, +2.93442814739e+002
+8.51312230000e+004, +3.73816710341e+002, +3.80317780501e+001, +4.30566341532e-004, +2.94443896886e+002
+8.57557720000e+004, +3.74718247674e+002, +3.79593165069e+001, +4.27768302339e-004, +2.95445745047e+002
+8.63849030000e+004, +3.75616907422e+002, +3.78897125369e+001, +4.25008172518e-004, +2.96434747520e+002
+8.70186490000e+004, +3.76520302851e+002, +3.78187688300e+001, +4.22254376250e-004, +2.97433792812e+002
+8.76570450000e+004, +3.77422918621e+002, +3.77478328845e+001, +4.19513500846e-004, +2.98433106067e+002
+8.83001240000e+004, +3.78299534376e+002, +3.76782999980e+001, +4.16770902555e-004, +2.99407089687e+002
+8.89479210000e+004, +3.79188857616e+002, +3.76096486048e+001, +4.14064523107e-004, +3.00388439457e+002
+8.96004710000e+004, +3.80081211249e+002, +3.75423474390e+001, +4.11387762027e-004, +3.01367603605e+002
+9.02578080000e+004, +3.80979331473e+002, +3.74751268987e+001, +4.08731471650e-004, +3.02351879653e+002
+9.09199670000e+004, +3.81880022918e+002, +3.74095811997e+001, +4.06106823602e-004, +3.03332282655e+002
+9.15869840000e+004, +3.82794386287e+002, +3.73468345885e+001, +4.03535600142e-004, +3.04313065654e+002
+9.22588940000e+004, +3.83752112383e+002, +3.72868887266e+001, +4.01048124460e-004, +3.05317836030e+002
+9.29357340000e+004, +3.84695982289e+002, +3.72254295706e+001, +3.98544097410e-004, +3.06318600100e+002
+9.36175390000e+004, +3.85619512373e+002, +3.71630641202e+001, +3.96022924707e-004, +3.07307712441e+002
+9.43043460000e+004, +3.86543034769e+002, +3.71028000983e+001, +3.93533240902e-004, +3.08289116930e+002
+9.49961920000e+004, +3.87463352822e+002, +3.70398225233e+001, +3.91028012455e-004, +3.09279848734e+002
+9.56931140000e+004, +3.88353167884e+002, +3.69706252446e+001, +3.88448714020e-004, +3.10272412908e+002
+9.63951480000e+004, +3.89237923453e+002, +3.69054957162e+001, +3.85914319394e-004, +3.11245177732e+002
+9.71023330000e+004, +3.90126875015e+002, +3.68406331648e+001, +3.83399610960e-004, +3.12221016381e+002
+9.78147050000e+004, +3.91032850864e+002, +3.67772916402e+001, +3.80928070551e-004, +3.13205082995e+002
+9.85323040000e+004, +3.91923230437e+002, +3.67159514895e+001, +3.78471803374e-004, +3.14169279259e+002
+9.92551680000e+004, +3.92840269587e+002, +3.66559951031e+001, +3.76065951211e-004, +3.15149978742e+002
+9.99833340000e+004, +3.93760226458e+002, +3.66014439481e+001, +3.73722453620e-004, +3.16111674153e+002
+1.00716843000e+005, +3.94683358089e+002, +3.65436950190e+001, +3.71365604368e-004, +3.17089794724e+002
+1.01455733000e+005, +3.95614187518e+002, +3.64883338935e+001, +3.69048517864e-004, +3.18065086238e+002
+1.02200043000e+005, +3.96542846574e+002, +3.64327496795e+001, +3.66738950797e-004, +3.19040321242e+002
+1.02949815000e+005, +3.97474412945e+002, +3.63745492773e+001, +3.64420936077e-004, +3.20029430695e+002
+1.03705086000e+005, +3.98416645048e+002, +3.63161182890e+001, +3.62122238064e-004, +3.21028875956e+002
+1.04465899000e+005, +3.99366229400e+002, +3.62568310397e+001, +3.59834248883e-004, +3.22038583865e+002
+1.05232293000e+005, +4.00306173366e+002, +3.61990567955e+001, +3.57561892559e-004, +3.23035086571e+002
+1.06004310000e+005, +4.01256560420e+002, +3.61454025402e+001, +3.55345120250e-004, +3.24023795925e+002
+1.06781990000e+005, +4.02188060601e+002, +3.60921395428e+001, +3.53125947606e-004, +3.24996391140e+002
+1.07565376000e+005, +4.03120123685e+002, +3.60465831293e+001, +3.50983235318e-004, +3.25938277425e+002
+1.08354509000e+005, +4.04059562770e+002, +3.59991097147e+001, +3.48841326829e-004, +3.26894743358e+002
+1.09149431000e+005, +4.04991569244e+002, +3.59512882235e+001, +3.46700660348e-004, +3.27847327581e+002
+1.09950185000e+005, +4.05941261473e+002, +3.59051719364e+001, +3.44599786097e-004, +3.28807837452e+002
+1.10756813000e+005, +4.06885421417e+002, +3.58596036488e+001, +3.42508999617e-004, +3.29762267462e+002
+1.11569359000e+005, +4.07821419913e+002, +3.58121661885e+001, +3.40406233768e-004, +3.30718535370e+002
+1.12387867000e+005, +4.08772936962e+002, +3.57648947545e+001, +3.38328120462e-004, +3.31687383297e+002
+1.13212379000e+005, +4.09724794066e+002, +3.57186396486e+001, +3.36268778414e-004, +3.32652956257e+002
+1.14042940000e+005, +4.10675404210e+002, +3.56729980120e+001, +3.34223498161e-004, +3.33615632462e+002
+1.14879594000e+005, +4.11643262710e+002, +3.56260015616e+001, +3.32191217411e-004, +3.34598669913e+002
+1.15722386000e+005, +4.12601135358e+002, +3.55780029160e+001, +3.30152750662e-004, +3.35578484483e+002
+1.16571362000e+005, +4.13585572082e+002, +3.55295824224e+001, +3.28142034174e-004, +3.36582385005e+002
+1.17426565000e+005, +4.14555871824e+002, +3.54828241538e+001, +3.26143181745e-004, +3.37568519309e+002
+1.18288043000e+005, +4.15540290290e+002, +3.54356111282e+001, +3.24161484430e-004, +3.38568763714e+002
+1.19155840000e+005, +4.16508191728e+002, +3.53900388742e+001, +3.22189583747e-004, +3.39549345888e+002
+1.20030005000e+005, +4.17484756814e+002, +3.53442122084e+001, +3.20231981261e-004, +3.40538744181e+002
+1.20910582000e+005, +4.18444842686e+002, +3.52966249226e+001, +3.18257578065e-004, +3.41522808512e+002
+1.21797619000e+005, +4.19400278304e+002, +3.52508960693e+001, +3.16304039660e-004, +3.42495909884e+002
+1.22691164000e+005, +4.20372350282e+002, +3.52072635402e+001, +3.14389002296e-004, +3.43474399596e+002
+1.23591265000e+005, +4.21339617844e+002, +3.51637985817e+001, +3.12481075693e-004, +3.44448906346e+002
+1.24497968000e+005, +4.22318594016e+002, +3.51229627139e+001, +3.10611429277e-004, +3.45422488259e+002
+1.25411324000e+005, +4.23322075380e+002, +3.50863745945e+001, +3.08801299280e-004, +3.46398712024e+002
+1.26331380000e+005, +4.24333323883e+002, +3.50530191111e+001, +3.07029926360e-004, +3.47368140259e+002
+1.27258186000e+005, +4.25337373506e+002, +3.50172297408e+001, +3.05242994138e-004, +3.48342599613e+002
+1.28191792000e+005, +4.26355199802e+002, +3.49831626644e+001, +3.03487252723e-004, +3.49321582796e+002
+1.29132246000e+005, +4.27364712473e+002, +3.49481646215e+001, +3.01726684167e-004, +3.50298299889e+002
+1.30079600000e+005, +4.28364627599e+002, +3.49106720054e+001, +2.99948879521e-004, +3.51278396474e+002
+1.31033904000e+005, +4.29347991518e+002, +3.48724366567e+001, +2.98162495065e-004, +3.52248694856e+002
+1.31995210000e+005, +4.30340534724e+002, +3.48328259311e+001, +2.96380887176e-004, +3.53233021788e+002
+1.32963567000e+005, +4.31338889689e+002, +3.47962386599e+001, +2.94634272506e-004, +3.54209747948e+002
+1.33939029000e+005, +4.32355466017e+002, +3.47584144811e+001, +2.92899245807e-004, +3.55207348469e+002
+1.34921647000e+005, +4.33373849411e+002, +3.47228943087e+001, +2.91190547336e-004, +3.56197118402e+002
+1.35911474000e+005, +4.34452748369e+002, +3.46932266477e+001, +2.89572933343e-004, +3.57211973785e+002
+1.36908563000e+005, +4.35526950770e+002, +3.46611996421e+001, +2.87942037153e-004, +3.58233706328e+002
+1.37912966000e+005, +4.36588664620e+002, +3.46292330743e+001, +2.86310557359e-004, +3.59245472052e+002
+1.38924739000e+005, +4.37667576535e+002, +3.45967522587e+001, +2.84693843353e-004, +3.60274186434e+002
+1.39943933000e+005, +4.38713975538e+002, +3.45633250129e+001, +2.83056494751e-004, +3.61280816822e+002
+1.40970605000e+005, +4.39729077568e+002, +3.45261599627e+001, +2.81379951909e-004, +3.62278493350e+002
+1.42004809000e+005, +4.40735555862e+002, +3.44883887321e+001, +2.79701701797e-004, +3.63272296203e+002
+1.43046601000e+005, +4.41751905587e+002, +3.44490375082e+001, +2.78026669590e-004, +3.64281723754e+002
+1.44096035000e+005, +4.42777607593e+002, +3.44140992517e+001, +2.76396712571e-004, +3.65280212031e+002
+1.45153168000e+005, +4.43819244038e+002, +3.43790588006e+001, +2.74783666108e-004, +3.66292869455e+002
+1.46218056000e+005, +4.44887128609e+002, +3.43474989957e+001, +2.73218615849e-004, +3.67312533595e+002
+1.47290757000e+005, +4.45981516911e+002, +3.43186242311e+001, +2.71695451541e-004, +3.68342857708e+002
+1.48371328000e+005, +4.47079134278e+002, +3.42907938142e+001, +2.70188108747e-004, +3.69371786962e+002
+1.49459826000e+005, +4.48163810453e+002, +3.42629608608e+001, +2.68679534205e-004, +3.70390545573e+002
+1.50556309000e+005, +4.49272803940e+002, +3.42338016327e+001, +2.67182992792e-004, +3.71435764738e+002
+1.51660837000e+005, +4.50364807007e+002, +3.42075406139e+001, +2.65702697388e-004, +3.72454664262e+002
+1.52773467000e+005, +4.51466184991e+002, +3.41793014693e+001, +2.64220930102e-004, +3.73490560478e+002
+1.53894261000e+005, +4.52569410720e+002, +3.41518876030e+001, +2.62752309713e-004, +3.74524845494e+002
+1.55023277000e+005, +4.53665643412e+002, +3.41250450110e+001, +2.61289927404e-004, +3.75551310879e+002
+1.56160575000e+005, +4.54766501470e+002, +3.40974370820e+001, +2.59831503188e-004, +3.76585505705e+002
+1.57306218000e+005, +4.55865022299e+002, +3.40673438243e+001, +2.58361614574e-004, +3.77629348951e+002
+1.58460265000e+005, +4.56946095706e+002, +3.40351565390e+001, +2.56874616245e-004, +3.78668623649e+002
+1.59622778000e+005, +4.58013479491e+002, +3.40019548788e+001, +2.55380154358e-004, +3.79701644509e+002
+1.60793820000e+005, +4.59084658187e+002, +3.39697047412e+001, +2.53901092081e-004, +3.80734116979e+002
+1.61973453000e+005, +4.60179388818e+002, +3.39367783095e+001, +2.52437457602e-004, +3.81789714868e+002
+1.63161741000e+005, +4.61282708734e+002, +3.39091988543e+001, +2.51020096452e-004, +3.82829004130e+002
+1.64358746000e+005, +4.62411335192e+002, +3.38812794705e+001, +2.49620536241e-004, +3.83891335916e+002
+1.65564532000e+005, +4.63557391651e+002, +3.38580872762e+001, +2.48266976963e-004, +3.84947357875e+002
+1.66779165000e+005, +4.64711136449e+002, +3.38347947802e+001, +2.46922556592e-004, +3.86010672928e+002
+1.68002709000e+005, +4.65874303729e+002, +3.38120657383e+001, +2.45592345030e-004, +3.87079725952e+002
+1.69235228000e+005, +4.67039235367e+002, +3.37886228199e+001, +2.44264029233e-004, +3.88153934131e+002
+1.70476790000e+005, +4.68213263395e+002, +3.37658565963e+001, +2.42950265289e-004, +3.89233096040e+002
+1.71727461000e+005, +4.69364737224e+002, +3.37407146096e+001, +2.41615313993e-004, +3.90304770717e+002
+1.72987306000e+005, +4.70520709431e+002, +3.37172479912e+001, +2.40298929903e-004, +3.91373036281e+002
+1.74256395000e+005, +4.71698103940e+002, +3.36931730027e+001, +2.38995191471e-004, +3.92462363952e+002
+1.75534794000e+005, +4.72872110953e+002, +3.36683044660e+001, +2.37690264876e-004, +3.93552982832e+002
+1.76822571000e+005, +4.74043787143e+002, +3.36436472199e+001, +2.36391009847e-004, +3.94641183633e+002
+1.78119796000e+005, +4.75244611651e+002, +3.36157841817e+001, +2.35091912391e-004, +3.95768864760e+002
+1.79426538000e+005, +4.76440371366e+002, +3.35867983275e+001, +2.33788896382e-004, +3.96898044864e+002
+1.80742867000e+005, +4.77648616047e+002, +3.35604085744e+001, +2.32513401158e-004, +3.98026232854e+002
+1.82068852000e+005, +4.78847102022e+002, +3.35336620960e+001, +2.31236340911e-004, +3.99148464212e+002
+1.83404566000e+005, +4.80065638147e+002, +3.35100070759e+001, +2.29993035516e-004, +4.00273645196e+002
+1.84750078000e+005, +4.81277035283e+002, +3.34851544575e+001, +2.28744194014e-004, +4.01398909615e+002
+1.86105462000e+005, +4.82447859502e+002, +3.34664796258e+001, +2.27518531571e-004, +4.02462146235e+002
+1.87470789000e+005, +4.83648054530e+002, +3.34475119878e+001, +2.26310017823e-004, +4.03551629953e+002
+1.88846133000e+005, +4.84872044112e+002, +3.34263067187e+001, +2.25104183552e-004, +4.04671797319e+002
+1.90231566000e+005, +4.86070118695e+002, +3.34067835874e+001, +2.23901277400e-004, +4.05762917679e+002
+1.91627164000e+005, +4.87274360066e+002, +3.33860373293e+001, +2.22698964569e-004, +4.06865313695e+002
+1.93033000000e+005, +4.88536693007e+002, +3.33622342931e+001, +2.21510053566e-004, +4.08030987124e+002
+1.94449150000e+005, +4.89790487052e+002, +3.33379233577e+001, +2.20319082625e-004, +4.09192419338e+002
+1.95875689000e+005, +4.91033418125e+002, +3.33131303429e+001, +2.19125295787e-004, +4.10347553778e+002
+1.97312694000e+005, +4.92291820046e+002, +3.32912960803e+001, +2.17960435131e-004, +4.11502181094e+002
+1.98760241000e+005, +4.93535342320e+002, +3.32694764287e+001, +2.16793794163e-004, +4.12644765186e+002
+2.00218407000e+005, +4.94763623826e+002, +3.32468877434e+001, +2.15620868632e-004, +4.13778703862e+002
+2.01687271000e+005, +4.95980436732e+002, +3.32298693494e+001, +2.14479726763e-004, +4.14877093229e+002
+2.03166912000e+005, +4.97203579935e+002, +3.32098114736e+001, +2.13328705487e-004, +4.15995585271e+002
+2.04657407000e+005, +4.98444644255e+002, +3.31896088453e+001, +2.12189301184e-004, +4.17130182228e+002
+2.06158837000e+005, +4.99691323499e+002, +3.31675970231e+001, +2.11046761566e-004, +4.18278538867e+002
+2.07671282000e+005, +5.00957887446e+002, +3.31458193262e+001, +2.09918609702e-004, +4.19442887708e+002
+2.09194823000e+005, +5.02277176449e+002, +3.31236463990e+001, +2.08814764915e-004, +4.20653752388e+002
+2.10729540000e+005, +5.03589040518e+002, +3.31000456604e+001, +2.07704186157e-004, +4.21865745563e+002
+2.12275518000e+005, +5.04883538522e+002, +3.30770598376e+001, +2.06594290922e-004, +4.23060748335e+002
+2.13832836000e+005, +5.06188651114e+002, +3.30551878166e+001, +2.05499314037e-004, +4.24259779414e+002
+2.15401580000e+005, +5.07510859794e+002, +3.30325441858e+001, +2.04411332975e-004, +4.25477350479e+002
+2.16981833000e+005, +5.08778663127e+002, +3.30105872313e+001, +2.03309635286e-004, +4.26646479841e+002
+2.18573679000e+005, +5.10050538640e+002, +3.29892593982e+001, +2.02217554837e-004, +4.27816442248e+002
+2.20177203000e+005, +5.11331413707e+002, +3.29667628767e+001, +2.01127210826e-004, +4.29000086865e+002
+2.21792491000e+005, +5.12636978970e+002, +3.29471599735e+001, +2.00066612015e-004, +4.30190852677e+002
+2.23419629000e+005, +5.13954165113e+002, +3.29251122149e+001, +1.99001623421e-004, +4.31403728809e+002
+2.25058704000e+005, +5.15309576905e+002, +3.29053510285e+001, +1.97967799147e-004, +4.32638014268e+002
+2.26709805000e+005, +5.16724186467e+002, +3.28815744585e+001, +1.96939118243e-004, +4.33942129096e+002
+2.28373018000e+005, +5.18095520432e+002, +3.28633889671e+001, +1.95927433691e-004, +4.35183022081e+002
+2.30048433000e+005, +5.19486837370e+002, +3.28401145827e+001, +1.94900193169e-004, +4.36466155225e+002
+2.31736139000e+005, +5.20862240378e+002, +3.28173669592e+001, +1.93873679848e-004, +4.37733859889e+002
+2.33436227000e+005, +5.22248535845e+002, +3.27940863294e+001, +1.92852362318e-004, +4.39013875234e+002
+2.35148788000e+005, +5.23600752353e+002, +3.27670460393e+001, +1.91802926291e-004, +4.40284369510e+002
+2.36873912000e+005, +5.24956114690e+002, +3.27421753672e+001, +1.90770161769e-004, +4.41547351405e+002
+2.38611692000e+005, +5.26342307562e+002, +3.27146488902e+001, +1.89738994411e-004, +4.42850011837e+002
+2.40362221000e+005, +5.27725967904e+002, +3.26923779713e+001, +1.88738012481e-004, +4.44125014530e+002
+2.42125593000e+005, +5.29102697755e+002, +3.26671103603e+001, +1.87723151202e-004, +4.45409634500e+002
+2.43901901000e+005, +5.30506293445e+002, +3.26421455231e+001, +1.86723354982e-004, +4.46715933753e+002
+2.45691241000e+005, +5.31892936331e+002, +3.26200953867e+001, +1.85736305720e-004, +4.47993943289e+002
+2.47493708000e+005, +5.33301128789e+002, +3.25964512418e+001, +1.84752552089e-004, +4.49298609738e+002
+2.49309398000e+005, +5.34715674921e+002, +3.25745853704e+001, +1.83783731733e-004, +4.50600245155e+002
+2.51138409000e+005, +5.36091237078e+002, +3.25527742534e+001, +1.82805600350e-004, +4.51869261111e+002
+2.52980838000e+005, +5.37475458705e+002, +3.25307140391e+001, +1.81833076907e-004, +4.53147332485e+002
+2.54836784000e+005, +5.38848189789e+002, +3.25124973567e+001, +1.80879615459e-004, +4.54396792303e+002
+2.56706345000e+005, +5.40225567533e+002, +3.24910454147e+001, +1.79915519300e-004, +4.55666981232e+002
+2.58589622000e+005, +5.41622224086e+002, +3.24705197777e+001, +1.78966228232e-004, +4.56949224423e+002
+2.60486716000e+005, +5.43043869092e+002, +3.24510993267e+001, +1.78034275223e-004, +4.58247412454e+002
+2.62397727000e+005, +5.44465684788e+002, +3.24296661009e+001, +1.77096154898e-004, +4.59556466339e+002
+2.64322758000e+005, +5.45946747769e+002, +3.24082806983e+001, +1.76181041789e-004, +4.60915801716e+002
+2.66261911000e+005, +5.47455046927e+002, +3.23871786706e+001, +1.75279369739e-004, +4.62297214732e+002
+2.68215291000e+005, +5.48923013125e+002, +3.23658003049e+001, +1.74366766839e-004, +4.63646510358e+002
+2.70183001000e+005, +5.50399545139e+002, +3.23424611550e+001, +1.73450916485e-004, +4.65013641716e+002
+2.72165147000e+005, +5.51865067491e+002, +3.23196834203e+001, +1.72537764874e-004, +4.66369144322e+002
+2.74161835000e+005, +5.53314058339e+002, +3.22977406905e+001, +1.71626944458e-004, +4.67706913700e+002
+2.76173171000e+005, +5.54731019778e+002, +3.22721126117e+001, +1.70692431660e-004, +4.69037179606e+002
+2.78199263000e+005, +5.56180546672e+002, +3.22490213226e+001, +1.69783635576e-004, +4.70382431587e+002
+2.80240219000e+005, +5.57619568181e+002, +3.22237256767e+001, +1.68864945982e-004, +4.71730783463e+002
+2.82296147000e+005, +5.59061843356e+002, +3.22013862197e+001, +1.67964732959e-004, +4.73067103469e+002
+2.84367159000e+005, +5.60497609191e+002, +3.21739378441e+001, +1.67042501044e-004, +4.74425056282e+002
+2.86453365000e+005, +5.61937793950e+002, +3.21452643205e+001, +1.66119761756e-004, +4.75793767544e+002
+2.88554875000e+005, +5.63397023053e+002, +3.21182162143e+001, +1.65213939835e-004, +4.77170759130e+002
+2.90671803000e+005, +5.64863396868e+002, +3.20903183707e+001, +1.64310017248e-004, +4.78558880456e+002
+2.92804261000e+005, +5.66361908107e+002, +3.20650839979e+001, +1.63431202698e-004, +4.79960905863e+002
+2.94952364000e+005, +5.67890461300e+002, +3.20392652026e+001, +1.62561788564e-004, +4.81392077824e+002
+2.97116225000e+005, +5.69473335259e+002, +3.20192833891e+001, +1.61737486947e-004, +4.82839185484e+002
+2.99295962000e+005, +5.71073051168e+002, +3.19967286748e+001, +1.60909232553e-004, +4.84314691378e+002
+3.01491690000e+005, +5.72655040431e+002, +3.19725456853e+001, +1.60071632253e-004, +4.85784369861e+002
+3.03703526000e+005, +5.74219385921e+002, +3.19488193613e+001, +1.59234218322e-004, +4.87237275940e+002
+3.05931589000e+005, +5.75798892825e+002, +3.19245206234e+001, +1.58401543513e-004, +4.88706694116e+002
+3.08175998000e+005, +5.77322927946e+002, +3.18976211119e+001, +1.57545307048e-004, +4.90143486753e+002
+3.10436872000e+005, +5.78862880217e+002, +3.18693853879e+001, +1.56690914648e-004, +4.91601572858e+002
+3.12714333000e+005, +5.80366312171e+002, +3.18443754115e+001, +1.55844237826e-004, +4.93012077648e+002
+3.15008502000e+005, +5.81893899632e+002, +3.18173546628e+001, +1.54998657306e-004, +4.94454472987e+002
+3.17319502000e+005, +5.83434837490e+002, +3.17909918606e+001, +1.54162862631e-004, +4.95905336012e+002
+3.19647456000e+005, +5.84952659081e+002, +3.17640600572e+001, +1.53321870052e-004, +4.97340245316e+002
+3.21992488000e+005, +5.86461580764e+002, +3.17405285972e+001, +1.52496634016e-004, +4.98749917756e+002
+3.24354725000e+005, +5.87992547930e+002, +3.17150244429e+001, +1.51671979379e-004, +5.00189553976e+002
+3.26734291000e+005, +5.89527644009e+002, +3.16877910743e+001, +1.50844335765e-004, +5.01642667227e+002
+3.29131315000e+005, +5.91064665464e+002, +3.16616156481e+001, +1.50025048727e-004, +5.03092343966e+002
+3.31545924000e+005, +5.92625755249e+002, +3.16341793613e+001, +1.49209819566e-004, +5.04569984969e+002
+3.33978248000e+005, +5.94221124849e+002, +3.16057586614e+001, +1.48402284373e-004, +5.06082839916e+002
+3.36428415000e+005, +5.95828716321e+002, +3.15751169979e+001, +1.47591643202e-004, +5.07618905941e+002
+3.38896558000e+005, +5.97420093695e+002, +3.15464529207e+001, +1.46788477238e-004, +5.09131120949e+002
+3.41382808000e+005, +5.98999769173e+002, +3.15172362341e+001, +1.45983364607e-004, +5.10637086103e+002
+3.43887298000e+005, +6.00588750320e+002, +3.14874472677e+001, +1.45181402015e-004, +5.12154829320e+002
+3.46410162000e+005, +6.02135438837e+002, +3.14585839402e+001, +1.44376363225e-004, +5.13632143700e+002
+3.48951534000e+005, +6.03703272548e+002, +3.14322718171e+001, +1.43590197859e-004, +5.15114166078e+002
+3.51511550000e+005, +6.05264530074e+002, +3.14034368067e+001, +1.42795388653e-004, +5.16605105533e+002
+3.54090347000e+005, +6.06830279869e+002, +3.13749229514e+001, +1.42006258175e-004, +5.18098797493e+002
+3.56688064000e+005, +6.08416817980e+002, +3.13453019809e+001, +1.41220764325e-004, +5.19617042187e+002
+3.59304838000e+005, +6.10056439532e+002, +3.13161543828e+001, +1.40452650444e-004, +5.21178731717e+002
+3.61940809000e+005, +6.11741110116e+002, +3.12853062073e+001, +1.39691036123e-004, +5.22789080394e+002
+3.64596119000e+005, +6.13412146281e+002, +3.12552949743e+001, +1.38932604168e-004, +5.24383914846e+002
+3.67270908000e+005, +6.15108009210e+002, +3.12253593615e+001, +1.38183002317e-004, +5.26000323101e+002
+3.69965321000e+005, +6.16754595905e+002, +3.11966452935e+001, +1.37430119221e-004, +5.27568544402e+002
+3.72679501000e+005, +6.18380311237e+002, +3.11680009550e+001, +1.36675897999e-004, +5.29119239904e+002
+3.75413593000e+005, +6.19940506102e+002, +3.11399854345e+001, +1.35912854383e-004, +5.30611046255e+002
+3.78167744000e+005, +6.21522306071e+002, +3.11119618639e+001, +1.35157760411e-004, +5.32122057289e+002
+3.80942099000e+005, +6.23103668816e+002, +3.10824240862e+001, +1.34399884569e-004, +5.33641867888e+002
+3.83736808000e+005, +6.24716194381e+002, +3.10544846219e+001, +1.33658123134e-004, +5.35180085805e+002
+3.86552020000e+005, +6.26331383823e+002, +3.10260121060e+001, +1.32917960492e-004, +5.36724273927e+002
+3.89387885000e+005, +6.27986381101e+002, +3.09977459389e+001, +1.32190066678e-004, +5.38302115012e+002
+3.92244555000e+005, +6.29663550707e+002, +3.09707526202e+001, +1.31474621277e-004, +5.39892479318e+002
+3.95122183000e+005, +6.31344366760e+002, +3.09423331414e+001, +1.30757336695e-004, +5.41494744858e+002
+3.98020921000e+005, +6.33013240542e+002, +3.09131890044e+001, +1.30037723125e-004, +5.43091601873e+002
+4.00940926000e+005, +6.34676236097e+002, +3.08840649267e+001, +1.29319921909e-004, +5.44684031791e+002
+4.03882352000e+005, +6.36328605653e+002, +3.08530521463e+001, +1.28595830609e-004, +5.46278824276e+002
+4.06845358000e+005, +6.37971503583e+002, +3.08217759904e+001, +1.27871905049e-004, +5.47867742767e+002
+4.09830101000e+005, +6.39622353003e+002, +3.07903198161e+001, +1.27151977698e-004, +5.49465276424e+002
+4.12836742000e+005, +6.41272649152e+002, +3.07589322242e+001, +1.26435260806e-004, +5.51062704357e+002
+4.15865440000e+005, +6.42933089819e+002, +3.07255412636e+001, +1.25716195238e-004, +5.52681098095e+002
+4.18916357000e+005, +6.44615871672e+002, +3.06928414669e+001, +1.25007095796e-004, +5.54315535491e+002
+4.21989657000e+005, +6.46342077159e+002, +3.06565209394e+001, +1.24296093409e-004, +5.56008953541e+002
+4.25085504000e+005, +6.48070678675e+002, +3.06217963301e+001, +1.23594335379e-004, +5.57696131409e+002
+4.28204062000e+005, +6.49777726241e+002, +3.05879170213e+001, +1.22894482164e-004, +5.59360738782e+002
+4.31345500000e+005, +6.51490630272e+002, +3.05534556426e+001, +1.22196578612e-004, +5.61034585645e+002
+4.34509984000e+005, +6.53177679756e+002, +3.05196398106e+001, +1.21499141500e-004, +5.62683267045e+002
+4.37697683000e+005, +6.54808724343e+002, +3.04864081389e+001, +1.20796476694e-004, +5.64281114261e+002
+4.40908769000e+005, +6.56413947724e+002, +3.04544182414e+001, +1.20096676026e-004, +5.65850261927e+002
+4.44143412000e+005, +6.58055865118e+002, +3.04230162397e+001, +1.19408815364e-004, +5.67448364431e+002
+4.47401785000e+005, +6.59726271278e+002, +3.03917502045e+001, +1.18729623790e-004, +5.69070989874e+002
+4.50684063000e+005, +6.61408074015e+002, +3.03609603352e+001, +1.18057110200e-004, +5.70701423557e+002
+4.53990421000e+005, +6.63160091370e+002, +3.03303475964e+001, +1.17400564681e-004, +5.72392175077e+002
+4.57321035000e+005, +6.64974079834e+002, +3.03036248426e+001, +1.16771171319e-004, +5.74114435234e+002
+4.60676083000e+005, +6.66769487482e+002, +3.02751327883e+001, +1.16134809064e-004, +5.75831758672e+002
+4.64055746000e+005, +6.68553472519e+002, +3.02458613495e+001, +1.15496296827e-004, +5.77544553272e+002
+4.67460202000e+005, +6.70322397557e+002, +3.02152630566e+001, +1.14853211838e-004, +5.79252913784e+002
+4.70889635000e+005, +6.72080391920e+002, +3.01831196286e+001, +1.14205630559e-004, +5.80961723894e+002
+4.74344227000e+005, +6.73726546792e+002, +3.01464545127e+001, +1.13526507693e-004, +5.82601338825e+002
+4.77824163000e+005, +6.75409353280e+002, +3.01102514445e+001, +1.12858259913e-004, +5.84270746924e+002
+4.81329628000e+005, +6.77101175569e+002, +3.00749209915e+001, +1.12197516044e-004, +5.85943622944e+002
+4.84860811000e+005, +6.78812368101e+002, +3.00393512877e+001, +1.11542152632e-004, +5.87635509143e+002
+4.88417900000e+005, +6.80534681328e+002, +3.00038183904e+001, +1.10891677500e-004, +5.89337644277e+002
+4.92001085000e+005, +6.82307640979e+002, +2.99723797208e+001, +1.10265966761e-004, +5.91060139872e+002
+4.95610557000e+005, +6.84112569008e+002, +2.99420119808e+001, +1.09651596143e-004, +5.92804749280e+002
+4.99246509000e+005, +6.85913982956e+002, +2.99100108745e+001, +1.09033804800e-004, +5.94556851656e+002
+5.02909136000e+005, +6.87698863350e+002, +2.98772929641e+001, +1.08413642830e-004, +5.96299721748e+002
+5.06598633000e+005, +6.89461307398e+002, +2.98435611460e+001, +1.07789307972e-004, +5.98030023624e+002
+5.10315197000e+005, +6.91173060562e+002, +2.98089565341e+001, +1.07157010004e-004, +5.99722401439e+002
+5.14059027000e+005, +6.92835170966e+002, +2.97716483984e+001, +1.06511192682e-004, +6.01388732595e+002
+5.17830323000e+005, +6.94505855255e+002, +2.97335171963e+001, +1.05867120586e-004, +6.03068276755e+002
+5.21629287000e+005, +6.96203557183e+002, +2.96956848172e+001, +1.05231190718e-004, +6.04770327387e+002
+5.25456120000e+005, +6.97912114660e+002, +2.96583017344e+001, +1.04601340737e-004, +6.06479950355e+002
+5.29311029000e+005, +6.99659201358e+002, +2.96215183774e+001, +1.03982096813e-004, +6.08220292657e+002
+5.33194218000e+005, +7.01485605305e+002, +2.95857739868e+001, +1.03380690901e-004, +6.10024189173e+002
+5.37105896000e+005, +7.03322744439e+002, +2.95485286708e+001, +1.02778721840e-004, +6.11847398548e+002
+5.41046271000e+005, +7.05149254860e+002, +2.95117946983e+001, +1.02179454195e-004, +6.13659177529e+002
+5.45015554000e+005, +7.06980040246e+002, +2.94746984966e+001, +1.01582304981e-004, +6.15477778852e+002
+5.49013956000e+005, +7.08806811324e+002, +2.94390607187e+001, +1.00991776704e-004, +6.17284925130e+002
+5.53041692000e+005, +7.10682785883e+002, +2.94029581483e+001, +1.00409360006e-004, +6.19138645249e+002
+5.57098977000e+005, +7.12543783172e+002, +2.93686075143e+001, +9.98327681435e-005, +6.20969542691e+002
+5.61186028000e+005, +7.14402394759e+002, +2.93321463124e+001, +9.92518239098e-005, +6.22812123375e+002
+5.65303062000e+005, +7.16230465135e+002, +2.92965710019e+001, +9.86719376893e-005, +6.24623556622e+002
+5.69450300000e+005, +7.18045915951e+002, +2.92600605873e+001, +9.80900611069e-005, +6.26430578585e+002
+5.73627963000e+005, +7.19807545636e+002, +2.92237110981e+001, +9.75040259402e-005, +6.28190519169e+002
+5.77836275000e+005, +7.21519776278e+002, +2.91857207632e+001, +9.69091438457e-005, +6.29918247770e+002
+5.82075461000e+005, +7.23237959231e+002, +2.91487010132e+001, +9.63208889977e-005, +6.31646037845e+002
+5.86345747000e+005, +7.24976218461e+002, +2.91114484805e+001, +9.57374488801e-005, +6.33393618784e+002
+5.90647360000e+005, +7.26739322659e+002, +2.90755873344e+001, +9.51642354542e-005, +6.35155169682e+002
+5.94980532000e+005, +7.28516218226e+002, +2.90403854609e+001, +9.45974914117e-005, +6.36925532749e+002
+5.99345493000e+005, +7.30367016275e+002, +2.90122797963e+001, +9.40639356843e-005, +6.38717481844e+002
+6.03742477000e+005, +7.32220424017e+002, +2.89826259954e+001, +9.35284640447e-005, +6.40522027504e+002
+6.08171718000e+005, +7.34075623763e+002, +2.89517301753e+001, +9.29919219928e-005, +6.42336602316e+002
+6.12633454000e+005, +7.35924462343e+002, +2.89174394699e+001, +9.24470378776e-005, +6.44167477267e+002
+6.17127923000e+005, +7.37758211863e+002, +2.88822530437e+001, +9.19001414822e-005, +6.45991550427e+002
+6.21655364000e+005, +7.39565357617e+002, +2.88385398275e+001, +9.13277998833e-005, +6.47846260379e+002
+6.26216020000e+005, +7.41350362399e+002, +2.87919523559e+001, +9.07472599069e-005, +6.49700432704e+002
+6.30810134000e+005, +7.43167131574e+002, +2.87477623581e+001, +9.01803636025e-005, +6.51568467843e+002
+6.35437952000e+005, +7.44975785857e+002, +2.87054381270e+001, +8.96205958628e-005, +6.53418694007e+002
+6.40099722000e+005, +7.46815714771e+002, +2.86644925760e+001, +8.90712174229e-005, +6.55288669347e+002
+6.44795691000e+005, +7.48671939210e+002, +2.86295188099e+001, +8.85433061601e-005, +6.57136490421e+002
+6.49526112000e+005, +7.50575038240e+002, +2.86025324075e+001, +8.80458476814e-005, +6.58976224324e+002
+6.54291236000e+005, +7.52458128728e+002, +2.85715915348e+001, +8.75371144670e-005, +6.60823938156e+002
+6.59091319000e+005, +7.54361822558e+002, +2.85392086224e+001, +8.70290141318e-005, +6.62699602530e+002
+6.63926617000e+005, +7.56257262123e+002, +2.85052360603e+001, +8.65178265322e-005, +6.64578843501e+002
+6.68797388000e+005, +7.58169371163e+002, +2.84672296064e+001, +8.59996930428e-005, +6.66499021864e+002
+6.73703892000e+005, +7.60131858750e+002, +2.84173031789e+001, +8.54567638387e-005, +6.68539690967e+002
+6.78646392000e+005, +7.62083205403e+002, +2.83699295779e+001, +8.49221768058e-005, +6.70555543557e+002
+6.83625152000e+005, +7.64024184409e+002, +2.83239526633e+001, +8.43927968381e-005, +6.72554508176e+002
+6.88640438000e+005, +7.65939311735e+002, +2.82804672503e+001, +8.38698841153e-005, +6.74515971435e+002
+6.93692517000e+005, +7.67865638464e+002, +2.82385404311e+001, +8.33549142623e-005, +6.76478407382e+002
+6.98781659000e+005, +7.69738074166e+002, +2.82048680272e+001, +8.28588464642e-005, +6.78341914994e+002
+7.03908138000e+005, +7.71581083853e+002, +2.81749644340e+001, +8.23720907691e-005, +6.80156325819e+002
+7.09072226000e+005, +7.73457122491e+002, +2.81435748927e+001, +8.18871542401e-005, +6.82010045087e+002
+7.14274199000e+005, +7.75313861971e+002, +2.81095423371e+001, +8.13954285797e-005, +6.83864358439e+002
+7.19514335000e+005, +7.77181105632e+002, +2.80740838599e+001, +8.09033817147e-005, +6.85737840577e+002
+7.24792915000e+005, +7.79037337546e+002, +2.80339960546e+001, +8.04003697039e-005, +6.87632014012e+002
+7.30110220000e+005, +7.80903731673e+002, +2.79897360065e+001, +7.98899485506e-005, +6.89562734138e+002
+7.35466534000e+005, +7.82807517245e+002, +2.79458254191e+001, +7.93868039785e-005, +6.91525189924e+002
+7.40862144000e+005, +7.84675147321e+002, +2.79016226353e+001, +7.88817562010e-005, +6.93458527252e+002
+7.46297338000e+005, +7.86562931720e+002, +2.78598182242e+001, +7.83874805954e-005, +6.95395233414e+002
+7.51772406000e+005, +7.88420650740e+002, +2.78186763697e+001, +7.78944003299e-005, +6.97302011159e+002
+7.57287640000e+005, +7.90286242246e+002, +2.77815094151e+001, +7.74147743530e-005, +6.99191086841e+002
+7.62843337000e+005, +7.92171235365e+002, +2.77428198607e+001, +7.69355209302e-005, +7.01107967301e+002
+7.68439791000e+005, +7.94041902636e+002, +2.77050623886e+001, +7.64596299988e-005, +7.03007024113e+002
+7.74077303000e+005, +7.95973934151e+002, +2.76671275049e+001, +7.59915179205e-005, +7.04962414107e+002
+7.79756174000e+005, +7.97913872034e+002, +2.76277457693e+001, +7.55227779186e-005, +7.06935031694e+002
+7.85476706000e+005, +7.99902519798e+002, +2.75885497304e+001, +7.50613571712e-005, +7.08950522782e+002
+7.91239206000e+005, +8.01938094267e+002, +2.75479261631e+001, +7.46029340618e-005, +7.11017788923e+002
+7.97043982000e+005, +8.03935003745e+002, +2.75078089412e+001, +7.41443510473e-005, +7.13048457215e+002
+8.02891343000e+005, +8.05942559681e+002, +2.74685128856e+001, +7.36909679910e-005, +7.15084185925e+002
+8.08781602000e+005, +8.07930129086e+002, +2.74275422052e+001, +7.32338047232e-005, +7.17113986329e+002
+8.14715074000e+005, +8.09875269274e+002, +2.73871718250e+001, +7.27765208688e-005, +7.19103152324e+002
+8.20692075000e+005, +8.11768684415e+002, +2.73468274614e+001, +7.23169611034e-005, +7.21047108512e+002
+8.26712926000e+005, +8.13659281791e+002, +2.73091587385e+001, +7.18659943509e-005, +7.22971996482e+002
+8.32777948000e+005, +8.15585039076e+002, +2.72690031365e+001, +7.14143730558e-005, +7.24945183984e+002
+8.38887464000e+005, +8.17511746371e+002, +2.72275839090e+001, +7.09620690901e-005, +7.26928346141e+002
+8.45041802000e+005, +8.19486584724e+002, +2.71871422162e+001, +7.05185460303e-005, +7.28948828799e+002
+8.51241290000e+005, +8.21555830232e+002, +2.71458374619e+001, +7.00832156233e-005, +7.31059875828e+002
+8.57486260000e+005, +8.23608515299e+002, +2.71036171623e+001, +6.96463819624e-005, +7.33163158536e+002
+8.63777044000e+005, +8.25609554059e+002, +2.70628147031e+001, +6.92106832042e-005, +7.35212134380e+002
+8.70113979000e+005, +8.27627703082e+002, +2.70205425868e+001, +6.87751003564e-005, +7.37286921170e+002
+8.76497405000e+005, +8.29624546587e+002, +2.69757590693e+001, +6.83340325775e-005, +7.39360168554e+002
+8.82927661000e+005, +8.31520076654e+002, +2.69316821089e+001, +6.78885750856e-005, +7.41339409629e+002
+8.89405091000e+005, +8.33383761659e+002, +2.68853191210e+001, +6.74375923886e-005, +7.43306167307e+002
+8.95930042000e+005, +8.35294356254e+002, +2.68409426211e+001, +6.69974086279e-005, +7.45302583079e+002
+9.02502861000e+005, +8.37251430532e+002, +2.67967745978e+001, +6.65637288322e-005, +7.47340003011e+002
+9.09123902000e+005, +8.39230350289e+002, +2.67539094582e+001, +6.61370061961e-005, +7.49389255687e+002
+9.15793516000e+005, +8.41312992233e+002, +2.67132180540e+001, +6.57255298624e-005, +7.51517727701e+002
+9.22512060000e+005, +8.43535305310e+002, +2.66771557175e+001, +6.53373733159e-005, +7.53741363771e+002
+9.29279894000e+005, +8.45696863719e+002, +2.66397554056e+001, +6.49432416380e-005, +7.55920507841e+002
+9.36097378000e+005, +8.47879107923e+002, +2.66012718967e+001, +6.45500670842e-005, +7.58126268820e+002
+9.42964878000e+005, +8.50013220681e+002, +2.65617126725e+001, +6.41526614553e-005, +7.60297085807e+002
+9.49882760000e+005, +8.52109185270e+002, +2.65206161538e+001, +6.37508667564e-005, +7.62444933568e+002
+9.56851394000e+005, +8.54106577173e+002, +2.64773784792e+001, +6.33389791317e-005, +7.64519730905e+002
+9.63871151000e+005, +8.56062708403e+002, +2.64326814966e+001, +6.29229715229e-005, +7.66568196254e+002
+9.70942408000e+005, +8.58053253762e+002, +2.63889503758e+001, +6.25138089345e-005, +7.68641953160e+002
+9.78065542000e+005, +8.60024681145e+002, +2.63450358446e+001, +6.21050075374e-005, +7.70700702242e+002
+9.85240933000e+005, +8.61995805188e+002, +2.62999152541e+001, +6.16957218525e-005, +7.72768107301e+002
+9.92468965000e+005, +8.63897906793e+002, +2.62572250363e+001, +6.12889931560e-005, +7.74758295817e+002
+9.99750024000e+005, +8.65785741071e+002, +2.62133583595e+001, +6.08809356881e-005, +7.76744360954e+002
+1.00708450000e+006, +8.67717927519e+002, +2.61698368101e+001, +6.04789583675e-005, +7.78768748261e+002
+1.01447278300e+006, +8.69679282901e+002, +2.61245377712e+001, +6.00773739291e-005, +7.80832049785e+002
+1.02191526900e+006, +8.71704563054e+002, +2.60789500328e+001, +5.96817223553e-005, +7.82955576135e+002
+1.02941235600e+006, +8.73790589369e+002, +2.60326166124e+001, +5.92907043293e-005, +7.85139597449e+002
+1.03696444300e+006, +8.76041602037e+002, +2.59824999045e+001, +5.89048268811e-005, +7.87498235836e+002
+1.04457193500e+006, +8.78256127355e+002, +2.59312717740e+001, +5.85160755661e-005, +7.89832633475e+002
+1.05223523700e+006, +8.80422831684e+002, +2.58829846887e+001, +5.81322701467e-005, +7.92105379150e+002
+1.05995476000e+006, +8.82599430140e+002, +2.58340533358e+001, +5.77497231999e-005, +7.94392386533e+002
+1.06773091600e+006, +8.84771678408e+002, +2.57882032637e+001, +5.73752285340e-005, +7.96655818471e+002
+1.07556412000e+006, +8.86821945900e+002, +2.57463160848e+001, +5.70029618191e-005, +7.98783735466e+002
+1.08345479100e+006, +8.88890307037e+002, +2.57044436158e+001, +5.66338303565e-005, +8.00928731917e+002
+1.09140335100e+006, +8.90969644908e+002, +2.56603134141e+001, +5.62627032715e-005, +8.03099709673e+002
+1.09941022300e+006, +8.93028309546e+002, +2.56162497034e+001, +5.58923684160e-005, +8.05252508724e+002
+1.10747583700e+006, +8.95087482005e+002, +2.55695367983e+001, +5.55186668257e-005, +8.07424522028e+002
+1.11560062200e+006, +8.97106935930e+002, +2.55199246544e+001, +5.51386895309e-005, +8.09581163495e+002
+1.12378501300e+006, +8.99073283041e+002, +2.54664705368e+001, +5.47498712707e-005, +8.11716683791e+002
+1.13202944700e+006, +9.01129374476e+002, +2.54144030137e+001, +5.43714628250e-005, +8.13924776759e+002
+1.14033436500e+006, +9.03190145719e+002, +2.53628208209e+001, +5.39963911943e-005, +8.16134752991e+002
+1.14870021100e+006, +9.05297324099e+002, +2.53132814856e+001, +5.36301826533e-005, +8.18373808637e+002
+1.15712743100e+006, +9.07466114786e+002, +2.52644197957e+001, +5.32709031332e-005, +8.20664949103e+002
+1.16561647500e+006, +9.09762307486e+002, +2.52177338730e+001, +5.29251956638e-005, +8.23057614807e+002
+1.17416779800e+006, +9.12059044842e+002, +2.51714526930e+001, +5.25820261709e-005, +8.25449080981e+002
+1.18278185600e+006, +9.14355560456e+002, +2.51249367015e+001, +5.22400929293e-005, +8.27842977018e+002
+1.19145911000e+006, +9.16624276701e+002, +2.50765971784e+001, +5.18947624927e-005, +8.30225096817e+002
+1.20020002200e+006, +9.18920740713e+002, +2.50295306343e+001, +5.15552046036e-005, +8.32624752754e+002
+1.20900506100e+006, +9.21270723071e+002, +2.49805299628e+001, +5.12166200635e-005, +8.35087088119e+002
+1.21787469600e+006, +9.23597591582e+002, +2.49330508254e+001, +5.08813526974e-005, +8.37519211042e+002
+1.22680940100e+006, +9.25894677581e+002, +2.48831631956e+001, +5.05415575191e-005, +8.39941744854e+002
+1.23580965400e+006, +9.28151976713e+002, +2.48341052372e+001, +5.02029264356e-005, +8.42323572456e+002
+1.24487593600e+006, +9.30348596782e+002, +2.47854662153e+001, +4.98635994168e-005, +8.44648464536e+002
+1.25400873000e+006, +9.32419734482e+002, +2.47383833161e+001, +4.95223417355e-005, +8.46849746192e+002
+1.26320852600e+006, +9.34407289960e+002, +2.46922375563e+001, +4.91803377299e-005, +8.48969555612e+002
+1.27247581500e+006, +9.36422191507e+002, +2.46438434212e+001, +4.88375419689e-005, +8.51130329774e+002
+1.28181109100e+006, +9.38482406867e+002, +2.45947348000e+001, +4.84977325379e-005, +8.53337989277e+002
+1.29121485300e+006, +9.40541601841e+002, +2.45439917458e+001, +4.81567906766e-005, +8.55556708936e+002
+1.30068760500e+006, +9.42704090419e+002, +2.44908394478e+001, +4.78186251050e-005, +8.57886704287e+002
+1.31022985100e+006, +9.44892638524e+002, +2.44320993893e+001, +4.74734651338e-005, +8.60279468368e+002
+1.31984210200e+006, +9.47102229197e+002, +2.43750249656e+001, +4.71343255000e-005, +8.62680988761e+002
+1.32952487200e+006, +9.49307478239e+002, +2.43176372943e+001, +4.67963010459e-005, +8.65081650742e+002
+1.33927867800e+006, +9.51539848718e+002, +2.42627235844e+001, +4.64659507479e-005, +8.67491107864e+002
+1.34910404000e+006, +9.53775432343e+002, +2.42099203102e+001, +4.61413630345e-005, +8.69890050972e+002
+1.35900148500e+006, +9.55963750284e+002, +2.41613127007e+001, +4.58237744117e-005, +8.72218167984e+002
+1.36897154000e+006, +9.58194034279e+002, +2.41133423463e+001, +4.55110618710e-005, +8.74581127356e+002
+1.37901473800e+006, +9.60428151230e+002, +2.40645699878e+001, +4.51988123376e-005, +8.76953981171e+002
+1.38913161700e+006, +9.62680105934e+002, +2.40162569031e+001, +4.48899059256e-005, +8.79340903455e+002
+1.39932271600e+006, +9.64902292331e+002, +2.39643304601e+001, +4.45749756178e-005, +8.81726262423e+002
+1.40958858000e+006, +9.67076700298e+002, +2.39095856400e+001, +4.42547028101e-005, +8.84088136865e+002
+1.41992975800e+006, +9.69200820902e+002, +2.38520872798e+001, +4.39292104798e-005, +8.86423732971e+002
+1.43034680100e+006, +9.71450366344e+002, +2.37982298364e+001, +4.36175497992e-005, +8.88850015759e+002
+1.44084026800e+006, +9.73762476780e+002, +2.37457819868e+001, +4.33128378983e-005, +8.91324842081e+002
+1.45141071700e+006, +9.76160888287e+002, +2.36974240968e+001, +4.30205895654e-005, +8.93851649556e+002
+1.46205871500e+006, +9.78751819961e+002, +2.36549369787e+001, +4.27482732248e-005, +8.96515566430e+002
+1.47278483000e+006, +9.81778626508e+002, +2.36082732655e+001, +4.24890182009e-005, +8.99608577300e+002
+1.48358963500e+006, +9.84726011871e+002, +2.35719049600e+001, +4.22447524924e-005, +9.02559420686e+002
+1.49447370700e+006, +9.87476753774e+002, +2.35353372363e+001, +4.19927110068e-005, +9.05332483946e+002
+1.50543762900e+006, +9.90213764494e+002, +2.35010286820e+001, +4.17449492551e-005, +9.08078419342e+002
+1.51648198400e+006, +9.92772608114e+002, +2.34631965980e+001, +4.14849150231e-005, +9.10686215525e+002
+1.52760736500e+006, +9.94725729823e+002, +2.34411812393e+001, +4.12272742137e-005, +9.12629960250e+002
+1.53881436500e+006, +9.96684726314e+002, +2.34151279562e+001, +4.09646123056e-005, +9.14607473672e+002
+1.55010358300e+006, +9.98816164774e+002, +2.33781412248e+001, +4.06924795911e-005, +9.16819424285e+002
+1.56147562200e+006, +1.00099482991e+003, +2.33297667752e+001, +4.04051512805e-005, +9.19154253718e+002
+1.57293109000e+006, +1.00329010705e+003, +2.32710224169e+001, +4.01072650018e-005, +9.21668757392e+002
+1.58447059900e+006, +1.00602387821e+003, +2.31815230702e+001, +3.97786013023e-005, +9.24799855459e+002
+1.59609476500e+006, +1.00897120657e+003, +2.30772581580e+001, +3.94362185912e-005, +9.28230456379e+002
+1.60780421000e+006, +1.01184179099e+003, +2.29733105259e+001, +3.90931521934e-005, +9.31589343864e+002
+1.61959955900e+006, +1.01447948278e+003, +2.28681472999e+001, +3.87410780274e-005, +9.34743009090e+002
+1.63148144200e+006, +1.01700144750e+003, +2.27666180113e+001, +3.83924927821e-005, +9.37765615458e+002
+1.64345049400e+006, +1.01926533537e+003, +2.26608996849e+001, +3.80297219979e-005, +9.40579303327e+002
+1.65550735500e+006, +1.02114992565e+003, +2.25344198475e+001, +3.76224883547e-005, +9.43184590377e+002
+1.66765266900e+006, +1.02300969166e+003, +2.24185287023e+001, +3.72340309054e-005, +9.45693434611e+002
+1.67988708500e+006, +1.02481182219e+003, +2.23228281056e+001, +3.68780064060e-005, +9.48010845925e+002
+1.69221125600e+006, +1.02663021309e+003, +2.22416972019e+001, +3.65478728478e-005, +9.50244166507e+002
+1.70462584100e+006, +1.02837662988e+003, +2.21810342570e+001, +3.62493033731e-005, +9.52272239473e+002
+1.71713150300e+006, +1.02955008805e+003, +2.22092658869e+001, +3.60699015196e-005, +9.53167219509e+002
+1.72972891100e+006, +1.03090694659e+003, +2.22312357674e+001, +3.58880704422e-005, +9.54273922961e+002
+1.74241873700e+006, +1.03249215316e+003, +2.22364208035e+001, +3.56893845010e-005, +9.55705937210e+002
+1.75520166000e+006, +1.03431427988e+003, +2.22189343194e+001, +3.54654917873e-005, +9.57511966684e+002
+1.76807836200e+006, +1.03636694486e+003, +2.21795877598e+001, +3.52177562996e-005, +9.59681113625e+002
+1.78104953100e+006, +1.03943478795e+003, +2.20701608908e+001, +3.49004285866e-005, +9.63269621065e+002
+1.79411586200e+006, +1.04314516557e+003, +2.19179532305e+001, +3.45419909596e-005, +9.67745939569e+002
+1.80727805000e+006, +1.04645560659e+003, +2.17784882033e+001, +3.41910439006e-005, +9.71765038708e+002
+1.82053680100e+006, +1.04946600466e+003, +2.16574645358e+001, +3.38596413048e-005, +9.75380851083e+002
+1.83389282200e+006, +1.05213037299e+003, +2.15545768173e+001, +3.35459355311e-005, +9.78552830639e+002
+1.84734682700e+006, +1.05410051754e+003, +2.14778112846e+001, +3.32507878697e-005, +9.80903178580e+002
+1.86089953400e+006, +1.05466738198e+003, +2.14630580531e+001, +3.30047630553e-005, +9.81530079570e+002
+1.87455166800e+006, +1.05547893304e+003, +2.14394788217e+001, +3.27552806957e-005, +9.82444204713e+002
+1.88830395900e+006, +1.05654495843e+003, +2.14066959777e+001, +3.25021380103e-005, +9.83657268352e+002
+1.90215714100e+006, +1.05793743172e+003, +2.13678145464e+001, +3.22520202185e-005, +9.85215485110e+002
+1.91611195400e+006, +1.05962961900e+003, +2.13183941981e+001, +3.19976345086e-005, +9.87123997831e+002
+1.93016914400e+006, +1.06202822694e+003, +2.12456252139e+001, +3.17328670809e-005, +9.89848052326e+002
+1.94432946100e+006, +1.06467150131e+003, +2.11719843299e+001, +3.14757402696e-005, +9.92806719829e+002
+1.95859366300e+006, +1.06738174359e+003, +2.10917750390e+001, +3.12127909790e-005, +9.95872721113e+002
+1.97296251200e+006, +1.07012808355e+003, +2.10108468553e+001, +3.09514033945e-005, +9.98978013151e+002
+1.98743677500e+006, +1.07297454900e+003, +2.09252239311e+001, +3.06878145025e-005, +1.00220901611e+003
+2.00201722600e+006, +1.07628728980e+003, +2.08170200582e+001, +3.04073931608e-005, +1.00602741533e+003
+2.01670464300e+006, +1.07978875527e+003, +2.06968049347e+001, +3.01169541818e-005, +1.01010322816e+003
+2.03149981200e+006, +1.08306741072e+003, +2.05929956931e+001, +2.98445342421e-005, +1.01386215498e+003
+2.04640352300e+006, +1.08619179285e+003, +2.05009990323e+001, +2.95856368608e-005, +1.01739901172e+003
+2.06141657200e+006, +1.08911830774e+003, +2.04194744518e+001, +2.93372025580e-005, +1.02068187951e+003
+2.07653976100e+006, +1.09158118003e+003, +2.03677183440e+001, +2.91185641292e-005, +1.02333359648e+003
+2.09177389900e+006, +1.09325932471e+003, +2.03793490152e+001, +2.89667656662e-005, +1.02482955998e+003
+2.10711979900e+006, +1.09503316464e+003, +2.03800623062e+001, +2.88034264182e-005, +1.02648762361e+003
+2.12257828200e+006, +1.09699017399e+003, +2.03636469718e+001, +2.86226641734e-005, +1.02843153831e+003
+2.13815017200e+006, +1.09909404020e+003, +2.03327970671e+001, +2.84274017172e-005, +1.03060969847e+003
+2.15383630300e+006, +1.10132719001e+003, +2.02927321091e+001, +2.82243387158e-005, +1.03297104413e+003
+2.16963751200e+006, +1.10380928090e+003, +2.02032932370e+001, +2.79633465326e-005, +1.03589539958e+003
+2.18555464400e+006, +1.10652990174e+003, +2.01067280635e+001, +2.77006238025e-005, +1.03909120945e+003
+2.20158854800e+006, +1.10931372936e+003, +2.00112834585e+001, +2.74425812520e-005, +1.04233918733e+003
+2.21774008300e+006, +1.11222010449e+003, +1.99158223193e+001, +2.71891011298e-005, +1.04570277437e+003
+2.23401011000e+006, +1.11528677862e+003, +1.98262714590e+001, +2.69487165849e-005, +1.04917854603e+003
+2.25039949900e+006, +1.11885933769e+003, +1.97338886276e+001, +2.67180888498e-005, +1.05314984658e+003
+2.26690912500e+006, +1.12291076717e+003, +1.96446105414e+001, +2.65038851351e-005, +1.05755285136e+003
+2.28353987100e+006, +1.12669483516e+003, +1.95544376211e+001, +2.62830988218e-005, +1.06171148304e+003
+2.30029262600e+006, +1.13011334701e+003, +1.94673679301e+001, +2.60588464259e-005, +1.06550640966e+003
+2.31716828400e+006, +1.13335543052e+003, +1.93824805985e+001, +2.58345096284e-005, +1.06912158120e+003
+2.33416774700e+006, +1.13615107273e+003, +1.93018366696e+001, +2.56067392451e-005, +1.07228842558e+003
+2.35129192300e+006, +1.13809018622e+003, +1.92283339291e+001, +2.53703422382e-005, +1.07460025863e+003
+2.36854172800e+006, +1.14009960719e+003, +1.91534535147e+001, +2.51354832916e-005, +1.07698737131e+003
+2.38591808200e+006, +1.14208423076e+003, +1.90783933441e+001, +2.49015594569e-005, +1.07935210362e+003
+2.40342191500e+006, +1.14405636391e+003, +1.90031820921e+001, +2.46688836399e-005, +1.08170585580e+003
+2.42105416200e+006, +1.14597859401e+003, +1.89245844639e+001, +2.44326361964e-005, +1.08403419404e+003
+2.43881576300e+006, +1.14769588747e+003, +1.88530199183e+001, +2.42025307698e-005, +1.08612273665e+003
+2.45670767000e+006, +1.14951833951e+003, +1.87751886357e+001, +2.39686623219e-005, +1.08835100336e+003
+2.47473083700e+006, +1.15152992828e+003, +1.86991026618e+001, +2.37426074007e-005, +1.09074676522e+003
+2.49288622800e+006, +1.15363405057e+003, +1.86151569338e+001, +2.35105210299e-005, +1.09328053142e+003
+2.51117481200e+006, +1.15580648725e+003, +1.85363830597e+001, +2.32877808527e-005, +1.09584552853e+003
+2.52959756700e+006, +1.15859490880e+003, +1.84461950616e+001, +2.30651330376e-005, +1.09906770354e+003
+2.54815547700e+006, +1.16170345027e+003, +1.83509853219e+001, +2.28441768583e-005, +1.10262582510e+003
+2.56684953300e+006, +1.16468718855e+003, +1.82563044182e+001, +2.26227539800e-005, +1.10606226542e+003
+2.58568073500e+006, +1.16750786445e+003, +1.81662039469e+001, +2.24050370911e-005, +1.10931473993e+003
+2.60465008900e+006, +1.17022037339e+003, +1.80776926647e+001, +2.21885560738e-005, +1.11245433718e+003
+2.62375860700e+006, +1.17250585918e+003, +1.79968665514e+001, +2.19745776057e-005, +1.11513915125e+003
+2.64300731100e+006, +1.17409618610e+003, +1.79415384847e+001, +2.17791848189e-005, +1.11700144471e+003
+2.66239723000e+006, +1.17584763603e+003, +1.78758443426e+001, +2.15761329987e-005, +1.11908229744e+003
+2.68192940000e+006, +1.17766602118e+003, +1.77963384409e+001, +2.13598033637e-005, +1.12131343801e+003
+2.70160486300e+006, +1.17955647257e+003, +1.77043712115e+001, +2.11320514113e-005, +1.12369065294e+003
+2.72142467200e+006, +1.18161679266e+003, +1.75932563665e+001, +2.08870853218e-005, +1.12634814386e+003
+2.74138988400e+006, +1.18375333639e+003, +1.73943278138e+001, +2.05448870178e-005, +1.12962021154e+003
+2.76150156800e+006, +1.18590399516e+003, +1.71955663348e+001, +2.02059343141e-005, +1.13289555919e+003
+2.78176079800e+006, +1.18823138662e+003, +1.70211706226e+001, +1.99003739758e-005, +1.13618288343e+003
+2.80216865500e+006, +1.19083920824e+003, +1.68698900778e+001, +1.96279703706e-005, +1.13959289687e+003
+2.82272623100e+006, +1.19354316637e+003, +1.67439088857e+001, +1.93876165131e-005, +1.14293931550e+003
+2.84343462300e+006, +1.19700304750e+003, +1.66993938585e+001, +1.92523579018e-005, +1.14652008416e+003
+2.86429493900e+006, +1.20101026190e+003, +1.67097380832e+001, +1.91876669580e-005, +1.15029597112e+003
+2.88530829200e+006, +1.20467017319e+003, +1.67044070396e+001, +1.91000495740e-005, +1.15383356051e+003
+2.90647580600e+006, +1.20827360363e+003, +1.66724144145e+001, +1.89822744150e-005, +1.15747867089e+003
+2.92779861100e+006, +1.21158184887e+003, +1.66197935692e+001, +1.88376708457e-005, +1.16096659054e+003
+2.94927784700e+006, +1.21460409704e+003, +1.65382010425e+001, +1.86576666241e-005, +1.16435611878e+003
+2.97091466100e+006, +1.21653454009e+003, +1.63658626999e+001, +1.83632227942e-005, +1.16724302478e+003
+2.99271021000e+006, +1.21879654458e+003, +1.62110379659e+001, +1.80952637311e-005, +1.17033709712e+003
+3.01466565700e+006, +1.22115108795e+003, +1.60644392025e+001, +1.78397286089e-005, +1.17346646325e+003
+3.03678217700e+006, +1.22372493806e+003, +1.59308857596e+001, +1.76034272242e-005, +1.17672593382e+003
+3.05906095000e+006, +1.22658479357e+003, +1.58076687499e+001, +1.73840547742e-005, +1.18019724755e+003
+3.08150316700e+006, +1.23091079129e+003, +1.57171509199e+001, +1.72216528547e-005, +1.18488790060e+003
+3.10411002700e+006, +1.23516089566e+003, +1.56367996764e+001, +1.70697505226e-005, +1.18944715556e+003
+3.12688273800e+006, +1.23901372409e+003, +1.55571660574e+001, +1.69138676430e-005, +1.19362039991e+003
+3.14982251600e+006, +1.24241527649e+003, +1.54779613275e+001, +1.67531640522e-005, +1.19735681842e+003
+3.17293058800e+006, +1.24537543705e+003, +1.53992192798e+001, +1.65880250137e-005, +1.20066524169e+003
+3.19620818800e+006, +1.24697840371e+003, +1.53363515936e+001, +1.64227163961e-005, +1.20257326428e+003
+3.21965656000e+006, +1.24752464008e+003, +1.52838790998e+001, +1.62557809498e-005, +1.20340171995e+003
+3.24327695600e+006, +1.24827705804e+003, +1.52225965208e+001, +1.60839148939e-005, +1.20447878124e+003
+3.26707063800e+006, +1.24939906438e+003, +1.51436801196e+001, +1.59002240477e-005, +1.20601212214e+003
+3.29103887900e+006, +1.25067033369e+003, +1.50530734775e+001, +1.57081409399e-005, +1.20775441420e+003
+3.31518295800e+006, +1.25230440431e+003, +1.49391673181e+001, +1.54986632638e-005, +1.20997661300e+003
+3.33950416500e+006, +1.25449083089e+003, +1.47625703577e+001, +1.52345313927e-005, +1.21308016066e+003
+3.36400380000e+006, +1.25678795453e+003, +1.45991176071e+001, +1.49871840674e-005, +1.21621010770e+003
+3.38868317200e+006, +1.25912773806e+003, +1.44414234351e+001, +1.47481701099e-005, +1.21934321913e+003
+3.41354360000e+006, +1.26166646309e+003, +1.42965905830e+001, +1.45262346491e-005, +1.22259319210e+003
+3.43858641100e+006, +1.26415270014e+003, +1.41642311459e+001, +1.43178389458e-005, +1.22572031218e+003
+3.46381294400e+006, +1.26709783671e+003, +1.40755187403e+001, +1.41592569749e-005, +1.22905451435e+003
+3.48922454700e+006, +1.27011229231e+003, +1.39879214656e+001, +1.40036465817e-005, +1.23244927695e+003
+3.51482257700e+006, +1.27302817995e+003, +1.38995655612e+001, +1.38473011555e-005, +1.23575175457e+003
+3.54060840200e+006, +1.27589389221e+003, +1.38065003396e+001, +1.36869489449e-005, +1.23902975982e+003
+3.56658340000e+006, +1.27865732304e+003, +1.37059078386e+001, +1.35193940692e-005, +1.24224716470e+003
+3.59274895900e+006, +1.28140851493e+003, +1.36064424739e+001, +1.33540526406e-005, +1.24544521408e+003
+3.61910647600e+006, +1.28402703457e+003, +1.35125959369e+001, +1.31939758280e-005, +1.24848333798e+003
+3.64565736100e+006, +1.28655477961e+003, +1.34013258148e+001, +1.30175891496e-005, +1.25152255597e+003
+3.67240303000e+006, +1.28900100687e+003, +1.32806936205e+001, +1.28329134527e-005, +1.25452839583e+003
+3.69934491400e+006, +1.29117975379e+003, +1.31498660817e+001, +1.26375042242e-005, +1.25732287419e+003
+3.72648445300e+006, +1.29300831259e+003, +1.30040003918e+001, +1.24262900900e-005, +1.25984828214e+003
+3.75382309500e+006, +1.29330353859e+003, +1.28003985558e+001, +1.21486746533e-005, +1.26116211742e+003
+3.78136230200e+006, +1.29416853283e+003, +1.26066138620e+001, +1.18885436641e-005, +1.26296816699e+003
+3.80910354500e+006, +1.29552798232e+003, +1.24295236510e+001, +1.16510277094e-005, +1.26516274815e+003
+3.83704830600e+006, +1.29756442657e+003, +1.22592884156e+001, +1.14281416520e-005, +1.26797567149e+003
+3.86519807900e+006, +1.30016565632e+003, +1.21055498199e+001, +1.12272394220e-005, +1.27125377896e+003
+3.89355436700e+006, +1.30513241082e+003, +1.19708576886e+001, +1.10653930009e-005, +1.27674998887e+003
+3.92211868600e+006, +1.31059092785e+003, +1.18424712999e+001, +1.09141423937e-005, +1.28269570017e+003
+3.95089256100e+006, +1.31564607706e+003, +1.17302129107e+001, +1.07747973552e-005, +1.28816978462e+003
+3.97987753100e+006, +1.32029071619e+003, +1.16290566718e+001, +1.06428013067e-005, +1.29318930679e+003
+4.00907514300e+006, +1.32466521982e+003, +1.15330520162e+001, +1.05139754274e-005, +1.29791961027e+003
+4.03848695800e+006, +1.32840421133e+003, +1.14956614138e+001, +1.04333873003e-005, +1.30175615514e+003
+4.06811454700e+006, +1.33160822429e+003, +1.15084515785e+001, +1.03937793286e-005, +1.30483662128e+003
+4.09795949300e+006, +1.33452779577e+003, +1.14892252459e+001, +1.03236621460e-005, +1.30778676723e+003
+4.12802339100e+006, +1.33711302226e+003, +1.14329516937e+001, +1.02187066447e-005, +1.31058113877e+003
+4.15830784700e+006, +1.33940652453e+003, +1.13487774656e+001, +1.00878552150e-005, +1.31321776358e+003
+4.18881447900e+006, +1.34113794954e+003, +1.12238056331e+001, +9.91833587113e-006, +1.31548783985e+003
+4.21954491800e+006, +1.34057295612e+003, +1.09351206890e+001, +9.59193367667e-006, +1.31623166096e+003
+4.25050080400e+006, +1.34065380203e+003, +1.06768930547e+001, +9.30041922278e-006, +1.31744385984e+003
+4.28168379200e+006, +1.34137326333e+003, +1.04481262883e+001, +9.04193451179e-006, +1.31913261669e+003
+4.31309554800e+006, +1.34275011598e+003, +1.02505443868e+001, +8.81721252903e-006, +1.32131849065e+003
+4.34473775100e+006, +1.34464451503e+003, +1.00850815799e+001, +8.62533433678e-006, +1.32386815420e+003
+4.37661209000e+006, +1.34940809004e+003, +1.00536756885e+001, +8.56636756519e-006, +1.32868744875e+003
+4.40872027000e+006, +1.35452398507e+003, +1.00456929189e+001, +8.52951188391e-006, +1.33375771941e+003
+4.44106400500e+006, +1.35924238653e+003, +1.00043785912e+001, +8.46230007383e-006, +1.33857439896e+003
+4.47364502400e+006, +1.36345831742e+003, +9.93130358498e+000, +8.36579494080e-006, +1.34302722935e+003
+4.50646506700e+006, +1.36709013546e+003, +9.83128486583e+000, +8.24395670712e-006, +1.34701416136e+003
+4.53952588800e+006, +1.36926442110e+003, +9.63360214048e+000, +8.03368537938e-006, +1.34995514047e+003
+4.57282925400e+006, +1.37016437707e+003, +9.35508120043e+000, +7.75177859880e-006, +1.35194105774e+003
+4.60637694300e+006, +1.37121551817e+003, +9.10364612488e+000, +7.49601135827e-006, +1.35394333107e+003
+4.64017074900e+006, +1.37257511655e+003, +8.87809110519e+000, +7.26574169215e-006, +1.35613022828e+003
+4.67421247600e+006, +1.37425686855e+003, +8.68110996688e+000, +7.06267633762e-006, +1.35851297338e+003
+4.70850394400e+006, +1.37629407275e+003, +8.52039656727e+000, +6.89261049008e-006, +1.36110416614e+003
+4.74304698500e+006, +1.37963458866e+003, +8.48867682414e+000, +6.83367290282e-006, +1.36452076780e+003
+4.77784344400e+006, +1.38285770973e+003, +8.43923857458e+000, +6.76043847002e-006, +1.36788420547e+003
+4.81289518100e+006, +1.38595585223e+003, +8.36706705089e+000, +6.66912787451e-006, +1.37120392714e+003
+4.84820406800e+006, +1.38891149685e+003, +8.27333600159e+000, +6.56087229654e-006, +1.37445690270e+003
+4.88377199200e+006, +1.39169751124e+003, +8.15717205285e+000, +6.43514704787e-006, +1.37761710617e+003
+4.91960085400e+006, +1.39403787369e+003, +7.98144417806e+000, +6.26207379225e-006, +1.38053395348e+003
+4.95569256700e+006, +1.39612032138e+003, +7.78476886273e+000, +6.07329905374e-006, +1.38325351344e+003
+4.99204906000e+006, +1.39846720841e+003, +7.58719496837e+000, +5.88683935118e-006, +1.38622373075e+003
+5.02867227500e+006, +1.40079862269e+003, +7.38543902923e+000, +5.69892405345e-006, +1.38917740410e+003
+5.06556417000e+006, +1.40322848096e+003, +7.18036856487e+000, +5.51070822808e-006, +1.39222378284e+003
+5.10272671500e+006, +1.40639537329e+003, +6.96178704866e+000, +5.31684735771e-006, +1.39602631646e+003
+5.14016189600e+006, +1.41027279472e+003, +6.72316543836e+000, +5.11211407646e-006, +1.40057490838e+003
+5.17787171300e+006, +1.41360522643e+003, +6.50007659445e+000, +4.91881897455e-006, +1.40451815409e+003
+5.21585818100e+006, +1.41651256700e+003, +6.29617714172e+000, +4.74017834581e-006, +1.40796855256e+003
+5.25412333000e+006, +1.41894500716e+003, +6.10865883620e+000, +4.57388864804e-006, +1.41088805805e+003
+5.29266920300e+006, +1.42065955920e+003, +5.94352542731e+000, +4.42361907127e-006, +1.41302272209e+003
+5.33149786100e+006, +1.41983649055e+003, +5.88038606711e+000, +4.34239910447e-006, +1.41236523649e+003
+5.37061137800e+006, +1.41946992890e+003, +5.80003802430e+000, +4.25097762629e-006, +1.41220315382e+003
+5.41001184300e+006, +1.41960400802e+003, +5.70343690528e+000, +4.15035905899e-006, +1.41257641517e+003
+5.44970136300e+006, +1.42019073475e+003, +5.58808013325e+000, +4.03873504174e-006, +1.41344153346e+003
+5.48968205700e+006, +1.42118715866e+003, +5.44783497523e+000, +3.91174863101e-006, +1.41476772548e+003
+5.52995606200e+006, +1.42333806603e+003, +5.27189331589e+000, +3.76389517568e-006, +1.41731719108e+003
+5.57052553000e+006, +1.42590621170e+003, +5.07509087251e+000, +3.60386123977e-006, +1.42031611429e+003
+5.61139262800e+006, +1.42863162860e+003, +4.86893472094e+000, +3.43920627818e-006, +1.42347635716e+003
+5.65255953900e+006, +1.43161150185e+003, +4.65623114797e+000, +3.27215544821e-006, +1.42688673968e+003
+5.69402846400e+006, +1.43475309419e+003, +4.43690611535e+000, +3.10242384209e-006, +1.43045332298e+003
+5.73580161700e+006, +1.43896990247e+003, +4.17371860704e+000, +2.90598985638e-006, +1.43515370599e+003
+5.77788123100e+006, +1.44422231254e+003, +3.87471153679e+000, +2.68825978478e-006, +1.44092111115e+003
+5.82026955500e+006, +1.44890776616e+003, +3.59886361937e+000, +2.48699503636e-006, +1.44605048178e+003
+5.86296885200e+006, +1.45294864034e+003, +3.34821238953e+000, +2.30354110264e-006, +1.45046849343e+003
+5.90598140400e+006, +1.45626582714e+003, +3.12162531410e+000, +2.13703668861e-006, +1.45410500255e+003
+5.94930951000e+006, +1.45888637281e+003, +2.92720926894e+000, +1.99304558059e-006, +1.45698284474e+003
+5.99295548400e+006, +1.45897268477e+003, +2.87457426281e+000, +1.94309901545e-006, +1.45713687419e+003
+6.03692165900e+006, +1.45919938155e+003, +2.79363207672e+000, +1.87496736419e-006, +1.45746521122e+003
+6.08121038200e+006, +1.45958884140e+003, +2.69319834634e+000, +1.79492540632e-006, +1.45797666713e+003
+6.12582402200e+006, +1.46014525708e+003, +2.56187993625e+000, +1.69567686659e-006, +1.45868588515e+003
+6.17076496100e+006, +1.46090773513e+003, +2.40856914969e+000, +1.58347964236e-006, +1.45961710497e+003
+6.21603560100e+006, +1.46195753229e+003, +2.15973251898e+000, +1.41063897790e-006, +1.46091902868e+003
+6.26163836000e+006, +1.46323303478e+003, +1.88827594636e+000, +1.22549023770e-006, +1.46243846901e+003
+6.30757567600e+006, +1.46447516092e+003, +1.62905934424e+000, +1.05049848149e-006, +1.46388325688e+003
+6.35385000100e+006, +1.46599424674e+003, +1.38231236231e+000, +8.85843224080e-007, +1.46556761975e+003
+6.40046380900e+006, +1.46738711866e+003, +1.14257048694e+000, +7.27587070106e-007, +1.46709536182e+003
+6.44741959100e+006, +1.46896341887e+003, +9.35301470422e-001, +5.91908905697e-007, +1.46876770153e+003
+6.49471985500e+006, +1.47052296420e+003, +7.57665662104e-001, +4.76511992535e-007, +1.47039439249e+003
+6.54236712800e+006, +1.47224157197e+003, +5.72961171048e-001, +3.58145598267e-007, +1.47216795963e+003
+6.59036395600e+006, +1.47414803810e+003, +3.89886877015e-001, +2.42250378733e-007, +1.47411390769e+003
+6.63871290400e+006, +1.47626783920e+003, +2.00405689955e-001, +1.23790675450e-007, +1.47625880875e+003
+6.68741655400e+006, +1.47853117600e+003, +1.32500544638e-002, +8.13743006716e-009, +1.47853113646e+003
+6.73647751000e+006, +1.48196737196e+003, -1.89305539210e-001, -1.15682005419e-007, +1.48195928305e+003
+6.78589839200e+006, +1.48530415115e+003, -3.84449226116e-001, -2.33744431642e-007, +1.48527071498e+003
+6.83568184100e+006, +1.48833184634e+003, -5.87004274972e-001, -3.55016959021e-007, +1.48825373695e+003
+6.88583051600e+006, +1.49114782139e+003, -7.90865388634e-001, -4.75719164082e-007, +1.49100577059e+003
+6.93634709800e+006, +1.49390158336e+003, -9.95083585394e-001, -5.95287000628e-007, +1.49367628660e+003
+6.98723428500e+006, +1.49722571404e+003, -1.18992556591e+000, -7.08219770818e-007, +1.49690283787e+003
+7.03849479700e+006, +1.50035155730e+003, -1.38022762710e+000, -8.17183238656e-007, +1.49991624774e+003
+7.09013137100e+006, +1.50284249307e+003, -1.58624033187e+000, -9.33835095036e-007, +1.50226659126e+003
+7.14214676700e+006, +1.50458875353e+003, -1.80033031736e+000, -1.05333682588e-006, +1.50384605732e+003
+7.19454376400e+006, +1.50582182680e+003, -2.02436205169e+000, -1.17669973240e-006, +1.50488203960e+003
+7.24732516200e+006, +1.50491495002e+003, -2.27945804606e+000, -1.31446413610e-006, +1.50372413962e+003
+7.30049378000e+006, +1.50185677270e+003, -2.56417666374e+000, -1.46479464360e-006, +1.50035301918e+003
+7.35405246000e+006, +1.49941622267e+003, -2.83137867864e+000, -1.60292854915e-006, +1.49758578697e+003
+7.40800406200e+006, +1.49785686619e+003, -3.09163661505e+000, -1.73557855405e-006, +1.49567681565e+003
+7.46235147100e+006, +1.49722335490e+003, -3.33821149703e+000, -1.85941575722e-006, +1.49468287261e+003
+7.51709758900e+006, +1.49739662412e+003, -3.57059915660e+000, -1.97444079774e-006, +1.49448990393e+003
+7.57224534100e+006, +1.50118191570e+003, -3.74540229873e+000, -2.06108200573e-006, +1.49797564378e+003
+7.62779767400e+006, +1.50463386626e+003, -3.92664352029e+000, -2.14986221668e-006, +1.50110180249e+003
+7.68375755600e+006, +1.50769041022e+003, -4.12302255627e+000, -2.24531277630e-006, +1.50378846725e+003
+7.74012797800e+006, +1.51043204203e+003, -4.32746855178e+000, -2.34353519192e-006, +1.50612591036e+003
+7.79691195000e+006, +1.51278168206e+003, -4.53801260214e+000, -2.44322049563e-006, +1.50803920382e+003
+7.85411250700e+006, +1.51421792313e+003, -4.77421065754e+000, -2.55380458087e-006, +1.50896422661e+003
+7.91173270500e+006, +1.51521467492e+003, -5.01503782390e+000, -2.66452370079e-006, +1.50941411332e+003
+7.96977562200e+006, +1.51605273828e+003, -5.25794218392e+000, -2.77441730578e-006, +1.50967354357e+003
+8.02824436100e+006, +1.51679257520e+003, -5.51231658065e+000, -2.88846483199e-006, +1.50977827699e+003
+8.08714204400e+006, +1.51737674394e+003, -5.76791095644e+000, -3.00110098260e-006, +1.50969449360e+003
+8.14647181800e+006, +1.51747369326e+003, -6.03939580527e+000, -3.11916310975e-006, +1.50905139243e+003
+8.20623685400e+006, +1.51724379573e+003, -6.32149123229e+000, -3.24001410238e-006, +1.50801853619e+003
+8.26644034500e+006, +1.51688692543e+003, -6.60529824675e+000, -3.35940359014e-006, +1.50681803161e+003
+8.32708550800e+006, +1.51699556438e+003, -6.88339565512e+000, -3.47493201377e-006, +1.50606123625e+003
+8.38817558200e+006, +1.51705810126e+003, -7.16391687397e+000, -3.58963721367e-006, +1.50521508949e+003
+8.44971383200e+006, +1.51748445428e+003, -7.43852450940e+000, -3.70037601083e-006, +1.50471381909e+003
+8.51170354500e+006, +1.51815310345e+003, -7.70559834981e+000, -3.80621201606e-006, +1.50444433766e+003
+8.57414803400e+006, +1.51910929026e+003, -7.97168213854e+000, -3.91060048388e-006, +1.50442973112e+003
+8.63705063500e+006, +1.52012202099e+003, -8.24329221051e+000, -4.01616805150e-006, +1.50441639260e+003
+8.70041470900e+006, +1.52128998787e+003, -8.51446524014e+000, -4.12028529202e-006, +1.50452311306e+003
+8.76424364200e+006, +1.52275895013e+003, -8.78591101060e+000, -4.22374484422e-006, +1.50489085195e+003
+8.82854084300e+006, +1.52560357858e+003, -9.07829413548e+000, -4.33946131385e-006, +1.50649333771e+003
+8.89330974900e+006, +1.52848947382e+003, -9.37401748767e+000, -4.45536276585e-006, +1.50807821688e+003
+8.95855381900e+006, +1.53095167256e+003, -9.66540268672e+000, -4.56645577904e-006, +1.50921985874e+003
+9.02427654000e+006, +1.53275933289e+003, -9.94790482061e+000, -4.66988855397e-006, +1.50971465264e+003
+9.09048142300e+006, +1.53403526932e+003, -1.02169796679e+001, -4.76391966171e-006, +1.50971020320e+003
+9.15717200500e+006, +1.53416833695e+003, -1.04631769057e+001, -4.84234965799e-006, +1.50865791643e+003
+9.22435185100e+006, +1.53297734703e+003, -1.06735810362e+001, -4.89883353941e-006, +1.50645423680e+003
+9.29202454800e+006, +1.53173995377e+003, -1.08950853505e+001, -4.95886623099e-006, +1.50413023249e+003
+9.36019371300e+006, +1.53052627961e+003, -1.11251018600e+001, -5.02140279970e-006, +1.50176497260e+003
+9.42886298900e+006, +1.52926969205e+003, -1.13646633093e+001, -5.08659712579e-006, +1.49928513555e+003
+9.49803604300e+006, +1.52787385073e+003, -1.16096698902e+001, -5.15222858553e-006, +1.49661553712e+003
+9.56771657200e+006, +1.52573428234e+003, -1.18740170216e+001, -5.22218888283e-006, +1.49308722392e+003
+9.63790830000e+006, +1.52383641716e+003, -1.21450806445e+001, -5.29415059025e-006, +1.48972991816e+003
+9.70861497500e+006, +1.52233799664e+003, -1.24251937857e+001, -5.36963902275e-006, +1.48668143328e+003
+9.77984037600e+006, +1.52115108808e+003, -1.27104488580e+001, -5.44666898923e-006, +1.48387442128e+003
+9.85158830900e+006, +1.52042594204e+003, -1.29990348031e+001, -5.52504081344e-006, +1.48146328508e+003
+9.92386260800e+006, +1.52124066506e+003, -1.33037636319e+001, -5.61409451539e-006, +1.48041628429e+003
+9.99666713200e+006, +1.52256559069e+003, -1.36098800548e+001, -5.70401642201e-006, +1.47981261631e+003
+1.00700057730e+007, +1.52327047446e+003, -1.39231198869e+001, -5.79293508393e-006, +1.47851597476e+003
+1.01438824490e+007, +1.52344553501e+003, -1.42480202152e+001, -5.88287219812e-006, +1.47658345860e+003
+1.02183011080e+007, +1.52296617955e+003, -1.45753336156e+001, -5.96943647841e-006, +1.47395347138e+003
+1.02932657240e+007, +1.52123610350e+003, -1.49203331573e+001, -6.05619514874e-006, +1.46994727390e+003
+1.03687803040e+007, +1.51741530802e+003, -1.52848560318e+001, -6.14005328231e-006, +1.46373997300e+003
+1.04448488830e+007, +1.51415666084e+003, -1.56441004682e+001, -6.22167126524e-006, +1.45806517306e+003
+1.05214755240e+007, +1.51143327433e+003, -1.59879575390e+001, -6.29726657310e-006, +1.45297044329e+003
+1.05986643210e+007, +1.50929938881e+003, -1.63223915071e+001, -6.36964582986e-006, +1.44846788077e+003
+1.06764194000e+007, +1.50775972774e+003, -1.66457537221e+001, -6.43844292727e-006, +1.44457574701e+003
+1.07547449140e+007, +1.50940398297e+003, -1.69244523762e+001, -6.50254543561e-006, +1.44403084011e+003
+1.08336450480e+007, +1.51055883439e+003, -1.72031137045e+001, -6.56330457759e-006, +1.44297989228e+003
+1.09131240180e+007, +1.51103197919e+003, -1.74960394225e+001, -6.62508227592e-006, +1.44112821703e+003
+1.09931860700e+007, +1.51100330527e+003, -1.77941322752e+001, -6.68516580459e-006, +1.43871795631e+003
+1.10738354830e+007, +1.51020515630e+003, -1.81002976757e+001, -6.74331150038e-006, +1.43547132142e+003
+1.11550765640e+007, +1.50729286266e+003, -1.84352911431e+001, -6.80069038250e-006, +1.42994071626e+003
+1.12369136550e+007, +1.50343751131e+003, -1.87845452662e+001, -6.85690740271e-006, +1.42335864473e+003
+1.13193511280e+007, +1.50000428883e+003, -1.91219732068e+001, -6.90889883458e-006, +1.41723908174e+003
+1.14023933880e+007, +1.49675859673e+003, -1.94546168088e+001, -6.95822523311e-006, +1.41130206141e+003
+1.14860448710e+007, +1.49409104865e+003, -1.97773992127e+001, -7.00510056515e-006, +1.40596106273e+003
+1.15703100480e+007, +1.49225821819e+003, -2.00907251046e+001, -7.05107858810e-006, +1.40145411244e+003
+1.16551934200e+007, +1.49165676067e+003, -2.03841043894e+001, -7.09476456332e-006, +1.39824721255e+003
+1.17406995230e+007, +1.49080935564e+003, -2.06839287790e+001, -7.13812684074e-006, +1.39471646901e+003
+1.18268329250e+007, +1.48966589978e+003, -2.09822439836e+001, -7.17825581185e-006, +1.39088829943e+003
+1.19135982280e+007, +1.48816204674e+003, -2.12870010550e+001, -7.21741533883e-006, +1.38663013150e+003
+1.20010000690e+007, +1.48630070747e+003, -2.15825835782e+001, -7.25054386641e-006, +1.38209370235e+003
+1.20890431160e+007, +1.48407205958e+003, -2.18909266462e+001, -7.28461625275e-006, +1.37706350166e+003
+1.21777320740e+007, +1.48150059871e+003, -2.21928512460e+001, -7.31360635309e-006, +1.37174765732e+003
+1.22670716820e+007, +1.47892051317e+003, -2.24993138491e+001, -7.34262190535e-006, +1.36635116992e+003
+1.23570667130e+007, +1.47578547114e+003, -2.28096883378e+001, -7.36871573125e-006, +1.36037552325e+003
+1.24477219760e+007, +1.47267070080e+003, -2.31179330168e+001, -7.39288311052e-006, +1.35441326220e+003
+1.25390423130e+007, +1.46870093075e+003, -2.34317255450e+001, -7.41304571441e-006, +1.34758388895e+003
+1.26310326040e+007, +1.46435526723e+003, -2.37477328839e+001, -7.43054471733e-006, +1.34036452072e+003
+1.27236977650e+007, +1.46031982420e+003, -2.40627442737e+001, -7.44791474440e-006, +1.33341729406e+003
+1.28170427460e+007, +1.45637025491e+003, -2.43744493498e+001, -7.46340060860e-006, +1.32656075736e+003
+1.29110725350e+007, +1.45267089262e+003, -2.46856480563e+001, -7.47870842641e-006, +1.31991539626e+003
+1.30057921550e+007, +1.44931500663e+003, -2.49920951045e+001, -7.49317461101e-006, +1.31360996930e+003
+1.31012066680e+007, +1.44638288694e+003, -2.52927169279e+001, -7.50701014006e-006, +1.30772808949e+003
+1.31973211710e+007, +1.44352615372e+003, -2.55978599835e+001, -7.52133768402e-006, +1.30184213365e+003
+1.32941408000e+007, +1.44034825461e+003, -2.59057139860e+001, -7.53357230239e-006, +1.29561372694e+003
+1.33916707280e+007, +1.43708671663e+003, -2.62262292987e+001, -7.54759556913e-006, +1.28914749125e+003
+1.34899161650e+007, +1.43363930934e+003, -2.65457186179e+001, -7.55914331212e-006, +1.28250223979e+003
+1.35888823610e+007, +1.42928037347e+003, -2.68932093196e+001, -7.57195920209e-006, +1.27470533872e+003
+1.36885746040e+007, +1.42500837803e+003, -2.72395885663e+001, -7.58353967340e-006, +1.26697541748e+003
+1.37889982200e+007, +1.42094863601e+003, -2.75747386250e+001, -7.59203005867e-006, +1.25953989412e+003
+1.38901585740e+007, +1.41711872623e+003, -2.79098502700e+001, -7.60047733135e-006, +1.25228680349e+003
+1.39920610730e+007, +1.41366314662e+003, -2.82364457811e+001, -7.60759991919e-006, +1.24544102754e+003
+1.40947111590e+007, +1.41180067234e+003, -2.85312006246e+001, -7.61439719019e-006, +1.24034756636e+003
+1.41981143180e+007, +1.41042405514e+003, -2.88164150529e+001, -7.62062260059e-006, +1.23576930256e+003
+1.43022760750e+007, +1.40825684456e+003, -2.91138899452e+001, -7.62468339113e-006, +1.23032964406e+003
+1.44072019950e+007, +1.40557708755e+003, -2.94258810852e+001, -7.62850577880e-006, +1.22424636495e+003
+1.45128976840e+007, +1.40201023514e+003, -2.97521076584e+001, -7.62985592603e-006, +1.21719803148e+003
+1.46193687880e+007, +1.39679474032e+003, -3.00979322355e+001, -7.62565753361e-006, +1.20846423387e+003
+1.47266209980e+007, +1.38933802296e+003, -3.04725194652e+001, -7.61447565316e-006, +1.19743222106e+003
+1.48346600440e+007, +1.38230491643e+003, -3.08465014775e+001, -7.60402335671e-006, +1.18676964483e+003
+1.49434916970e+007, +1.37568854203e+003, -3.12163067982e+001, -7.59354545616e-006, +1.17651194066e+003
+1.50531217720e+007, +1.37410917583e+003, -3.14092171906e+001, -7.57137898456e-006, +1.17275679645e+003
+1.51635561280e+007, +1.36818248851e+003, -3.17509657410e+001, -7.55678838095e-006, +1.16342488801e+003
+1.52748006650e+007, +1.36467654935e+003, -3.21096865988e+001, -7.55808414392e-006, +1.15592480168e+003
+1.53868613250e+007, +1.36111423105e+003, -3.24601873080e+001, -7.55626421877e-006, +1.14845999322e+003
+1.54997440980e+007, +1.35696600351e+003, -3.28105241848e+001, -7.55011811283e-006, +1.14048526473e+003
+1.56134550130e+007, +1.35244729332e+003, -3.31504262516e+001, -7.53877823443e-006, +1.13231995003e+003
+1.57280001470e+007, +1.34745243706e+003, -3.34783009921e+001, -7.52143957034e-006, +1.12390305935e+003
+1.58433856190e+007, +1.34116376601e+003, -3.37666183870e+001, -7.48826801707e-006, +1.11492075360e+003
+1.59596175950e+007, +1.33416949624e+003, -3.40434141585e+001, -7.44831065701e-006, +1.10551101991e+003
+1.60767022850e+007, +1.32756241960e+003, -3.43242532172e+001, -7.41073834414e-006, +1.09638027604e+003
+1.61946459440e+007, +1.32108727393e+003, -3.46182020501e+001, -7.37579706148e-006, +1.08719660766e+003
+1.63134548740e+007, +1.31497043457e+003, -3.49211523364e+001, -7.34389880864e-006, +1.07819764233e+003
+1.64331354230e+007, +1.30929288639e+003, -3.52491613559e+001, -7.31834015367e-006, +1.06923403934e+003
+1.65536939860e+007, +1.30430727579e+003, -3.56187867721e+001, -7.30329255129e-006, +1.06028422467e+003
+1.66751370030e+007, +1.29927907227e+003, -3.59791499741e+001, -7.28541410326e-006, +1.05141669089e+003
+1.67974709640e+007, +1.29400696486e+003, -3.63230225288e+001, -7.26242540535e-006, +1.04256890513e+003
+1.69207024050e+007, +1.28863712932e+003, -3.66445723855e+001, -7.23430851444e-006, +1.03394239262e+003
+1.70448379100e+007, +1.28316952706e+003, -3.69627981817e+001, -7.20443386105e-006, +1.02528593859e+003
+1.71698841120e+007, +1.27738462373e+003, -3.72076387314e+001, -7.16008584942e-006, +1.01737209602e+003
+1.72958476900e+007, +1.27158398938e+003, -3.74586128151e+001, -7.11641585087e-006, +1.00937430134e+003
+1.74227353770e+007, +1.26577993682e+003, -3.77174505993e+001, -7.07373444221e-006, +1.00127907175e+003
+1.75505539510e+007, +1.25998725752e+003, -3.79916322068e+001, -7.03325299592e-006, +9.92996789009e+002
+1.76793102420e+007, +1.25412620632e+003, -3.82752863667e+001, -6.99351701182e-006, +9.84543788807e+002
+1.78090111280e+007, +1.24826727827e+003, -3.85955843327e+001, -6.95899884813e-006, +9.75606448199e+002
+1.79396635410e+007, +1.24237915070e+003, -3.89320067499e+001, -6.92619289322e-006, +9.66437091029e+002
+1.80712744590e+007, +1.23640127230e+003, -3.92625069686e+001, -6.89141319585e-006, +9.57289265938e+002
+1.82038509170e+007, +1.23055862152e+003, -3.95837022424e+001, -6.85548527097e-006, +9.48384794215e+002
+1.83373999960e+007, +1.22468462748e+003, -3.99004826604e+001, -6.81826026905e-006, +9.39528750451e+002
+1.84719288320e+007, +1.21913214942e+003, -4.02054288976e+001, -6.78070947452e-006, +9.31093729640e+002
+1.86074446140e+007, +1.21408666644e+003, -4.05012267270e+001, -6.74432342987e-006, +9.23181861880e+002
+1.87439545810e+007, +1.20860188294e+003, -4.07941423674e+001, -6.70476493514e-006, +9.14986382405e+002
+1.88814660280e+007, +1.20292631596e+003, -4.10862148524e+001, -6.66372374507e-006, +9.06671466335e+002
+1.90199863010e+007, +1.19691056310e+003, -4.13744216135e+001, -6.61999913881e-006, +8.98169134187e+002
+1.91595228010e+007, +1.19054428457e+003, -4.16616955452e+001, -6.57395857419e-006, +8.89435095423e+002
+1.93000829850e+007, +1.18325376770e+003, -4.19357403314e+001, -6.52090959043e-006, +8.80216344447e+002
+1.94416743610e+007, +1.17598150325e+003, -4.22118776246e+001, -6.46807262649e-006, +8.71008728458e+002
+1.95843044960e+007, +1.16865268791e+003, -4.24904725822e+001, -6.41507832595e-006, +8.61752416382e+002
+1.97279810090e+007, +1.16133866877e+003, -4.27699307873e+001, -6.36212299097e-006, +8.52522851506e+002
+1.98727115780e+007, +1.15385205319e+003, -4.30582514552e+001, -6.30912990237e-006, +8.43073483356e+002
+2.00185039350e+007, +1.14631252347e+003, -4.33633986395e+001, -6.25763229468e-006, +8.33384615570e+002
+2.01653658700e+007, +1.13864228938e+003, -4.36802960852e+001, -6.20653385295e-006, +8.23471451160e+002
+2.03133052290e+007, +1.13123716377e+003, -4.39827638258e+001, -6.15501540445e-006, +8.13980276359e+002
+2.04623299170e+007, +1.12385633675e+003, -4.42841944059e+001, -6.10332900362e-006, +8.04552310665e+002
+2.06124478970e+007, +1.11667510147e+003, -4.45762519621e+001, -6.05154919682e-006, +7.95426674157e+002
+2.07636671880e+007, +1.10974189081e+003, -4.48622472248e+001, -6.00034736142e-006, +7.86590367784e+002
+2.09159958710e+007, +1.10314724110e+003, -4.51338107278e+001, -5.94938360379e-006, +7.78219027559e+002
+2.10694420840e+007, +1.09655673445e+003, -4.54060585929e+001, -5.89846986028e-006, +7.69868093348e+002
+2.12240140260e+007, +1.09009487021e+003, -4.56683551875e+001, -5.84721831432e-006, +7.61769698128e+002
+2.13797199550e+007, +1.08363908362e+003, -4.59237490216e+001, -5.79532751347e-006, +7.53795681839e+002
+2.15365681920e+007, +1.07730617753e+003, -4.61710744153e+001, -5.74335110802e-006, +7.46042568862e+002
+2.16945671150e+007, +1.07169438641e+003, -4.63891491565e+001, -5.69250480589e-006, +7.39208358909e+002
+2.18537251680e+007, +1.06599278660e+003, -4.66115768347e+001, -5.64172794031e-006, +7.32273819876e+002
+2.20140508530e+007, +1.05994925024e+003, -4.68368423102e+001, -5.58954104832e-006, +7.25088199908e+002
+2.21755527370e+007, +1.05361461982e+003, -4.70697260141e+001, -5.53665135340e-006, +7.17625173121e+002
+2.23382394490e+007, +1.04692752140e+003, -4.73079052589e+001, -5.48251671470e-006, +7.09877858945e+002
+2.25021196800e+007, +1.03928136272e+003, -4.75610841611e+001, -5.42481012120e-006, +7.01311010658e+002
+2.26672021880e+007, +1.03115448271e+003, -4.78224111994e+001, -5.36541831345e-006, +6.92348851206e+002
+2.28334957920e+007, +1.02325672400e+003, -4.80816812365e+001, -5.30716343059e-006, +6.83607625764e+002
+2.30010093780e+007, +1.01569354983e+003, -4.83409617107e+001, -5.25076472641e-006, +6.75127846665e+002
+2.31697518950e+007, +1.00834986698e+003, -4.86009061095e+001, -5.19567076451e-006, +6.66821769595e+002
+2.33397323590e+007, +1.00148462768e+003, -4.88619666406e+001, -5.14323871562e-006, +6.58852021750e+002
+2.35109598520e+007, +9.95396211690e+002, -4.91290525411e+001, -5.09535003509e-006, +6.51344941368e+002
+2.36834435240e+007, +9.89207024619e+002, -4.93944397633e+001, -5.04688416025e-006, +6.43823311926e+002
+2.38571925880e+007, +9.82859421600e+002, -4.96513923562e+001, -4.99706713822e-006, +6.36339129367e+002
+2.40322163300e+007, +9.76395992843e+002, -4.99020335980e+001, -4.94631860269e-006, +6.28893222091e+002
+2.42085241000e+007, +9.69757710446e+002, -5.01449046122e+001, -4.89427417602e-006, +6.21467465456e+002
+2.43861253180e+007, +9.62863677289e+002, -5.03725794862e+001, -4.84005408107e-006, +6.14107393288e+002
+2.45650294740e+007, +9.55908419208e+002, -5.05983911963e+001, -4.78562752470e-006, +6.06764982107e+002
+2.47452461260e+007, +9.48890641367e+002, -5.08229871437e+001, -4.73104587476e-006, +5.99431623688e+002
+2.49267849030e+007, +9.41837706044e+002, -5.10481252179e+001, -4.67657253765e-006, +5.92102671703e+002
+2.51096555050e+007, +9.34818882834e+002, -5.12692834761e+001, -4.62226034857e-006, +5.84879678446e+002
+2.52938677010e+007, +9.27655955438e+002, -5.14958408319e+001, -4.56784246237e-006, +5.77532109053e+002
+2.54794313360e+007, +9.20511606514e+002, -5.17237550993e+001, -4.51385631155e-006, +5.70214234541e+002
+2.56663563230e+007, +9.13412746411e+002, -5.19490207505e+001, -4.46018575252e-006, +5.62993243921e+002
+2.58546526490e+007, +9.06260905567e+002, -5.21701083553e+001, -4.40627019893e-006, +5.55827213697e+002
+2.60443303750e+007, +8.99147004545e+002, -5.23883989381e+001, -4.35265137432e-006, +5.48754426567e+002
+2.62353996360e+007, +8.91963521021e+002, -5.26050712130e+001, -4.29888824698e-006, +5.41694373711e+002
+2.64278706400e+007, +8.84548026774e+002, -5.28222380179e+001, -4.24433215190e-006, +5.34523451786e+002
+2.66217536710e+007, +8.77308003038e+002, -5.30346306091e+001, -4.19065452004e-006, +5.27553554576e+002
+2.68170590870e+007, +8.70202433167e+002, -5.32387210245e+001, -4.13747641570e-006, +5.20800771074e+002
+2.70137973250e+007, +8.63194793442e+002, -5.34401290524e+001, -4.08494165113e-006, +5.14172723926e+002
+2.72119788950e+007, +8.56349886867e+002, -5.36324177894e+001, -4.03302474410e-006, +5.07784127676e+002
+2.74116143860e+007, +8.50144693370e+002, -5.37910595247e+001, -3.98273064253e-006, +5.02207317183e+002
+2.76127144650e+007, +8.43905524775e+002, -5.39551086732e+001, -3.93291970298e-006, +4.96569992500e+002
+2.78152898760e+007, +8.37539369674e+002, -5.41273645791e+001, -3.88328431084e-006, +4.90785852909e+002
+2.80193514440e+007, +8.30997157740e+002, -5.43095963427e+001, -3.83366845576e-006, +4.84808053960e+002
+2.82249100700e+007, +8.24260501280e+002, -5.45046909776e+001, -3.78410734079e-006, +4.78595567437e+002
+2.84319767370e+007, +8.17084166780e+002, -5.47297941035e+001, -3.73424720818e-006, +4.71811484631e+002
+2.86405625100e+007, +8.09718737833e+002, -5.49726504098e+001, -3.68461457725e-006, +4.64752146826e+002
+2.88506785330e+007, +8.02411209777e+002, -5.52077270328e+001, -3.63516281634e-006, +4.57858099528e+002
+2.90623360310e+007, +7.95152139513e+002, -5.54332193877e+001, -3.58579312752e-006, +4.51142611066e+002
+2.92755463150e+007, +7.87977607636e+002, -5.56506374558e+001, -3.53675725460e-006, +4.44606559158e+002
+2.94903207750e+007, +7.80900240342e+002, -5.58633324308e+001, -3.48826818721e-006, +4.38216861206e+002
+2.97066708860e+007, +7.73887098431e+002, -5.60801757374e+001, -3.44054515462e-006, +4.31853965533e+002
+2.99246082100e+007, +7.66980096486e+002, -5.62810784116e+001, -3.39296550866e-006, +4.25765335438e+002
+3.01441443880e+007, +7.60104535632e+002, -5.65169730820e+001, -3.34720422377e-006, +4.19342021065e+002
+3.03652911520e+007, +7.53224867538e+002, -5.66700443646e+001, -3.29855924052e-006, +4.13866727436e+002
+3.05880603170e+007, +7.46384086382e+002, -5.68066657255e+001, -3.24987587282e-006, +4.08619814388e+002
+3.08124637860e+007, +7.39804113054e+002, -5.68655178883e+001, -3.19991298467e-006, +4.04381384265e+002
+3.10385135480e+007, +7.33172553685e+002, -5.69289434719e+001, -3.15040633991e-006, +4.00076653525e+002
+3.12662216810e+007, +7.26539032221e+002, -5.70078292502e+001, -3.10194158749e-006, +3.95618251513e+002
+3.14956003510e+007, +7.19877909304e+002, -5.71013100332e+001, -3.05434588145e-006, +3.91005467532e+002
+3.17266618130e+007, +7.13173730327e+002, -5.72154327051e+001, -3.00772818699e-006, +3.86170582905e+002
+3.19594184150e+007, +7.06309606468e+002, -5.73664326478e+001, -2.96209459540e-006, +3.80887521871e+002
+3.21938825900e+007, +6.99341619915e+002, -5.75429654805e+001, -2.91724327634e-006, +3.75313574229e+002
+3.24300668680e+007, +6.92446946550e+002, -5.77161366481e+001, -2.87294525724e-006, +3.69845795823e+002
+3.26679838660e+007, +6.85676106207e+002, -5.78818633914e+001, -2.82928350987e-006, +3.64551155302e+002
+3.29076462970e+007, +6.79035375927e+002, -5.80410885581e+001, -2.78631782089e-006, +3.59420871298e+002
+3.31490669650e+007, +6.72538363863e+002, -5.82003900395e+001, -2.74430144385e-006, +3.54394097470e+002
+3.33922587700e+007, +6.66406611661e+002, -5.83583415239e+001, -2.70408036131e-006, +3.49600266476e+002
+3.36372347060e+007, +6.60212402601e+002, -5.85077736726e+001, -2.66370063450e-006, +3.44883654266e+002
+3.38840078610e+007, +6.53945944012e+002, -5.86430394739e+001, -2.62298342556e-006, +3.40292748441e+002
+3.41325914190e+007, +6.47557218530e+002, -5.87712404445e+001, -2.58195115547e-006, +3.35730115203e+002
+3.43829986640e+007, +6.41124320999e+002, -5.88866606576e+001, -2.54077889574e-006, +3.31289880312e+002
+3.46352429740e+007, +6.34493248642e+002, -5.89645451701e+001, -2.49823278389e-006, +3.27124665466e+002
+3.48893378260e+007, +6.27817293980e+002, -5.90371495607e+001, -2.45581329391e-006, +3.23000819284e+002
+3.51452967960e+007, +6.21162895901e+002, -5.91136193782e+001, -2.41401702957e-006, +3.18866067044e+002
+3.54031335610e+007, +6.14506710415e+002, -5.91931737672e+001, -2.37272331248e-006, +3.14716660830e+002
+3.56628618950e+007, +6.07811734110e+002, -5.92768479813e+001, -2.33180708242e-006, +3.10525134031e+002
+3.59244956780e+007, +6.00973372785e+002, -5.93722962596e+001, -2.29104401941e-006, +3.06170418203e+002
+3.61880488860e+007, +5.94064588861e+002, -5.94718670589e+001, -2.25052238283e-006, +3.01761863857e+002
+3.64535356020e+007, +5.87286166917e+002, -5.95671118029e+001, -2.21080216061e-006, +2.97477339703e+002
+3.67209700110e+007, +5.80656243246e+002, -5.96637751306e+001, -2.17207253946e-006, +2.93274022394e+002
+3.69903664020e+007, +5.74174050003e+002, -5.97582085634e+001, -2.13423574281e-006, +2.89182882711e+002
+3.72617391670e+007, +5.67879442704e+002, -5.98524130547e+001, -2.09747112408e-006, +2.85205589734e+002
+3.75351028070e+007, +5.62068294265e+002, -5.99526556571e+001, -2.06297922055e-006, +2.81436272549e+002
+3.78104719280e+007, +5.56178104130e+002, -6.00463461425e+001, -2.02840739466e-006, +2.77699346299e+002
+3.80878612410e+007, +5.50173029002e+002, -6.01336229125e+001, -1.99363966559e-006, +2.73974577659e+002
+3.83672855680e+007, +5.44062864488e+002, -6.02139970154e+001, -1.95871496547e-006, +2.70269732914e+002
+3.86487598390e+007, +5.37872842807e+002, -6.02844387585e+001, -1.92367839721e-006, +2.66620645403e+002
+3.89322990910e+007, +5.31238520167e+002, -6.03512632637e+001, -1.88736816765e-006, +2.62793758869e+002
+3.92179184760e+007, +5.24614338584e+002, -6.04081248905e+001, -1.85130418168e-006, +2.59064298254e+002
+3.95056332520e+007, +5.18120182593e+002, -6.04578525628e+001, -1.81596505057e-006, +2.55466238998e+002
+3.97954587930e+007, +5.11754944140e+002, -6.05020192244e+001, -1.78136985084e-006, +2.51984494189e+002
+4.00874105840e+007, +5.05469031278e+002, -6.05356533918e+001, -1.74725480697e-006, +2.48631052011e+002
+4.03815042230e+007, +4.99508160432e+002, -6.05513820689e+001, -1.71434065078e-006, +2.45579610175e+002
+4.06777554240e+007, +4.93733184056e+002, -6.05537639840e+001, -1.68221909236e-006, +2.42722510549e+002
+4.09761800160e+007, +4.87863645712e+002, -6.05597040775e+001, -1.65021155620e-006, +2.39792960293e+002
+4.12767939430e+007, +4.81956607150e+002, -6.05682361354e+001, -1.61849406683e-006, +2.36827049943e+002
+4.15796132660e+007, +4.75998503549e+002, -6.05815643340e+001, -1.58705236259e-006, +2.33802874019e+002
+4.18846541660e+007, +4.69938960827e+002, -6.06015513252e+001, -1.55574361428e-006, +2.30683714482e+002
+4.21919329400e+007, +4.63729618605e+002, -6.06443895042e+001, -1.52464844055e-006, +2.27333540049e+002
+4.25014660060e+007, +4.57568211192e+002, -6.06745559946e+001, -1.49387673863e-006, +2.24103033381e+002
+4.28132699030e+007, +4.51402155088e+002, -6.06980580204e+001, -1.46334957096e-006, +2.20921635737e+002
+4.31273612890e+007, +4.45292408744e+002, -6.07091453844e+001, -1.43318552796e-006, +2.17856304530e+002
+4.34437569470e+007, +4.39241743926e+002, -6.07089201064e+001, -1.40341231658e-006, +2.14897563843e+002
+4.37624737810e+007, +4.33150842759e+002, -6.06848071736e+001, -1.37354778036e-006, +2.12076576668e+002
+4.40835288200e+007, +4.27114206155e+002, -6.06551867717e+001, -1.34415077686e-006, +2.09313458988e+002
+4.44069392190e+007, +4.21156969027e+002, -6.06229267770e+001, -1.31533358674e-006, +2.06600699091e+002
+4.47327222560e+007, +4.15206260785e+002, -6.05846806956e+001, -1.28682058179e-006, +2.03923022156e+002
+4.50608953380e+007, +4.09295677111e+002, -6.05420367891e+001, -1.25873517430e-006, +2.01285419204e+002
+4.53914759990e+007, +4.03446357781e+002, -6.05005336313e+001, -1.23120590594e-006, +1.98663221398e+002
+4.57244819030e+007, +3.97627068006e+002, -6.04558272529e+001, -1.20407752641e-006, +1.96067689673e+002
+4.60599308400e+007, +3.91833136090e+002, -6.04036349541e+001, -1.17728257161e-006, +1.93521175774e+002
+4.63978407350e+007, +3.86088886870e+002, -6.03415494607e+001, -1.15086592530e-006, +1.91047834349e+002
+4.67382296410e+007, +3.81552814598e+002, -6.01092812241e+001, -1.12644594271e-006, +1.90145817409e+002
+4.70811157460e+007, +3.75867279045e+002, -6.00179415062e+001, -1.10056836441e-006, +1.87831700452e+002
+4.74265173690e+007, +3.70189029702e+002, -5.99118026625e+001, -1.07489591936e-006, +1.85587795203e+002
+4.77744529650e+007, +3.64510936952e+002, -5.98045284805e+001, -1.04955886107e-006, +1.83331371884e+002
+4.81249411240e+007, +3.58882684606e+002, -5.96852987687e+001, -1.02458288280e-006, +1.81145726939e+002
+4.84780005730e+007, +3.53268420015e+002, -5.95585667707e+001, -9.99912102656e-007, +1.78986043395e+002
+4.88336501750e+007, +3.47665500793e+002, -5.94243161771e+001, -9.75538693123e-007, +1.76849121759e+002
+4.91919089320e+007, +3.42202899616e+002, -5.92870213205e+001, -9.51865435491e-007, +1.74775914745e+002
+4.95527959860e+007, +3.36750490298e+002, -5.91389435853e+001, -9.28446479388e-007, +1.72738828400e+002
+4.99163306200e+007, +3.31216802018e+002, -5.89774146436e+001, -9.05008220718e-007, +1.70701164280e+002
+5.02825322560e+007, +3.25668239088e+002, -5.88023062894e+001, -8.81739066963e-007, +1.68693730913e+002
+5.06514204600e+007, +3.20106728427e+002, -5.86158005115e+001, -8.58668952999e-007, +1.66703334220e+002
+5.10230149430e+007, +3.14373484404e+002, -5.84130225218e+001, -8.35335646853e-007, +1.64666412633e+002
+5.13973355570e+007, +3.08575590840e+002, -5.81890863914e+001, -8.11995997929e-007, +1.62655647123e+002
+5.17744023030e+007, +3.02861415772e+002, -5.79613065338e+001, -7.89198157788e-007, +1.60665514049e+002
+5.21542353270e+007, +2.97218384627e+002, -5.77152099237e+001, -7.66779228490e-007, +1.58752644882e+002
+5.25368549240e+007, +2.91642404985e+002, -5.74598492847e+001, -7.44803810264e-007, +1.56871677056e+002
+5.29222815370e+007, +2.86171989560e+002, -5.71919708624e+001, -7.23338530055e-007, +1.55055423749e+002
+5.33105357580e+007, +2.80828694088e+002, -5.69202783225e+001, -7.02500997524e-007, +1.53277828515e+002
+5.37016383330e+007, +2.75493882031e+002, -5.66269375716e+001, -6.81846256099e-007, +1.51545927095e+002
+5.40956101560e+007, +2.70187735347e+002, -5.63111548452e+001, -6.61423307240e-007, +1.49868393598e+002
+5.44924722790e+007, +2.64876047391e+002, -5.59708807719e+001, -6.41138063571e-007, +1.48228389419e+002
+5.48922459050e+007, +2.59577796974e+002, -5.56058702007e+001, -6.21041795687e-007, +1.46630945557e+002
+5.52949523950e+007, +2.54298532732e+002, -5.51964810428e+001, -6.01010468732e-007, +1.45144447596e+002
+5.57006132630e+007, +2.49018327042e+002, -5.47636111976e+001, -5.81160163313e-007, +1.43671415689e+002
+5.61092501850e+007, +2.43774126531e+002, -5.43133385564e+001, -5.61625230196e-007, +1.42206158656e+002
+5.65208849940e+007, +2.38565860140e+002, -5.38467801856e+001, -5.42414068358e-007, +1.40741121251e+002
+5.69355396830e+007, +2.33375140742e+002, -5.33562687944e+001, -5.23433757023e-007, +1.39287024945e+002
+5.73532364070e+007, +2.28246614318e+002, -5.28533347588e+001, -5.04864925770e-007, +1.37828404682e+002
+5.77739974830e+007, +2.23170444150e+002, -5.23318323153e+001, -4.86642423248e-007, +1.36376637296e+002
+5.81978453930e+007, +2.18106733039e+002, -5.17723386746e+001, -4.68555121645e-007, +1.34961768100e+002
+5.86248027820e+007, +2.13077113130e+002, -5.11739349748e+001, -4.50653190629e-007, +1.33590461067e+002
+5.90548924620e+007, +2.08095686593e+002, -5.05360611117e+001, -4.32970752898e-007, +1.32264046295e+002
+5.94881374140e+007, +2.03140546776e+002, -4.98534057582e+001, -4.15437350606e-007, +1.30973946967e+002
+5.99245607840e+007, +1.98208820555e+002, -4.91179959240e+001, -3.98009998101e-007, +1.29728342370e+002
+6.03641858910e+007, +1.93281923258e+002, -4.83698199093e+001, -3.80901920761e-007, +1.28401050574e+002
+6.08070362240e+007, +1.88468813789e+002, -4.75387272622e+001, -3.63919629209e-007, +1.27233734561e+002
+6.12531354440e+007, +1.83712696038e+002, -4.66585002143e+001, -3.47160358679e-007, +1.26090346310e+002
+6.17025073850e+007, +1.79036685960e+002, -4.57265319027e+001, -3.30660348940e-007, +1.24982609251e+002
+6.21551760580e+007, +1.74428318751e+002, -4.47344709496e+001, -3.14356754197e-007, +1.23909719409e+002
+6.26111656490e+007, +1.69881664453e+002, -4.36794591467e+001, -2.98233207967e-007, +1.22860931365e+002
+6.30705005200e+007, +1.65415377029e+002, -4.25643382854e+001, -2.82347979724e-007, +1.21831442659e+002
+6.35332052140e+007, +1.61023543276e+002, -4.13776499652e+001, -2.66638480562e-007, +1.20827071635e+002
+6.39993044520e+007, +1.56705982329e+002, -4.01174995132e+001, -2.51106038382e-007, +1.19836925037e+002
+6.44688231390e+007, +1.52478275181e+002, -3.87800910141e+001, -2.35767334870e-007, +1.18865300693e+002
+6.49417863590e+007, +1.48360843853e+002, -3.73654896273e+001, -2.20663426112e-007, +1.17914277589e+002
+6.54182193850e+007, +1.44344558168e+002, -3.58535664533e+001, -2.05687873113e-007, +1.16993657809e+002
+6.58981476700e+007, +1.40456622734e+002, -3.42469065615e+001, -1.90902931557e-007, +1.16104272326e+002
+6.63815968570e+007, +1.36717505572e+002, -3.25431241184e+001, -1.76329814912e-007, +1.15251053100e+002
+6.68685927780e+007, +1.33112754074e+002, -3.07258224720e+001, -1.61874840093e-007, +1.14426663749e+002
+6.73591614510e+007, +1.29670863679e+002, -2.88000492490e+001, -1.47601774138e-007, +1.13631390353e+002
+6.78533290870e+007, +1.26410203749e+002, -2.67622522399e+001, -1.33512772299e-007, +1.12869480627e+002
+6.83511220900e+007, +1.23327669084e+002, -2.46039857001e+001, -1.19560400042e-007, +1.12130398384e+002
+6.88525670560e+007, +1.20442182301e+002, -2.23260853580e+001, -1.05760137113e-007, +1.11413458785e+002
+6.93576907780e+007, +1.17783240857e+002, -1.99364832348e+001, -9.21585505459e-008, +1.10724632437e+002
+6.98665202440e+007, +1.15339041508e+002, -1.74208344933e+001, -7.86613511714e-008, +1.10048615575e+002
+7.03790826390e+007, +1.13148074885e+002, -1.47871368353e+001, -6.53060173622e-008, +1.09400691317e+002
+7.08954053510e+007, +1.11238492977e+002, -1.20563091828e+001, -5.21601971116e-008, +1.08784882934e+002
+7.14155159660e+007, +1.09613240304e+002, -9.22794785686e+000, -3.91736342901e-008, +1.08194643336e+002
+7.19394422740e+007, +1.08284979550e+002, -6.30390158422e+000, -2.63045886826e-008, +1.07630232335e+002
+7.24672122670e+007, +1.07293621646e+002, -3.31247353494e+000, -1.36157104737e-008, +1.07114362010e+002
+7.29988541430e+007, +1.06637287824e+002, -2.62215676141e-001, -1.06401483391e-009, +1.06636171088e+002
+7.35343963090e+007, +1.06303780594e+002, +2.83788529652e+000, +1.13912905189e-008, +1.06173411593e+002
+7.40738673780e+007, +1.06306718270e+002, +5.95216803759e+000, +2.36857388506e-008, +1.05733598745e+002
+7.46172961730e+007, +1.06650587780e+002, +9.06225007389e+000, +3.58298523817e-008, +1.05319353444e+002
+7.51647117300e+007, +1.07323494892e+002, +1.21627643300e+001, +4.78788736479e-008, +1.04914407052e+002
+7.57161432970e+007, +1.08322275266e+002, +1.52095580953e+001, +5.97352592638e-008, +1.04528043047e+002
+7.62716203360e+007, +1.09656187852e+002, +1.81918592719e+001, +7.14369853884e-008, +1.04175178933e+002
+7.68311725270e+007, +1.11320994502e+002, +2.11128168630e+001, +8.30634728661e-008, +1.03848348041e+002
+7.73948297650e+007, +1.13305105318e+002, +2.39443733479e+001, +9.45633168776e-008, +1.03554058291e+002
+7.79626221680e+007, +1.15597504728e+002, +2.66707296070e+001, +1.05924280844e-007, +1.03298024202e+002
+7.85345800700e+007, +1.18193567796e+002, +2.93055511167e+001, +1.17240162570e-007, +1.03067374166e+002
+7.91107340330e+007, +1.21066632702e+002, +3.18268068270e+001, +1.28443138940e-007, +1.02863786812e+002
+7.96911148400e+007, +1.24198443405e+002, +3.42240932518e+001, +1.39506911939e-007, +1.02692755301e+002
+8.02757534990e+007, +1.27580331932e+002, +3.65091846486e+001, +1.50487744870e-007, +1.02544158810e+002
+8.08646812490e+007, +1.31199357377e+002, +3.86772111660e+001, +1.61371138068e-007, +1.02424587018e+002
+8.14579295550e+007, +1.35028645118e+002, +4.07193459198e+001, +1.72106089720e-007, +1.02340115654e+002
+8.20555301130e+007, +1.39067038649e+002, +4.26498479330e+001, +1.82749467082e-007, +1.02284908250e+002
+8.26575148550e+007, +1.43302952990e+002, +4.44743412808e+001, +1.93311070183e-007, +1.02255866353e+002
+8.32639159420e+007, +1.47716118071e+002, +4.61869623236e+001, +2.03746117744e-007, +1.02264960571e+002
+8.38747657750e+007, +1.52303117503e+002, +4.78022066898e+001, +2.14099887223e-007, +1.02300794355e+002
+8.44900969920e+007, +1.57054692848e+002, +4.93247843804e+001, +2.24374203201e-007, +1.02363599569e+002
+8.51099424680e+007, +1.61934653650e+002, +5.07541447848e+001, +2.34512781203e-007, +1.02447846449e+002
+8.57343353230e+007, +1.66973383347e+002, +5.20940281026e+001, +2.44568564940e-007, +1.02583010479e+002
+8.63633089160e+007, +1.72163185733e+002, +5.33587324498e+001, +2.54574842199e-007, +1.02747497689e+002
+8.69968968550e+007, +1.77481038048e+002, +5.45443885395e+001, +2.64480806587e-007, +1.02951792223e+002
+8.76351329900e+007, +1.82924882058e+002, +5.56579911110e+001, +2.74302020773e-007, +1.03193704064e+002
+8.82780514230e+007, +1.88501738597e+002, +5.67088405502e+001, +2.84074960799e-007, +1.03467444868e+002
+8.89256865050e+007, +1.94198906005e+002, +5.76923710798e+001, +2.93761164986e-007, +1.03792497145e+002
+8.95780728380e+007, +2.00006348754e+002, +5.86211155935e+001, +3.03381592876e-007, +1.04142312111e+002
+9.02352452780e+007, +2.05948759304e+002, +5.94938537805e+001, +3.12965201711e-007, +1.04545931081e+002
+9.08972389390e+007, +2.12004398398e+002, +6.03184176029e+001, +3.22499831141e-007, +1.04980215702e+002
+9.15640891900e+007, +2.18178114755e+002, +6.10909329628e+001, +3.31976042840e-007, +1.05471864776e+002
+9.22358316610e+007, +2.24486768511e+002, +6.18250652495e+001, +3.41458951276e-007, +1.05994834304e+002
+9.29125022420e+007, +2.30894145002e+002, +6.25182473702e+001, +3.50880951947e-007, +1.06549820041e+002
+9.35941370880e+007, +2.37390084482e+002, +6.31687065204e+001, +3.60216949930e-007, +1.07149570926e+002
+9.42807726170e+007, +2.43976550618e+002, +6.37797847703e+001, +3.69476798937e-007, +1.07794304670e+002
+9.49724455180e+007, +2.50673360524e+002, +6.43572214804e+001, +3.78705037913e-007, +1.08481142783e+002
+9.56691927440e+007, +2.57335998573e+002, +6.49044851563e+001, +3.87691197271e-007, +1.09143539523e+002
+9.63710515240e+007, +2.64142111753e+002, +6.54228018028e+001, +3.96704331693e-007, +1.09861700199e+002
+9.70780593570e+007, +2.71095974384e+002, +6.59043241146e+001, +4.05722101542e-007, +1.10678067469e+002
+9.77902540170e+007, +2.78153543107e+002, +6.63508610738e+001, +4.14680538670e-007, +1.11577063363e+002
+9.85076735580e+007, +2.85329314915e+002, +6.67694818176e+001, +4.23620246557e-007, +1.12542848126e+002
+9.92303563110e+007, +2.92731862768e+002, +6.71377386052e+001, +4.32626729785e-007, +1.13731338824e+002
+9.99583408880e+007, +3.00270503029e+002, +6.74737219404e+001, +4.41617781467e-007, +1.15035767328e+002
+1.00691666184e+008, +3.07929923399e+002, +6.77983002968e+001, +4.50633555045e-007, +1.16356942198e+002
+1.01430371382e+008, +3.15713673304e+002, +6.81051017440e+001, +4.59655423420e-007, +1.17731259275e+002
+1.02174495950e+008, +3.23603286248e+002, +6.83993833849e+001, +4.68670112570e-007, +1.19129553037e+002
+1.02924079645e+008, +3.31606216225e+002, +6.86854503313e+001, +4.77699508765e-007, +1.20534818007e+002
+1.03679162518e+008, +3.39701314440e+002, +6.89740283937e+001, +4.86745558137e-007, +1.21881806725e+002
+1.04439784913e+008, +3.47928491447e+002, +6.92329944062e+001, +4.95757974218e-007, +1.23364509028e+002
+1.05205987469e+008, +3.56275916240e+002, +6.94823443489e+001, +5.04781821514e-007, +1.24873283344e+002
+1.05977811123e+008, +3.64753936257e+002, +6.97116184706e+001, +5.13794146608e-007, +1.26476770974e+002
+1.06755297115e+008, +3.73356480498e+002, +6.99214656970e+001, +5.22784956773e-007, +1.28176207448e+002
+1.07538486984e+008, +3.81998967520e+002, +7.01348582747e+001, +5.31710096396e-007, +1.29806085046e+002
+1.08327422577e+008, +3.90777645919e+002, +7.03233370266e+001, +5.40606753285e-007, +1.31579429720e+002
+1.09122146044e+008, +3.99725305550e+002, +7.04837364982e+001, +5.49505133913e-007, +1.33537998064e+002
+1.09922699849e+008, +4.08811853472e+002, +7.06271104379e+001, +5.58396593773e-007, +1.35608939533e+002
+1.10729126764e+008, +4.17868101521e+002, +7.07675619568e+001, +5.67096396049e-007, +1.37646276358e+002
+1.11541469877e+008, +4.26254470715e+002, +7.09343065745e+001, +5.74845325787e-007, +1.39236892509e+002
+1.12359772589e+008, +4.34341828315e+002, +7.11021135741e+001, +5.82072044370e-007, +1.40675725026e+002
+1.13184078623e+008, +4.43481706963e+002, +7.11306031124e+001, +5.90092608815e-007, +1.43427325373e+002
+1.14014432022e+008, +4.54001689399e+002, +7.10268960074e+001, +5.99318911117e-007, +1.47606967663e+002
+1.14850877149e+008, +4.64645127807e+002, +7.09351638041e+001, +6.08566073251e-007, +1.51770708520e+002
+1.15693458697e+008, +4.75151306195e+002, +7.08750343628e+001, +6.17569740982e-007, +1.55673638527e+002
+1.16542221683e+008, +4.85533596442e+002, +7.08302621092e+001, +6.26298033978e-007, +1.59433601982e+002
+1.17397211457e+008, +4.95819450167e+002, +7.08098324338e+001, +6.34829307379e-007, +1.62978123643e+002
+1.18258473700e+008, +5.06708348803e+002, +7.08299172847e+001, +6.44124675936e-007, +1.66389589400e+002
+1.19126054430e+008, +5.17409217047e+002, +7.08551672167e+001, +6.53037377945e-007, +1.69688079140e+002
+1.20000000000e+008, +5.28103087910e+002, +7.08882516703e+001, +6.61812666709e-007, +1.72907103949e+002
END
