Frequency (Hz);"Trace 1: Gain: Real ";"Trace 1: Gain: Imaginary ";Trace 1: Gain: Magnitude (dB);"Trace 2: Reflection: Real ";"Trace 2: Reflection: Imaginary ";Trace 2: Reflection: Magnitude (dB)
10000;0.048283544587745225;0.13765639231167584;-16.72016477887062;-0.9514719894791114;-0.17454364139311943;-0.2883346732864889
10012.967854;0.04796267586031423;0.13632475810328093;-16.801684743267234;-0.9516501770443693;-0.17389137028223;-0.28781565387583685
10025.952524;0.047628475270745624;0.13502187225767026;-16.8825932380407;-0.9520363320390309;-0.1732127021412099;-0.2854981066605778
10038.954032;0.0473183893319444;0.13377875653414648;-16.960314201929265;-0.9524689329428168;-0.17245804359214292;-0.2828875504257322
10051.972401;0.047003708193710525;0.13247552089305586;-17.042325722323735;-0.9526538042602116;-0.17154139587079728;-0.2827166231992156
10065.007651;0.04670990832857534;0.13124837095801256;-17.120203260423352;-0.9529604041809472;-0.17099478063138798;-0.28087677256683236
10078.059806;0.046386996025293406;0.13001795199917215;-17.199586556729784;-0.9531129504356026;-0.1702836615658171;-0.2806540430185879
10091.128886;0.046083094640892996;0.12880177876356932;-17.27843822179731;-0.9534633130546522;-0.1694776024186367;-0.2788284967871112
10104.214914;0.04577250062280422;0.1276007118579335;-17.357238844817907;-0.9537030858786687;-0.168812539377948;-0.27775285644999387
10117.317912;0.045456975419681786;0.1264352721334901;-17.434695110484203;-0.9541199535416107;-0.16803024615677226;-0.27529144183462684
10130.437902;0.04517074938970041;0.12524475791907033;-17.513734283748924;-0.9543215930091203;-0.16737408141180435;-0.2745292477836889
10143.574905;0.044881531312062704;0.12411410651351745;-17.589851758883242;-0.9546116640916809;-0.1667866140511769;-0.272876027246018
10156.728945;0.0445681826577886;0.12297130762920917;-17.667940210274097;-0.9547427193331087;-0.16606341126344407;-0.2728320346481077
10169.900042;0.04427456176321165;0.1218494316085715;-17.744963425469386;-0.9550626378501924;-0.16535231087268132;-0.2710967389710011
10183.08822;0.04397441993927882;0.12074502872218482;-17.82171084798531;-0.9553548770939336;-0.16468556808853502;-0.26953340480930227
10196.293499;0.04370514575717253;0.1196375188988395;-17.898614514710854;-0.9556283338874988;-0.164035849719929;-0.26810576806476405
10209.515903;0.04340633875366666;0.11857049493640245;-17.974279786077425;-0.9558651763274044;-0.16334912454189082;-0.26705311511571506
10222.755454;0.04310205456106765;0.11749589814222572;-18.051230227705652;-0.9558984407219451;-0.16276364713809488;-0.2676412501529576
10236.012174;0.04280743692093177;0.11645276650530713;-18.12656318940112;-0.956338089121485;-0.16215301909640611;-0.2646754368554905
10249.286084;0.042545347657644936;0.11540487395564764;-18.202072439810053;-0.9564969480703527;-0.16130768828065511;-0.26453493417062
10262.577209;0.04223405676393427;0.11438265469738196;-18.277735257052093;-0.9568329153000379;-0.1606787649955543;-0.2625030633508134
10275.885568;0.04195500382862927;0.11338057403127197;-18.351899802021773;-0.9570545569354207;-0.16019577849389857;-0.2612611870144748
10289.211186;0.041682511658406;0.11235807193516206;-18.427920899053575;-0.9572517703135888;-0.15944670573712091;-0.26062432545940695
10302.554085;0.04139373657523711;0.11136642567309024;-18.50290744080563;-0.9576133713131747;-0.1588016367060672;-0.2583785058669532
10315.914286;0.04110269622524209;0.1104074233144191;-18.576346034764377;-0.9577029120617911;-0.158287298393911;-0.25833975280573135
10329.291813;0.04083441934961455;0.10943344799140214;-18.65086003544619;-0.9578464728195353;-0.15762446251183077;-0.2580374045446735
10342.686687;0.04056026241934734;0.10847699718323686;-18.72493703602203;-0.9579533675298362;-0.15703779009117322;-0.2579443759345324
10356.098932;0.04028700742278367;0.10754432708822406;-18.79793885847311;-0.9583308850497767;-0.15647038788882545;-0.255430845420827
10369.528569;0.040005325087806506;0.10660531638583151;-18.872234753944635;-0.9585011440039813;-0.1558099823869844;-0.25487757524326365
10382.975622;0.03976935584600497;0.10568148149761183;-18.944837795686475;-0.9586611751180536;-0.15518420875207667;-0.2543609037068557
10396.440113;0.039453261529211435;0.10477572575019237;-19.018925504326816;-0.9589126314244315;-0.1546539001405071;-0.25289736151235226
10409.922064;0.03921346425534027;0.10386690062287533;-19.09176821024525;-0.9591215332969899;-0.15393808520863972;-0.25206982156187546
10423.421498;0.03893433994091203;0.10298685146906719;-19.164194720711933;-0.9593135539748865;-0.1535175112924054;-0.2509696411429487
10436.938439;0.03868701780580039;0.1021127967199989;-19.23588646079563;-0.9593792648932558;-0.15292304762230916;-0.2512277302338781
10450.472908;0.038406864733766415;0.10123632759346418;-19.309285879027872;-0.9595162254122891;-0.15224988196948408;-0.2509636949883194
10464.024928;0.03814563777202129;0.1003871692073147;-19.380700059704957;-0.9598024796378477;-0.15172330726687225;-0.2491725546113964
10477.594522;0.03788026755293724;0.0995402311636344;-19.45265471424413;-0.9600036954028562;-0.1511359735315905;-0.24821407192550757
10491.181713;0.03762050152481255;0.09870498340973878;-19.52414581540836;-0.9600956846499428;-0.15062822903251374;-0.24810642781016964
10504.786524;0.037380991382507014;0.09789464843366681;-19.593699454771972;-0.9603409557843834;-0.15013638763112253;-0.24662098293631138
10518.408977;0.0371301810341407;0.09707031308687958;-19.665241312398926;-0.9604640185897106;-0.14966182997043007;-0.24618841749220202
10532.049096;0.03685731340283442;0.09623975068556456;-19.738529445571693;-0.9606896509995583;-0.14903397708970728;-0.24505817557456988
10545.706903;0.036618198768826736;0.0954335239202947;-19.809481325075097;-0.9608421545145086;-0.14841172794980637;-0.24456214531528153
10559.382422;0.036360793425745976;0.09466096874178768;-19.87888344969806;-0.9610772571726075;-0.1479440140835494;-0.2431232011208381
10573.075674;0.036124487805658724;0.0938837518989431;-19.948565032437507;-0.961083204678958;-0.1475085489261675;-0.24366165942203397
10586.786684;0.035866518263243524;0.09310924771578237;-20.01926491176087;-0.9613021232508404;-0.1469869492160551;-0.24243426023782016
10600.515474;0.035624615833065;0.09232182185510122;-20.09109433623578;-0.961474604159039;-0.14642551386190553;-0.24166783084356042
10614.262067;0.03538447320593239;0.09158651218946101;-20.159162012883506;-0.9615185139771028;-0.1458730584453763;-0.2420215883309063
10628.026487;0.03514775811464411;0.09083276819835245;-20.229188630372622;-0.961761013279919;-0.1453230297974755;-0.24061566796852843
10641.808756;0.03490460099974962;0.09009591557524092;-20.298575239562506;-0.9619572001861968;-0.144801709947428;-0.23957763581537672
10655.608897;0.03465466033570042;0.08936861263061871;-20.367934583808;-0.9621500538610824;-0.14428861777160434;-0.2385555403422212
10669.426935;0.03441879896856839;0.08864093429608035;-20.437417915279458;-0.9621592343696598;-0.14378422241210836;-0.23914119812415585
10683.262892;0.03420071340917846;0.08791471132629039;-20.50674153378801;-0.9624240813279703;-0.1434073289733336;-0.23729928294701108
10697.11679;0.03396680659577009;0.08722634468516284;-20.57387871187955;-0.9625954995246242;-0.14285516378050261;-0.23651078748679763
10710.988655;0.03372985181715326;0.08651272733437855;-20.64384179441285;-0.9627400564032842;-0.14230220213255354;-0.23595756867663162
10724.878508;0.03348061350440515;0.0858264653243862;-20.7123895976245;-0.962876964624717;-0.14188214773613284;-0.2352961253024231
10738.786373;0.03326352047416907;0.0851491984613635;-20.7795750776279;-0.9629629285688748;-0.14148664761108495;-0.2350509389439438
10752.712274;0.033049221890105666;0.08446697102185403;-20.84762712042434;-0.9630901943484418;-0.1409145060592315;-0.2346679358808165
10766.656234;0.032800652372313346;0.08380605167593692;-20.91550525367115;-0.9632625869222102;-0.14038482947917136;-0.23382871415489395
10780.618276;0.032584697887066534;0.08312279228331433;-20.984784117175597;-0.9633863607590611;-0.14001463344285034;-0.23321155927844645
10794.598424;0.0323685919051444;0.08247905768023565;-21.05101537056498;-0.963451012128964;-0.13941094401365212;-0.2334137159104273
10808.596701;0.03213914490576054;0.08182142915187086;-21.119513813827034;-0.9636900182443009;-0.13904909751990932;-0.23176497993389095
10822.613131;0.03192968285054723;0.081198804757383;-21.18458401187612;-0.9637703263214232;-0.13850021849246383;-0.2317537581554308
10836.647738;0.031718662343885956;0.08055633604103901;-21.25205370023613;-0.9638049811311661;-0.13810833385409685;-0.23194432657228764
10850.700544;0.031482349755781895;0.07992702002977546;-21.31975012261863;-0.9639083257247374;-0.13773279775459765;-0.23150624698319866
10864.771573;0.031280077004954804;0.07930011780429584;-21.38647714322735;-0.9641796488506822;-0.1370058951599643;-0.23002496892879049
10878.86085;0.031058532141551;0.07868813890278878;-21.453020174399377;-0.9642407395839337;-0.1366674471490594;-0.22990964672122383
10892.968397;0.030863713845654433;0.07808924318741182;-21.517801610607382;-0.9643450541207388;-0.13630851763861046;-0.22943711273706635
10907.094239;0.030649777131295384;0.07747875845427925;-21.584924409900644;-0.964506650564671;-0.13575476224459038;-0.22869984979281902
10921.238399;0.0304302068687354;0.07688914494455296;-21.650748349207817;-0.9647488720301615;-0.13540165194347525;-0.226999269966124
10935.400901;0.030225763835341122;0.07628504658765578;-21.717910544859627;-0.9648288687470304;-0.13494311767669945;-0.22686017360393776
10949.581769;0.030010037282078614;0.07570686690058276;-21.78346836365811;-0.9648724854814512;-0.13458394711803712;-0.22691800757482244
10963.781026;0.029815183618880838;0.0751350442802457;-21.848062438595367;-0.9649196032710028;-0.13416342456705846;-0.22701907560988105
10977.998697;0.02962757180701996;0.07456793166935975;-21.912375974084274;-0.9650228813063146;-0.13361537119266953;-0.22677855114513948
10992.234805;0.029412705268859855;0.07398246376605386;-21.98012671065689;-0.9651265754867745;-0.13319200536729853;-0.226379618444554
11006.489374;0.029215834586138627;0.07343240709457886;-22.044061274103367;-0.9652824453043621;-0.13282924558294396;-0.22544456457875336
11020.762428;0.029013020170332655;0.07286356105275085;-22.11064590774097;-0.9653969948459488;-0.13247626398046752;-0.22486132701223888
11035.053992;0.028811181633575204;0.07231958383244168;-22.17512584788064;-0.9654946750829492;-0.13202874394199077;-0.22454008626458755
11049.364088;0.02861848298190817;0.0717886070695046;-22.23834994119546;-0.9656032536653958;-0.131565997501183;-0.2241390259634626
11063.692742;0.028420627574574933;0.07125031452833275;-22.303022863398645;-0.9657880984926299;-0.13104832958174017;-0.2231282400242711
11078.039976;0.02823676974890299;0.07071817400931119;-22.36693678269376;-0.9657896776682701;-0.13078422032411474;-0.22343046301707242
11092.405816;0.028040477761107827;0.07018287745582742;-22.43219048577651;-0.9658759242352833;-0.1303538029369791;-0.22318265022691633
11106.790286;0.02784188460003117;0.0696719214907407;-22.495419659952283;-0.9660104971790923;-0.12994283691797026;-0.22248316639853563
11121.193409;0.027668218397247746;0.06914616072388732;-22.559636118592575;-0.9660992822927948;-0.1293890101268034;-0.22235555035141238
11135.61521;0.027468627797598132;0.06861774183987471;-22.62575158667925;-0.9662436739005477;-0.12907160883032007;-0.22145523762197303
11150.055712;0.027289303483489114;0.06812909597705334;-22.687110898666738;-0.9664655918991687;-0.12866283077814178;-0.21997683403296908
11164.514941;0.027113025819972224;0.06762854800371766;-22.750088161498354;-0.96638024262865;-0.12839599594491755;-0.22104400103744104
11178.992921;0.026913610245239;0.06712498272131476;-22.814895321810962;-0.9664248615920717;-0.12799943097799557;-0.22111454735981514
11193.489675;0.026752224092071116;0.06663884660360728;-22.87651937249066;-0.9666067954006697;-0.1275373286507357;-0.22004717822451658
11208.005229;0.02656098316970665;0.06614753280196879;-22.940523502329867;-0.9667461952886128;-0.12702563764591146;-0.21941103127753014
11222.539606;0.026395268606041633;0.06565540478353575;-23.003927122635247;-0.9668936458331022;-0.12677717953585027;-0.21839679548348778
11237.092831;0.026214604409314033;0.06518914779477378;-23.06551785730321;-0.9667989358906017;-0.12637772026222774;-0.21969520675961335
11251.664928;0.026020712064495237;0.06470107269375147;-23.13068380111963;-0.9669773303121821;-0.12599335671208486;-0.2185625430390859
11266.255922;0.02586408596189639;0.06422871484373427;-23.192767184410265;-0.9670726341989814;-0.1255967141998317;-0.21817649789182492
11280.865838;0.02566905644089712;0.06375599017414282;-23.25715233417843;-0.9673322482963225;-0.1253167097051374;-0.2162043990517455
11295.4947;0.02549866403982977;0.06331301630783427;-23.317334000377503;-0.9672978439042775;-0.12490550878767738;-0.21697794930560396
11310.142532;0.025329305402952595;0.06286131950757068;-23.378922834552874;-0.9673652517970877;-0.12447369879244626;-0.21687419133257418
11324.809359;0.0251736847013309;0.06240010634490067;-23.441427234382903;-0.9673669706370862;-0.12409327295091388;-0.21729073243505792
11339.495206;0.024986645881328737;0.06194998434576847;-23.504574859197266;-0.967515550014058;-0.1237246514494711;-0.21639532962619268
11354.200097;0.024829372731027245;0.06150724849532439;-23.565829205693976;-0.9675620104181927;-0.12343045679941639;-0.2163168483787287
11368.924058;0.024654128399049135;0.061078384349363246;-23.626709009035622;-0.9677975764112358;-0.12305596629433409;-0.21465743494517794
11383.667112;0.0244997199180749;0.06065168062985601;-23.686716550808782;-0.9677895187622021;-0.12278552755836188;-0.2150319879133702
11398.429285;0.02433426824460973;0.06021694912348442;-23.748689642776814;-0.9677373511855321;-0.1222944612478761;-0.2160420850368262
11413.210601;0.024165964048070004;0.05978278431126584;-23.811181138459695;-0.9678385968408943;-0.12201728513425855;-0.2154567278661237
11428.011085;0.024013986074644278;0.05936643718315766;-23.87105423846323;-0.9680507625396964;-0.12164571434816833;-0.21399567338277758
11442.830763;0.023862348670702707;0.05895145814892874;-23.931151772589594;-0.968056831735187;-0.1213494041273289;-0.21427056671243933
11457.669658;0.023689303566599918;0.05852326547300896;-23.994457411240518;-0.9680690273373578;-0.12093412290168955;-0.21462191662365654
11472.527796;0.023534508806100782;0.05811728708350506;-24.054425857495826;-0.9682316312992391;-0.12057480948344597;-0.21358135479834645
11487.405202;0.0233875475631791;0.05771369074783702;-24.114092761155486;-0.9683604021204038;-0.12012628455703238;-0.21293628149782157
11502.301901;0.023223549948115766;0.05731706595838804;-24.17416327324439;-0.9684276888923823;-0.1199316862844232;-0.21255495853926967
11517.217918;0.023067548400482342;0.056893903598129646;-24.237706297427653;-0.9684384811042549;-0.1195511052504171;-0.21287531794070624
11532.153278;0.0229171337654828;0.056511008490945355;-24.29610129115987;-0.9685190682158217;-0.11927263611250662;-0.21246671169564887
11547.108005;0.02276095570193597;0.056123282222519;-24.35584418155145;-0.9686168439215962;-0.11887922231207232;-0.21203021768757163
11562.082126;0.022608397205567975;0.05573138218957679;-24.416362924023275;-0.9687265930864988;-0.11859807343633234;-0.21136513377792487
11577.075664;0.022461542098015878;0.055350722783369354;-24.47547964750691;-0.9686934022461039;-0.1181464629854315;-0.21214589214920715
11592.088647;0.022304022138703253;0.05497233606872936;-24.535280216752685;-0.9687196973913683;-0.11798782519269489;-0.2120843973632333
11607.121097;0.022157996252333244;0.05460177124271852;-24.593789798565545;-0.9689132155147461;-0.11746274851776994;-0.2109383760187593
11622.173042;0.022017033459150067;0.05420706543618579;-24.65573346108771;-0.9689962104429846;-0.11717773868959132;-0.21051001681830636
11637.244506;0.021858562905177327;0.05382097254678144;-24.717913579713155;-0.96894577092632;-0.116808469489648;-0.21134958411871607
11652.335514;0.02172408521231563;0.053457987216806974;-24.775959013858863;-0.9690061029046316;-0.11656539478087871;-0.21107514066199332
11667.446092;0.021582018500622115;0.053092608739893965;-24.835163709957584;-0.9691369376852315;-0.1161656473978091;-0.21034324980999553
11682.576265;0.02142661130483617;0.0527357229043856;-24.894340607543374;-0.9692570159739852;-0.11603330318355135;-0.20942240601471765
11697.726059;0.021296507449158276;0.05237084707706045;-24.953596865546842;-0.9693674953042278;-0.11552241034125317;-0.2089854651350725
11712.895499;0.02115235902186589;0.0520043400890304;-25.014311963393038;-0.9693054965238619;-0.1153092837285444;-0.2097574587016432
11728.08461;0.021010107399992588;0.051667527117448285;-25.071058561095736;-0.9694715669561395;-0.11498402950529713;-0.20863149809297668
11743.293419;0.020887470646894876;0.051309352373030435;-25.130121582662674;-0.9695181511366866;-0.11475487806056237;-0.20845980053657676
11758.52195;0.02073782030970979;0.05096805092504764;-25.188729005142477;-0.969668055285651;-0.11432446902534242;-0.20758461351745794
11773.770229;0.020597249719739762;0.0506361523939834;-25.245806556104423;-0.9695648196192835;-0.11407220289287634;-0.2087592655996529
11789.038282;0.0204802155994174;0.05027301908311753;-25.306470281181376;-0.9696580551901215;-0.11369046997308592;-0.20833158495510098
11804.326134;0.020330585249101984;0.049938957302041884;-25.365202868621104;-0.9696892353496772;-0.11345735885889398;-0.208297328258023
11819.633811;0.020202299054913404;0.04961844584477896;-25.420994826983083;-0.9697851547787696;-0.11321032792810115;-0.20770486803268673
11834.961339;0.02005081054086394;0.04928187749421323;-25.48100255607134;-0.969812521846004;-0.11289629877322416;-0.20778652042774462
11850.308744;0.01994046565172589;0.0489531344447739;-25.53768695357693;-0.9697775832110681;-0.11253760930067548;-0.2084636872977666
11865.676051;0.019793311473525154;0.04862754919388403;-25.596555971075436;-0.9699078019672337;-0.11221984386716484;-0.20763829662331823
11881.063286;0.01966551134292876;0.04829821792738973;-25.655188911875022;-0.9700465716308073;-0.11185103568610624;-0.20678844722557113
11896.470474;0.019546264980722552;0.047966998291858354;-25.713972304344903;-0.9700030803510578;-0.11164137163956382;-0.20738622253091737
11911.897643;0.01940899360487416;0.04765892836309636;-25.770684911251852;-0.9700837957706553;-0.11129546266264817;-0.20702418163587072
11927.344818;0.019286665531565765;0.04735413744944893;-25.82629659386551;-0.9703153525997001;-0.11096439924564783;-0.2053130725545069
11942.812024;0.01916499122984071;0.047021612296013766;-25.88661681455342;-0.9701212497111072;-0.11079216608660741;-0.20720231981575715
11958.299287;0.019030371222862132;0.046725528504358335;-25.942388343578035;-0.9702645877985521;-0.110457370024002;-0.2062729017622798
11973.806635;0.01891447820970473;0.04641729713794716;-25.999245327176457;-0.970340239862546;-0.11015630774745185;-0.20590679498001893
11989.334092;0.01879204632198122;0.046102999319700105;-26.05788727202953;-0.9703290138266022;-0.10979537147197294;-0.20636754924521505
12004.881685;0.01866015634934634;0.045804867076526416;-26.114925423760276;-0.970486882109217;-0.10959180939390734;-0.2051756975590602
12020.44944;0.01854855067579352;0.04549982047368243;-26.172119324359308;-0.9705006208842339;-0.10929395040058874;-0.20535113127381724
12036.037382;0.01841226868114836;0.04521012512347722;-26.22881962428206;-0.9705146767346425;-0.10902494553006709;-0.20549431547809877
12051.645539;0.01830411496541492;0.04491713603561994;-26.284538023864794;-0.970675704438011;-0.10872670154109249;-0.20436685269941518
12067.273937;0.018205530371980742;0.04462848947013436;-26.33923980211552;-0.9706718261272739;-0.10843729757335825;-0.204687235684788
12082.922601;0.01807831436754259;0.04433919962898798;-26.39635707079396;-0.9707169952331312;-0.10819270545036393;-0.20452924381395257
12098.591558;0.01795627025640143;0.04404476876937112;-26.454365016378695;-0.9707303953372478;-0.1078090117524475;-0.2047881123021547
12114.280834;0.017820398840395362;0.04375741061919787;-26.512517988984243;-0.9708314282891215;-0.10751385828566044;-0.20418443607442932
12129.990456;0.017702323264292056;0.04346942096353864;-26.56992834886467;-0.9707538838348047;-0.10733624421386603;-0.20504357354545083
12145.72045;0.017605814416830755;0.04319653853970927;-26.623599414981058;-0.970894634269585;-0.10699639821117089;-0.20413104954597108
12161.470843;0.017480014604189194;0.04290695534246602;-26.682574275568992;-0.9709448975290873;-0.1067640562189386;-0.2039128452550565
12177.24166;0.017369738708798464;0.04264271790585577;-26.736417666783595;-0.9710906531396704;-0.10658488965498016;-0.20279855596011861
12193.032929;0.017262855637781255;0.04237078072997534;-26.7917075800414;-0.9710088997987755;-0.10627242354157357;-0.20382384293423395
12208.844675;0.017147578660867694;0.04210191410141274;-26.847413421305326;-0.971040165372789;-0.10597182911971255;-0.20383786269562013
12224.676926;0.01705747453630057;0.04181816242178126;-26.904302663243847;-0.9711882192346051;-0.10559514304090398;-0.20289186106249102
12240.529708;0.016939064940419635;0.041554497920069475;-26.960034574663858;-0.9712682662518195;-0.10552386616155511;-0.20225281495912506
12256.403048;0.016826368668945966;0.041295836954276036;-27.01480338219131;-0.9712565178118109;-0.10519908088706342;-0.20266807221121674
12272.296972;0.016704803241635226;0.04103243051028003;-27.07143686685653;-0.9713724715374906;-0.10495135472022149;-0.20188003298472204
12288.211507;0.0166012562099409;0.040780191465664924;-27.125060288846722;-0.9712803512827588;-0.10461616985681682;-0.2030139459526585
12304.14668;0.016494130346240712;0.040517272531717385;-27.181248474677155;-0.971294420024341;-0.10445744856036508;-0.20304059017545112
12320.102517;0.01639294565750609;0.04026425773104426;-27.23552185858007;-0.9714765524706378;-0.10410573394947818;-0.20176433605863395
12336.079045;0.01627985815944719;0.0399921123103744;-27.294602468121422;-0.9713945245235852;-0.10394448144998601;-0.20264210084815537
12352.076292;0.016178534621734814;0.039744712309976594;-27.34854894438195;-0.9714974428510837;-0.10359682498217775;-0.20206057225191698
12368.094284;0.016069289582506786;0.03950647900254312;-27.401711327570702;-0.971504595157551;-0.1033197755783576;-0.20225816992480858
12384.133047;0.015970513790469373;0.03923934506745829;-27.459879288072166;-0.9716076925131267;-0.10307651074610115;-0.20157517607688447
12400.19261;0.015868367752261563;0.03898949781111853;-27.51539705182307;-0.9716568096688212;-0.10283078079198432;-0.20137114589276847
12416.272998;0.015772407643474224;0.03877192009811965;-27.564583052777493;-0.9717493467293443;-0.10259523163336055;-0.2007732172292584
12432.374239;0.015672845033513332;0.03851253542564386;-27.62241817479795;-0.9716387971639491;-0.10235468962757951;-0.20197480506348894
12448.49636;0.015570364739663117;0.038263254722356276;-27.678904193128954;-0.9718057060346657;-0.10210687783265199;-0.20072968732555202
12464.639388;0.015464726979120333;0.0380363488902645;-27.731626206391024;-0.9719493932762251;-0.10186497817875899;-0.19968390247694204
12480.803349;0.015365818147032563;0.037795699267006946;-27.786840437087665;-0.9718737310094192;-0.10158347636517154;-0.2006132187657547
12496.988272;0.015268773772114453;0.037572427052989216;-27.83880901827365;-0.9718978617070789;-0.10133975477414066;-0.20062482689676353
12513.194184;0.015174755571006553;0.03731066823022687;-27.898529920076783;-0.9720300403245443;-0.10108711729876675;-0.1996888694500727
12529.421111;0.015073813385638754;0.03709760115907144;-27.949440737731916;-0.9720195334185777;-0.10084418041613412;-0.2000048384462505
12545.669081;0.014977714096807192;0.03687218512706713;-28.00274995304192;-0.9719818145705768;-0.10062688348075961;-0.2005374188001642
12561.938121;0.014893588535870512;0.0366465838863349;-28.05543635440403;-0.9720141789027593;-0.10050458628240747;-0.20036314353045082
12578.228258;0.014796024798619403;0.03641424254905248;-28.11094170343425;-0.972169164867248;-0.10015586762522553;-0.19931110400329938
12594.53952;0.014699246599269513;0.03618529849348505;-28.166038227235838;-0.9720660583660315;-0.09986689977276576;-0.20048556088296693
12610.871935;0.014606609374684795;0.03596331136954633;-28.219695216437053;-0.9721394712679763;-0.099725497463216;-0.19996479964208475
12627.225529;0.014516410084502697;0.03575092736862383;-28.271476051569742;-0.9721786210150049;-0.09943006273969222;-0.19988620856977635
12643.60033;0.014411142178060506;0.03552651686495742;-28.327374963432295;-0.9722008689520453;-0.0991830332277878;-0.19991260628122617
12659.996366;0.014332294417945082;0.03528950615565893;-28.384032573061585;-0.9723029584513851;-0.09887625679575507;-0.1992862132843752
12676.413663;0.014250243893723;0.03508360422557331;-28.434724317361372;-0.9723009150635736;-0.09868471931859056;-0.19947634003565448
12692.852251;0.014128601371644471;0.03488636829223698;-28.48729442187624;-0.9723012793273593;-0.09853209810066138;-0.19960998567827823
12709.312156;0.014068783468710306;0.03466254535561618;-28.540510798465597;-0.9725318581252747;-0.09828051147513518;-0.19779638166115543
12725.793406;0.01397753842603867;0.034453600933242255;-28.593593012907775;-0.9724558199876134;-0.09798203342157547;-0.1987349691994969
12742.296028;0.013880872831684104;0.03425188341381923;-28.64590586674694;-0.9725268944598572;-0.09780331496165481;-0.1982655977414578
12758.820051;0.01377880033710583;0.03404683217416307;-28.699744905636724;-0.9724656013298346;-0.09753129937320425;-0.1990491322976664
12775.365502;0.01370566776299975;0.033835520818945926;-28.752715786592628;-0.9726159595630081;-0.09743655256430353;-0.1978035970455943
12791.932409;0.013630296569255858;0.03362383713331816;-28.806294773451192;-0.9725563827716321;-0.09712716909763487;-0.1986040198811468
12808.5208;0.013525117326421298;0.03343082869420671;-28.858732451537257;-0.9726040491860011;-0.09686850226664918;-0.1984106370080344
12825.130702;0.013441621931181291;0.03320891236116997;-28.916010612759152;-0.972654680574857;-0.09661646171530985;-0.19818459472390426
12841.762144;0.013362461365623244;0.033022352663557485;-28.965277177376365;-0.9727214729256932;-0.09637973666798032;-0.19780163820021332
12858.415153;0.013271378239181732;0.032809031825097645;-29.02200750761475;-0.9728193567433217;-0.09616305896244451;-0.1971257233718665
12875.089757;0.013187880932841274;0.03263074696505271;-29.070388231462626;-0.9728772251676294;-0.09597117565005045;-0.19678158692546285
12891.785985;0.013113132619548076;0.03242963552914612;-29.123479290776825;-0.9728654233164439;-0.09560630696145314;-0.1972036048628129
12908.503864;0.013024212150209661;0.03222859043664455;-29.17820859787276;-0.9729206245714856;-0.09564906841406476;-0.19667832364899954
12925.243423;0.012950807298129788;0.03202592559798291;-29.23220036583658;-0.9729302059287281;-0.09537899364552388;-0.196828046559651
12942.00469;0.0128598079114723;0.03183055573208855;-29.286486942661437;-0.972859739087845;-0.0951634484886719;-0.197637844608686
12958.787692;0.012776367180624845;0.031652106144188015;-29.336400102513668;-0.9729091720872205;-0.0947390142583337;-0.19756701319017955
12975.592458;0.012688731081276656;0.03146015668507302;-29.390207694276974;-0.9729898101830118;-0.09458762338154396;-0.1969841407530707
12992.419016;0.01263070551568224;0.03126752288338523;-29.4416593337614;-0.9730087352028004;-0.09432081288591916;-0.19704583090095062
13009.267395;0.012542831097202141;0.031103409765902847;-29.489460403846874;-0.973058539372168;-0.09423658534456196;-0.19667755542755927
13026.137622;0.01247556700586667;0.030891555585045152;-29.547052009604467;-0.972979323689866;-0.094109547032793;-0.19748686964525636
13043.029727;0.012378817525562401;0.030728083826119527;-29.596151546852866;-0.9730693532987277;-0.09378859030534858;-0.19696470510428288
13059.943737;0.012305879221758962;0.030541123374820192;-29.64892647795242;-0.9730607916587968;-0.0935869815569435;-0.197212105425918
13076.879681;0.012238962240702896;0.030356201625753348;-29.700924731274654;-0.973117247625141;-0.09332055613195035;-0.19693908441362598
13093.837587;0.012163739199280885;0.030177773358040567;-29.752457290604198;-0.9733032702517413;-0.09317694951534564;-0.19541562673891746
13110.817484;0.012079751749283319;0.030000098688086722;-29.804989066470817;-0.9732557433735237;-0.09284169757895834;-0.19611926255961185
13127.8194;0.012004635749297192;0.02982476274240296;-29.856358387180517;-0.9731608618397467;-0.09272002349927035;-0.197061049419775
13144.843364;0.0119347408068997;0.029653394348613478;-29.906503233859333;-0.9733493753435184;-0.09237241962701918;-0.19568606678788944
13161.889404;0.011849434558899075;0.029474813360986445;-29.96034066642059;-0.9733222329198812;-0.09234560998422521;-0.1959486190763905
13178.957549;0.011783636868713641;0.029302592052160063;-30.01088837686289;-0.9734127431258502;-0.09204671265970847;-0.19539851855554935
13196.047829;0.011715323932450861;0.02914457472109959;-30.05834656694332;-0.9734001649120873;-0.09181006403212459;-0.1957074261688917
13213.16027;0.01162634045050545;0.028957870868675854;-30.115614148778135;-0.9734045930830544;-0.09173254783874225;-0.19573289838712774
13230.294903;0.01158325708072009;0.028791536721937728;-30.16317600328025;-0.9733100238257145;-0.09140668221607683;-0.19684056160150382
13247.451756;0.011492480238202282;0.028629632662602607;-30.214848862886903;-0.9734464694759026;-0.09127304039607985;-0.19574455309552816
13264.630857;0.011419611014350491;0.028458475592403363;-30.26737097767626;-0.9734585055863748;-0.09107526528321191;-0.19580193728695514
13281.832236;0.01135285764612396;0.028285942043896745;-30.31992750369628;-0.9735371758632203;-0.09086020306439312;-0.1952838437654401
13299.055922;0.011284366597049239;0.02812871774368381;-30.368916707843304;-0.9735270346947825;-0.09069472686086011;-0.19551002328613354
13316.301943;0.011217692577249833;0.027963412069463484;-30.42015064291023;-0.9736431237988193;-0.09061738531948145;-0.19454692932379147
13333.570328;0.01114738916738936;0.027795264612352974;-30.472845360014812;-0.973473161437995;-0.09027925890874448;-0.19632819040842953
13350.861107;0.01106975970261822;0.02763177621278777;-30.52539497504137;-0.9736811309127641;-0.09005887348219468;-0.194669097902716
13368.174308;0.011004742753565945;0.0274872467707088;-30.571722280511512;-0.9737850716373176;-0.08985520651113602;-0.1939161901640371
13385.509961;0.0109466130659506;0.027317069835640622;-30.624567120159245;-0.973689237692712;-0.08962808600089603;-0.19494898755106208
13402.868094;0.01086966222001837;0.02716444646700374;-30.67497464958432;-0.9737524798980404;-0.08949464903967147;-0.1944981436556507
13420.248737;0.010810037729329881;0.027020774377827496;-30.721272735029032;-0.9736778531997244;-0.08916221271567562;-0.19542806417070388
13437.651919;0.010726562528694177;0.02685321162814015;-30.777136668027882;-0.9738670823620851;-0.08906436613138803;-0.19383339686421547
13455.077669;0.010673881237769446;0.026696050188310318;-30.826989056965125;-0.9738157749234504;-0.08895650811680617;-0.1943744272598985
13472.526017;0.010615843162717813;0.026557213046949107;-30.87256417160351;-0.9738593723758673;-0.08874374433736622;-0.1941604918617384
13489.996991;0.010534164465265772;0.02638948162342992;-30.9292558390296;-0.9738753013413478;-0.088639033842386;-0.19410394333503128
13507.490622;0.010478855436024366;0.02624834661860555;-30.975716696168;-0.9739939918243531;-0.08831880671291761;-0.19331141040110433
13525.006938;0.010407842099135579;0.026091777298006946;-31.02865744297769;-0.9739344544470281;-0.0879686717651442;-0.1941183493528245
13542.545969;0.010338024933607384;0.025939102561926195;-31.080658925110974;-0.9740670006028302;-0.08791194070970557;-0.19299120269292208
13560.107744;0.010278884008352328;0.02579157480776709;-31.13024045645585;-0.9738398247193643;-0.08769264377574866;-0.19517575329664583
13577.692293;0.010225164631671441;0.025640849081680853;-31.1804096308218;-0.9739546648205358;-0.08749255756831292;-0.1943189597297236
13595.299646;0.010152571802546936;0.025489081090132187;-31.233388688203846;-0.9739815269506067;-0.08731807455671187;-0.19421984226672706
13612.929831;0.010096589581256348;0.025366169543750768;-31.276201211304997;-0.9740172582001013;-0.0872685372116249;-0.19394301554332938
13630.582879;0.010035017389120876;0.025203654323984106;-31.331659918500353;-0.9740264553315747;-0.08695902128597485;-0.1941065492862578
13648.25882;0.009975085466564318;0.025056840265582612;-31.38258005279475;-0.974012825869566;-0.08678545993182844;-0.194364084889091
13665.957682;0.009896254617580239;0.024926369541742918;-31.43114239866239;-0.9741021307376712;-0.08662438009197859;-0.19370084711259647
13683.679496;0.00984236381488476;0.02478362143587519;-31.480693110130527;-0.9741487394583783;-0.08635582463374632;-0.19349945389993
13701.424291;0.009789144359702245;0.024647800697386788;-31.528338020715466;-0.9741189644803027;-0.08607712623204201;-0.19398110907777444
13719.192097;0.009720934067663504;0.02450523271623408;-31.58013327244856;-0.9742035945991526;-0.08598220950663919;-0.19330652309320687
13736.982945;0.009681497073174668;0.02436402783747407;-31.628301265717447;-0.9741631291417733;-0.08584514274339777;-0.19377147715539356
13754.796863;0.009616545407945173;0.024221098282531394;-31.680409789983607;-0.9741436238131155;-0.08565461903356365;-0.1940924412411748
13772.633882;0.009554776544009685;0.024093851803398236;-31.727551846684147;-0.9742682257619145;-0.08548991064946965;-0.1931180167520112
13790.494032;0.009489086640744557;0.023960941645856174;-31.777210786052667;-0.9743329530521792;-0.0851938185009203;-0.1927748218862602
13808.377343;0.009439327702534733;0.023813674138335572;-31.82969079600501;-0.9742726708099543;-0.08514551105970058;-0.19334552236713637
13826.283844;0.009392889924541606;0.023698848291855236;-31.871789965468835;-0.9743356813637848;-0.08490687213601046;-0.19297228820261325
13844.213567;0.009324425130193739;0.023557253832344874;-31.92539990855547;-0.9743396061654631;-0.08465765083793338;-0.1931294339461825
13862.16654;0.009262509220765686;0.023421757227305804;-31.97655454283993;-0.9742715270096199;-0.08445799309199656;-0.1938851414485636
13880.142795;0.009202142461644101;0.02329226077144828;-32.025878308240465;-0.9743429559345543;-0.08441190378059807;-0.19328844603348116
13898.142361;0.009154185840041601;0.023158709483262114;-32.0752079964777;-0.9744053193244963;-0.08416532554306022;-0.19292538095717557
13916.165268;0.009105478718168844;0.023035014060472155;-32.12170131703615;-0.974501153066453;-0.08412080592641542;-0.19211149136888378
13934.211547;0.009042161741787595;0.022908309684278972;-32.17132432372792;-0.9743853016751931;-0.08388495456505256;-0.19331643236080417
13952.281229;0.008983022341146233;0.02278207315260226;-32.220532436815404;-0.9744474497404648;-0.08373839696592306;-0.19287805814180337
13970.374343;0.008931469218123128;0.022649402510635224;-32.27116292306405;-0.9745092562740152;-0.08356876883688248;-0.19246002732097556
13988.49092;0.00888088266134345;0.022520716392582924;-32.3206329651048;-0.974539380792543;-0.08336792158463503;-0.19234569394168194
14006.63099;0.008831807179518428;0.02240879430404092;-32.364560501537255;-0.9745358440003773;-0.08319302607210373;-0.19250923313087998
14024.794584;0.008773978900014386;0.022282797770095453;-32.41462199096155;-0.9744953415631693;-0.0829703962867053;-0.19303557785625558
14042.981732;0.008721468279682438;0.02215017086760725;-32.46651325427944;-0.9747255845291332;-0.08286630117316279;-0.1910767217094369
14061.192465;0.008664165968784674;0.02203650298743213;-32.51288625587457;-0.9745388268420955;-0.0826885309982386;-0.19286277255446638
14079.426814;0.008619907844639722;0.021899996408071675;-32.56558713447943;-0.9747071873826635;-0.08251677138783925;-0.19150184529246028
14097.684808;0.008564217935070092;0.021781502809957935;-32.6139407132364;-0.9746530673372964;-0.08233633143177836;-0.19211573193078754
14115.966479;0.00851081357190916;0.02166811371959725;-32.660479116399436;-0.9746589361507466;-0.08214534422203885;-0.19220640117162932
14134.271858;0.008466288178557952;0.021551148370699196;-32.70729864849302;-0.9748076909324677;-0.08196552512632466;-0.19102411145841147
14152.600975;0.00842133525436854;0.021434465355514257;-32.754331747489076;-0.9746218014565357;-0.08181683357813598;-0.19277954347628984
14170.953861;0.008354053804263477;0.021311022124247903;-32.80710255647639;-0.9747358071545332;-0.08159865594198522;-0.19193252098855432
14189.330546;0.00830662965996331;0.021191485205251607;-32.85603892577801;-0.9747333509908992;-0.08158148926986145;-0.19196697113226335
14207.731062;0.008245864599965774;0.021083624575431555;-32.90294683489341;-0.9748355267747231;-0.08117634009209435;-0.19136212833007332
14226.15544;0.008203512894495824;0.020964243103156765;-32.95165868024425;-0.9747942542407215;-0.08102043907442001;-0.19184212300188433
14244.60371;0.008164179337652568;0.020843646665152003;-33.00065690707724;-0.9748303542944932;-0.08097545192612844;-0.19155574409486134
14263.075903;0.008102911075809372;0.0207437622717241;-33.04552612160287;-0.974897860233384;-0.08075287542087918;-0.19112176094703795
14281.572051;0.00805625806334624;0.020628677465870562;-33.094091325851;-0.974817946058372;-0.08061714213507717;-0.1919283578222082
14300.092185;0.008012375958353942;0.020511608200605807;-33.143261066530194;-0.9749038650186048;-0.08045252166608433;-0.1912883686915809
14318.636335;0.007967069416887743;0.020402200219621098;-33.19008581932713;-0.9749828700499139;-0.08020730631598251;-0.1907680389626831
14337.204533;0.007911165968139558;0.02030324661929384;-33.234816335982565;-0.9748944119978527;-0.08007490710640269;-0.19164714796493998
14355.79681;0.007877154114877273;0.02017774823427095;-33.28650252344313;-0.9748587687163774;-0.07999693811943671;-0.1920192445043401
14374.413197;0.007822129381999835;0.020068108398630338;-33.33561881966739;-0.9749446397674729;-0.07987884340923378;-0.19134498257345345
14393.053725;0.0077823368350758764;0.01995648396568821;-33.3835196230782;-0.9749042755562916;-0.07962270830455223;-0.19188763881378956
14411.718427;0.007732640147183154;0.01984604932316781;-33.432700884470115;-0.9749087217973941;-0.07953221860299016;-0.19191365967752405
14430.407332;0.007675524649944836;0.019735946212136674;-33.48313813543691;-0.975015645586539;-0.07930473909170792;-0.1911313549756986
14449.120473;0.007632252338741607;0.019630570892257358;-33.529980954634595;-0.9750309915082673;-0.07906086796868861;-0.19117081848901363
14467.857881;0.007586630311833952;0.01952548613213298;-33.57731829017377;-0.9751847963019032;-0.0790291445965493;-0.18983248512376688
14486.619587;0.007543629544881278;0.019433876991018888;-33.61928344069923;-0.9750020243548132;-0.07891911967997241;-0.1915288224557266
14505.405623;0.007502834958957555;0.019318898325787988;-33.670243290401224;-0.9750219253329432;-0.07863379400916609;-0.1915567200629586
14524.216021;0.007459926772655374;0.019196759390336122;-33.724640658767036;-0.9750483824528225;-0.07852946466071853;-0.19139697350172286
14543.050811;0.007416340840172384;0.019118781866476666;-33.76203087548811;-0.9750762586664601;-0.07828743229416227;-0.19132250748835322
14561.910027;0.0073731308145935925;0.019014739489153273;-33.80986670601288;-0.9752496265101973;-0.07815799143134891;-0.18988006477517697
14580.793698;0.007333283755340114;0.018912133459916915;-33.85687321544289;-0.9753068326442017;-0.07800177720165076;-0.1894845011855996
14599.701858;0.007268630702140697;0.018808784529999657;-33.90829028545404;-0.9752478626454549;-0.07794396621318629;-0.19004725857372326
14618.634538;0.007231367832012334;0.01870758861560687;-33.954860764379134;-0.9751971762824625;-0.0776845862285819;-0.19067901095411682
14637.591769;0.00719569621956018;0.01859939220043815;-34.004275548386076;-0.9752135091160866;-0.07748871948977842;-0.19067237457648445
14656.573583;0.007147459867363128;0.018501496475030667;-34.05174968080594;-0.9752886287678292;-0.07741443211945974;-0.19005974390625627
14675.580013;0.007112316925441188;0.018403276941199316;-34.09753913363048;-0.9752420226813017;-0.07713032053677119;-0.1906714709109811
14694.611091;0.007076741367577117;0.018304411369900162;-34.143906837452484;-0.9752538061598615;-0.0769833357619253;-0.19066996767710775
14713.666847;0.0070373332418506036;0.018209629511170156;-34.18944338344578;-0.9753645921008554;-0.0769520337650685;-0.18971130211260862
14732.747315;0.006978577483939505;0.01811622219864944;-34.2377610898424;-0.9752254252858935;-0.07672511858357162;-0.19110129687716693
14751.852526;0.006935505879830673;0.018013639642194514;-34.2876594385453;-0.9753551193073235;-0.07649611308564425;-0.19011255583476383
14770.982512;0.006901486461021965;0.017920283095959933;-34.332478772046905;-0.9754040718741362;-0.07645369200189524;-0.18970872778648984
14790.137306;0.006872271176113689;0.0178193121084868;-34.37997561302016;-0.9753589792097538;-0.07628246511331747;-0.19022649417685042
14809.316939;0.006810674017217331;0.017732304793987037;-34.42709501485838;-0.9752730787863457;-0.07602138153308248;-0.1911673084574434
14828.521445;0.006772355229434725;0.017628233285485836;-34.477950299955545;-0.975486003577727;-0.07600388123551272;-0.1892947016613777
14847.750854;0.006745458384961579;0.017545611165584736;-34.51795297657704;-0.9754207618723164;-0.07602948527104092;-0.18985447737177477
14867.0052;0.006694826863935025;0.0174451709213568;-34.5698211346381;-0.975392101945285;-0.07566911791624975;-0.1903561970502106
14886.284515;0.006658925972881937;0.017363094490623805;-34.61151971455946;-0.9754644852776949;-0.07563018558922528;-0.1897422255299126
14905.588831;0.006624816084702893;0.017262014282800612;-34.66144946625951;-0.9755103342848693;-0.07541498698618246;-0.18948387735622368
14924.91818;0.006568216470945073;0.017168483945303948;-34.712139821586604;-0.9753765006479046;-0.07520860991719991;-0.19080958811023965
14944.272595;0.006547250009504361;0.01707102381623208;-34.75881373824337;-0.9754522962409206;-0.07507828234965662;-0.1902275018724506
14963.652109;0.006503481573863285;0.01699387602943566;-34.80057746588375;-0.9754184461706099;-0.07491546683038641;-0.1906379673078873
14983.056754;0.006463663087285459;0.01690213370035591;-34.848403312095016;-0.975532321880568;-0.07478192403563018;-0.18972062913001211
15002.486563;0.006419844662742778;0.01681325227224072;-34.89589243106583;-0.9755424262580865;-0.07475195727327956;-0.18965151794717677
15021.941568;0.00637980099711324;0.016724504425703772;-34.94292705887546;-0.9755195396720588;-0.07444048408951556;-0.19006494243791816
15041.421801;0.006350119113438447;0.016625102970268545;-34.9932716934739;-0.9755479551864374;-0.07440299728024075;-0.18983871786586626
15060.927297;0.006304862918319487;0.016556244704958586;-35.03263289092595;-0.9756116150119768;-0.07422200715155865;-0.18939724172499062
15080.458087;0.006276198422263597;0.01645307969788892;-35.085059391188665;-0.9755827685457268;-0.0741258391471042;-0.1897173121507172
15100.014204;0.006241460174843546;0.01638326785856266;-35.12342350771554;-0.9756407113469203;-0.07387573292118173;-0.1893723277932803
15119.595681;0.006196121552711702;0.01628797786761266;-35.17569300627462;-0.9755728202740257;-0.07374480767493599;-0.19006101155157634
15139.202552;0.006166264846333533;0.016204013305064657;-35.22021325946331;-0.9755440681582315;-0.07364169546119687;-0.19038451006105325
15158.834848;0.006134236494964941;0.016117886715135192;-35.26636942647358;-0.9756913568578004;-0.07358489683548493;-0.18911856603678617
15178.492603;0.006101028971910663;0.016046177547016743;-35.306163739123924;-0.9757483468612969;-0.07334799710811901;-0.18877199199420197
15198.17585;0.006075127810159478;0.01595038031647488;-35.35627000187979;-0.9756644106039937;-0.07319251191060826;-0.18961837506901552
15217.884622;0.006033581492782943;0.015864002011772134;-35.40500964134283;-0.9756831055835273;-0.07304279614828146;-0.1895521992941609
15237.618952;0.005979327819561277;0.015790711862065057;-35.45004393917615;-0.9757304258845253;-0.0728990946530647;-0.18922843016618773
15257.378873;0.005953058260355572;0.01569911118096724;-35.49903391970428;-0.9757115349016864;-0.07280508492858703;-0.18945780467692466
15277.164418;0.005919347039795371;0.015614801313829831;-35.546127032281255;-0.9757518543899747;-0.0726078401984664;-0.18923098048044723
15296.975621;0.005875590480166284;0.015543014650755445;-35.589212176005525;-0.9757032462861038;-0.07247551894415626;-0.18974840183750719
15316.812515;0.00585361340424637;0.015458055593475772;-35.634934378694766;-0.975658700503964;-0.07221338546237421;-0.19031488315225012
15336.675133;0.005826914118188037;0.015393840445920038;-35.67153720320532;-0.9758418307992653;-0.07222218924267647;-0.18868781471348547
15356.563509;0.005785760394152579;0.015297096377040856;-35.72714886395001;-0.9757877072574177;-0.07195109312199076;-0.1893442565077204
15376.477676;0.005744673588728124;0.015223477081825263;-35.77154961406062;-0.975865134767796;-0.07180630173846665;-0.18875320831183
15396.417667;0.005714717420105983;0.01513820695468567;-35.81991699343415;-0.9758873917605473;-0.07177967287163847;-0.1885735166363759
15416.383516;0.0056701454386116675;0.015047316384612375;-35.87418035643041;-0.9758576459827039;-0.07163341325496203;-0.18893199339634886
15436.375256;0.00565152255355799;0.01498869001554063;-35.90742441536745;-0.9759039752309744;-0.07154812469957102;-0.188577235050644
15456.392922;0.005615710225348563;0.01491017667257252;-35.95423568358078;-0.9758214574689767;-0.07133397122220185;-0.18944658761544333
15476.436546;0.005578537891626801;0.014824749853531142;-36.005109479040556;-0.9758701161064485;-0.07119247143523036;-0.1891072680459091
15496.506162;0.005548521453555739;0.014763925671864672;-36.04220164920301;-0.9758988731057573;-0.07113364743196682;-0.1888906465818886
15516.601804;0.00551564582592828;0.014680863161930253;-36.091530105529955;-0.9759577859059875;-0.07089632664950939;-0.18852196372910335
15536.723506;0.0054960645376741606;0.014598684445305384;-36.138073549556566;-0.9758890896297477;-0.07095838174093202;-0.18909023136596162
15556.871302;0.005453645870909445;0.014546071154423924;-36.17387896521659;-0.9759645761119881;-0.0706992908880097;-0.1885883903885807
15577.045225;0.005420242676907507;0.01444918436697939;-36.231348992256414;-0.975908788784795;-0.07055295841598028;-0.18917607199112685
15597.245309;0.00538969709231491;0.01437975767030117;-36.274078265329166;-0.9759526564331468;-0.07032516735984498;-0.1889332378806746
15617.471588;0.00536394979362432;0.014301757141549165;-36.320625237500565;-0.9759314029133181;-0.07029254820785366;-0.18914222424911614
15637.724097;0.0053311021733926205;0.014237204795906974;-36.361650064653624;-0.9760220024820807;-0.07011896497533296;-0.18845062096346873
15658.002868;0.005295486564746527;0.014164221010013231;-36.40795870106484;-0.976034839046142;-0.06998131095427404;-0.1884244403574863
15678.307937;0.005263358689049024;0.014087239258362857;-36.45597157863502;-0.9760302789465641;-0.06986610301158264;-0.18853788936845578
15698.639337;0.005234487557225755;0.014005210687200443;-36.50633511746851;-0.9759891919642906;-0.0697620284792543;-0.1889675909339233
15718.997103;0.005203164267429878;0.013943725298791414;-36.546254977071364;-0.9760526756549218;-0.06963712635062679;-0.18848447239404004
15739.381268;0.005171092474524858;0.013875028736332787;-36.59047285508763;-0.9760351147121729;-0.06944766743887924;-0.18875947941853657
15759.791867;0.005128571908061452;0.013805423363256263;-36.63756538494179;-0.9760663994447624;-0.06932937648003189;-0.18855693545951913
15780.228934;0.005120230747530976;0.013724580212702455;-36.68409008506739;-0.9761262836351724;-0.06933740777170042;-0.18802167430025593
15800.692504;0.005084114837664595;0.013663049766502955;-36.72585576329061;-0.9761688015201766;-0.06916569044806706;-0.18775309573611254
15821.182611;0.005055612399319266;0.01359323371846618;-36.77088000627899;-0.9761579075659675;-0.06895679382952696;-0.18798039515116483
15841.699289;0.00502285977723768;0.013519163589986886;-36.819431283171575;-0.9761988039997477;-0.06877489445275317;-0.18773192164120978
15862.242572;0.004989211303038565;0.01344494011253202;-36.868530319029155;-0.9761447152035791;-0.06874809734613897;-0.1882275353983232
15882.812496;0.004962102096862102;0.013394877506383261;-36.9027361585821;-0.9762494210666073;-0.06851145800299903;-0.18744777637130547
15903.409095;0.004948117902168059;0.01332280969372738;-36.94689204778726;-0.9762449268271147;-0.06853825901590906;-0.18747091100865282
15924.032403;0.004907266680740297;0.013262109066365801;-36.990464400200416;-0.9762054118289676;-0.06839656291549158;-0.18790876011998556
15944.682455;0.004877623867356861;0.013186564453393147;-37.04044524930183;-0.9762136221951887;-0.06818219674918528;-0.18796883897130956
15965.359286;0.004846406242657869;0.013119624375406766;-37.08604068666696;-0.9762307557775343;-0.06793937543905082;-0.187967028819105
15986.06293;0.004828673583865294;0.013059304316511087;-37.1250839133946;-0.9763131286414514;-0.06787870637294502;-0.18727505209409478
16006.793422;0.004791833245318801;0.012993710262623031;-37.171555357987835;-0.976183673373616;-0.06783262558530115;-0.18844966543033956
16027.550798;0.004765101119912394;0.012923465756273149;-37.21881949049682;-0.9762013191707836;-0.06770116339228176;-0.18837422267962256
16048.335091;0.004741505929901155;0.012855746851979644;-37.26415183763421;-0.9761529960890514;-0.06752997153703856;-0.18890714631051808
16069.146337;0.004706355732387311;0.01279983356768303;-37.305208581899734;-0.9762592228641935;-0.06744244708500766;-0.18802005900686106
16089.98457;0.004687748654966691;0.012735400738620376;-37.34791913567055;-0.9762265990601426;-0.06727545941803038;-0.1884109733515108
16110.849827;0.004656521441148932;0.012665604523228033;-37.396883135231484;-0.9762439024335287;-0.06717498324676471;-0.18831901583123004
16131.742141;0.004636545888613182;0.012595625364681264;-37.443721555431814;-0.9764207237425112;-0.06710601351268085;-0.18679533492058167
16152.661548;0.004606270911714056;0.01254936749278033;-37.4786486079994;-0.9763088902575586;-0.06682923787107078;-0.18795365514905654
16173.608083;0.004579658172333204;0.012483053143759238;-37.52518022387398;-0.9762912535774585;-0.06684622603565789;-0.18809953340212077
16194.581781;0.004548212289871984;0.012401231793200797;-37.58262349835815;-0.9764268229208386;-0.06657599922867102;-0.18706257806660756
16215.582677;0.004540989055515227;0.012354525885189972;-37.613144952453595;-0.9763485927559307;-0.06657829815525183;-0.1877539003700845
16236.610808;0.004506290636230216;0.01229295002529482;-37.659302104865816;-0.9764113133166211;-0.06642394900334878;-0.1872916031177439
16257.666207;0.004467971046350308;0.012218400221983233;-37.714660129778935;-0.9764028549677735;-0.06623927598135824;-0.18747759141888704
16278.74891;0.0044471065359393495;0.012166937267443258;-37.75179266597151;-0.976326968455286;-0.06620444150055654;-0.18817052011644994
16299.858953;0.00443520400110187;0.012106796045619237;-37.79249983910298;-0.976427165754541;-0.06587322172009823;-0.18748160678377038
16320.996372;0.004396512132813788;0.012034438947973031;-37.84740488208454;-0.9764692854543406;-0.06587640243294987;-0.1871067329328454
16342.161201;0.004380427626317354;0.011975353061531453;-37.88886864947664;-0.9764552275619749;-0.06572500643252989;-0.18732155644054144
16363.353476;0.004343680054199219;0.011910788239169922;-37.93891077729744;-0.9763402215078016;-0.06551695059528907;-0.18846386308972285
16384.573233;0.004318460364088173;0.011863979771424817;-37.97503193483997;-0.976388398658865;-0.06557051438441315;-0.18800534947150122
16405.820508;0.0042952551757199685;0.01180881210517033;-38.01625405273263;-0.9764221124432056;-0.06539952922857958;-0.18780833787246806
16427.095336;0.004274789142170887;0.011737346598968438;-38.06766487025226;-0.9765058231384104;-0.0653828927099157;-0.18707690088781395
16448.397752;0.004232377518614329;0.011682332882225433;-38.113810549291024;-0.9764201246612584;-0.06525938255676686;-0.18790898254986643
16469.727794;0.00422935910888687;0.011640299256754359;-38.142198125934236;-0.9764867672556858;-0.06497889495901947;-0.18748445423353938
16491.085496;0.004195024489924258;0.011564171015489025;-38.20079899084273;-0.9764627502587216;-0.06479094662858792;-0.1878077514386592
16512.470894;0.00417551911476997;0.011515595719069611;-38.237816425832676;-0.9765224582939014;-0.0647464211631172;-0.18730512981820932
16533.884024;0.004153331123370404;0.01145230068566523;-38.28550441281187;-0.976530457406835;-0.06459461545579442;-0.18732332173526722
16555.324923;0.004129057731133856;0.011394644701249346;-38.33016504183278;-0.9765361644138644;-0.06449383273347144;-0.18733177253479227
16576.793626;0.004109636605250575;0.011340577593077912;-38.37143534063239;-0.9765209299275852;-0.06446908839086875;-0.18748115976348506
16598.290169;0.004088174422100911;0.011289529945662007;-38.41135173546826;-0.9765303365783286;-0.06424963191461763;-0.18752594523006286
16619.814589;0.004062721267161133;0.011235884933376862;-38.45421405615683;-0.9765186955367612;-0.06423736815509087;-0.18763618793524045
16641.366921;0.00402959690762514;0.011183746683755984;-38.49815298664232;-0.9764751159792403;-0.06403348453578747;-0.1881407605294207
16662.947202;0.0040143645384201855;0.011117129116954193;-38.54785928841843;-0.9766318754325142;-0.06398403268509141;-0.18678114525248762
16684.555468;0.003983960830124191;0.011073910579888746;-38.58539441720356;-0.9764869766995198;-0.06374566164917263;-0.1882025044805866
16706.191755;0.003965344179859973;0.011005752100650199;-38.63753504347735;-0.9764891698885225;-0.06372591529959769;-0.18819449450616538
16727.8561;0.003947164158297845;0.010967997711764934;-38.6685379885713;-0.9767026336177295;-0.06359024967011714;-0.1863822896685302
16749.548539;0.0039301223356867305;0.010901876600814247;-38.71934416367982;-0.9765824695450219;-0.06351749106379337;-0.18748840799552713
16771.269108;0.0039055694805173492;0.010853827265627766;-38.75955616597424;-0.9766480933501754;-0.06334303633459777;-0.1870075603336813
16793.017844;0.003872427086696373;0.010787339704770986;-38.815289604484214;-0.976687995447824;-0.06333069769866186;-0.18666126789627965
16814.794784;0.0038604010354354014;0.01075293903463194;-38.842950053202046;-0.9766510636044935;-0.06312459358098726;-0.1871065129302971
16836.599963;0.003828698357925007;0.010684381254735854;-38.90033784958852;-0.9766997733713407;-0.06302772220648682;-0.18673052783567246
16858.43342;0.003805630789364563;0.010626035319514658;-38.94846074897738;-0.9766632717541219;-0.06295388315077666;-0.18709597812781167
16880.295189;0.0037873085290360325;0.010600938809776033;-38.97142465314542;-0.9765543548727706;-0.06277417059804713;-0.18816314078003488
16902.185309;0.0037711333956492133;0.010540992344730708;-39.01931215110761;-0.9766917610641863;-0.06273261494412388;-0.18696975292330437
16924.103815;0.003747528208686486;0.010483848272554048;-39.06735802188085;-0.9767786319559196;-0.0625271922920772;-0.18631704907894542
16946.050745;0.003718666414801364;0.010424299619973655;-39.118834019104156;-0.9766365623550824;-0.06248607602835303;-0.18759862983563305
16968.026136;0.0037054400894768074;0.01038026783829203;-39.15494334968908;-0.9767595017065454;-0.062309078040726155;-0.1866099122763125
16990.030023;0.00367708222996949;0.010329244988788842;-39.200441001549635;-0.9767483651691583;-0.062356593962420624;-0.1866816878532796
17012.062446;0.0036621288964114127;0.010267711002664383;-39.25048037895218;-0.9766868089231929;-0.062041282176245945;-0.1874047378261614
17034.123439;0.003635163789451368;0.010218358388541933;-39.29484620576944;-0.9766991549353848;-0.06189410497072598;-0.18737809318382978
17056.213041;0.0036165721911261446;0.010183839592693934;-39.32593660080901;-0.976739256342728;-0.06181553221158458;-0.1870669729169154
17078.331288;0.0036042225463168366;0.010122817768973887;-39.37561451588332;-0.9768616370225428;-0.061773451843459885;-0.18600665667589827
17100.478218;0.0035755988154476006;0.01007011323519772;-39.423639879646224;-0.9768255402956861;-0.06178048181715572;-0.18632240525925892
17122.653868;0.003556031844685104;0.010043957830789724;-39.449029371224114;-0.9766872205697639;-0.061602590456891725;-0.18764705409464827
17144.858275;0.003531788753658209;0.009981223479134707;-39.5040076456501;-0.9767885603273933;-0.061481297214772336;-0.1868171213631098
17167.091476;0.0035221546278665123;0.009934587078134263;-39.54279711516395;-0.9768776833080519;-0.06134253584113085;-0.1861050345572267
17189.353509;0.0034914600245015363;0.009883218038095543;-39.59127627354424;-0.9768810929103598;-0.06127330501494108;-0.18611331768793818
17211.644411;0.0034778091869166563;0.009842058584553441;-39.62727827841096;-0.9768544662608801;-0.06112835117814309;-0.18642957673925142
17233.964219;0.0034519357713423543;0.009790223869606757;-39.6752491049834;-0.9768034897336036;-0.06104800046493853;-0.18692559741504156
17256.312971;0.0034355625646783046;0.009737466632933624;-39.72155836898991;-0.9768658970543098;-0.06085320339890162;-0.186480489220673
17278.690705;0.0034121042650787966;0.009697812362794609;-39.75966019342188;-0.9767362116703607;-0.060817678227494544;-0.1876488171979174
17301.097458;0.00340649280320607;0.009644700197681324;-39.8036687379486;-0.9767378250717969;-0.060684105521630734;-0.18770812061022685
17323.533268;0.0033866107359233014;0.009596887916635906;-39.84768581803784;-0.9768250490697256;-0.06046312931263466;-0.18705685466577798
17345.998173;0.0033677104989092484;0.009553360942630668;-39.888180185098925;-0.9769283607280912;-0.06038346449344737;-0.1861854073897853
17368.492209;0.0033351872541630186;0.009518019664653507;-39.926099909607736;-0.9768888961807256;-0.06028508529036449;-0.18658877835321053
17391.015415;0.003331107191464656;0.009467330880286513;-39.968556997532076;-0.9769375121807905;-0.06021991414200328;-0.1861937666423542
17413.567829;0.0033039438074427517;0.009420148412538498;-40.014998571304275;-0.9769129760821471;-0.06014511387076673;-0.1864519085426891
17436.149489;0.0032878220900702435;0.009369367995437786;-40.06145854271119;-0.9769627152407433;-0.060036828891776035;-0.1860703431685468
17458.760432;0.0032720687666599043;0.009333856149488683;-40.09539912119865;-0.9768931336145256;-0.05983387267605248;-0.18679696700739168
17481.400697;0.0032447238404290125;0.00927405981487962;-40.153088186605935;-0.976825760611036;-0.059754545995392996;-0.1874368013167427
17504.070322;0.0032210488122230694;0.009237068591573349;-40.19094453632073;-0.9769235506523058;-0.05966981133445939;-0.18661641882889737
17526.769344;0.003216497674647575;0.009184852326626403;-40.23616225519936;-0.9770181815979168;-0.059590900531387894;-0.18582087433012395
17549.497802;0.003197241762567463;0.00914427290242825;-40.27611622308654;-0.9770355712358305;-0.05940035174954512;-0.1857696238723909
17572.255733;0.0031781259670168064;0.00909877453475459;-40.32039533758099;-0.9769386359327332;-0.05927205001402711;-0.18669728098874588
17595.043177;0.0031538079398710814;0.009051331495473457;-40.368115992522206;-0.9769815621431084;-0.05920152220357146;-0.1863549143246092
17617.860172;0.0031338550846799454;0.00901443504463463;-40.405717956132776;-0.9769119359711089;-0.05903029919614357;-0.18706347276402852
17640.706755;0.00312164437624761;0.008979011644968976;-40.43988627408397;-0.9770409782701975;-0.058968954617683284;-0.18595319675794256
17663.582965;0.0031020531347039125;0.008928166105773546;-40.48978923821159;-0.9770534928463793;-0.058965687840271105;-0.18584409307721136
17686.488841;0.003085815933256905;0.008889883706546272;-40.528001920577424;-0.9769553641641865;-0.05879309443480364;-0.18680546928416575
17709.42442;0.003070706989201464;0.00884317145499166;-40.57342614952212;-0.9771208074121687;-0.05865576037092349;-0.18541308711159854
17732.389743;0.003046080331935524;0.008808620855824782;-40.6112814490036;-0.976936262785304;-0.0585063364631041;-0.1871271950224742
17755.384846;0.0030340165097427155;0.008750129324233233;-40.66664491831669;-0.9770924925400217;-0.05855534590931476;-0.18571723352427333
17778.409769;0.003023132817028037;0.008704698151973533;-40.71035522961832;-0.9770162667838995;-0.058384331272245196;-0.18648310727917122
17801.464551;0.0030102386335380286;0.008671724651227475;-40.74376766710672;-0.9771595108819936;-0.058328990039427306;-0.18524353307113484
17824.549229;0.0029853270162805154;0.008633892917383;-40.78540955145985;-0.9770629034080542;-0.0581617209370164;-0.18618759138783747
17847.663843;0.0029659811458559106;0.008589740777944652;-40.83121488560267;-0.9771760620365195;-0.05806732508055149;-0.18523496871129
17870.808433;0.0029544526046517646;0.00854445358061657;-40.875840841718414;-0.9770907296506702;-0.05791707576573476;-0.18606982712251227
17893.983035;0.00293946394411579;0.008507467701994812;-40.91421403534952;-0.9771025276792332;-0.05793575930647391;-0.1859555041334636
17917.18769;0.002916843304358905;0.008478301775155721;-40.94800262733102;-0.97708310792077;-0.05764552744644516;-0.18627959952817158
17940.422437;0.0029083366414478055;0.008424267726497809;-41.00033433199403;-0.9772017893308078;-0.0576582841642025;-0.18522162441057682
17963.687314;0.002882235991014978;0.008392567762380104;-41.03790922479056;-0.9771287774806305;-0.05759629622213643;-0.185900749678885
17986.982361;0.0028718840487115976;0.008358423320195978;-41.07288033549714;-0.9772202336409619;-0.057546484407809045;-0.1851166238398514
18010.307616;0.0028578380786005047;0.008299784494904884;-41.13206721287501;-0.9772624834764534;-0.057365279901845444;-0.1848367596176975
18033.663119;0.002840607731765328;0.008266692104535591;-41.16865427259282;-0.9770206652737664;-0.057167238294685674;-0.18708176044072597
18057.04891;0.0028250595115933905;0.008236033548910919;-41.202551153350484;-0.9771535907054182;-0.0571355039727359;-0.18592058324199673
18080.465026;0.0028087577271970242;0.00819022874837493;-41.25118473730236;-0.9771394650552685;-0.05702012735891423;-0.18610542329825716
18103.911508;0.002782675741912888;0.00815162828862916;-41.296410012154745;-0.9771238232246755;-0.056853215230637404;-0.18633015775538
18127.388396;0.0027740880461248193;0.008109118557062941;-41.3398828451281;-0.9771507990784873;-0.056824003745271225;-0.18610622815464317
18150.895728;0.002776441183656293;0.008074895132138897;-41.37197670802203;-0.9772370571273284;-0.056725012422370866;-0.18539304339791005
18174.433543;0.0027665116738934486;0.008038605097159158;-41.410253673523556;-0.9772698148819403;-0.056581691183119474;-0.1851764658365292
18198.001883;0.0027311397897590507;0.007996207829487923;-41.463111298917354;-0.9772410514809083;-0.05659233335972443;-0.18542580319096985
18221.600785;0.0027101277987319427;0.00796526514547457;-41.500266059364165;-0.9772174045111337;-0.05650752832777297;-0.1856787560297715
18245.23029;0.0027065035745421715;0.00793878623428396;-41.527390560729614;-0.9772367198801627;-0.05627247492103304;-0.18562780173358795
18268.890438;0.002703505699689696;0.007882102254696882;-41.58412309435726;-0.977256198229694;-0.056198826860570546;-0.18549279135663607
18292.581267;0.002669138640663928;0.007850964583721387;-41.62651841183365;-0.9772265606624072;-0.05622603747875984;-0.18574148057437745
18316.302819;0.0026570556623990893;0.007809115506973578;-41.67221462673944;-0.9772205022876449;-0.05592561780170706;-0.1859478751394384
18340.055132;0.002634068464009821;0.007780356966319706;-41.70874670732737;-0.977379090091086;-0.0559892471867206;-0.1845107353842722
18363.838247;0.002628382266051109;0.0077372368049343;-41.75397636655393;-0.9772465995122297;-0.05573712047342499;-0.18581207954148266
18387.652203;0.002610186739252587;0.007701686534660304;-41.796077143432356;-0.9772374562607038;-0.05566826299829926;-0.18592785501432268
18411.497041;0.002604597082011768;0.007668750738456144;-41.83138110146694;-0.9772772393183297;-0.055664560963425994;-0.18557727390243578
18435.372801;0.0025889232543379725;0.007632530718431802;-41.873670289451994;-0.9772285450296423;-0.055570152242750026;-0.18605627599003138
18459.279523;0.0025681012636465;0.0075931284546373766;-41.92121840153155;-0.9772901050297;-0.05535618682517718;-0.185618470518645
18483.217246;0.0025506739709418654;0.007557718442688444;-41.96371892270478;-0.9772861542846224;-0.055305956884402964;-0.18567866634614483
18507.186012;0.002534452792155811;0.007520741073775807;-42.00762885237545;-0.9773313939293305;-0.055176651011672545;-0.18534262798646534
18531.185859;0.002527251306669881;0.007476596269469788;-42.05606135440016;-0.9772649095794725;-0.055050857909328045;-0.18599449370959525
18555.21683;0.00250966081862069;0.007446166632695697;-42.09406681079606;-0.9773507901644997;-0.055091752224175165;-0.18521322451561267
18579.278963;0.0024938201477370603;0.007420645925399246;-42.126449246126896;-0.9772725096772237;-0.054946619007354675;-0.18597913301373395
18603.3723;0.002474740537783175;0.0073745502291014285;-42.18184820217683;-0.9772711130558569;-0.054898379107116;-0.18601552683058506
18627.496881;0.0024701362644088598;0.007351471291470345;-42.20795392324885;-0.9773046829160827;-0.054817483700296335;-0.18575833499152858
18651.652746;0.0024520619569315385;0.0073181241876605916;-42.24990265857184;-0.9774203089670954;-0.05453519909564776;-0.18487386876150524
18675.839936;0.002449774398669274;0.007279545295312031;-42.29198234639352;-0.9773063669528569;-0.05454994591195639;-0.1858760438834675
18700.058492;0.002429675438018721;0.007245787445636035;-42.33551767944519;-0.9773883259732359;-0.05443836295077036;-0.1852050353050194
18724.308454;0.002409786336663331;0.007207529955287671;-42.38406214052947;-0.977469171894517;-0.05437234285733251;-0.18452137463512142
18748.589863;0.0024018337945436816;0.007183917302951922;-42.4125857975605;-0.9773241444683555;-0.05448704961044512;-0.18574962232980513
18772.90276;0.0023917395205399314;0.00714237608380246;-42.46156947351669;-0.9774181790405532;-0.05413414237411573;-0.1850902510068485
18797.247185;0.0023809590386643384;0.0071129152403899935;-42.49780748959342;-0.9773098215806313;-0.05406829530940215;-0.18608258189275795
18821.62318;0.0023579591707341063;0.007069089662913669;-42.554566841275374;-0.9774954774094229;-0.05387738228077802;-0.18453113081695066
18846.030785;0.0023628137779659712;0.007040916372166077;-42.58396274267456;-0.9774350625828669;-0.05380897088982641;-0.18509974642514862
18870.470042;0.002335433841814179;0.007010589734661375;-42.62786520749703;-0.9774100818958995;-0.05383753714282364;-0.1853071301640281
18894.940991;0.002319498806311435;0.0069686584190826574;-42.68070742263242;-0.9774494698802585;-0.05367844410439639;-0.1850356881707913
18919.443674;0.002315734337707056;0.006953598696456038;-42.69903123444727;-0.9774778747479511;-0.05347912684333407;-0.18488082823169
18943.978132;0.00230150374359833;0.006904184242808868;-42.7601365104546;-0.97732909257177;-0.05354093413177877;-0.1861690787482443
18968.544405;0.0022783664760401114;0.006874069774106244;-42.80305938116242;-0.9774527717334399;-0.05338166316024995;-0.18515043304569492
18993.142536;0.0022631763671509446;0.006849384013007376;-42.836958560655496;-0.9775310054728134;-0.05332437232818462;-0.18448502503965214
19017.772565;0.0022593465379085586;0.006810855485869033;-42.882568722609705;-0.9774692752553229;-0.05313223073160058;-0.18512462246007882
19042.434534;0.0022496305284287303;0.006789244970076389;-42.91114587169198;-0.9774387192519789;-0.05307701983758039;-0.1854219278522734
19067.128484;0.002229442322913018;0.0067442569522738974;-42.97092218146276;-0.9774293101543701;-0.053019255441444625;-0.18553307294080656
19091.854457;0.002219857894446095;0.006722917451109549;-42.99942251572488;-0.9774872206483586;-0.052860985589495126;-0.18509592403712255
19116.612494;0.0022183891396243584;0.006692648396050329;-43.035318369590215;-0.9774330038120222;-0.05275097916283335;-0.18562895923318312
19141.402637;0.0021980323881808286;0.006657205213520731;-43.084788844889445;-0.9775044700960644;-0.05272453218767914;-0.1850083884244637
19166.224928;0.002174320552901022;0.006627862164153653;-43.12861573420691;-0.9773706093095353;-0.052673912390294855;-0.18621866196736894
19191.079408;0.0021741549429183764;0.006598563578798413;-43.16340776743892;-0.9775777881182636;-0.05251507482672965;-0.18445869964798628
19215.966119;0.002166161227047621;0.006564472301004056;-43.20712489941131;-0.9776398580837291;-0.052486927978244974;-0.18392219594455336
19240.885102;0.002143499572827646;0.006540385138758936;-43.244853552814256;-0.977588828051287;-0.05233474742236912;-0.18444656639501433
19265.8364;0.002148267382647552;0.006490038305126939;-43.303517132297706;-0.9775193377105788;-0.052268693524499935;-0.1850935601585844
19290.820055;0.0021231031218145575;0.006480931499708122;-43.32453287264616;-0.9775408981840075;-0.05232325499429146;-0.18487666799866684
19315.836108;0.002110511052175585;0.006460270166357416;-43.35458172606571;-0.9775332003476929;-0.05204729277395375;-0.1850754023716407
19340.884601;0.002103355090247762;0.006410027402302683;-43.418687934037905;-0.9774826223510731;-0.05198980084474332;-0.18555066544220264
19365.965577;0.0020984694018145113;0.006402377619570215;-43.43001422175311;-0.9775582874091694;-0.05202816763708297;-0.1848621441314557
19391.079078;0.0020884522766305524;0.0063451755763386285;-43.50442344942128;-0.9774776021845816;-0.05180069882861321;-0.18568411029633788
19416.225145;0.002072359027137884;0.006334474040010237;-43.524191648096604;-0.9774975265246287;-0.051778141899410914;-0.1855181495178468
19441.403821;0.0020480719359133744;0.006297466055143759;-43.580038861821215;-0.9775738379137734;-0.05164177004760137;-0.18490589669766028
19466.615149;0.0020429822886734827;0.0062645261688200225;-43.62329538007435;-0.9774810010896046;-0.05149615791528501;-0.18579658235149232
19491.859171;0.0020319647550964986;0.006231776480907483;-43.668961121383944;-0.9775236378314635;-0.051543027951511895;-0.18539688052279957
19517.135928;0.002025652595241137;0.006216885434004309;-43.69034086449489;-0.9775191526209946;-0.051242863445136205;-0.1855764627674039
19542.445464;0.002013258686976246;0.006189752664458839;-43.7297998985128;-0.9775435658623683;-0.051384229670722155;-0.18529437811737115
19567.787821;0.0020011968592488737;0.006140664203502227;-43.797333042180036;-0.9775050048255693;-0.05116503364719836;-0.1857379587804565
19593.163042;0.0019810253517643815;0.006133969156637777;-43.81428563623214;-0.9775341256072986;-0.051009686527563235;-0.18555185089364057
19618.571169;0.0019824776302701545;0.006098573113679193;-43.859172001700564;-0.9775693956062863;-0.051047071135189796;-0.18522202372481417
19644.012245;0.0019678920233310855;0.0060653028514794545;-43.90827309781755;-0.9776391011039303;-0.05098614049354102;-0.18463255563809983
19669.486312;0.001960756592672735;0.0060406677815456325;-43.94326190096167;-0.9776093926242647;-0.05079677909765173;-0.18498313664378305
19694.993414;0.001934058093115815;0.006010700686895661;-43.99363530300143;-0.9776279207971619;-0.05079278961190817;-0.1848207985220116
19720.533593;0.001933172356385373;0.005997050706812193;-44.011901031369064;-0.9776805056317891;-0.05059460065787625;-0.18444592208170893
19746.106892;0.0019268537993057788;0.005952018587053696;-44.073870477067054;-0.9776757806600195;-0.050581172242517417;-0.184493944077242
19771.713354;0.0019107555163374278;0.005938070373733663;-44.09920169974822;-0.9777262400543555;-0.050459130804882346;-0.18410273169075264
19797.353023;0.0018974655813365588;0.005903816730624768;-44.15042354963582;-0.9776402159351286;-0.050402119551058965;-0.1848910119657218
19823.02594;0.001889351512146281;0.005869401414153192;-44.19993346491566;-0.9776282386909829;-0.05032252659880906;-0.18503347548407031
19848.73215;0.0018738956611126457;0.00584778110868364;-44.235661693877795;-0.9777107149140924;-0.05018815958703277;-0.18436386569824884
19874.471695;0.0018692126696152908;0.005837728741487541;-44.2512374763837;-0.9776893150433529;-0.05008693132043293;-0.18459948033135182
19900.244619;0.0018639669931518456;0.005794286553392867;-44.31233712614589;-0.977590402571509;-0.04989752403655769;-0.18556180767478414
19926.050965;0.0018495207199668864;0.0057678186779108;-44.354705269256655;-0.9776441051512469;-0.04996211620747851;-0.1850566809721418
19951.890776;0.0018524100834276963;0.005748098126398931;-44.38039763650458;-0.9777273181916778;-0.0498316888445787;-0.18437830903085065
19977.764096;0.0018271205454241052;0.005710890600172835;-44.442692026045734;-0.9776622797546026;-0.049711594693251204;-0.18500879380873742
20003.670968;0.0018226538148876192;0.005686054579259243;-44.4790046618142;-0.9776764932653024;-0.04972490079981445;-0.1848768465181291
20029.611435;0.001816206108835609;0.0056633650476276476;-44.513365984841215;-0.977769014620638;-0.04966948132242797;-0.18408198447188134
20055.585542;0.001800542901603089;0.00564208705009675;-44.550010694666476;-0.9777373226975612;-0.0494809832000911;-0.18444748455919716
20081.593332;0.0017872153263976487;0.005606484250944655;-44.60587587804791;-0.9776386855928154;-0.04936798430523406;-0.1853721738496403
20107.634848;0.0017800718174888943;0.005594670816931063;-44.62571350937289;-0.9776119231701103;-0.049313881389522786;-0.1856335440562909
20133.710134;0.0017684794124432945;0.00555781314783605;-44.683064614444504;-0.9777101296631209;-0.04923575477720382;-0.18479814798474403
20159.819235;0.001764237608749072;0.005541426277979828;-44.7082717319882;-0.9777154258170107;-0.049291314474814926;-0.1847264096034706
20185.962193;0.0017553526983233856;0.005507210862141751;-44.76115275631979;-0.9775615169130074;-0.049053290795934706;-0.1861964687769838
20212.139053;0.0017462958668257307;0.0054913099139904985;-44.788091523818885;-0.9777575715453586;-0.04900396410143604;-0.18448093831734363
20238.349859;0.001727067641561206;0.005462126448550309;-44.83893341812197;-0.9777002373791333;-0.0489129300592876;-0.18502940065495052
20264.594655;0.0017237018194415606;0.005441560674058954;-44.87025852487395;-0.9777843585499354;-0.04879931791379864;-0.18433426824767643
20290.873485;0.001720652420334332;0.005417299062780683;-44.90692965281919;-0.9777011535651134;-0.04859709641957768;-0.18516085447479452
20317.186392;0.0017051439166024087;0.005390509919387562;-44.95323756394937;-0.9777231753743936;-0.04855890207609092;-0.18498251431483478
20343.533422;0.0017117667128129152;0.0053594401570034025;-44.99574913286385;-0.9777431380489984;-0.04849913024388414;-0.18483189844581172
20369.914618;0.001677755983861263;0.005332201749445343;-45.051883280327814;-0.9777922854672634;-0.04834993750422527;-0.18446184864018442
20396.330025;0.0016765814320398528;0.005309597005829428;-45.085998425108386;-0.9777093637700222;-0.04843570923224959;-0.18515906669643206
20422.779687;0.0016569681531822097;0.005287165906421961;-45.12866338373759;-0.9776841538937907;-0.04844498708075631;-0.18537840985865695
20449.263649;0.001654341208045554;0.005260493545988466;-45.169887614294794;-0.9778908371581108;-0.04825040663495162;-0.18363213630630432
20475.781955;0.0016416143414247622;0.005245355535780267;-45.198686488802636;-0.977703287677882;-0.0480896763037844;-0.185364295483613
20502.334649;0.0016456533314001245;0.005214506214180642;-45.24339706287172;-0.9777437689944126;-0.0478974004154678;-0.18508917834467148
20528.921776;0.001635585076343126;0.005195464893321205;-45.27711817495689;-0.9778122311769721;-0.047922785522934344;-0.18447144232743876
20555.543381;0.0016279576938014728;0.0051727148552959635;-45.31545952216863;-0.9777188893150455;-0.04795131022480097;-0.18528625425944145
20582.199509;0.001600752895695779;0.005145419237727289;-45.370370536037626;-0.9778176796929327;-0.04779863337017522;-0.18447701022878732
20608.890204;0.0016026729637014952;0.0051251981288143724;-45.40061722666094;-0.9777244662423576;-0.04767392950852152;-0.18535704495066652
20635.615511;0.0015959385153582195;0.005098644910716929;-45.4449734442032;-0.9777882365220083;-0.04752466788309742;-0.1848562798612578
20662.375475;0.0015775321735862196;0.005069224206310778;-45.499720714531975;-0.9776931507754094;-0.0474721421703291;-0.1857216128179322
20689.170141;0.001577241225836557;0.005043140572642047;-45.540697045640066;-0.9778406694310717;-0.04748440620392587;-0.18440895121670098
20715.999554;0.0015732247428178374;0.005038810081717662;-45.54946514682615;-0.9777164639880848;-0.04736796617312421;-0.18555976773020125
20742.863759;0.0015587878506997629;0.005011352412526129;-45.599813065922284;-0.9777292181661241;-0.047236347458670454;-0.18550316408426182
20769.7628;0.0015549920220580566;0.004992896438168776;-45.63090070659154;-0.9779177199009751;-0.04714291487383077;-0.18387257654706987
20796.696725;0.0015440360677420287;0.004957053401221902;-45.69337692173181;-0.9778156394155021;-0.04709486150269754;-0.18479772439866282
20823.665576;0.0015389166791910586;0.004940853841880842;-45.72184542230691;-0.9778580955200525;-0.04710145000836925;-0.1844186575926959
20850.669401;0.0015275323411389795;0.004926979456809485;-45.74979907200374;-0.9777597779858916;-0.047087981884085375;-0.18529574111362354
20877.708244;0.0015061472370125099;0.004894847468634731;-45.812346388762286;-0.9778656974845802;-0.04682732186547206;-0.184467964131041
20904.78215;0.0015194131151920612;0.004874939712217518;-45.83798111690581;-0.9778326723554688;-0.04671148562556942;-0.18480974551191304
20931.891166;0.001502768666686335;0.004853258097718449;-45.88171145281965;-0.9778528688011304;-0.04677513926794625;-0.18460378873814676
20959.035335;0.001491014915979163;0.004831131254982151;-45.92388949881404;-0.9779568319432801;-0.046726573870536865;-0.18370305433368023
20986.214706;0.0014873664649883982;0.004818777771765905;-45.946044883461695;-0.9778348069595166;-0.04661603552173576;-0.18483119677889073
21013.429321;0.0014758907134882959;0.004780481471285272;-46.01517349538808;-0.9777654794763014;-0.04637332447705224;-0.18554793828069838
21040.679229;0.0014707178196952798;0.004773917049179403;-46.02872100887288;-0.9779302379115318;-0.04637420065671682;-0.1840873610257634
21067.964474;0.0014540092286651088;0.00474863344006909;-46.07942433191312;-0.9778737668691299;-0.046297369610498545;-0.18462008556019088
21095.285101;0.0014561801925650785;0.004712090414708468;-46.13960419702224;-0.9778908222667789;-0.046195577988776805;-0.18451159566976472
21122.641158;0.0014464336371141976;0.004704266220302525;-46.15784783789852;-0.9778594724338244;-0.046206860116297974;-0.18478471343505595
21150.03269;0.0014391933614770842;0.004682367225124484;-46.198640359600915;-0.9779120461830797;-0.046134879687285295;-0.18434889540966146
21177.459743;0.0014250979792588038;0.004659768685012597;-46.24439743082816;-0.9778612444439223;-0.04604041925942927;-0.18483858754331345
21204.922362;0.0014256982686576668;0.004640148716910361;-46.27758438004176;-0.9778058619039535;-0.04590659832371206;-0.18538521836211425
21232.420595;0.0014296979896292745;0.0046247274324692335;-46.301880434595255;-0.9779844087123127;-0.04582077481304451;-0.18383847918438057
21259.954487;0.0014089637740929395;0.004593247794527498;-46.36705787614588;-0.9777728795677211;-0.045695167150340714;-0.18576534917447332
21287.524085;0.0013834785085831635;0.004581858370794127;-46.40023462875636;-0.9778254453335657;-0.045747338268632684;-0.18527779790147558
21315.129434;0.0013792629853702349;0.004559167183970529;-46.441966696577666;-0.9779469700830001;-0.045641211423492624;-0.18424468088566184
21342.770582;0.001374453220704654;0.004531624617963212;-46.4927251904195;-0.9780356020427944;-0.04557210159864319;-0.18348777762534957
21370.447574;0.001373329453893356;0.004515213605148698;-46.522176232580904;-0.9779237598900963;-0.04550933646743263;-0.18450485216108992
21398.160458;0.0013871271669062561;0.004499863999977969;-46.541775448494064;-0.9779261472224937;-0.04542332238800671;-0.18451913625617955
21425.909279;0.0013568973034114955;0.004479175582621006;-46.59472917218999;-0.9778882036326579;-0.04528522078198702;-0.1849122003239944
21453.694084;0.0013668636246600059;0.004462939753825405;-46.61819562065279;-0.9779778688438066;-0.045198361592239784;-0.18415311918100524
21481.514921;0.0013504953323484619;0.004433784401556604;-46.679195914969284;-0.9778039699847536;-0.045019019572938725;-0.18576778088973486
21509.371835;0.0013182626231072277;0.0044114664347710796;-46.736876479737276;-0.9779854734971662;-0.04502166502846497;-0.18415795448180425
21537.264873;0.0013406177586447379;0.004407546676986595;-46.73178417145151;-0.9780227541214721;-0.0450625258383476;-0.18381087931032045
21565.194083;0.0013206765929965445;0.004376161895329396;-46.79958048580245;-0.9779793600036706;-0.04476143439307615;-0.18431800405410467
21593.159511;0.001312117412168466;0.004357615909459633;-46.83810076270888;-0.9778474424803901;-0.04478023102074737;-0.18547962578481167
21621.161204;0.0013063262967210974;0.004343208093317783;-46.86766870886639;-0.9779818107860906;-0.044737026901319754;-0.1843061811743526
21649.199209;0.0012996538098632732;0.004316527204555656;-46.92044085987379;-0.9778494203048324;-0.04455005108091068;-0.18555529109694874
21677.273574;0.0012820662532489614;0.004300212218347887;-46.960371718092524;-0.9780417101017577;-0.044480412798554525;-0.18387904420863038
21705.384344;0.0012937000494978807;0.004273498504737197;-47.00352187644952;-0.9780034453752503;-0.04446987016086892;-0.18422242372045022
21733.531569;0.0012837597417352288;0.00426269024967187;-47.02927745543153;-0.9779063470089157;-0.044368950173359636;-0.18512367412813902
21761.715295;0.0012636789515602848;0.004235831200337791;-47.09094323050028;-0.9779660832393579;-0.04427773161886055;-0.1846308383857963
21789.935568;0.0012653872417816038;0.00421842240294186;-47.12281276573023;-0.9778906036533022;-0.04427554945726804;-0.18530074694966847
21818.192438;0.0012575994621041617;0.0042047794069554065;-47.153047932667675;-0.9780872059154865;-0.04416945623047633;-0.18360073043561181
21846.48595;0.0012554455781730379;0.0041829246325986655;-47.19580943821995;-0.9780151473280491;-0.044194489073986425;-0.1842293438964225
21874.816153;0.0012420465111001573;0.004157885505913275;-47.25133733480452;-0.9779700335333932;-0.043958987421568854;-0.18472327595872295
21903.183094;0.0012404595537241201;0.004145445875133475;-47.27613860113502;-0.977996788349597;-0.04389530799231729;-0.18451148516376092
21931.586821;0.0012323057173990477;0.004124351085697876;-47.3215155185673;-0.9779980910594257;-0.04391444971736135;-0.18449232212486052
21960.027382;0.0012277580438284706;0.004114192915525621;-47.34381049173435;-0.9778999473292294;-0.0438012248739797;-0.18540726852574105
21988.504824;0.0012133566148361317;0.004090233225993586;-47.398751131462895;-0.9780717299477658;-0.04370833057016959;-0.18392148296762578
22017.019195;0.001205375731445492;0.0040761009621170675;-47.431012225256254;-0.9780763518952222;-0.043702142303690995;-0.18388296986571326
22045.570543;0.0012019165485916668;0.004057381039375216;-47.46978517550333;-0.9780394490308094;-0.04355555906043587;-0.18426799776221264
22074.158916;0.001200910280356089;0.004041770772240193;-47.5011474133418;-0.9779980190877797;-0.04356995834860348;-0.1846295281939428
22102.784362;0.0011794206970535993;0.004012789259804717;-47.57123021934487;-0.9780246341591431;-0.043387049759591054;-0.18446569518090217
22131.446929;0.0011833944110229383;0.00400250365542316;-47.58940435069658;-0.9780451986746728;-0.043464690973801894;-0.18425286625322865
22160.146666;0.0011812613592180029;0.003981502606128915;-47.63267767902795;-0.9780329915416255;-0.043364190897229746;-0.18440060465973043
22188.883619;0.0011746064378724609;0.00396601371142648;-47.66776261040961;-0.9780068559183726;-0.04325629037781408;-0.18467461617549435
22217.657839;0.0011679252107278575;0.003947131356557778;-47.70986742269106;-0.9780364550345293;-0.04304551068873717;-0.18449468590434615
22246.469372;0.0011648711336801907;0.003932389093500322;-47.741582910607114;-0.9779187818606347;-0.04300450606888449;-0.18555376990965056
22275.318268;0.0011473509959133085;0.003914275832039262;-47.78899673632644;-0.9780729600643135;-0.0428626566858827;-0.18424229717142293
22304.204574;0.0011450179627419358;0.0039047996548060896;-47.809783131088686;-0.9780636493097649;-0.04297328325339556;-0.1842817970823769
22333.12834;0.0011387413679223811;0.003886188960519137;-47.85177429198946;-0.9779905943613206;-0.04275569801474979;-0.1850138855943425
22362.089614;0.0011240470537060517;0.0038615872418421783;-47.91146640770708;-0.978069589387947;-0.042724534858423216;-0.18432573904168995
22391.088444;0.0011170342210722825;0.0038511194407394255;-47.93744033199498;-0.9780561731167843;-0.04253727204567863;-0.18451700808071198
22420.12488;0.0011196026460829475;0.003823736970689211;-47.99300642279434;-0.9781622618504671;-0.04254374117041778;-0.18357419466086128
22449.198969;0.0011159855844210212;0.0038094143946385784;-48.02524760148722;-0.9781029511058652;-0.04261933698668731;-0.1840707135730627
22478.310762;0.0011102888517389503;0.003794685859526717;-48.059748379112996;-0.9780678098615654;-0.042499081766676605;-0.18442857637288004
22507.460306;0.0011038316326387185;0.003785434081090289;-48.08326712281894;-0.9780837621329103;-0.04233957559928417;-0.18434849567868364
22536.647651;0.0010930158300843608;0.0037638637792034376;-48.135704981491386;-0.9780836339762364;-0.0423546855720531;-0.18434383286739744
22565.872846;0.001092124591822135;0.003751697048413492;-48.16218791180046;-0.9781204788331856;-0.04216563572420742;-0.184089648085716
22595.135939;0.0010841927976941784;0.0037341307874931;-48.20470993788409;-0.9781024347763808;-0.0421295656292025;-0.18426336404610302
22624.436981;0.0010798992511641399;0.0037138786717546748;-48.25095197078728;-0.9779851241045497;-0.042072424913950385;-0.18532506295486167
22653.776019;0.001072102020242352;0.003700120858882138;-48.28557404119507;-0.9780008889441357;-0.041966191289102055;-0.18522577052258793
22683.153104;0.0010838081657190838;0.0036905416605859547;-48.29892724625894;-0.9782218110020612;-0.04192531841483297;-0.18328306193305005
22712.568285;0.0010656577939963353;0.0036550341394812023;-48.3878474368822;-0.9781207685310257;-0.041803074686945545;-0.18422502292700849
22742.021611;0.0010722425221870368;0.003647716444741245;-48.39965701622557;-0.9780555458199933;-0.04169927951656899;-0.18484245300963043
22771.513132;0.0010546694496936667;0.0036242180082814886;-48.46267924046158;-0.9779937935785384;-0.041771361710918754;-0.18536261293114464
22801.042896;0.0010542802243950534;0.003621766470280697;-48.468348029970734;-0.978091629164543;-0.04160117806157668;-0.18455962295876505
22830.610955;0.001037306550273524;0.0035910916854251097;-48.547431521226365;-0.9780708114853881;-0.04150222942970901;-0.18478142532685451
22860.217357;0.001044232716778429;0.0035878259726236108;-48.55023838062636;-0.9782016696290174;-0.04151923093267599;-0.18361509316029473
22889.862152;0.0010267357516642126;0.0035566473969626663;-48.631549631781006;-0.9781316235569912;-0.04134872984082146;-0.1842999885571165
22919.54539;0.001039964571092574;0.0035509144558549433;-48.63580062885912;-0.9781164663762161;-0.04133916474034291;-0.18443793044240264
22949.267121;0.0010093092263990776;0.0035415373894165363;-48.67702128978795;-0.9782103466265959;-0.04131809035290789;-0.1836136713298345
22979.027394;0.00101798543550456;0.003524746580365131;-48.70950655179417;-0.9781518770179722;-0.041290024330526115;-0.18414244046863357
23008.826261;0.001004712419475788;0.003505020736398907;-48.76324156248639;-0.9781326735529148;-0.04116789778468604;-0.18435829468041198
23038.663769;0.0009976619754732184;0.003497774885367504;-48.78448081315533;-0.9782834406459382;-0.04101396844702577;-0.1830792461655425
23068.539971;0.0010021407095652053;0.003477204302038892;-48.828866783540064;-0.9782466794012492;-0.040897941721498986;-0.18344812765684637
23098.454916;0.001003605528829143;0.003469287004126391;-48.84616632995838;-0.9780953383714752;-0.040840164063324136;-0.18481105097341793
23128.408654;0.0009895416718582436;0.0034550871330280486;-48.88844398559669;-0.9782315987830258;-0.0408120704551499;-0.18361358473080083
23158.401236;0.000980131863743777;0.0034311164516395475;-48.95061805874911;-0.9782667702322876;-0.04070373633018853;-0.1833418453463406
23188.432711;0.0009797853130922207;0.0034121837912138996;-48.995268396089735;-0.9780880184021932;-0.04066097856581667;-0.18494212471025973
23218.503131;0.0009787023675461573;0.003399883718749397;-49.02497401423589;-0.9780951122981143;-0.04061658022939231;-0.18489558992071448
23248.612546;0.0009670960954707767;0.0033768469116918685;-49.0874221309543;-0.9782719069793399;-0.04055613260364703;-0.18335065215559931
23278.761007;0.0009590052527692093;0.00336669502422396;-49.11710554042362;-0.9781821304104968;-0.040561485635622896;-0.18414446245607244
23308.948563;0.0009543195101165821;0.0033520036626935672;-49.15543329219328;-0.9782598135060202;-0.040423283030082795;-0.18350658218988303
23339.175266;0.0009559547343656479;0.0033414631368170323;-49.179609165014384;-0.9781541860023595;-0.04036385022318563;-0.18446464893059633
23369.441167;0.0009469930568451269;0.00332943221664538;-49.21473775237465;-0.9781807380863091;-0.04028749993349025;-0.18425717538172512
23399.746316;0.0009346199927936142;0.0033133611713071767;-49.262128722930484;-0.9781630125289366;-0.04017200933133657;-0.18445641353657807
23430.090764;0.0009289392760984325;0.003293112695346348;-49.315351137869015;-0.9782120472260704;-0.04012008701173872;-0.18404062859895168
23460.474563;0.000923674219134783;0.0032642597823161514;-49.38978787719321;-0.9780491013367196;-0.040132995626874265;-0.18548047739524734
23490.897763;0.0009174217958360239;0.003258573180480985;-49.40816825319181;-0.9781305379907105;-0.040014603956759806;-0.18480149836070478
23521.360415;0.0009206812844740123;0.0032553352994765796;-49.413894418913145;-0.9782951701237664;-0.03996090298787783;-0.1833615710058043
23551.862571;0.0009138714193594558;0.0032487043194587267;-49.43505227574061;-0.9782513142049768;-0.0397655793953448;-0.18382086392595687
23582.404281;0.0009172746794678351;0.0032267674691544854;-49.487154281919466;-0.9782217881488012;-0.03966552248917169;-0.18411860786007767
23612.985598;0.0008993071067748956;0.0032066257735426764;-49.55021380139541;-0.9782596003292613;-0.0397684782782277;-0.18374636855804427
23643.606572;0.0008987726657390165;0.003194144858566433;-49.58198730096855;-0.9781672887483343;-0.0396565875107529;-0.18460495318640402
23674.267254;0.0008964256169932943;0.003189588149959712;-49.59514300103344;-0.9782036868070931;-0.039541961720981345;-0.1843234187975554
23704.967698;0.0008917688760487206;0.0031725475469224665;-49.64157791301585;-0.978189894893581;-0.03945383786652692;-0.1844772289946836
23735.707953;0.0008926054786632246;0.003151337937253898;-49.69494378539629;-0.9782665646463874;-0.03949520530813493;-0.1837827712355947
23766.488071;0.0008786267862736371;0.0031579821636146155;-49.68800193654188;-0.9782210114549887;-0.03936402488312158;-0.18423345618026238
23797.308105;0.0008721681415581468;0.003135337393547669;-49.750623004766304;-0.9782460614340637;-0.03928591485737882;-0.18403922809724502
23828.168105;0.0008755003298548727;0.003121004060664606;-49.78514357846073;-0.9782294635613921;-0.03924565140254443;-0.1842006924029355
23859.068125;0.000869757413978991;0.003103269612232572;-49.83519892959058;-0.9782452991216375;-0.03910170004142625;-0.1841114138883743
23890.008215;0.0008682981511226492;0.0030919992942837916;-49.865559749711544;-0.9781357514444753;-0.039128748940735335;-0.18507300592869982
23920.988428;0.000864000963860782;0.003087238307762239;-49.88110907334907;-0.978249217827261;-0.03894398163115027;-0.18413244833491232
23952.008815;0.0008533004458349601;0.003065166407998589;-49.946750288060656;-0.9782065810230252;-0.03905970138274536;-0.1844695272839939
23983.06943;0.0008608164167769368;0.0030427451701820034;-50.00030268163811;-0.9782107666887456;-0.038915370832272006;-0.18448341726184345
24014.170323;0.000838224650229399;0.00303771033312739;-50.03037428435937;-0.9783481004672023;-0.038796041426893114;-0.18330800195996833
24045.311547;0.0008415062663669656;0.0030157650882293775;-50.08642243863075;-0.9781911766239273;-0.03883295862427696;-0.1846861272766443
24076.493155;0.0008365657537792202;0.0030125066535373122;-50.098815190608406;-0.9782118349369942;-0.03870131312014667;-0.18454923413978586
24107.715199;0.0008265512556443711;0.002991342504613062;-50.16314324657817;-0.9782148013301473;-0.0386029358077511;-0.18455739738306953
24138.977731;0.000822405349317516;0.002978715758468754;-50.20037643744271;-0.9782544739731887;-0.03854523148210444;-0.18422585740972028
24170.280804;0.0008104469992638255;0.002974585739411993;-50.220485797138934;-0.9783031998487246;-0.038449857526574704;-0.1838271737179249
24201.62447;0.000811719262556841;0.002956877949405159;-50.26779043233261;-0.978274890987103;-0.03842492847734873;-0.1840868138813531
24233.008782;0.000816070259614835;0.0029499877683499104;-50.283346440291055;-0.9782984338507806;-0.03839087129727832;-0.18388995952124204
24264.433793;0.0008024980644515738;0.002946336482301086;-50.30355732541438;-0.9782013970782224;-0.038243857211581425;-0.184801280926306
24295.899556;0.0008188682154678786;0.0029224253225039105;-50.35687799307845;-0.9781975774336613;-0.038084196524865534;-0.18489037273737163
24327.406122;0.0007945033003343058;0.002900746881101156;-50.43564159017726;-0.9782817047665723;-0.038148434102326816;-0.1841223395113955
24358.953546;0.0007882317381704952;0.0028769508039034404;-50.507000235811375;-0.9783927493822694;-0.03811196750049847;-0.18315055585027706
24390.541881;0.0008006430651386378;0.0028809199461787066;-50.486270660766635;-0.9782113789031269;-0.03806108744080246;-0.1847759833521626
24422.171178;0.0007897858144202148;0.002873387785380787;-50.515812144289676;-0.9782287485929191;-0.03796571418425197;-0.18465484417605052
24453.841492;0.0007808652454437015;0.002857129549035454;-50.56854851184379;-0.9782682808403004;-0.03792225780520443;-0.18431930753890016
24485.552876;0.0007830668579417445;0.002843351015837552;-50.60588650352999;-0.9782494920260869;-0.037737093482196456;-0.18454936452944756
24517.305382;0.0007803438425823794;0.002831518597885643;-50.64168691908377;-0.9784437452499295;-0.037684108450811375;-0.18284542251470431
24549.099065;0.0007652439051904403;0.002826239779269931;-50.668555490916305;-0.9783256525839074;-0.03760170732886308;-0.18392037829345026
24580.933977;0.000771045415696657;0.002802503335505077;-50.73218542116411;-0.9782810015010216;-0.037655182208431885;-0.1842979939940202
24612.810172;0.0007645014414904967;0.0028078867136620794;-50.72183751515041;-0.9783117442058553;-0.03749024476635982;-0.18408160397486673
24644.727704;0.0007564103343061572;0.0027864764691209105;-50.79010634484292;-0.9783328877439479;-0.03757068663450427;-0.18386680246891451
24676.686626;0.0007443844867784173;0.0027703572779526277;-50.84653586206809;-0.9782418932653159;-0.037498838044786265;-0.18469796435109112
24708.686992;0.0007551164864130478;0.002748634450775735;-50.901663542858195;-0.9782695353740283;-0.037325546353645454;-0.18451164754468927
24740.728855;0.0007537980421923932;0.002744590807028116;-50.91461893933352;-0.978367867397617;-0.03725133940890616;-0.18366495952908055
24772.81227;0.0007532247711265193;0.002732772968203585;-50.94992734324558;-0.9783577193792833;-0.03714592736196151;-0.1837904541685383
24804.93729;0.0007367786672619394;0.0027197644187575043;-51.00181614458911;-0.9783266931058656;-0.03712041346844464;-0.18407409960450277
24837.10397;0.0007324269064091622;0.0027139048407963076;-51.02277887879107;-0.9783087993502309;-0.037060553790215445;-0.1842528593599738
24869.312362;0.0007324290245165381;0.002688748666564244;-51.09812586689011;-0.9783928480002716;-0.03697564360922986;-0.18353621685869778
24901.562522;0.0007251084860886791;0.0026874897512792766;-51.107888934959924;-0.9781517871765728;-0.03697353538132886;-0.1856742023591361
24933.854504;0.0007251640776537007;0.0026772087328447752;-51.138867934608434;-0.9784086722875576;-0.03694442861077512;-0.18340638811000864
24966.188361;0.0007182983710053188;0.0026708982971976993;-51.16358420008493;-0.9783778249309034;-0.03685856095365719;-0.18370856361484542
24998.564149;0.0007176714285092867;0.0026638806349075276;-51.185404572101554;-0.9783389675577059;-0.03676848365055269;-0.18408310133784492
25030.981921;0.0007038404420653393;0.0026437964710709114;-51.25805227603734;-0.9782811691672321;-0.03664234203039734;-0.1846375011708259
25063.441732;0.0007079795524612885;0.0026470563064236474;-51.24467514376326;-0.9784238200693117;-0.03659362100701998;-0.18338897391299652
25095.943636;0.0007011033719153053;0.002632549365775013;-51.29487119130005;-0.9784379685208896;-0.03660344524362802;-0.18326029072690625
25128.487688;0.0007056597079302976;0.0026206497781153426;-51.327823838939;-0.9782028216222042;-0.03642140673854457;-0.18540534312474363
25161.073943;0.0007006243483497018;0.002605616278652246;-51.378620186808384;-0.9783662062069546;-0.03644758540620675;-0.18394806604861894
25193.702455;0.0006957985079659361;0.0025714964814095246;-51.489417347732015;-0.9783627044833935;-0.036387896595513045;-0.18399880902156562
25226.37328;0.0006831774497831334;0.0025816552049226773;-51.468084549058695;-0.9782390159259233;-0.03635341081026589;-0.18510683526355426
25259.086471;0.0006834118993303263;0.002563019593655912;-51.52666684451294;-0.9783907107741665;-0.036234094269371867;-0.18380112153964473
25291.842084;0.0006765874207093639;0.0025566043318169646;-51.55274605050142;-0.9783392370415596;-0.03609371405632902;-0.18430348453410975
25324.640175;0.0006751267871160954;0.00253589942203422;-51.61996273293489;-0.9784140830834586;-0.03606143385036322;-0.1836504674900499
25357.480797;0.0006763094316768611;0.0025425237310352376;-51.59779612628526;-0.9783644447052329;-0.0360163665932821;-0.18410526473400635
25390.364007;0.0006754621078512491;0.0025226797150412297;-51.66205309136644;-0.9783941047507289;-0.03593218567926684;-0.18386974545602172
25423.289859;0.0006674879981702912;0.002502668121828553;-51.73349461160296;-0.9784435746792928;-0.03590164186845809;-0.1834411087276996
25456.258409;0.0006600583123099475;0.0024968002800777145;-51.75894441386542;-0.9783698829186519;-0.03580289435761146;-0.18412651647956352
25489.269713;0.0006600403675666807;0.002485382561404718;-51.79615941102698;-0.9784474637535685;-0.03572489959120269;-0.18346398209334142
25522.323824;0.0006523596076086493;0.0024796560593554184;-51.821526467250145;-0.9784393380654124;-0.035801601878030026;-0.1835111649509051
25555.4208;0.0006507305669662559;0.002464313754767234;-51.87334425397005;-0.9784174536545905;-0.03566802800818946;-0.18374843300069135
25588.560695;0.000653948170437623;0.002452315516383219;-51.910130157384195;-0.9784014799646613;-0.035544455571546306;-0.18392992282344678
25621.743566;0.0006425738674049547;0.0024527268900961553;-51.9187208640978;-0.9783361017432347;-0.035562082230124595;-0.1845039014528109
25654.969468;0.0006395555298645382;0.002431540193217431;-51.99185423449027;-0.9784004488987844;-0.035465666970891534;-0.18396441332271646
25688.238457;0.0006397391038068355;0.0024260059680660823;-52.010200592583175;-0.9783683419580411;-0.03538291395242357;-0.18427564386003215
25721.550588;0.0006376227686693731;0.0024138753093445216;-52.052780129034126;-0.9785449297385114;-0.035378939190929014;-0.18271137188605785
25754.905918;0.0006328974273357767;0.002404895805055967;-52.087246910777964;-0.9782966194451511;-0.0353378837959461;-0.18492601512976614
25788.304503;0.0006294663273717371;0.00240032890193862;-52.10573948545759;-0.9783810131680458;-0.03511816501131296;-0.18424787096950393
25821.746399;0.0006259053529881819;0.002381256203183316;-52.1737413733192;-0.9784114339114792;-0.03517282519026171;-0.18396074467898094
25855.231662;0.0006227751914504005;0.0023872322720228174;-52.1561618666464;-0.9784557441445303;-0.034945448965308004;-0.18364012580990302
25888.760347;0.0006147656458484946;0.002372943695841376;-52.21212353447228;-0.9782691084266687;-0.03502229977512188;-0.18527059400243956
25922.332513;0.0006117474076219868;0.002363310741681498;-52.24792176112834;-0.9783805063034395;-0.03489625470947208;-0.1843227659027742
25955.948214;0.0006050986189757563;0.002347099813819306;-52.30990512026236;-0.9783675226450302;-0.034947360571646886;-0.18442171257227807
25989.607507;0.0006157905418236776;0.0023366009033294398;-52.33668830772454;-0.9784631263712826;-0.034861263945227774;-0.1836013005837996
26023.31045;0.0006022287040190704;0.002329006416237739;-52.375502475553155;-0.9783806760192205;-0.034733789717982;-0.18437252074019644
26057.057098;0.0005954694677282698;0.0023023786756546554;-52.47526577952249;-0.9783160185744214;-0.03471612246785437;-0.18495139496132076
26090.847508;0.0006030779972434815;0.0023051933155549768;-52.45833732021968;-0.978377951458779;-0.0347135108482543;-0.18440305999918338
26124.681737;0.0005954031700623199;0.0022948350726661342;-52.502039579269706;-0.9785155069382754;-0.034478487525945324;-0.18325715146917804
26158.559842;0.0005927996702483271;0.0022906645287404923;-52.519240174085205;-0.9784723473118571;-0.034516426586176666;-0.18362793643066694
26192.481879;0.0005851543332501577;0.0022745358809392966;-52.58382114656936;-0.9783892767818055;-0.034442701480729726;-0.18438750459495024
26226.447906;0.0005844791025287628;0.0022727266970716197;-52.59092615742968;-0.9784809833119178;-0.034347727678039404;-0.1836040020769209
26260.457979;0.0005792310804610163;0.0022665004969964248;-52.6181159920469;-0.9783650997653747;-0.03427658329812626;-0.1846536089834957
26294.512157;0.0005854020178305813;0.002237835739776958;-52.71597164086279;-0.9784076415452139;-0.03424177201992782;-0.1842872036571402
26328.610495;0.0005842649728525012;0.0022407491860092065;-52.70647072472089;-0.9785112995437467;-0.03424521345231282;-0.18336707830351937
26362.753052;0.0005762547301329911;0.002219013846063225;-52.79337044764269;-0.9784168746817533;-0.03417294905015094;-0.1842266712457385
26396.939884;0.0005772932972925054;0.0022201705105851285;-52.788141097885344;-0.978436490435988;-0.034164220896317404;-0.18405544894102996
26431.171049;0.0005690008941377553;0.0021976902878748524;-52.87888903285178;-0.978426475872042;-0.03408018255933256;-0.1841702298864239
26465.446604;0.000563761811635995;0.0021965784579973577;-52.888016903868866;-0.9785099986459772;-0.033995326413214275;-0.1834558642248267
26499.766608;0.0005527005310455649;0.0021963409687071273;-52.89934149854023;-0.9784952803849932;-0.033860287362511225;-0.18362787011430987
26534.131117;0.0005573224588311747;0.0021857664953408087;-52.934372351058784;-0.9784080451487173;-0.033881328215655426;-0.18439488787627867
26568.54019;0.0005534143381913118;0.002175451748901939;-52.97667902598115;-0.9784802953393296;-0.03377622039961923;-0.18378649234826877
26602.993884;0.0005664630528059647;0.00216611291480643;-52.99908745319925;-0.9784845457219363;-0.033715715824222475;-0.18376730824921267
26637.492257;0.000551631458603297;0.0021538701739674;-53.0596950336644;-0.978417672179251;-0.0337671080005477;-0.18434453805195156
26672.035367;0.0005482585982491272;0.0021371225354659797;-53.126601164524516;-0.9784309179978388;-0.033606688801971894;-0.18427606217534667
26706.623271;0.0005367886574279557;0.0021336171699325277;-53.15112979437487;-0.9784916872583838;-0.03354440344318698;-0.18375619308885274
26741.256029;0.000548213306310998;0.002118509121155785;-53.19789740519291;-0.9784887076660211;-0.033413282526054064;-0.18382238882470123
26775.933699;0.0005397196724158783;0.0021227059962968943;-53.190141602004104;-0.9785016145451824;-0.033453517384327426;-0.18369576171113927
26810.656337;0.0005381379232885251;0.0020981788792477957;-53.28646899168827;-0.9785015890829529;-0.03333154330571099;-0.18373289394852999
26845.424004;0.000541517960064883;0.0021037034415301793;-53.2616752078128;-0.9784913661931803;-0.03336691813425954;-0.18381284506369308
26880.236757;0.000530340595264021;0.0020962496723889706;-53.30169724614137;-0.9784190324388287;-0.03337768628110858;-0.18445095972899395
26915.094654;0.0005306118337249818;0.0020828419327688264;-53.35378758741224;-0.9784526751244271;-0.03315001635768749;-0.1842212794983748
26949.997755;0.0005166703725996999;0.002070299031377443;-53.41694112840937;-0.9785426808368038;-0.03320318954000358;-0.18340725247813244
26984.946117;0.0005196358842461577;0.002052205672953824;-53.48569856773322;-0.9785698697483876;-0.03306559434037247;-0.1832075012038503
27019.9398;0.0005198785134228511;0.0020542767368258684;-53.47722071733109;-0.9784359512577684;-0.032959292209658556;-0.18442670484494972
27054.978862;0.0005202022756602856;0.002042798971967195;-53.52261323355683;-0.9785199618842596;-0.0330447192244713;-0.18365624715359744
27090.063363;0.0005221106254768364;0.0020268401767658813;-53.584584097995474;-0.978588005514192;-0.03284063529253331;-0.18311387308976523
27125.19336;0.0005107349924763828;0.0020358646104420663;-53.559954348783734;-0.9785818144501315;-0.03283589395144151;-0.18317017359443738
27160.368914;0.0005123484377912958;0.002026620686572999;-53.595491407279845;-0.9785528077953826;-0.0328959092840119;-0.18340947921574502
27195.590082;0.0004944209911815351;0.002011109840342577;-53.6764244437063;-0.9784593109656553;-0.03262612494553466;-0.18431858114148902
27230.856925;0.0005048574987072878;0.0019918380121868927;-53.744509373388205;-0.9784775143967834;-0.03258281861003941;-0.18416996383062337
27266.169502;0.0004845501644986411;0.0019964204325840936;-53.74637802985839;-0.978471346976656;-0.032608732114883535;-0.18421699657849994
27301.527871;0.0004939213937202978;0.0019905966578273554;-53.76085983106841;-0.9785113433822709;-0.032452037800749185;-0.183908539346439
27336.932093;0.0004952668046908402;0.0019881598376908253;-53.76950453641189;-0.9784859853491628;-0.03251504189163705;-0.18411484262519154
27372.382226;0.0004916342689009114;0.0019610027827125284;-53.88570267214482;-0.9785387530621169;-0.03240292004340389;-0.18367993651706682
27407.87833;0.0004944149851105567;0.001966653970528136;-53.85928515327884;-0.9784807320409823;-0.0323264566512895;-0.18421683114427678
27443.420466;0.00048471562196909806;0.0019483130151574548;-53.946009021940746;-0.9784358441878527;-0.03227365646135058;-0.18463032809115573
27479.008691;0.0004902625160315832;0.0019379094062985424;-53.98390801181282;-0.9785214456133648;-0.032210678806838255;-0.18388967552896823
27514.643067;0.0004788131867091816;0.0019308988866789877;-54.02564527614281;-0.978442419975567;-0.032243845223859056;-0.18458073199250483
27550.323654;0.0004757369814332131;0.0019283377838043778;-54.0397365810323;-0.9785121484078554;-0.03222120181069984;-0.1839690416503617
27586.05051;0.00047510526531387273;0.00192086223308039;-54.07219789277275;-0.9786286917825141;-0.032200252876970294;-0.1829418244535489
27621.823696;0.0004875650535557061;0.0019162836971123268;-54.0783847213833;-0.9785716127550145;-0.03201668237875025;-0.18350130561585293
27657.643273;0.00046915165508085535;0.0019069944703207667;-54.13780630464974;-0.978491365719642;-0.03182845140728838;-0.18426730666103652
27693.5093;0.00046900211919537156;0.0018924640775399263;-54.20058340662927;-0.9786027935784629;-0.031955163690699666;-0.18324267020512708
27729.421837;0.000466596283355032;0.0018829050895652526;-54.24460741913907;-0.9785762174654767;-0.03180719506530435;-0.18352104992492066
27765.380945;0.000464905962902383;0.0018735342393718978;-54.28725901357819;-0.9784778049499204;-0.031841067587817774;-0.18438391690214184
27801.386684;0.00045513036738961183;0.001874835620349693;-54.29205866024462;-0.9785511770555884;-0.031686128458153065;-0.18377790481596185
27837.439116;0.0004562268167336872;0.0018649365476460676;-54.33429206923576;-0.9785770663582068;-0.03171528624835436;-0.18353997282012094
27873.538299;0.0004507294066253778;0.0018620815427092031;-54.35274219073378;-0.9784863053466619;-0.03163648421743899;-0.18436738439989903
27909.684295;0.0004608139509598411;0.0018641688623623632;-54.33270910116714;-0.9785592048641224;-0.03150599692511616;-0.18375829426413928
27945.877165;0.00045155700423054484;0.001837383003710527;-54.461315272697874;-0.9786059103977813;-0.03151415979160919;-0.18334183519462477
27982.116969;0.00045276446395065494;0.0018318540050708608;-54.4846647477161;-0.9784960940316901;-0.031411023327021226;-0.1843449929615248
28018.403769;0.00044820539799284194;0.0018210141430317294;-54.5383002877893;-0.9784204668919967;-0.0313503335617943;-0.1850329149770927
28054.737625;0.00045558449583555906;0.0018098783127441006;-54.580195011475695;-0.9784866349897611;-0.03126796449605114;-0.18446950449814992
28091.118598;0.0004506191998305365;0.001809886124646058;-54.58577349009179;-0.9786051501117915;-0.03141436057207608;-0.18337702718741286
28127.546749;0.0004364577730853924;0.0017960741189468935;-54.664341306989776;-0.9783802473566947;-0.031171574963447485;-0.18544025876694653
28164.02214;0.00044200031786535324;0.001798669625140616;-54.646328662017616;-0.9785966950132696;-0.031115830568210122;-0.1835365649556231
28200.544831;0.0004229838283906553;0.0017768545137454258;-54.76757388232716;-0.9785870324809386;-0.031082698314085343;-0.18363157843643066
28237.114885;0.0004265979086747128;0.0017898551393362968;-54.703685620636534;-0.9784180032096361;-0.030917628556275743;-0.18517687416408188
28273.732362;0.0004222080757828878;0.0017782172178070238;-54.76212428905896;-0.9785249922461225;-0.03097013083939913;-0.1842133572258622
28310.397324;0.00041989467492061015;0.0017636257755710284;-54.832415982324676;-0.9785259967417387;-0.030917548615472922;-0.18421919486618843
28347.109832;0.0004296550661392373;0.001748564635552359;-54.891760370773206;-0.9786060998480828;-0.030814715503683737;-0.18353765701856833
28383.869949;0.000423056877671155;0.0017471852490926955;-54.9057790973767;-0.9786509947971721;-0.03091213286058333;-0.18311234325976336
28420.677736;0.0004124511735890783;0.0017328683696333285;-54.98536941672404;-0.9784611006828372;-0.03079849338658968;-0.1848279870436971
28457.533255;0.00041962865162230317;0.0017323523642463283;-54.979646155614304;-0.9785281625652387;-0.030644821739904092;-0.18427606577108593
28494.436567;0.0004066709528984841;0.0017361713725663147;-54.97617636661673;-0.9786060878767865;-0.030669137128093205;-0.1835783138400179
28531.387735;0.0004142520128208704;0.0017313450894650977;-54.99055758994299;-0.9785588617420361;-0.03059816533710348;-0.18401678279578443
28568.386821;0.0004066190971461052;0.001705730470170272;-55.12175284859987;-0.9785987511076164;-0.030490298564654333;-0.183692923380004
28605.433887;0.00041093253164681677;0.0017104352159089797;-55.09415944508541;-0.9784543172635554;-0.030382606628869442;-0.18500345582950506
28642.528995;0.00040791423236290436;0.0016998717480435452;-55.14852621578403;-0.9785800334784298;-0.030415367925390513;-0.1838795756356905
28679.672207;0.00040530108061535944;0.0016927446151109727;-55.18607067672172;-0.978650866153561;-0.03035471655880061;-0.18326819039836365
28716.863586;0.0004041882957139249;0.001679064882347918;-55.25401046666118;-0.9786481020534579;-0.03034776309032111;-0.1832946114168889
28754.103194;0.00040890890682530065;0.0016845740609397006;-55.2215606405515;-0.9785590562587633;-0.03016472332735868;-0.18413439108735694
28791.391094;0.0003993792523818893;0.0016644037427574446;-55.331703848717055;-0.9784674261088548;-0.030307111684225656;-0.18490796327490877
28828.727348;0.00038854992255458234;0.001660196733818111;-55.36521469342355;-0.9784949925346976;-0.030077733588515992;-0.1847262604661876
28866.11202;0.00038662468827263037;0.001665856185032699;-55.33940135659732;-0.9785188538499828;-0.03007121511502098;-0.1845164279051932
28903.545171;0.0003896270828918155;0.0016504143954712029;-55.4125990508966;-0.9785148090243824;-0.03007406440388656;-0.18455152170972355
28941.026865;0.0003943596077690892;0.0016409413287307517;-55.454283065080325;-0.9785640372001926;-0.02990711053438696;-0.1841603402292362
28978.557165;0.00038635906356742386;0.0016263222127351111;-55.53742936678127;-0.978513546983768;-0.029863103666581518;-0.1846200120237106
29016.136134;0.00038051373252909735;0.0016272479555054775;-55.539715769615185;-0.97856934912823;-0.02999358461893285;-0.1840897648826622
29053.763834;0.00038942233586263973;0.0016246350816836168;-55.54226329747661;-0.9784111805462896;-0.029767529913825606;-0.18555371281287697
29091.44033;0.00037964804144622553;0.0016106228288240727;-55.625287225044495;-0.9786281026315456;-0.029596908834305168;-0.1836758599123449
29129.165683;0.00037688215193228716;0.001611477273458471;-55.624239572888776;-0.978507962819862;-0.029774865401644965;-0.1846933814401291
29166.939959;0.00037224063622046864;0.0016085953298689878;-55.64451522040759;-0.978629356651155;-0.02963832619933823;-0.18365362485649475
29204.763219;0.0003655247179452101;0.0015861571446221616;-55.76835616060853;-0.9785288496318273;-0.02947634394026022;-0.18458830119072012
29242.635529;0.0003675544879486825;0.0015921381785229905;-55.734886929089804;-0.9785688213799589;-0.02939172904466754;-0.18425639194658372
29280.55695;0.00036971643157719436;0.0015839231557825113;-55.774917739487435;-0.9786216679382614;-0.029507416802615524;-0.18375688370171175
29318.527548;0.0003638737206580976;0.00158229797741988;-55.790429009170495;-0.9785499303909115;-0.029571260655983752;-0.18437595378571733
29356.547385;0.00037168731350807426;0.0015589012978149425;-55.903500689324666;-0.978492710798591;-0.029424743636863517;-0.1849225755589168
29394.616526;0.0003566924283626634;0.0015610514894630343;-55.91063137345909;-0.9786181082625521;-0.029247094837311534;-0.18385774712066566
29432.735034;0.000370417726412531;0.0015568234630814624;-55.91605923587448;-0.9787070722301437;-0.029306573715307968;-0.18305309651529966
29470.902974;0.00037690312162719746;0.0015543713556130227;-55.92078021681747;-0.9786452395736068;-0.029240045937887857;-0.1836190246170694
29509.120409;0.0003602343838586589;0.0015473555591718857;-55.97897221984104;-0.9785003203533542;-0.0291449611212746;-0.1849293503957155
29547.387404;0.0003629630812351427;0.0015303071671964495;-56.066736486829846;-0.9785970221460615;-0.02905657739079969;-0.18409506491733893
29585.704024;0.00036787499660204706;0.0015288252573036503;-56.06839341193064;-0.9786592785276395;-0.028986709682801638;-0.18356136277905055
29624.070331;0.00036094438857092514;0.0015250314440503146;-56.09771326843671;-0.9787532337932812;-0.02883398524327785;-0.18276825208582884
29662.486392;0.00035906842314567425;0.0015255320711158847;-56.097401218206855;-0.9786822692320504;-0.02887136334506084;-0.1833877283036051
29700.95227;0.0003557461627650365;0.001505836288880902;-56.20858028768634;-0.9786028063940082;-0.02884333682698086;-0.18409971227901561
29739.46803;0.00034872830265726787;0.001504046991413268;-56.22735872173733;-0.9786175352946312;-0.02873019168865126;-0.18399861075903268
29778.033737;0.0003507263343792142;0.0014927260800216078;-56.28703017910445;-0.9786619838179086;-0.028756757060608134;-0.18359753006920446
29816.649455;0.0003576750811867913;0.001500525690399639;-56.235126826825265;-0.9787096941672456;-0.028883393039480003;-0.18314139735379628
29855.315249;0.0003474929327646001;0.0014884432742905194;-56.314872441642095;-0.9786568496220168;-0.02869104161544901;-0.1836601619653501
29894.031185;0.0003388695758775009;0.0014861626102471;-56.338551001204564;-0.9785986456684892;-0.028628569600671342;-0.18419253746820255
29932.797327;0.0003417905536312154;0.0014721027738702221;-56.413215160665516;-0.9785046253554551;-0.028490568631013687;-0.18506209694297399
29971.61374;0.0003447641109665248;0.001475632858845028;-56.38961042947194;-0.9786396773874207;-0.02849019959985054;-0.18386447413682083
30010.48049;0.0003839783602443405;0.001448600688089146;-56.48612807480508;-0.9786884077332224;-0.028282985063370673;-0.18348564215658889
30049.397641;0.00034605463879810387;0.0014547403842023277;-56.505236561657036;-0.9786127235903035;-0.028098367179128853;-0.18420397076320866
30088.36526;0.00033079679709675623;0.0014307127092757018;-56.66277649808549;-0.9787584676198828;-0.02828075982109546;-0.18286496970417732
30127.383412;0.0003403749497211356;0.001429984189618419;-56.65403540420506;-0.97827102694779;-0.028039095747694403;-0.18724989070458548
30166.452161;0.00033784287451947207;0.0014314948020198203;-56.648802030491446;-0.978446991858085;-0.02831943394257803;-0.18561734006356992
30205.571575;0.00034306020381013973;0.0014501079366693362;-56.53548570916142;-0.9787628465544197;-0.028641821631626343;-0.1827330463706421
30244.741717;0.0003336396149520512;0.0014508509178124997;-56.54374632258061;-0.9784118607955102;-0.027982453150074735;-0.18601495300880833
30283.962656;0.00032259848128362635;0.0014333520244593232;-56.65834304490477;-0.9787729956238174;-0.028094887444870095;-0.18278361521568737
30323.234455;0.000301253998256391;0.0014253721543612112;-56.731646293101846;-0.9782937831102976;-0.02802483697369966;-0.18705163564593966
30362.557181;0.0003180471424867186;0.0014042622450857977;-56.83378399705428;-0.978926403199041;-0.02804825597245749;-0.18143531815787023
30401.930901;0.000313510465158038;0.0013774146094373764;-56.999352494575604;-0.9785787160131847;-0.027996832593322998;-0.18453137827066105
30441.35568;0.0003003292463828455;0.0013830247284731263;-56.983287957072164;-0.9787544799183515;-0.027496064415308455;-0.1830985905434658
30480.831584;0.0003162493629199346;0.001377823801698218;-56.99314951984504;-0.9786850439013125;-0.02795345509224456;-0.18359942761219938
30520.35868;0.0003136756514855506;0.0013819914058885495;-56.97172998954643;-0.9786479768288191;-0.027747255165477082;-0.18398017720802654
30559.937034;0.000298130672035203;0.0013847272684866085;-56.975929777901904;-0.9786293910073839;-0.027956584504032725;-0.18409216907714793
30599.566713;0.0003293740891766528;0.0013755416678221568;-56.98839264346518;-0.9788128869270919;-0.027590238193863866;-0.18255718858915626
30639.247783;0.0002920459731920606;0.0013662816660861322;-57.095165286568424;-0.9785784630949504;-0.02772724949620468;-0.18460169462083403
30678.980311;0.0003186803583292404;0.0013331995260457811;-57.26078270819077;-0.9785746356414166;-0.02764786166074991;-0.18465556130815303
30718.764363;0.0003060353947313134;0.0013511651329863794;-57.16856032593549;-0.9785290684671009;-0.027378297801099676;-0.1851269292176871
30758.600007;0.00032506530770187915;0.0013682590347123787;-57.03817574668858;-0.9785885116342089;-0.027651981249495878;-0.18453146391417946
30798.487309;0.0003116905551359818;0.0013342241884616848;-57.264651198351785;-0.9785391568827909;-0.027665621438564138;-0.18496577556356544
30838.426336;0.00028514948157757437;0.0013480536511768727;-57.215759310757626;-0.9789551928335556;-0.027098857553704735;-0.18141715950750137
30878.417156;0.00030155755758562653;0.0013223223365830834;-57.35306506302174;-0.9786562312651447;-0.027348055675999378;-0.1840066266353964
30918.459835;0.0002815036351625407;0.00134303604685122;-57.25151958766485;-0.9784473002262363;-0.027293785418040572;-0.18587314939815217
30958.554441;0.0003290329845200216;0.0013157912830172552;-57.3528382196768;-0.9786107230984384;-0.026977238220366385;-0.1845015039741997
30998.701041;0.0003164891754945014;0.0013199509790572923;-57.34607592589926;-0.9782183412652518;-0.026913879498728192;-0.18799771827758588
31038.899703;0.00029025536114078606;0.0012959465844695314;-57.53568950729655;-0.9788659181544549;-0.02678461614091177;-0.18228537675485237
31079.150493;0.0002873613631251978;0.001319033030898975;-57.39350409544076;-0.9785458738087195;-0.02678618811890456;-0.18512322199879844
31119.453481;0.0002917221207479227;0.0013069196510826402;-57.463856149072036;-0.978645159511264;-0.02679230820897896;-0.18424114867497993
31159.808732;0.00027582652883525923;0.0012900425925419048;-57.593783342631404;-0.9786192046135432;-0.026952486187785785;-0.1844323305409964
31200.216316;0.00027920214295230303;0.0012701317416800588;-57.71807988895553;-0.9783715173848285;-0.027096412833414296;-0.18659406168377077
31240.6763;0.00029553859016967065;0.001289817190223993;-57.567209369981555;-0.978853731635815;-0.026513064441327148;-0.1824589849106963
31281.188751;0.0002989123536975176;0.0012504995929696911;-57.81701444940049;-0.9786511876818013;-0.02667433062291187;-0.1842162679704129
31321.753739;0.0002915644901902724;0.001262628955900254;-57.748867812821075;-0.978806858121526;-0.026671362332204903;-0.18283648803814276
31362.37133;0.00028526435068562195;0.0012687840818863191;-57.71807907139216;-0.9784413395169672;-0.026521647532402912;-0.18611438264829389
31403.041594;0.000277574659257654;0.0012654224179752072;-57.751196439751304;-0.9787323252926693;-0.026488223922703783;-0.18354152949332628
31443.764599;0.000248645392610082;0.0012669461534423358;-57.78070369615801;-0.978816797467889;-0.026644855197650318;-0.18275475409449743
31484.540412;0.0002824579693418304;0.0012718233139960612;-57.70237027057017;-0.978503376488267;-0.02675232889052346;-0.18550838402498487
31525.369103;0.0002710294118402204;0.0012916037751276776;-57.59027332876511;-0.9787204801482126;-0.026723531247521193;-0.18358984757688152
31566.25074;0.0002941373607446891;0.0012618053392859786;-57.75034799941714;-0.9790337719336767;-0.026343736341813386;-0.18090323248697815
31607.185392;0.00027867149657353324;0.0012436674838812627;-57.89315945392575;-0.9783733462774064;-0.026256697618899906;-0.186780953352925
31648.173127;0.000243212897457318;0.0012333872787462325;-58.0123388779407;-0.9787207076730026;-0.026558000309372845;-0.18362778760286236
31689.214014;0.00026046426758401437;0.0012402436037453025;-57.94242065529923;-0.9788160198202283;-0.025953602025820272;-0.1829263441372706
31730.308123;0.0002656715669973515;0.0012420354982861754;-57.923027518303286;-0.9791629990018531;-0.026403023937836896;-0.17974349256643685
31771.455522;0.00026444750762607514;0.001206150000421689;-58.16806966933064;-0.9787311311032012;-0.025580928995541645;-0.18376615198701127
31812.65628;0.00026083113201287215;0.0011997785902375469;-58.217422340845914;-0.9788320610105288;-0.025668024296034975;-0.18285087407293538
31853.910467;0.00028482072128223156;0.0012140464885115542;-58.08260747807405;-0.9786698512063354;-0.025882026613459466;-0.18423942254348585
31895.218152;0.00027297517378570377;0.001223180532842521;-58.03910610258575;-0.9787145887919998;-0.026483220229134498;-0.18370002147824455
31936.579403;0.00027595367571168756;0.001196820568940627;-58.21446075868856;-0.9785387762377397;-0.025606992736117714;-0.18546618792068376
31977.994292;0.0002607164381753986;0.0011867659188240563;-58.30799961917013;-0.9784142684376389;-0.02621246955181251;-0.18642844034004982
32019.462887;0.0002683457143001052;0.001216383158127915;-58.09220954083371;-0.978480629075864;-0.02620514941614339;-0.18584150435202745
32060.985257;0.00023537533349004186;0.0011839464505334159;-58.365014781305874;-0.9785783002014782;-0.025711318195413932;-0.18509134132857175
32102.561473;0.0002520481422359434;0.0011732511585338386;-58.41623469862416;-0.9787850466645466;-0.025571977369402567;-0.18329008477550957
32144.191605;0.000250843190536158;0.0011584008002058662;-58.52380950719714;-0.978694982602528;-0.025532585978718374;-0.184097939948013
32185.875722;0.00025142898161126785;0.0011484412969453635;-58.59449866588398;-0.9783503017055232;-0.02569927963547185;-0.18711670810873685
32227.613894;0.0002789103831733963;0.0011621764842102127;-58.451364213536216;-0.9786317258354199;-0.025778270953820268;-0.18460185201396329
32269.406192;0.00024769660731545465;0.0011619690870685751;-58.503111890372004;-0.9786248830679275;-0.02556594694258606;-0.184711945307941
32311.252686;0.00024734342030129666;0.0011433976166013886;-58.637434953998806;-0.9788186307604131;-0.02584452181232511;-0.18292878516041922
32353.153445;0.00027141613040526153;0.0011438073837088257;-58.59503883923348;-0.9787628977062796;-0.02534585933689421;-0.18353866657444404
32395.10854;0.00025247377376719763;0.0011590716544092312;-58.5164722692584;-0.9786161045924091;-0.025253429207174074;-0.18486178002724607
32437.118043;0.00024263782489091385;0.0011366334375352348;-58.6940615561344;-0.9785931926971282;-0.025110335748886208;-0.18509766694183863
32479.182022;0.00021121487396573286;0.0011450072567595305;-58.67851351273653;-0.9786104811202423;-0.025059779787253267;-0.18495581372552722
32521.30055;0.00023605464715978735;0.0011260124361056945;-58.78234775309763;-0.9785173208270048;-0.02536206613414236;-0.18571309044608633
32563.473696;0.00021405243009304853;0.001111392178008442;-58.924471354855974;-0.9787029485880748;-0.025399514793340877;-0.18405799932371675
32605.701532;0.00022721719236512677;0.0011172505534823042;-58.86097923745082;-0.9787306292646542;-0.02530063213720253;-0.18383521906054592
32647.984129;0.00024568911420364556;0.0011198109547750918;-58.81292368870717;-0.9787270915488184;-0.025093933834515383;-0.18391378891131463
32690.321556;0.00022931530562109715;0.0011358965339626458;-58.71973646146476;-0.9787876695816152;-0.025148471032665518;-0.1833641348226758
32732.713887;0.00022570748021455035;0.0010983065612082397;-59.00588314967337;-0.9786368290931681;-0.02491627784013648;-0.1847546120234021
32775.161191;0.0002540296644997932;0.0011005941226996465;-58.94204298874199;-0.9786545677045257;-0.024850059766403775;-0.18461220976140486
32817.66354;0.00021057323484985715;0.0011088937350646792;-58.948352071471774;-0.9786941593357255;-0.025221127168403308;-0.18417686681729203
32860.221005;0.00022828385783793068;0.0011089764826435191;-58.92131501974282;-0.9784049692458979;-0.02481627074082681;-0.18683394354572408
32902.833659;0.00021145983116748054;0.0010759373119660662;-59.19966795213713;-0.9783855111490076;-0.025330613783719067;-0.18688963197343253
32945.501571;0.0002282862408250992;0.0010829986699319705;-59.11863653621274;-0.9789651891046313;-0.024783219819068336;-0.18187257672524662
32988.224815;0.00022538333835598126;0.001089971329990332;-59.069864809242475;-0.9786718184882776;-0.024746936488268312;-0.1844823794986693
33031.003462;0.00022659673769828524;0.0010764760670181489;-59.171619416895055;-0.9782976476492792;-0.02431010135478494;-0.1878989077953605
33073.837584;0.00021339715466759746;0.0010812422173953622;-59.15558471375509;-0.9787680006766858;-0.024788901546287847;-0.1836199145797883
33116.727252;0.00021920043739361407;0.0010432651601257202;-59.44449274905148;-0.9786832180477352;-0.024926970690472894;-0.1843407483783871
33159.672539;0.00022617037419649162;0.0010656885720958253;-59.25605932963688;-0.978478035690639;-0.024632744725546035;-0.1862268695707056
33202.673517;0.00023092263104868593;0.0010499194978539697;-59.37171341333729;-0.9786712463458854;-0.024765997500255484;-0.18448317753436005
33245.730258;0.00020773456210315642;0.0010413048060228822;-59.47895256512251;-0.9787629931554189;-0.024192533106785218;-0.18379666827168556
33288.842834;0.00021355971836898042;0.00104621365589;-59.430300980962755;-0.9784297191822631;-0.02429034064413598;-0.18673145744665995
33332.011318;0.0002082327622029422;0.0010297329658879146;-59.57144682484633;-0.9789106668347437;-0.024354307333522677;-0.18245148710596276
33375.235782;0.00021821606438534978;0.0010267446669988982;-59.57888220596849;-0.9786750159536418;-0.024146562154310002;-0.18458703734375453
33418.516299;0.00021937514193531092;0.001026374001871596;-59.579882767642864;-0.9786472635151546;-0.02420170632807575;-0.18482111585293542
33461.852941;0.00021712187387503678;0.0010228984648723584;-59.61195837276275;-0.978628734971687;-0.024042533153945424;-0.18502026686156947
33505.245782;0.00021307148807412778;0.0010363921430771507;-59.50972746910274;-0.9788521264415836;-0.024161906282309558;-0.1830128952941678
33548.694894;0.00017817969336352967;0.0010153118578765691;-59.73627665932284;-0.9789559290028282;-0.02433884559556262;-0.18205354257463685
33592.200351;0.00023331547862315573;0.0009970947350257317;-59.793760556055716;-0.9785446085423305;-0.024138342353384006;-0.18574559481251518
33635.762224;0.00018241462686894612;0.0010392768536516992;-59.5335990981968;-0.9785589496104026;-0.024032138432415126;-0.18564156532849044
33679.380588;0.00023931353193683047;0.0010088318838347746;-59.68586390334715;-0.9785246107059172;-0.024103125773961384;-0.18593069712669252
33723.055516;0.0002151968092077432;0.000998464047581236;-59.81615719161773;-0.978953944114702;-0.023862221122138552;-0.1821751898551891
33766.78708;0.00023623881980740018;0.001006929155141031;-59.70731872288059;-0.9784263254033772;-0.024059046172955623;-0.1868122681121451
33810.575355;0.00020233860700394072;0.001001815509118742;-59.81060278378721;-0.9787329962531639;-0.0234267823541192;-0.18422793553506453
33854.420414;0.00020747648720038827;0.0010032254462672106;-59.790143340122974;-0.9786893666031354;-0.023583026568048764;-0.1845816352043444
33898.322331;0.00019604078158826462;0.0010048428906978073;-59.795801980285106;-0.9787477285674334;-0.024035893968463336;-0.1839662780636285
33942.281179;0.00022139913591196408;0.0010135845597792554;-59.68037915971314;-0.9787455261009231;-0.023462631107218506;-0.18410918589244607
33986.297032;0.00021168217521609208;0.0009739475139067626;-60.0288323136656;-0.9787229380938194;-0.02387149464718247;-0.1842218378919909
34030.369964;0.00019631492628448833;0.0009758112103706685;-60.04037203986953;-0.9788344735039609;-0.023136660395125422;-0.18338912433312762
34074.50005;0.00019010422610763942;0.0009542663387176393;-60.23758327460649;-0.9787922645201147;-0.02356018214275153;-0.18367387102296734
34118.687362;0.0002098486094321416;0.0010089446714978704;-59.738731158962025;-0.9788297070458011;-0.02373712637726634;-0.18330388835410358
34162.931977;0.00021349197780462344;0.00099245336539606;-59.86934090050251;-0.978618703669543;-0.023492906604630475;-0.18522765660779636
34207.233967;0.0002507067972809817;0.0009639905053753326;-60.0343072081517;-0.979131930444855;-0.023443265438212048;-0.18068679322499187
34251.593407;0.00020604971817282474;0.0009668240660774262;-60.10014203525274;-0.9786546043805626;-0.023230626235533684;-0.18496473998644686
34296.010371;0.00018257850894223257;0.0009649655403935639;-60.15700737139017;-0.9787265412492239;-0.023325554801666103;-0.18430663317211582
34340.484935;0.00019500261151386705;0.0009451984879303566;-60.30851549964096;-0.9787510472295998;-0.023256339521976293;-0.18410388524598037
34385.017173;0.00019569521101026359;0.0009394061873882238;-60.35843839223796;-0.9788583701891066;-0.022805368503735417;-0.18324614191931515
34429.60716;0.00016945855097127497;0.0009454597588610336;-60.3498167482881;-0.978806147161729;-0.02277662855522486;-0.1837152385542842
34474.254971;0.0001843057690472329;0.0009425381222217985;-60.351057883821575;-0.9786456614396448;-0.02303539559693747;-0.18508500284264304
34518.96068;0.00015859251131971724;0.000931737838795721;-60.49008993595939;-0.978695134655181;-0.023282839586444663;-0.18459422477348153
34563.724362;0.00020755046908558077;0.000942283115607548;-60.310621364784325;-0.9788197196711275;-0.023137988078585584;-0.18351969505312646
34608.546094;0.0001774070466352342;0.0009419848726044716;-60.3677487266265;-0.9786294270291893;-0.02308161747121934;-0.185219350581599
34653.42595;0.00018740334138260333;0.0009217205024854567;-60.53209521314896;-0.9782033269141528;-0.022928481216864787;-0.1890319104106461
34698.364005;0.0002065276938740473;0.0009090000894558088;-60.610127838803585;-0.9793182623905078;-0.022671372969307806;-0.17919604309341836
34743.360335;0.0001721169877634229;0.0009121969632994637;-60.64630018456562;-0.9787078846550241;-0.022897462488671003;-0.18456177896386847
34788.415016;0.00017052197020472543;0.0009142731002372975;-60.629974265972166;-0.9786171693046753;-0.022892876969155346;-0.18536741294858175
34833.528123;0.00017150896992084488;0.0009040624995883352;-60.72247702850365;-0.9785494026438373;-0.022599247237927427;-0.1860291306237417
34878.699732;0.00018926082067320072;0.0009014784389759746;-60.71356837183046;-0.978454192631256;-0.022731182757397567;-0.18684671721053783
34923.92992;0.0001739316209219589;0.0009060220511485985;-60.700050373742826;-0.9787565849547194;-0.022574692934949393;-0.18419632070315006
34969.21876;0.0001721120787189698;0.0009079086163906727;-60.68582497507773;-0.9784749326963406;-0.022473611909985165;-0.1867154936036676
35014.566331;0.00016182441458238356;0.0008768231937255096;-60.996295640479886;-0.9788615335730361;-0.022648222375275338;-0.18325044478544683
35059.972708;0.00018285543263638925;0.0009082686907208647;-60.6631629967308;-0.9785809039765752;-0.022394896424265502;-0.18579134590358615
35105.437967;0.00018204057244589964;0.0008796434011577236;-60.93174211656375;-0.9786962848802558;-0.02225465852133283;-0.18479619630476424
35150.962185;0.00018637094156110395;0.000893295897982231;-60.795053388797356;-0.9787957310895661;-0.0221713562784537;-0.18393088372336788
35196.545438;0.00017656994194971745;0.0008818699746347607;-60.92120414519155;-0.9786526581518522;-0.022193827704725607;-0.1851954444297332
35242.187803;0.0001667577809071744;0.0008829546901705205;-60.92902034260436;-0.9789111718306934;-0.02197577231908967;-0.1829461538580775
35287.889356;0.00017452983603098683;0.0008486956704146916;-61.2450754885532;-0.9790072016571786;-0.022492179471299455;-0.18199055236797823
35333.650174;0.0001636174043801341;0.0008747626741267478;-61.012855711368;-0.9783408354092424;-0.022245827961608344;-0.18795151978513142
35379.470334;0.00015241960229097425;0.000864687241132205;-61.12993075782272;-0.9787135794254185;-0.021779262070054952;-0.18473765154748517
35425.349913;0.000164897038174308;0.000849532811433581;-61.25577891226704;-0.9789035301404845;-0.021880354888689606;-0.1830328806801611
35471.288988;0.00018322380430496238;0.0008406705677504048;-61.30593443890446;-0.9784811711674226;-0.021849298715917027;-0.18678559910611192
35517.287636;0.00017494934736603576;0.0008261997066043874;-61.46780609727246;-0.9786240766614415;-0.02203141084903472;-0.1854815446864362
35563.345935;0.0001683782462225207;0.000856055516826774;-61.185113294937814;-0.9785258679466164;-0.02202089324232719;-0.18635490987711312
35609.463961;0.00015486423336868757;0.0008471382572082962;-61.29814960764576;-0.9785744605182267;-0.022155271553001142;-0.18589689801473183
35655.641793;0.0001831299932734348;0.000823102731172677;-61.481092039565404;-0.9789721647367459;-0.0216642184643703;-0.18246683341975528
35701.879507;0.00015696544067132673;0.0008417063869737074;-61.34832164806667;-0.9788122261083192;-0.02184079485315467;-0.18385049827515765
35748.177181;0.00016288598063832926;0.0008372426328837121;-61.38162782389304;-0.9786119803040865;-0.02188035163546314;-0.18561891936449398
35794.534894;0.00016086342825437063;0.0008131552295741244;-61.629810185674884;-0.9788048819620737;-0.021747710897190575;-0.18393402067066322
35840.952723;0.0001703721535367058;0.0008314729421155001;-61.424420159991314;-0.9789008644501128;-0.021688214271387257;-0.18309444318373172
35887.430745;0.00015329212702962843;0.0008459192769307819;-61.31309784271157;-0.9791213561091616;-0.0218987120910111;-0.18109763433188714
35933.96904;0.00015750557604581806;0.000823874639002236;-61.52688102367609;-0.9787432204155331;-0.021668289267111413;-0.18449657594787194
35980.567685;0.00018133589470359664;0.0008164982973731027;-61.551798879723194;-0.9784490626154794;-0.02142647386099438;-0.18715345259720834
36027.226758;0.00016533436580300648;0.0008059448316782823;-61.694866983874164;-0.9787861710860172;-0.021432574910716398;-0.18416163695481025
36073.946338;0.00016007852834181322;0.0007957043731202249;-61.81265801145105;-0.9785590628730856;-0.021859119823978906;-0.18609258759480565
36120.726503;0.0001536128180797213;0.0008437457598101268;-61.33415076139417;-0.9789254963207147;-0.021473958071698596;-0.18291788203410683
36167.567333;0.00017082959020268393;0.0008004505983439196;-61.739874878412465;-0.9787437911959388;-0.021285368335237646;-0.18456604565110502
36214.468904;0.00013507602093850262;0.0008367848779343108;-61.43600752836541;-0.9789839697904457;-0.021429463669124547;-0.1824079650300334
36261.431297;0.00016896255373040703;0.0007947754891419515;-61.8031367691424;-0.9791558128092669;-0.021342964055313416;-0.18090092862092566
36308.45459;0.00013818458444328195;0.0007857404594815661;-61.962131580820525;-0.9787775237963887;-0.020942827365983952;-0.18433237485152043
36355.538863;0.00017582764532487734;0.0007783936135611751;-61.95988776073432;-0.9787706188043919;-0.02107336115172667;-0.18436877142376687
36402.684193;0.00015409452363510394;0.000772688589935868;-62.07053343228914;-0.9785054188077035;-0.020903169376848076;-0.18675384924400587
36449.890661;0.00014443916563353085;0.0007802110481906762;-62.0094083195042;-0.9786600422330729;-0.021511595733080847;-0.1852650781479827
36497.158345;0.00014542460420564573;0.0007509906777522478;-62.32743690934293;-0.9788616887608398;-0.020795045539927292;-0.18361379453667737
36544.487326;0.00016911469497846564;0.0007883493572545388;-61.8702351546439;-0.9791451498900868;-0.020763235662761725;-0.18110599764344013
36591.877682;0.00013583558011387656;0.0007745936464849471;-62.08697778284424;-0.9789362178544284;-0.021090690782017085;-0.18289669344241194
36639.329493;0.00014164447951254958;0.0007853757027937285;-61.95943648498983;-0.9786434807612129;-0.020929855028408557;-0.18552390156992685
36686.842839;0.0001627427486115141;0.0007689696783839344;-62.09152399366297;-0.9787582553730694;-0.02084282246945241;-0.18452222637650897
36734.417799;0.00014372245453389164;0.0007665452477843473;-62.15919481176404;-0.9786667720937834;-0.02073078005337447;-0.18535486672822954
36782.054454;0.00017930552239895812;0.0007869669041577727;-61.861073261488706;-0.9787256584292973;-0.020856247065996415;-0.18480884145483606
36829.752884;0.0001361122557020149;0.0007452817441480722;-62.411097288080214;-0.97837741880978;-0.020542962879288813;-0.18795732520852063
36877.513168;0.00013399943000907177;0.0007603525238376644;-62.24686846756036;-0.9789997179544057;-0.021079833079768344;-0.18233562420657867
36925.335387;0.0001550409171577689;0.0007509969475932693;-62.3059748757767;-0.9788245546118068;-0.020569935521900683;-0.18398535039488373
36973.219622;0.00014345830707721883;0.0007532313852575236;-62.3066861288735;-0.9788458219424986;-0.020748046506042207;-0.18376337175516544
37021.165951;0.00011622438966333547;0.0007632877774523812;-62.246689736955084;-0.9785080504116772;-0.020650708590602758;-0.18677806255800264
37069.174457;0.00014266299246726874;0.0007317046350618577;-62.55124902939478;-0.9788476833553167;-0.020554273453390313;-0.1837831218194757
37117.24522;0.00013544835572293254;0.0007394746983339996;-62.47821601088226;-0.9790547974909289;-0.02050683340493595;-0.18195510253195007
37165.37832;0.00013175003744486102;0.0007650102718984701;-62.19971745809573;-0.9788339094731442;-0.02036646513383054;-0.18394011303448463
37213.573838;0.00013683880356816393;0.0007499183308347805;-62.35747359970511;-0.9788540210442976;-0.020557803522562722;-0.18372625123498615
37261.831856;0.00012932361130934628;0.0007295330365467577;-62.60472710714253;-0.9788611194992782;-0.02021084174211235;-0.18372737667990688
37310.152454;0.00014944603862277283;0.000746532093810062;-62.36838441291614;-0.9788430805363298;-0.020358238788351607;-0.18386028513594974
37358.535713;0.00014237585347478076;0.0007287005899217793;-62.58631360639469;-0.9786156795038446;-0.020235772059660723;-0.18590005378041208
37406.981715;0.0001278717877739193;0.0007452571585564923;-62.42786666532217;-0.9786532168437112;-0.01995787993318477;-0.18561765918025883
37455.490541;0.0001465975532109957;0.0007206848629985356;-62.66901072895518;-0.9786234662124411;-0.020311430741414997;-0.1858170656870806
37504.062273;0.000150772322220344;0.0007498818197021633;-62.32803277513146;-0.9788455871126254;-0.019897019870296954;-0.18392217289623466
37552.696992;0.0001419349231120262;0.0007393334880641112;-62.46601169313297;-0.97920525592172;-0.020031522888147215;-0.1807082025466679
37601.394779;0.00014484986698419086;0.0007399122975201049;-62.45306436508323;-0.9788093102287894;-0.020291569457539755;-0.18417210552139265
37650.155717;0.00012365074205669604;0.0007392980762691891;-62.503787246565274;-0.9789362395676688;-0.019697012340913443;-0.18315400172547003
37698.979888;0.00014447124482579475;0.0007200905378760468;-62.680871872807195;-0.9788329726090693;-0.019735790240227764;-0.18406301620179646
37747.867373;0.00014166406020096537;0.0006949231532714436;-62.984433301417575;-0.9788087559386692;-0.019905967157489057;-0.1842472556874401
37796.818255;0.00013699427481426462;0.0006992805073742669;-62.94340950763818;-0.9788940278492967;-0.0196611743938606;-0.1835347838926246
37845.832615;0.00013209289787354499;0.0007134475920752965;-62.78637920057844;-0.978842623285375;-0.019513301112970775;-0.1840169800507763
37894.910537;0.0001052011211845689;0.0007011270117226429;-62.98737455985459;-0.9787342677372564;-0.019399513224860315;-0.1849982250646372
37944.052102;0.00014798839529840492;0.0007067794720303319;-62.82797499847196;-0.9787567192152781;-0.01963967540913181;-0.18475656925752978
37993.257393;0.00013362904969624242;0.0006862034119466131;-63.10929361667681;-0.9786098949643827;-0.019652927343440235;-0.186056760870139
38042.526493;0.0001116106678105566;0.0007142644169127518;-62.8180516723928;-0.9785569455570822;-0.019547365419686567;-0.1865453094938041
38091.859484;0.00012734057088062262;0.0006855374046418594;-63.132054528505634;-0.9788063474282583;-0.019335883482304216;-0.1843699886582971
38141.256449;0.0001156736692902203;0.000712751086249464;-62.828335470965875;-0.9783755779100733;-0.019368191654940168;-0.18818629877732904
38190.717472;0.00013128915185401497;0.0006830398249745892;-63.15351870869132;-0.9786586568662979;-0.019192726673663046;-0.18570517702080408
38240.242635;0.00012102592569579686;0.0006530029324490235;-63.55502223991823;-0.9782635304592499;-0.019526656599514518;-0.1891527492221875
38289.832022;0.00010779962594070018;0.0006913133850678821;-63.10216291527216;-0.9788049605960983;-0.01933625616201867;-0.18438222525467726
38339.485715;0.0001358457740860791;0.0006675557171272649;-63.33402740040618;-0.9787557975967877;-0.019162355477226656;-0.18484867706886265
38389.203799;0.00011831759113396792;0.000663862054070039;-63.42263699838979;-0.9789441570924199;-0.01931475191035109;-0.18315133394248362
38438.986356;0.0001302481624032029;0.000673073360144517;-63.27909227640583;-0.9783169766408071;-0.01915837041468786;-0.18874303114308338
38488.833471;0.00012314084775931082;0.0006654486665056167;-63.391481805438524;-0.9787384513936769;-0.018770625015463532;-0.1850698999002779
38538.745227;9.102922045515905E-05;0.0006679323613495157;-63.42542602482874;-0.9783948580985846;-0.018899745645566703;-0.1880964994051576
38588.721707;0.00013441033925202497;0.0006631430566242395;-63.393006355119496;-0.9782458093923773;-0.018908377807879323;-0.18941783466857254
38638.762996;0.0001326944293795368;0.0006379053840349256;-63.7209049866346;-0.9785118960368423;-0.01892787337561503;-0.18705309781326532
38688.869178;0.00011452458000891174;0.0006659822853247369;-63.40418170208811;-0.9787307982527984;-0.019022288687697713;-0.1850946886610272
38739.040337;0.00011115298996440179;0.0006636797993176348;-63.440687763330075;-0.9783873390670805;-0.018793458556088643;-0.18818139600856743
38789.276558;0.00011305648301603836;0.0006534413857307175;-63.56776955297428;-0.9782513888561518;-0.018790544819114074;-0.18938846498724485
38839.577923;0.00012327009730527612;0.0006558695663431766;-63.51288396817813;-0.9783903652740308;-0.018971731562861055;-0.1881240065913856
38889.944519;0.00013049911035420357;0.0006581656675503525;-63.46582871957014;-0.9785846567049844;-0.018680574904931246;-0.18644965697017638
38940.37643;0.00010787227087925556;0.0006175673474164105;-64.05578878386156;-0.9786245413346767;-0.01900554162753167;-0.18604026315919348
38990.87374;0.00010748739476664122;0.0006448379428481354;-63.691964625059036;-0.9785634280635598;-0.018216381245425895;-0.18671566524262914
39041.436534;0.00010896862202146911;0.0006379701950364172;-63.779102399928775;-0.9787640533017288;-0.018606971535931563;-0.18487050115829523
39092.064897;0.00012716063398436625;0.0006453721605056769;-63.63838145062992;-0.9785071781764467;-0.018438379662387816;-0.18717789343320096
39142.758914;0.00010687725581134686;0.0006343042100338784;-63.83246690914835;-0.9786708306891516;-0.018757690330345696;-0.18567200532758082
39193.518671;0.00010702997777760711;0.0006559832474084482;-63.548043332611705;-0.9788793831265745;-0.018581646835050383;-0.1838517215285221
39244.344252;0.00011219729641991221;0.000640142185969688;-63.743066776635274;-0.9786976637226137;-0.018273468634882058;-0.18551522021294595
39295.235743;0.00011120651505935037;0.0006091271257857846;-64.16344782809007;-0.9783929193115145;-0.018313438145636855;-0.18821265657882805
39346.193229;0.00010428582121772565;0.0006087062435784006;-64.18620650979668;-0.9786053152826921;-0.018259409825702257;-0.18633688906895257
39397.216796;0.00010845906516518385;0.0005998954463569304;-64.29879984671132;-0.978916193812359;-0.018369095882150497;-0.1835607946385909
39448.30653;0.00011770894303361316;0.0005957305871332415;-64.33267585046927;-0.9786317479193152;-0.018545972216460108;-0.18605455307084084
39499.462516;9.917214916406839E-05;0.000640762993818603;-63.763245559184455;-0.9788212496871882;-0.018424538971263112;-0.1843937312046526
39550.684841;0.00011733087806776332;0.0006410188150567273;-63.71946724091952;-0.9784754395049275;-0.018462078436297144;-0.18745556644423417
39601.97359;0.00011485963867596783;0.0006108354689334018;-64.13061006686625;-0.9783160226432813;-0.018192855379130398;-0.1889150783755222
39653.328849;0.00011377242647644259;0.000629338911058278;-63.88264342916127;-0.9787556486453568;-0.01811307260365603;-0.18502725133976972
39704.750706;0.00012100454564411986;0.0006175836977652953;-64.02248092106744;-0.9784515769022768;-0.018219610217008773;-0.18770765375552625
39756.239245;0.0001298989602377002;0.000597648359244722;-64.27061863896985;-0.9782077397748893;-0.01803609317772504;-0.18990194614405026
39807.794554;8.417699948182688E-05;0.0006002233633574751;-64.34915400495841;-0.9785818702429717;-0.01803242454909926;-0.18658225852604632
39859.416719;0.00012161195844430008;0.0006085525785389729;-64.1439748883742;-0.9782630015370938;-0.01819650685522241;-0.1893850686544986
39911.105827;9.094948628507479E-05;0.0006276356105525996;-63.95559803208003;-0.9785517272405169;-0.018048373442356894;-0.18684711201044854
39962.861964;0.00011015052066210526;0.000596151103992221;-64.34708060944607;-0.9786607653229573;-0.018496825836147354;-0.18580535609839108
40014.685218;0.00011122272352607331;0.0005793894523235211;-64.58342600447311;-0.978624843141136;-0.017983708957358787;-0.18620892276663456
40066.575676;0.00010209853123682457;0.0005946529911540575;-64.38855320340579;-0.9787078725977824;-0.017932514416265578;-0.18548059979562034
40118.533425;0.00011085247848188552;0.0006137530231184824;-64.1007156086099;-0.978783213604163;-0.01769516426951562;-0.18485053113502925
40170.558552;0.00011121518127971429;0.0005849696623503699;-64.50312316134807;-0.9784552944270875;-0.018190688248325138;-0.18767943946217805
40222.651144;0.00011742163681065147;0.0005746889783081125;-64.63371794910961;-0.9786338670706126;-0.01800987243701375;-0.18612458840521165
40274.811289;0.00011498189458877792;0.0005690653651623197;-64.72297646410892;-0.9786668595556929;-0.018004994537387773;-0.18583266314901337
40327.039074;7.93309720304875E-05;0.000600830139568388;-64.34990588666773;-0.9788548586873748;-0.01755135006381575;-0.1842379394849662
40379.334588;0.00013832977091878264;0.0005864130007291449;-64.40075030959844;-0.9785896422442245;-0.017864353128318987;-0.18654064978423104
40431.697918;0.00011275517273627529;0.0005622928293351605;-64.82953352200146;-0.9790907394538874;-0.017748848989478223;-0.182114196361001
40484.129151;0.00010156445012672239;0.0005724501524536608;-64.71064650420718;-0.9786287655593728;-0.01784903024772796;-0.18619599744363563
40536.628377;0.00010983133419663602;0.0005590121505162511;-64.88708342013501;-0.9787648096774582;-0.01777282118393772;-0.18500131639596004
40589.195683;8.555862258992068E-05;0.0005610452189392593;-64.92020040863042;-0.9786947664849394;-0.017958410473911272;-0.18559266366263302
40641.831158;9.466882696031622E-05;0.0005920261466385932;-64.44352879287288;-0.9789788818255697;-0.01736226302746807;-0.18316774670363853
40694.534889;0.00011030348267708767;0.0005583218418246009;-64.89602276318544;-0.9789352501819782;-0.017206355991785136;-0.1835791676789269
40747.306966;9.310409701590849E-05;0.0005547209635283825;-64.99785871519427;-0.9788691069973755;-0.017243393125601286;-0.18416009972813496
40800.147477;0.00011439135035425995;0.0005451887692807357;-65.08195586288818;-0.9786962861217245;-0.017761923187843528;-0.1856109936827126
40853.056511;9.397124725712333E-05;0.0005614940426212159;-64.89312721055325;-0.9787394896351544;-0.017238559793552766;-0.185310720090229
40906.034156;9.333001349176569E-05;0.0005772448575686958;-64.66072806241093;-0.9788001090709032;-0.0171748296540656;-0.18478287110897296
40959.080503;0.00011132219864626017;0.0005785545444982313;-64.5952287407835;-0.9791771778164262;-0.0172779605990742;-0.18142234058022055
41012.195638;9.190064522808323E-05;0.000541673396266146;-65.20200479572117;-0.979099228496009;-0.017183039698525197;-0.182128424610911
41065.379653;0.0001069868780947196;0.0005508849698993471;-65.01799147484056;-0.9789278372727676;-0.016899333189883833;-0.18369236125378527
41118.632636;0.00010051286637929138;0.0005472350004830792;-65.092425608909;-0.978529276955594;-0.01706526727767122;-0.18720284248242652
41171.954677;9.233639394021177E-05;0.0005672595093431426;-64.81079118729748;-0.9787320604231279;-0.01714814063154538;-0.1853907229702655
41225.345865;8.667602124406636E-05;0.0005439118044840069;-65.18052015399866;-0.9785906041662399;-0.017067103843424955;-0.1866583714536095
41278.806289;0.00010188314451309204;0.0005345255597287269;-65.28564893995865;-0.9791048478470403;-0.016764025263186003;-0.18214300998934824
41332.336041;7.296446908754034E-05;0.0005378727357053043;-65.30721717095979;-0.9784200092625506;-0.016775045404354035;-0.18821705537299183
41385.935209;8.550330904393275E-05;0.0005314789663493598;-65.3793053153735;-0.9787195934945935;-0.016648227853603956;-0.18557790689954573
41439.603884;6.742480792460193E-05;0.0005264806397709634;-65.50170035929753;-0.9790325467465169;-0.016888842816004654;-0.18276522071188114
41493.342155;8.69889735503544E-05;0.0005372965903789653;-65.28334739892549;-0.9787752292725896;-0.016905094486196454;-0.1850452500833808
41547.150114;8.316113622172807E-05;0.0005329574148176292;-65.36167636506651;-0.9787296943352471;-0.01693841060480756;-0.18544411664000368
41601.02785;7.271102274738143E-05;0.0005101089246275876;-65.75938733334941;-0.9783577412665339;-0.016999092265978705;-0.1887353696764737
41654.975453;8.56286896234658E-05;0.0005375578614652254;-65.28267283071135;-0.9787259605364396;-0.016579213601996337;-0.1855318112965012
41708.993016;7.757559508665315E-05;0.0005448284192021813;-65.1876384758588;-0.9789768177749542;-0.01697317689736086;-0.18324657339935438
41763.080627;9.499826286591117E-05;0.0005434775540110234;-65.16566021550305;-0.978636471056629;-0.016605553989848882;-0.18632184857660786
41817.238378;8.703033452945553E-05;0.0005339638722573456;-65.33589598818818;-0.9786229486594814;-0.01645294050175776;-0.18646470499684792
41871.466361;8.459574001490099E-05;0.0005345274584859675;-65.33316151613712;-0.9789148931527986;-0.016739645983849406;-0.18383151683937368
41925.764665;8.837694724746114E-05;0.0005127934468931697;-65.6740329808795;-0.9787987161630373;-0.016601196664210435;-0.18488303131452247
41980.133383;8.968832066804833E-05;0.000503059716474039;-65.83171383719473;-0.9786876475360072;-0.016056152842007575;-0.1859491141445201
42034.572605;7.165939472260634E-05;0.0004911475085212536;-66.08428140496984;-0.9783775364304708;-0.016633090655570924;-0.18861551416282873
42089.082423;7.711194450471919E-05;0.0005042713561495509;-65.84632871027233;-0.978938736774473;-0.016515242711613518;-0.1836538263744531
42143.662929;9.18828816600883E-05;0.000481669618265646;-66.18978677241873;-0.9789303812127427;-0.016550531315557376;-0.1837226559783368
42198.314214;0.00010043933050293019;0.0005134632147562647;-65.62673585355468;-0.9786904542896657;-0.015896009219628214;-0.18594740548701238
42253.03637;9.159311465141278E-05;0.0004974720724230541;-65.91984430361128;-0.9784738281934695;-0.01628005706986637;-0.18781363176686772
42307.829489;7.344059363443694E-05;0.0005261539530783535;-65.49394511228843;-0.9784622526807232;-0.016288042509323152;-0.18791518007996505
42362.693662;7.704330376656691E-05;0.0005166469465062259;-65.6406054223038;-0.9789552683774709;-0.016202097021735678;-0.1835536037474528
42417.628983;7.033276159234365E-05;0.00048337124508789016;-66.22339648335118;-0.9785616804409656;-0.01610508835236253;-0.18705971204054023
42472.635543;0.00010388111250778722;0.0005047443549447201;-65.75840366516064;-0.9785276818709046;-0.015783707774958987;-0.18740788382933865
42527.713435;8.962466378155825E-05;0.0004835987200365355;-66.16363588763296;-0.9787334103846594;-0.016121381690232073;-0.1855335726289045
42582.862751;9.381149752109291E-05;0.0004767716709764595;-66.26882265056142;-0.9786469418266772;-0.016148636842492528;-0.186296787029676
42638.083584;5.4494051617052867E-05;0.000488391126232452;-66.17090968501857;-0.9792194469601392;-0.01596870137720462;-0.1812446063220038
42693.376026;8.237531678954282E-05;0.00050688804349636;-65.78854987309643;-0.9788184017717593;-0.01581296525695764;-0.18482417686260766
42748.740171;8.5943176583318E-05;0.0004882857323758419;-66.09401891289843;-0.9785276710446213;-0.015879643573842948;-0.18739420584287528
42804.176111;8.325168207138955E-05;0.0004647693122816318;-66.51809361280783;-0.9787770417612979;-0.016062085471041706;-0.18515512314699528
42859.68394;7.726818485013538E-05;0.00047266199330592507;-66.39444958433626;-0.9786692830606648;-0.015563626553012187;-0.18618265439636644
42915.263751;5.4978120311885096E-05;0.00045727471042784294;-66.7341274200661;-0.9790410816830161;-0.015794450756668642;-0.18285153919425964
42970.915636;8.084418755130877E-05;0.00045731538847505304;-66.66203924207481;-0.9787069903213282;-0.0158343308126835;-0.18580955895229276
43026.63969;7.868138064089761E-05;0.000478625093723807;-66.28428389664941;-0.9786659411585931;-0.015768358324120005;-0.18618322815996122
43082.436007;9.997885034261106E-05;0.0004701679704699742;-66.36287089444207;-0.9789606603841202;-0.015517687011498384;-0.18360412852186891
43138.304679;8.318664743088009E-05;0.0004511438329182479;-66.76849467928517;-0.9788642382445325;-0.01566252664594086;-0.18443900293609786
43194.245801;9.089538407278829E-05;0.00048649871665640287;-66.10935016703645;-0.9788855852188787;-0.015926464173277928;-0.18421185400010695
43250.259466;8.384301563695651E-05;0.0004666693181177246;-66.48184560334131;-0.9785894905767634;-0.015552755326229588;-0.18689221247598475
43306.345769;9.496482348851759E-05;0.00045999507360802423;-66.56367353386574;-0.9787435533028039;-0.015356949148941429;-0.18555264783496456
43362.504804;0.00010439164502853166;0.00044964004705548647;-66.71469974304028;-0.9786483057885184;-0.015231967496943801;-0.18641508933743195
43418.736665;7.41584907617605E-05;0.00047875491255850843;-66.29476274200947;-0.978709036410506;-0.015215660007058708;-0.1858784790456725
43475.041447;0.00010283792941880492;0.00046013554743494576;-66.53059830590556;-0.9790505186083329;-0.015545573773120417;-0.1828031688173469
43531.419244;7.304274453566658E-05;0.0004835296730937145;-66.21354699284436;-0.9787326598095062;-0.015452785149743747;-0.18563591585643746
43587.870151;6.386031995562284E-05;0.0004462455603387836;-66.92047998521515;-0.9789839506388253;-0.015737271232998007;-0.18336644708250668
43644.394263;0.00011194126996394912;0.00044811419268388236;-66.70933454807775;-0.9787689643818082;-0.015060016474605356;-0.1853681296931054
43700.991675;8.518018915266741E-05;0.0004527927840626895;-66.7309712018987;-0.9787541435028521;-0.015192303447613565;-0.18548148566228345
43757.662481;8.216378848830458E-05;0.00047065648683720614;-66.41554173416021;-0.9786823718620129;-0.015089241839379241;-0.18613243555245237
43814.406776;6.567962140961732E-05;0.0004406379278799909;-67.02292884904992;-0.9788973100238315;-0.014993846610676669;-0.18423850704221093
43871.224658;7.434573536780484E-05;0.0004692680583777196;-66.46391866026066;-0.9787666533699632;-0.01552111698273009;-0.18532472342585976
43928.116219;5.8717333615490357E-05;0.0004447457473307069;-66.96271653106211;-0.9785383915270698;-0.01499663830919237;-0.1874226968572767
43985.081557;7.773057805267783E-05;0.0004574084209528659;-66.67027572493346;-0.9787420153725648;-0.014584191907957891;-0.18567116442795514
44042.120767;7.528480246518262E-05;0.0004281228564428159;-67.23637056888808;-0.9789507267569647;-0.015015163184287517;-0.18376175895530145
44099.233944;5.585999559027048E-05;0.00042924166174120314;-67.27302856097513;-0.9787800002853498;-0.014967484762350693;-0.18528281028847668
44156.421185;7.285419930058179E-05;0.0004244890318092002;-67.3165919405857;-0.9788506248973001;-0.014887727046055493;-0.18466703300887372
44213.682585;6.638831222588351E-05;0.00043068085636299946;-67.21490111105597;-0.9786537768378717;-0.01472414327698672;-0.1864355076411065
44271.018241;4.7172704606988324E-05;0.00044103935516759954;-67.06105176564373;-0.9786441551166618;-0.014698482504465234;-0.18652430767611997
44328.428249;8.712495985186104E-05;0.0004349543254971743;-67.06027819132234;-0.9787781489516438;-0.014742999612208431;-0.18532946382522048
44385.912706;5.983562901319387E-05;0.0004458931274759554;-66.93787381239798;-0.9788795588448214;-0.014574023069643817;-0.18445222899886465
44443.471708;7.069317270503743E-05;0.0004354790496045026;-67.10768958774304;-0.9790435627845103;-0.014576686694824587;-0.18299706583149053
44501.105351;7.254239388110422E-05;0.0004391187058619019;-67.03142629255738;-0.9786047704192793;-0.014411339464122394;-0.18691168964983823
44558.813733;6.898573688905721E-05;0.00044376158010739564;-66.95329906453833;-0.9787043964823803;-0.014764071045403978;-0.18598101701978498
44616.59695;6.76245270846514E-05;0.0004516212567231925;-66.80821384813386;-0.9787951368972411;-0.014367721390803645;-0.18522825667261844
44674.455099;6.62797385771579E-05;0.00042382079154704757;-67.35141895464614;-0.9787984094708048;-0.014485062981394767;-0.1851838777918699
44732.388279;3.641040913215042E-05;0.0004321741948664223;-67.25610621231057;-0.9783134897334714;-0.014634524613584683;-0.18946745051803415
44790.396585;8.68937304974868E-05;0.000450125661508213;-66.77442435712945;-0.9787700589384739;-0.014354857809254133;-0.18545242957861308
44848.480115;4.564058850646965E-05;0.00042576732075693427;-67.36693327856904;-0.9785669657189618;-0.014556003130166624;-0.18722816893527489
44906.638967;6.487038252778283E-05;0.00040747283497793535;-67.68932578657997;-0.9789403333245994;-0.014438974991683657;-0.1839308476122139
44964.873239;4.591241373540041E-05;0.0004188890371683425;-67.50615791632276;-0.9788467194754883;-0.014208645258967322;-0.18479122063365594
45023.183028;5.313625471533217E-05;0.0004175609875227026;-67.51583734247295;-0.9786747167725662;-0.014182492403754628;-0.18632068154046721
45081.568433;7.134215767794548E-05;0.00042071285065784815;-67.3971627443292;-0.9786544970729151;-0.01418562466667898;-0.1864996958489648
45140.029551;6.551758213227895E-05;0.00040155727775902393;-67.8109494800672;-0.9786321818276602;-0.013895141794020708;-0.186734693426727
45198.56648;7.247397654826374E-05;0.00041244617776183895;-67.56058747559675;-0.9784281435875246;-0.014079487294925233;-0.18852207655847966
45257.179319;4.384120182286201E-05;0.00042124652555068415;-67.46248530261937;-0.9785784890952541;-0.014245724448700784;-0.18716642915018314
45315.868166;5.9805252096366806E-05;0.0004252836883327948;-67.3413809626238;-0.9785736933702072;-0.014082726855042586;-0.18722992402203573
45374.633121;5.167947824510921E-05;0.0003948373580993518;-67.99786347256637;-0.9788528114967555;-0.013990221530137275;-0.18476508605469036
45433.47428;5.1526792732213045E-05;0.0004125032139153017;-67.62421298890034;-0.9786834842082347;-0.014017947790678645;-0.18626392120139054
45492.391745;3.577710602817135E-05;0.00042281140882910657;-67.44608107464511;-0.9784950063779891;-0.013980498054781788;-0.18794124914289873
45551.385612;5.6424305979819126E-05;0.00038854280706704397;-68.12058681918016;-0.9787107706068336;-0.01383678649604685;-0.186044679928872
45610.455982;9.114562412938539E-05;0.0003948370303979354;-67.84616782462324;-0.9789807116519604;-0.013751872110375941;-0.18366042205459082
45669.602953;4.843185647020366E-05;0.0004097414368284313;-67.68954487520178;-0.978880484695552;-0.013772391181891821;-0.18454698458822294
45728.826626;5.747145659810362E-05;0.0004148617071619776;-67.5593771781655;-0.9786717209782876;-0.014158784331980225;-0.1863503101713533
45788.127098;5.980868074846324E-05;0.0003909774551067668;-68.05650947096507;-0.9787912281366417;-0.013589069384534948;-0.18536159702691152
45847.504471;7.200607426595867E-05;0.0003863670316286769;-68.11171716693175;-0.9787769435021296;-0.014034896520741079;-0.1854325176672121
45906.958843;7.777648660476693E-05;0.00039791758394159025;-67.8413098340038;-0.9788422301203741;-0.013367739014787716;-0.18493613812851417
45966.490315;5.093242270991794E-05;0.00040709142169824744;-67.73870631752635;-0.9785104056634135;-0.013786643600012532;-0.18782899226462965
46026.098987;5.3657895322748006E-05;0.00041946774972698793;-67.47553885372645;-0.9785609808602725;-0.01365409579449303;-0.18739664757578697
46085.784958;4.9413701806985284E-05;0.00040126006660925405;-67.86611474847678;-0.9786590461268337;-0.013664968565009896;-0.18652506840373698
46145.548329;5.671684345631779E-05;0.0003910680092042622;-68.06455263122885;-0.9789484750157977;-0.013600212945338539;-0.18396518090103844
46205.3892;7.111077683740636E-05;0.00038781021375674846;-68.08399482963735;-0.9788765437876847;-0.013469600123862236;-0.18461932543184872
46265.307672;4.648773012386365E-05;0.0003782749021286441;-68.37874857302289;-0.9789171331781584;-0.013742525735261297;-0.1842255858826185
46325.303846;6.537836709928917E-05;0.0003650725302242387;-68.61532196428092;-0.9790379402963557;-0.013584372211034148;-0.18317352489575328
46385.377822;6.650720888733492E-05;0.000362100110533994;-68.67933483530882;-0.9787090576328323;-0.013727584740448698;-0.18607352410130495
46445.5297;7.706670439130644E-05;0.00036755198103652223;-68.50676990384389;-0.9789366323644456;-0.013526395223386794;-0.18407931016948753
46505.759583;6.0429169526197456E-05;0.0003840108387691453;-68.20689525239443;-0.9788543455795075;-0.013339251165623513;-0.18483209854491475
46566.067571;6.960325993829619E-05;0.0003953914972380591;-67.92691408634205;-0.978929931092188;-0.01354220134404582;-0.1841368193352576
46626.453766;6.404616650301816E-05;0.0004031991022379147;-67.78138844967108;-0.9786645046060184;-0.013284509146517616;-0.1865231152344982
46686.918268;4.163197304671726E-05;0.00038612328129861585;-68.21528366218905;-0.9791256697941223;-0.013288618717181042;-0.18243138298468617
46747.46118;6.565807356875954E-05;0.00039980364729717106;-67.84748691534881;-0.9791838464381064;-0.012967736178164444;-0.18195356003197505
46808.082603;6.376021985041836E-05;0.0003595714869546487;-68.74984118265138;-0.9787889130596148;-0.013187523172465602;-0.18543086948941664
46868.782639;5.650658640953736E-05;0.0003816311679600573;-68.27293928317319;-0.9787821266511295;-0.013520428149934309;-0.18545078335221116
46929.56139;4.5538189836897257E-05;0.000372108753562146;-68.522042188246;-0.9787830616054088;-0.012559756767199377;-0.18555604651463814
46990.418958;6.46574360470819E-05;0.0003564427062522241;-68.81960295822749;-0.9786592239082221;-0.012965754649912673;-0.18660790862450166
47051.355445;6.36426248304726E-05;0.000366006933773769;-68.60084852082225;-0.9788243300609739;-0.012660381980589781;-0.1851783895671676
47112.370954;5.9015138968562166E-05;0.00036904735893811383;-68.54869691986498;-0.978526849651738;-0.01272309257679274;-0.18781091149220427
47173.465587;3.5465650342397495E-05;0.0003923797994962414;-68.09053105979936;-0.9787454471503964;-0.013181636620082126;-0.18581723330439462
47234.639446;5.455571925631797E-05;0.0003590168745592431;-68.79855829129488;-0.9788575838913416;-0.01288777702014558;-0.1848570285137731
47295.892635;7.283541273146388E-05;0.00034137166040855616;-69.14211507380129;-0.9790934580902645;-0.013036951465788921;-0.18274709697269828
47357.225256;7.376271675290275E-05;0.00037147265449136705;-68.43351307250377;-0.978501312688134;-0.012899146628168242;-0.18801709750097056
47418.637412;3.5911388394491816E-05;0.0003431188061322264;-69.24379532502093;-0.9787358987939682;-0.01281622243373865;-0.18594501790852247
47480.129207;7.06406496888072E-05;0.0003653589197847565;-68.58621595811866;-0.9788197556054445;-0.012634926548149454;-0.18522189394667576
47541.700743;5.733644955245492E-05;0.0003626137361450355;-68.70386824615125;-0.9787989205505303;-0.012837723062771979;-0.18538333897667175
47603.352124;3.909210974353458E-05;0.0003309689729208461;-69.54408490840282;-0.9788088960366528;-0.01289498038819549;-0.18528815415698283
47665.083454;4.943434165056558E-05;0.00034001414016779407;-69.27921612152807;-0.9787974819765989;-0.012816124172837591;-0.18539861409089886
47726.894837;5.343236325134569E-05;0.000353671466417157;-68.92998665311035;-0.9783587208463775;-0.012358390235927792;-0.18934467826744977
47788.786375;1.2761689008841933E-05;0.00034715463775141544;-69.18367565905693;-0.9786558603757992;-0.012343061983658902;-0.1867092049606371
47850.758173;4.430569719965676E-05;0.00035498442553447986;-68.92868287848042;-0.9785024617015511;-0.012453270046838275;-0.18805816487426352
47912.810336;4.705310992755215E-05;0.00034860321539859654;-69.07496216622731;-0.9787309093526984;-0.012624972430899804;-0.18601134555021287
47974.942966;2.9117848842356816E-05;0.00033969870255461966;-69.34632974948312;-0.9785537907836742;-0.012497403467198465;-0.18759762348558026
48037.15617;5.76341325548395E-05;0.0003176766230938659;-69.81965055279002;-0.9784419369733719;-0.012513606124858875;-0.1885885227901532
48099.450051;3.805624685896217E-05;0.0003540613627690384;-68.96854283619236;-0.9791029886544066;-0.012098367015381755;-0.18276942294296794
48161.824713;7.054881454150405E-05;0.0003360637842882845;-69.28427252938577;-0.9788313517582021;-0.012470444991094615;-0.18513772391791977
48224.280262;6.69528247822971E-05;0.00032644511174346417;-69.54484989203164;-0.9788305721992604;-0.012224439955222403;-0.18517217324643978
48286.816803;4.231753712916654E-05;0.00034098694425718415;-69.27886663309127;-0.9788610223153885;-0.012016944888957638;-0.1849248081865455
48349.43444;4.447561158043185E-05;0.0003307725266217782;-69.53159471304451;-0.9788793560805182;-0.012320498088336481;-0.1847286714870648
48412.133278;3.661988167038785E-05;0.0003338210348397063;-69.47777540598346;-0.9788438318148648;-0.012120363979420411;-0.18506601277025986
48474.913424;5.169801758850898E-05;0.00031031300968153796;-70.04510256991863;-0.9784428297819847;-0.012191814589747644;-0.18861665717134823
48537.774981;8.22163972239121E-05;0.00032705708103794394;-69.44140731267044;-0.9787882314263558;-0.012150240557253784;-0.1855560413084753
48600.718057;6.225818774004539E-05;0.0003675769805780205;-68.5701982410847;-0.9791729588754614;-0.012190769590495108;-0.1821386502524316
48663.742757;4.5731915987238404E-05;0.0003495921904509821;-69.05507531832112;-0.9786789860024072;-0.012096961656542428;-0.18653126034316864
48726.849186;3.8514793397276626E-05;0.00034590862351662887;-69.1672617912638;-0.9788988741484034;-0.011623843676560273;-0.18463110091252682
48790.03745;6.491682228562185E-05;0.00034028870567672154;-69.20780403726806;-0.9788843440101065;-0.011727206399969447;-0.184749073586098
48853.307656;5.999529192678626E-05;0.0003336355632125701;-69.39634147559359;-0.9788500363176653;-0.011539369588950608;-0.18507326243144695
48916.65991;2.975312723645676E-05;0.0003199040958666548;-69.86219824260138;-0.9789285087840756;-0.011474930643564045;-0.18438377652820637
48980.094319;4.559023058602843E-05;0.0003175432198990093;-69.87533282641651;-0.9788477456427955;-0.011421270478535549;-0.18510587532010941
49043.610988;7.269932694981797E-05;0.0003096112254582208;-69.9505857374839;-0.9787526326953706;-0.01152000625952367;-0.1859395266921507
49107.210024;2.6477332718577506E-05;0.00031553047349065636;-69.98870008922523;-0.9787454236512886;-0.011647536582059869;-0.1859901013686604
49170.891535;4.376113286445571E-05;0.0003017520871269735;-70.31660164150804;-0.9785938437337663;-0.011912024867352078;-0.18730695841098796
49234.655627;5.267799276634644E-05;0.00031382717611065885;-69.94551494688534;-0.9786453977989682;-0.01178560747962363;-0.18686303268885462
49298.502407;4.461057398410482E-05;0.00034419957228286856;-69.1914470712792;-0.9788216994391948;-0.011436502279157627;-0.18533539217360417
49362.431984;3.3391079535139535E-05;0.0003181823542522711;-69.89891044511131;-0.9788922997761658;-0.011236658549061493;-0.18472953874388875
49426.444462;6.191539805083741E-05;0.0003137208152997365;-69.90318562392426;-0.9788742472579317;-0.01173383818717779;-0.1848379471476784
49490.539952;2.482270776515858E-05;0.00030753364999452156;-70.21394472043016;-0.9786148066270657;-0.011316257603873047;-0.18718367071386266
49554.718559;2.3955137834144448E-05;0.00031252812194445525;-70.07677715465812;-0.978402835427034;-0.01139173123487032;-0.189057240917058
49618.980393;7.260214166818086E-05;0.0003179793985227457;-69.73131976254693;-0.9787408423770136;-0.01119399244800101;-0.18607771297704878
49683.32556;5.149544874453811E-05;0.0003273607849514456;-69.59330959411115;-0.9788099959281554;-0.011215122175094887;-0.18546196181221414
49747.754169;2.5331119298315254E-05;0.0003057437020903157;-70.26314034931288;-0.9789359533831942;-0.011512408426130228;-0.1843138272954972
49812.266328;3.227059845745255E-05;0.000320644117655103;-69.83576597261778;-0.9787615838752085;-0.011408745271782112;-0.18587166490663523
49876.862146;5.439247005120181E-05;0.00031303707810189686;-69.95890436990908;-0.9785298872768219;-0.011104839563052915;-0.18795881816308102
49941.54173;4.7973622461807416E-05;0.0003186328882128426;-69.83683897396051;-0.9785633398194009;-0.0113348086382023;-0.1876385200150727
50006.30519;5.522024857828175E-05;0.0003065698962866133;-70.13074377415248;-0.9785232520097801;-0.011089600134496865;-0.18801924242364748
50071.152634;6.110003206569097E-05;0.0003049783409519249;-70.14371460417217;-0.9787020308049018;-0.01165825236272481;-0.18637401361665887
50136.084172;6.288793775691645E-05;0.00031273478463578257;-69.9243170104294;-0.9788055618413195;-0.011027023120732931;-0.1855202671390867
50201.099911;4.57743785414772E-05;0.00030361497544519327;-70.25592646976472;-0.9787225384574844;-0.010863964436687114;-0.18627313331517767
50266.199963;2.752319726036447E-05;0.00032074000022487705;-69.84507485920804;-0.9789449487495955;-0.010874744311772464;-0.18429870946655827
50331.384435;5.112993412370779E-05;0.0003106102859060402;-70.03956936200036;-0.9789867842668375;-0.010759245508412547;-0.1839388901779056
50396.653437;3.8567019770782774E-05;0.00031149378182579376;-70.06494150710351;-0.9790694772907189;-0.010898441533749215;-0.18319167369848063
50462.007079;1.652099503403922E-05;0.0003261397321538218;-69.72079585985135;-0.9788520019855307;-0.010952373999914332;-0.18511565677775854
50527.445471;3.834342825825171E-05;0.0002863476547857908;-70.78494572589987;-0.9788374775007932;-0.010877864007097665;-0.18525189724964916
50592.968722;4.057179221049295E-05;0.0002870763642762155;-70.7541624971147;-0.9786049974803335;-0.010484915662088243;-0.1873529042222274
50658.576943;4.8520453055208966E-05;0.00030132693484264197;-70.30807088813813;-0.9787244732982828;-0.010889992275946067;-0.18625339750971598
50724.270244;2.3135860174678848E-05;0.0002735000224144954;-71.22988620931478;-0.9787040770188731;-0.010590065336938908;-0.1864635944641576
50790.048735;2.4433428896785117E-05;0.0003068872436325453;-70.23298083564926;-0.9789245481022688;-0.010976433970403472;-0.18446962900880162
50855.912526;4.810023733731595E-05;0.0003066605833476753;-70.16128691045868;-0.9785468631976483;-0.010558711022129958;-0.18786180543991945
50921.861729;3.342951140188571E-05;0.00028855650851281766;-70.73748173752665;-0.9785473961465613;-0.010838431946399411;-0.1878299328974034
50987.896454;5.4992262462774473E-05;0.0003066350211461611;-70.13008106824826;-0.9787456942637959;-0.010707609696596685;-0.18608294893691393
51054.016811;1.7798920705959645E-05;0.0002931710777947915;-70.64159923952113;-0.9788242447899738;-0.01051843249075238;-0.18540416238830165
51120.222912;1.546196469924435E-05;0.0002949367329824947;-70.5935031459431;-0.978835539109581;-0.010155039440969127;-0.1853380001793014
51186.514869;4.739435059740018E-05;0.00025861135475180715;-71.60358213152178;-0.9784966479658395;-0.010419311784599003;-0.1883207541367593
51252.892792;2.40966814529019E-05;0.000270368086425719;-71.32653022215958;-0.9787750390388408;-0.010894892370034033;-0.18580422482168527
51319.356793;6.867150058272701E-05;0.00028639194276855657;-70.61800009839482;-0.9783336252590116;-0.01061769395709056;-0.18974889146906476
51385.906983;4.158786468597236E-05;0.00027021918018920485;-71.26400679703745;-0.9786436608129533;-0.01067076156933395;-0.18699195644940184
51452.543475;3.482818194743566E-05;0.00028081527652650424;-70.965289685285;-0.978725948773414;-0.01053930177145538;-0.18627437236556527
51519.26638;7.025259878961528E-05;0.0002973850065815254;-70.29777432658373;-0.9788834119868944;-0.010122246562486156;-0.18491626034964112
51586.07581;4.5290050811978575E-05;0.0003044305820535603;-70.23516277094271;-0.9784752676841907;-0.01014776570671203;-0.18853585355843294
51652.971878;5.795120466165496E-05;0.0002952093473532994;-70.43318305848206;-0.9786373616293583;-0.010501434942904678;-0.18706411276649682
51719.954695;4.904725444467826E-05;0.0002791069413551755;-70.95250286439759;-0.9786527560579215;-0.010485870713469852;-0.18692897744151685
51787.024375;2.5284506711028053E-05;0.0003005502256371783;-70.41103025487149;-0.9784736954381628;-0.010303513058567014;-0.1885353617721427
51854.18103;4.9591419111313675E-05;0.0002986943609038515;-70.37736621971455;-0.9783783423273599;-0.010233076455871758;-0.18938831884135102
51921.424772;3.475520390637987E-05;0.0002831489299964204;-70.89475693080954;-0.9787867113222977;-0.010039809646099865;-0.18578179525784502
51988.755716;3.07937650003682E-05;0.0002737478166219994;-71.19837634195471;-0.9790211479571667;-0.010357196681315194;-0.1836725100279158
52056.173973;4.339262077861479E-05;0.00028637977685161685;-70.76257212077667;-0.978932290946403;-0.010326013909044423;-0.18446372080355353
52123.679657;2.742529800627035E-05;0.00027547766397689527;-71.15543992110027;-0.9787000960632553;-0.010261942848727775;-0.18652993935492446
52191.272881;2.1674039537015324E-05;0.00029295690693364996;-70.6402184900738;-0.9785832195279849;-0.009816353399992483;-0.18760772767809272
52258.95376;3.0735950517316375E-05;0.0002623249065626555;-71.56399409659718;-0.9782386668407191;-0.009802634985829178;-0.19066742402163148
52326.722406;3.0831210979833495E-05;0.00026261000040618977;-71.55432272523275;-0.9785855402589032;-0.00980752429924499;-0.18758791668062216
52394.578933;2.9957845624680588E-05;0.00027447108684797514;-71.17863540441661;-0.9787198077238752;-0.00983677699725168;-0.18639375985401022
52462.523456;4.8153383261892266E-05;0.0002714029772486475;-71.19310288577823;-0.9785696994269396;-0.009705393491385309;-0.18773754360129427
52530.556088;3.583368152995572E-05;0.0002711084401493894;-71.26192243963808;-0.9786596803383684;-0.0098518263652253;-0.1869259941983195
52598.676944;1.7750097649968275E-05;0.0002744483283434508;-71.21265986903356;-0.9790611266994241;-0.010109579817998645;-0.18334082366551738
52666.886138;2.1793467644238027E-05;0.00025208375227884166;-71.93676370268771;-0.9785888911707711;-0.009741258276903138;-0.18756405137817841
52735.183785;3.494268786923798E-05;0.000266418446856877;-71.41464124196455;-0.9789290020241338;-0.009999886552027014;-0.18452293769716968
52803.569999;5.119851166185388E-05;0.0002786505630364397;-70.95460675156954;-0.9785864675051368;-0.009735297402113131;-0.18758608802726318
52872.044895;4.962735529155342E-05;0.0002566009558452111;-71.65535265452701;-0.9783525697002984;-0.009882294454368973;-0.18964911418356348
52940.608589;2.0588530843286825E-05;0.00025879976304662685;-71.71332339358608;-0.9785435941994342;-0.009772826997904653;-0.1879632799977129
53009.261195;4.581745173294105E-05;0.00025729582365940364;-71.6557688159781;-0.9787274694104706;-0.009720984969954324;-0.18633603779589758
53078.002828;2.0848546441825827E-05;0.00025968539593744055;-71.68314684924252;-0.9787879603348886;-0.009288681341967928;-0.18583652022487376
53146.833605;4.910224232777777E-05;0.0002582329053100985;-71.60551722072165;-0.9784626502059443;-0.009370988927133683;-0.1887166174265656
53215.753641;2.8982806495466142E-05;0.00024854113768019566;-72.03337566729539;-0.9788702382310365;-0.009595195969921474;-0.18508023979354885
53284.763051;3.815040497520845E-05;0.0002915965065680344;-70.63064352199943;-0.9787766272162055;-0.0095047215064987;-0.18591867909278537
53353.861951;5.298658984233835E-05;0.00025518448646118014;-71.67959478366251;-0.9787256157299424;-0.009250377846540621;-0.1863929612350973
53423.050458;1.9922635262758413E-05;0.00024246447354504962;-72.27781506767728;-0.9791548060096217;-0.009222556871224;-0.1825875318758991
53492.328688;4.775017366095791E-05;0.0002272694365599212;-72.6815769472577;-0.9789148172565405;-0.009210789370010714;-0.18471747988430834
53561.696756;1.9215665353426554E-05;0.0002538011037029964;-71.88530618035671;-0.9789070107256557;-0.009335999969631888;-0.1847762174124434
53631.15478;3.3925237801064875E-05;0.0002585461301960741;-71.67510099594482;-0.9788162061411597;-0.009431157172910766;-0.18557380064570597
53700.702876;1.9132234330918353E-05;0.00027490569076210386;-71.19534089847691;-0.9785608610432401;-0.009340877441057528;-0.18784747098541715
53770.341161;3.228819637881084E-05;0.00026570172690857275;-71.44844815000106;-0.9786797780232989;-0.009145418917562306;-0.1868084839326719
53840.069752;5.618932154023827E-05;0.00023561160117271265;-72.31583419808157;-0.9781693306326422;-0.00921844603020015;-0.19133345961127007
53909.888766;1.8097589604870484E-05;0.0002488344077678161;-72.05887956886156;-0.978986509518032;-0.009183114051494273;-0.18408374215444445
53979.798321;3.209971305655106E-05;0.0002552417959901607;-71.79281335166449;-0.9790701574333485;-0.00936942204922816;-0.18332602880178214
54049.798533;6.756833117041433E-06;0.00026752948382427813;-71.44979754711139;-0.978621522991087;-0.008950701837197931;-0.18734145136984087
54119.88952;3.444008489292386E-05;0.00025947708176446855;-71.64217663166549;-0.9789353434732508;-0.009342257806598907;-0.1845243164027954
54190.0714;2.9615585408676857E-05;0.0002718594560149894;-71.26187553572858;-0.9788587625427457;-0.00928414520940022;-0.1852086734969225
54260.344291;4.4820265385617204E-05;0.0002227106757349321;-72.87275386716645;-0.9790257050125715;-0.009098166663858463;-0.18374306024042553
54330.708311;4.5113869905210426E-05;0.00025995633585333374;-71.57312408452371;-0.9784850317752343;-0.008828278490566168;-0.1885627531614889
54401.163578;4.286340388353198E-05;0.00025955896367462226;-71.59842903937698;-0.9786661169099875;-0.008870066641400562;-0.18695220928292416
54471.71021;4.233484299202923E-05;0.00024134451160834043;-72.21563568147506;-0.9783337846281501;-0.008922248570358416;-0.18989778179761954
54542.348326;2.3813494301924113E-05;0.0002339457515816177;-72.57292953989723;-0.9788117250146406;-0.009056039021003062;-0.18564499502694007
54613.078045;1.4334420581270513E-05;0.00024049660998613567;-72.36241955548145;-0.9786318349604571;-0.008786066837838695;-0.18726317477687618
54683.899485;4.355434514987995E-05;0.00023665935031432923;-72.37286716059408;-0.9789262032943855;-0.00869108723025066;-0.1846586214030688
54754.812765;4.350658358063407E-05;0.0002278272017782894;-72.69233411810022;-0.9788397607373306;-0.008663352721011678;-0.1854277703100701
54825.818004;1.5631114118244135E-06;0.00025613717768276404;-71.8303858660139;-0.9788656954173345;-0.008728169735594113;-0.18519254695784235
54896.915322;3.855359432765283E-05;0.00024449242209096094;-72.12802278044843;-0.9785224225814594;-0.008667213240252665;-0.18824365314563501
54968.104838;4.137791228957045E-05;0.00022337663795720706;-72.87272418423967;-0.9789382674861902;-0.008827449667424445;-0.18454076134587186
55039.386672;6.986293113113848E-06;0.000232618022471924;-72.66321723847935;-0.9783974636495782;-0.008723292911809916;-0.18934841519359824
55110.760942;2.9684597230278343E-05;0.00024321085249590194;-72.21612166392897;-0.9787171158903265;-0.008597516316108578;-0.18652121357955886
55182.22777;1.015623019226261E-05;0.00022828293175296106;-72.82194354755909;-0.9784707976522978;-0.008540668930801095;-0.18871175683098734
55253.787275;3.792687658581538E-05;0.00023080708358520942;-72.61930444967614;-0.9787656465644916;-0.008529487668131169;-0.18609584051678302
55325.439577;4.6016984256920305E-05;0.0002325139248770294;-72.50416037994695;-0.9788993781422656;-0.008506365538737104;-0.18491101861337858
55397.184797;3.677876088739241E-05;0.0002299587537556827;-72.6573072007224;-0.9784484252109791;-0.008804618405673271;-0.18888957709649826
55469.023055;3.8787352407206234E-05;0.00023785615566895545;-72.35973321298614;-0.9787950687542567;-0.007878928352532325;-0.18588314848801038
55540.954472;3.403414012657927E-05;0.0002181515471457171;-73.12039453862731;-0.9788103726734462;-0.008617500766186807;-0.1856921249411421
55612.979168;4.5605084944633434E-05;0.00022867767581942483;-72.64614282704744;-0.9788298171305386;-0.008173191421475334;-0.18555340502461964
55685.097265;5.582395868952678E-05;0.00023300869614316234;-72.41017242864059;-0.9785333789415602;-0.008284947848916015;-0.188175796176416
55757.308884;2.5523868391819515E-05;0.00021188101562295407;-73.41558982358775;-0.9785281461524852;-0.008136920973879675;-0.18823326628009437
55829.614146;4.118565018500188E-05;0.00022775787009320962;-72.71079122414528;-0.9786525616799233;-0.00827317924861078;-0.18711890192886282
55902.013172;4.5096392762974335E-05;0.00023098814130428368;-72.56574859889209;-0.9787373320170784;-0.008492345892309853;-0.18634996379479207
55974.506084;2.4734513888869277E-05;0.00022760901424572324;-72.80522374273679;-0.9783639555480677;-0.007947724826483883;-0.18970452939733007
56047.093003;1.6593145957693724E-05;0.00023877454184853596;-72.41931682150616;-0.9785239860519265;-0.008154052982433038;-0.18826892506787982
56119.774053;8.990501294933863E-06;0.00025035479893980206;-72.02328452207875;-0.9784717336026039;-0.007952203735990204;-0.188747471456088
56192.549354;4.668761777996742E-05;0.0002387819737659064;-72.27703495929975;-0.9786647178366532;-0.008237080162636879;-0.18701372240601083
56265.419029;4.07484444507704E-06;0.0002064320089876861;-73.70276734476357;-0.9787671616049567;-0.007848175650995503;-0.18613297823750252
56338.383201;3.1751660757176724E-05;0.00020285209104265597;-73.7512887229764;-0.9785592506224045;-0.00790223459014759;-0.18797426207982246
56411.441991;3.299920431723301E-05;0.00023337264487574905;-72.55302342370334;-0.9790743504675659;-0.007849145518208187;-0.18340742094138063
56484.595523;2.6632768956931185E-05;0.0002107493164869373;-73.4558683901418;-0.9784852593518627;-0.007614348696533856;-0.18865126673631244
56557.843919;3.6255296460580474E-05;0.00021263500331260833;-73.32284764311122;-0.9787652318565958;-0.0077056237257042215;-0.18616015335426972
56631.187303;2.435790600570693E-05;0.00021960419985007036;-73.114083437213;-0.9787594855711782;-0.0075697676743882525;-0.18622055236493396
56704.625797;3.485344099219122E-05;0.00020726250696952815;-73.54847930681176;-0.978761544979284;-0.007910377011309854;-0.18617837545780636
56778.159526;1.9366852268202606E-05;0.0002267770838774326;-72.85645753286542;-0.9786248286636087;-0.007408508728113795;-0.18742651295374219
56851.788612;2.6958733660399012E-05;0.00021986395871808568;-73.09211081503868;-0.9784616173014337;-0.007755106242558514;-0.1888513110874011
56925.513179;4.2511943902766895E-05;0.00021092989552414846;-73.34431332612503;-0.9786975652684708;-0.007697913548373439;-0.18676117124970676
56999.33335;-3.842715518360971E-06;0.0002306843771094703;-72.73843139715672;-0.9784333326263153;-0.007475825343569043;-0.18912168030604964
57073.249251;3.76414505216881E-05;0.0002085381045326498;-73.47705107399493;-0.9787134834389899;-0.007678713731712314;-0.18662124666537028
57147.261005;2.6147096008065063E-05;0.00022036488928456354;-73.07643546023459;-0.9785695575458392;-0.0077886906159679685;-0.18789086171349662
57221.368736;3.67579680660545E-05;0.0001896574325530061;-74.28045681443315;-0.9787331546107658;-0.00736228702835786;-0.18646825783144427
57295.572569;5.1912480838134887E-05;0.00023139181855512302;-72.49977242225978;-0.9784187575211073;-0.0077704257205030505;-0.1892306866093889
57369.872629;3.22881954306879E-05;0.00019288924945124578;-74.17382297853406;-0.9789262387807082;-0.0074572289067589195;-0.18474859813012745
57444.26904;1.613033338143322E-05;0.00020563342701742857;-73.71148471287906;-0.9785605630493969;-0.007542743854716298;-0.18798779354472425
57518.761926;4.128774121930914E-05;0.00021481838529388374;-73.20103388917389;-0.9787661158107501;-0.007383803265853624;-0.186174322735321
57593.351415;2.2914106317296903E-05;0.00021338245627685465;-73.36703138347647;-0.9787569227426215;-0.007402385481705327;-0.18625465520268852
57668.037629;3.3125614597267534E-05;0.00021272702449750546;-73.339493873656;-0.9791158647232336;-0.007398827716048994;-0.18307026170251675
57742.820696;9.076554031110161E-06;0.00021084134958982142;-73.5128432035218;-0.9786133843165252;-0.007437872393959138;-0.18752610643321688
57817.70074;3.5319338970278657E-05;0.00019274657265493756;-74.1568351276637;-0.979000035686231;-0.0070690198899208915;-0.18411942148459357
57892.677888;3.401235630656387E-05;0.00021932342797309175;-73.07509062287474;-0.97892042974468;-0.007025842849884166;-0.18482845157242359
57967.752265;1.3327222951524685E-05;0.00021180578210051984;-73.46408327375475;-0.9786993099309266;-0.007412429344718496;-0.18676524606501
58042.923997;4.021694173559243E-05;0.0001958082743561271;-73.98393184762365;-0.9787056619973769;-0.0074166975317403235;-0.18670858836958726
58118.193211;3.5718421502920206E-05;0.00017797532929441368;-74.82131091498228;-0.9785766253699353;-0.007196676189800166;-0.18786836287880235
58193.560033;5.934796265347599E-06;0.00023286452343367726;-72.65511341639261;-0.979089992453306;-0.0070956561942145625;-0.1833196756020668
58269.024589;1.8683887452356218E-05;0.00020026623904774248;-73.93020772056781;-0.9786315551312468;-0.0070800390195959835;-0.18738839463863693
58344.587007;1.2893176323875407E-05;0.00020810881114885287;-73.61755301977179;-0.9786727396355772;-0.007228244873991485;-0.18701327171366242
58420.247413;1.6332929256618196E-05;0.00022122577839811907;-73.07967731494224;-0.9786341338747633;-0.006669039467621634;-0.18739113152856618
58496.005935;8.408634624848781E-06;0.00018010336601653797;-74.88010716333804;-0.9785698716589468;-0.0070565492272091955;-0.18793736366846364
58571.862698;3.658432739778949E-05;0.00019749133557546187;-73.94250749797479;-0.9784012274993192;-0.006645268360284717;-0.18945988320005896
58647.817832;2.9703658672839134E-05;0.000198638324911892;-73.9426958099894;-0.9785530511810753;-0.006654360618752942;-0.18811166617928365
58723.871464;4.134078566610952E-06;0.0001911897700739092;-74.3686769119893;-0.9787237064127664;-0.006934963227059087;-0.18657980083894632
58800.02372;-1.4387753714683762E-06;0.0002128414935910178;-73.43867559400505;-0.9787328518642795;-0.00662768162130908;-0.1865175357165495
58876.27473;1.925710172162292E-05;0.00018211770530251228;-74.74466794980722;-0.9789175361591791;-0.006991754195129932;-0.18485629033665107
58952.624621;1.3227849963923927E-05;0.00018390534978737113;-74.6857021600166;-0.9784178458238265;-0.006919411551533998;-0.1892954903469213
59029.073521;3.2039985344965224E-05;0.00016751107969537624;-75.36308198908431;-0.9786281955885013;-0.006422561956739839;-0.18745846649526476
59105.621559;2.5351412531810458E-05;0.00020299195186192283;-73.783208653947;-0.9785331226077205;-0.006951970899699438;-0.1882701855299868
59182.268864;2.189274808416482E-05;0.00018645560378235943;-74.52902674850972;-0.9785899561455084;-0.006687358249042382;-0.18778211306197645
59259.015563;2.4020307279764527E-05;0.00019124219905775506;-74.30034707138121;-0.9784684425741399;-0.0065442439490028545;-0.18886926429409773
59335.861787;2.72069883822154E-05;0.00018888846129352571;-74.38671136331828;-0.9787969658674379;-0.006315435517746958;-0.18596691213441482
59412.807664;1.8095653371649795E-05;0.00019594781344308812;-74.12031023286929;-0.9789893396359567;-0.006359345998302549;-0.18425749533463515
59489.853323;9.301201592705405E-06;0.0002188986857980594;-73.18730290169353;-0.9784420857203532;-0.006566184855406904;-0.18910192258477987
59566.998893;2.0502047875905813E-05;0.00019388006394481904;-74.20104265170865;-0.9788450415722233;-0.006404612818974719;-0.1855351729406508
59644.244505;4.2122908486375275E-05;0.00018706857787893826;-74.34518272951263;-0.9791097733710719;-0.006110037848273433;-0.18320316427496958
59721.590288;1.0034002000145833E-05;0.00017601833810996733;-75.07475163732701;-0.9789571858733709;-0.006557574445735409;-0.1845311630880686
59799.036372;2.7308413944171373E-05;0.00019577245770851487;-74.08127636744669;-0.9788746477801876;-0.006629620562785625;-0.18525918209417241
59876.582886;1.4570582191595756E-05;0.00017706893251450922;-75.00784455255693;-0.9786521003525818;-0.006421908953300564;-0.18724634768752163
59954.229962;2.650382917276173E-05;0.000207262836678362;-73.5991292211749;-0.97873371243238;-0.0062281472944952215;-0.18653318462103496
60031.97773;-6.495679718299504E-06;0.00017345494712933373;-75.21017984758026;-0.9783375890825128;-0.006561706750440601;-0.190029841416102
60109.826319;2.2994623353769105E-05;0.00019598299422777973;-74.09625391880229;-0.9787320565385134;-0.006654657812629493;-0.1865229692198682
60187.775862;2.592672594669419E-05;0.00018512751380868225;-74.56622517817407;-0.9786582017501558;-0.006428721437804271;-0.18719180114056178
60265.826488;8.431873746893598E-06;0.0001621613722788472;-75.78932574566397;-0.9785332081663826;-0.006511221031318805;-0.1882963385368151
60343.978329;7.860108053676281E-06;0.0001860795817465708;-74.59828351196323;-0.9787135799522203;-0.006161556879828264;-0.18671558782058123
60422.231517;3.893995380149408E-05;0.0001887268627598728;-74.30226527489017;-0.9789081122472454;-0.005999391749650131;-0.18499832944297961
60500.586182;3.387711352388959E-05;0.00019426274945668893;-74.10210361849475;-0.9791622537504153;-0.00601149073962597;-0.18274304112492065
60579.042456;1.9624590278149148E-05;0.00018634532326892243;-74.54572831342277;-0.9786785560370905;-0.005718423452711637;-0.1870502806174238
60657.600471;2.2828008301581518E-05;0.00018125454026115477;-74.76587491915156;-0.9789170238690883;-0.005846420910802202;-0.1849274716295886
60736.260359;2.432171822892018E-05;0.0001875266210919477;-74.46629456857211;-0.9786751269346023;-0.006025996029581669;-0.18706433495590608
60815.022252;5.52538132262648E-06;0.0001812890416170049;-74.82853653399887;-0.9784043188378264;-0.006050806986464403;-0.18946667983699345
60893.886283;4.117607385180024E-05;0.00019386403414192055;-74.05842531844368;-0.978662083833689;-0.005944178346585183;-0.18718453151752978
60972.852583;2.3947406841048646E-05;0.0001797589098624729;-74.82979122751506;-0.9781223542644155;-0.005705375609818846;-0.1919885492776937
61051.921285;2.0538465545464343E-05;0.00015863607845297857;-75.91976659930926;-0.9786122760709829;-0.005963644492189219;-0.18762553263341517
61131.092522;3.014826792278643E-05;0.00018318758736206184;-74.62601427185345;-0.9787382286723323;-0.005833296018112384;-0.1865146971636728
61210.366428;6.140536279633614E-06;0.00014121840308961865;-76.9939704846142;-0.9785620354868868;-0.005840046483694289;-0.1880780653224295
61289.743135;3.2091202020954315E-05;0.0001770332274287899;-74.89849131845892;-0.9784972945921757;-0.005846124675542072;-0.18865239331340491
61369.222776;5.047649491116696E-05;0.0001768077822734079;-74.7096936490714;-0.9786702836821777;-0.005957647127931458;-0.1871110318052147
61448.805486;1.945363608601616E-05;0.0001791311319023373;-74.88565779698475;-0.9788195470817262;-0.005420132380730743;-0.18581416132778034
61528.491397;3.262749604943287E-05;0.0001877762442921126;-74.39800696686436;-0.9788936371200883;-0.0058000181061602105;-0.18513742561080518
61608.280643;4.6542276987712446E-05;0.00018131980905184707;-74.55398018633373;-0.9787120918074802;-0.005253645299741646;-0.1867757822699479
61688.17336;1.4884277114043062E-05;0.00017632162766819228;-75.04305030175787;-0.9784247565966265;-0.005429806627351311;-0.18931759260512088
61768.169679;2.3404594045454752E-05;0.00018771399346874143;-74.46307250981098;-0.9787095286747496;-0.005716143932209485;-0.18677552664962221
61848.269737;1.4417126404815508E-05;0.00016004410465780757;-75.88010645106681;-0.978331728081447;-0.005447764297055674;-0.19014257353639413
61928.473668;2.3560537676872685E-05;0.00016148526238503447;-75.74586614570498;-0.9786139304303411;-0.0055651263155752275;-0.1876316837947636
62008.781606;3.2805850014298045E-05;0.00017682909721092639;-74.90196155410986;-0.9784067581773667;-0.005628897493417213;-0.18946738052280254
62089.193686;2.09027211928306E-05;0.00017039912609502676;-75.30578810345172;-0.9784270291306594;-0.005683727689847942;-0.1892846174034056
62169.710043;2.0587765121054704E-05;0.00018230701670719665;-74.7288970215138;-0.978542622871563;-0.005553557795135817;-0.1882651746874251
62250.330812;2.3649481350122616E-05;0.00015781999661818586;-75.94031602999156;-0.9786062643860832;-0.005596983903182397;-0.18769811086597898
62331.05613;1.7528744465420617E-05;0.00019041611065713846;-74.36927865050374;-0.9783155420611471;-0.00532081023163864;-0.19029247730111168
62411.886131;3.610963058812945E-05;0.0001641377058945084;-75.49057007608192;-0.9782154246956446;-0.004963041798778777;-0.19119807770322778
62492.820951;1.3252965301768338E-05;0.0001625804770190867;-75.74986909639016;-0.9784199982918056;-0.005486035282808055;-0.189357048465485
62573.860726;2.647955102457109E-05;0.00017442187862462704;-75.06902383581395;-0.978264832214733;-0.0049894621884304675;-0.19075820155658588
62655.005592;7.799053393754859E-06;0.00017053337429769148;-75.35473835913277;-0.9786605779625643;-0.005130266501158972;-0.1872387661257769
62736.255686;2.2929942465120598E-05;0.000178720599611037;-74.88560046291522;-0.9785248976119241;-0.005096350852565289;-0.18844459114304685
62817.611143;1.1428545625170167E-05;0.0001553670215904697;-76.14938758381108;-0.9784029778748486;-0.005062283487937123;-0.18952842146290674
62899.072102;6.204565373666926E-05;0.00017465340110964478;-74.64029342504296;-0.978401819909052;-0.005535032735862257;-0.18951597303964396
62980.638697;3.2964757076578814E-05;0.00016724189910614405;-75.36756280930733;-0.9786102563535187;-0.00508210844545938;-0.18768761408345383
63062.311067;1.3601171418551324E-05;0.0001775966073485755;-74.98590883885949;-0.9787315115873898;-0.005014131644729888;-0.18661459138478792
63144.089349;3.107353224821057E-05;0.00017823486812701137;-74.85011103129304;-0.979006921938966;-0.0049809001662312075;-0.18417233665500582
63225.973679;9.227246934971113E-06;0.00018829142341548615;-74.49297213529971;-0.9784812602404095;-0.005267596898291473;-0.18882388668306915
63307.964196;5.1876922338152645E-06;0.00018678246047855947;-74.56992932917197;-0.9786378446031071;-0.004892687285195541;-0.18745132566976141
63390.061037;1.5313023312856288E-05;0.00016259999083047158;-75.7392413450547;-0.9788423404278108;-0.005190324663814301;-0.18562295743987384
63472.26434;1.4124657740557424E-05;0.00018691139167254807;-74.54255415611034;-0.9791058655363022;-0.005408397902333202;-0.18327444173988855
63554.574243;2.5733997366106626E-06;0.00017235799829999908;-75.27040313856234;-0.9789644219125294;-0.005088933948830357;-0.18454447169635693
63636.990884;2.5472890866258665E-05;0.00016339040566270646;-75.63117421548293;-0.9786749703104255;-0.0051084130524673005;-0.18711204893118907
63719.514402;1.7850358904249968E-05;0.00019067744660693483;-74.35611831605891;-0.9787821651833748;-0.0051321068917219905;-0.18615965618576394
63802.144935;-1.5643448072703962E-06;0.0001783179194745333;-74.97576600482073;-0.9787302363124567;-0.005011130897842065;-0.18662604508752037
63884.882622;2.3596932055454673E-05;0.000154663632853412;-76.11230199007976;-0.9784945132927598;-0.004633075966414675;-0.1887347396349036
63967.727602;2.416680305989641E-05;0.00016013582075133587;-75.81242848336704;-0.9786411302941022;-0.005000126992445152;-0.18741734473300536
64050.680015;2.1019145618487676E-05;0.00015809715710100798;-75.94542381000154;-0.9786799285982936;-0.004997669788826652;-0.1870731191604203
64133.739999;3.4453699432674786E-05;0.0001418857100772956;-76.7124107189927;-0.9787414413722866;-0.004510252461277176;-0.18654822799811818
64216.907694;2.467168095744158E-05;0.00017193256141832415;-75.204319230817;-0.9785840967425707;-0.004636001970965506;-0.1879394574542502
64300.183239;2.6432612485335172E-05;0.0001776650771114086;-74.91287678355364;-0.9786664092290533;-0.0046472460008620525;-0.18720842757274894
64383.566775;1.6775601264868685E-05;0.00016590264357874775;-75.55875414577878;-0.97884489851876;-0.004405749984376875;-0.18563438364369686
64467.058442;1.9413391623470352E-05;0.00017000152220160956;-75.33467533404213;-0.9788965994215073;-0.004600588477188356;-0.18516767843051585
64550.658379;3.5273028639544904E-05;0.00015523614447573772;-75.96151451362954;-0.9788112788636061;-0.004482090417201503;-0.18592963490269926
64634.366728;2.34734406413658E-05;0.00015110984517201597;-76.31059139463703;-0.9790081654509731;-0.004394145803817979;-0.18418622911595742
64718.183628;2.8124713052958198E-05;0.00016544179527436576;-75.50336704659327;-0.9788273643256242;-0.004645752201043353;-0.18578012662630533
64802.109221;2.132293635134769E-05;0.0001443206993765373;-76.71964463806472;-0.978455763996937;-0.004240289017287135;-0.18909451830556956
64886.143647;1.5277483806382926E-05;0.00016779503526564597;-75.46856401201772;-0.9789722961317346;-0.0043747976751788735;-0.1845052346820238
64970.287048;2.960830254959801E-05;0.00019202220828986352;-74.23092477170027;-0.9790588413025573;-0.004321426614125339;-0.18373951842767053
65054.539565;4.312439870479801E-05;0.0001485616801468944;-76.21052100560368;-0.9789233736762212;-0.004055297811936186;-0.18495150548749473
65138.901339;7.295422951127933E-06;0.0001465459925393245;-76.66977128168126;-0.9788865784245026;-0.004302473491909945;-0.18526862378014436
65223.372512;2.0743473932332684E-05;0.00015466842319682083;-76.13454435546811;-0.9790322671161831;-0.004315073393239721;-0.18397552312621124
65307.953227;1.71629334171622E-05;0.00015064169090752558;-76.38508535041929;-0.9788398496958433;-0.004092862654446586;-0.18569123697104306
65392.643624;2.904808404012353E-05;0.00014771360499159954;-76.44680679423658;-0.9787215559397442;-0.0038423522990012303;-0.186749992790663
65477.443847;5.119244187860642E-05;0.00016357802611788273;-75.31971317320759;-0.9786761337414195;-0.00450719899462419;-0.18712793569340577
65562.354037;1.740451725552214E-05;0.00015903405992990005;-75.91849117644473;-0.978845447414716;-0.004370267884985621;-0.1856309244671926
65647.374338;1.816948143582453E-05;0.0001577360172408564;-75.98413696904507;-0.9785502877206017;-0.004185009242934942;-0.18825758650937752
65732.504891;2.1214909435465503E-05;0.00015747483620746428;-75.97766199630857;-0.9787034639962937;-0.003929275850151783;-0.18690749007218874
65817.745841;1.158255769714384E-05;0.00014221783302882087;-76.91220782794414;-0.9786180323559811;-0.004128443303663226;-0.18765843022763234
65903.09733;2.672897008067078E-05;0.00015315242361271342;-76.16721504248625;-0.9784741397746959;-0.0037930638058178085;-0.18894769529759017
65988.559502;2.4800722997314225E-05;0.00018825637028756144;-74.43028034035305;-0.978987883466803;-0.003917933465294601;-0.1843841080653979
66074.132499;2.1303003853009748E-05;0.00015557709557859216;-76.08041259814857;-0.978596508307483;-0.003939039564888215;-0.18785639866563686
66159.816467;1.4816914465426177E-05;0.00015275524381158355;-76.27940760002704;-0.9789689714590575;-0.003813945621426243;-0.1845555437070936
66245.611548;2.021951623854404E-05;0.00014079822279906818;-76.93940397179135;-0.9787078831409094;-0.003540596121216091;-0.18688143501796625
66331.517887;4.315185433446857E-05;0.00014442455555028588;-76.43581450752603;-0.9788453911864631;-0.004024850426802854;-0.18564456715242444
66417.535628;1.885281275174449E-05;0.00015493612632492933;-76.13311452532723;-0.9787966606443023;-0.003738794890261995;-0.1860870534979364
66503.664916;2.91803421921172E-06;0.000160407435052047;-75.89407315312951;-0.9788690961320453;-0.0038320814518167565;-0.18544108952364452
66589.905894;1.2677657178385547E-05;0.0001553318547683871;-76.1459558445902;-0.9786005949604318;-0.003546281801225387;-0.18783345896503714
66676.258709;1.3520542515096717E-05;0.0001417717951921963;-76.92888215606453;-0.9788793873018977;-0.003533816405073342;-0.18535973125762417
66762.723505;-1.214399011151104E-06;0.00016401946368126003;-75.70185418041504;-0.9791679435975312;-0.0033116171930488093;-0.18280658541455055
66849.300427;1.8577294886964445E-05;0.00014817742211638556;-76.51662725568838;-0.978880341625227;-0.0038364534102456535;-0.18534115399971557
66935.989621;2.708312192790656E-06;0.00012914648516732525;-77.77643867423265;-0.9787862611358761;-0.003692910782201209;-0.1861808841895415
67022.791232;1.8227282054849654E-05;0.0001646959002619069;-75.61347337431874;-0.9789951406445812;-0.003553923472929204;-0.18433204556285984
67109.705406;3.5333037509214636E-05;0.00015109955839127758;-76.1835253370533;-0.9787728675329462;-0.0034571435673105247;-0.18630738207069994
67196.73229;2.637475384386973E-05;0.00015204083431350174;-76.23203342977982;-0.9783603455299666;-0.0035856051244080077;-0.18996483271211112
67283.872028;1.3117606388122176E-05;0.00017480705391377725;-75.1244340804273;-0.9787659722538008;-0.0035549974700975215;-0.18636546141567734
67371.124768;2.0771763620928322E-05;0.00016618432180068226;-75.52087340389518;-0.97891566510628;-0.0033087068462288234;-0.18504481830148414
67458.490656;3.203633871673969E-05;0.00016382015900520588;-75.54966334680692;-0.9789017967319397;-0.003145196529293876;-0.18517265409512462
67545.969839;1.5174951896982669E-05;0.0001394989708927622;-77.05748945199853;-0.9785291056261359;-0.0032867823509230582;-0.18847604313614344
67633.562463;1.1035835801707951E-05;0.00015771865558211626;-76.0211273541805;-0.9786033225270611;-0.00323183474169091;-0.187818915361696
67721.268677;1.3760971563210031E-05;0.00013514426508177879;-77.33925093499381;-0.9786299092209056;-0.0030131588238333337;-0.187589135542384
67809.088626;9.74438059649155E-06;0.00013933954140497233;-77.09732474339124;-0.9784789921341056;-0.0033430214607047494;-0.18891918941296654
67897.02246;1.0088666794988342E-05;0.0001367335927906848;-77.2589166786227;-0.978838771606948;-0.0033641796329166155;-0.18572543320040924
67985.070324;2.8657163124733444E-05;0.00014008440384966967;-76.89415578608872;-0.9790778743127172;-0.003210235322199282;-0.1836085847564485
68073.232368;1.2888965908849108E-05;0.0001315776944145925;-77.57488011563075;-0.9786966644664167;-0.0031445311001822083;-0.1869930033019625
68161.508738;2.27922694808929E-05;0.00016081375770208572;-75.78716117768538;-0.978771020815271;-0.00307237059123982;-0.18633515959174102
68249.899585;4.791771331602322E-05;0.00011816853431762523;-77.8888186921089;-0.9786368181872157;-0.0028876355483560276;-0.1875311740930461
68338.405055;1.754487250581934E-05;0.0001632133349277789;-75.69499001939755;-0.9785463112616541;-0.00323044057796809;-0.18832498616605192
68427.025298;3.645010245647647E-06;0.00014142260406562872;-76.98673937277223;-0.978531401678625;-0.002994803594020316;-0.18846398114805624
68515.760463;-3.3851066782238415E-06;0.00015510636015083148;-76.18533979511164;-0.9786499564929855;-0.0028298220372005253;-0.1874160657273913
68604.610697;2.3463537933336065E-05;0.00011434156697974945;-78.65678421014225;-0.9784968481829043;-0.002709059552277793;-0.1887780890133872
68693.576152;-4.606144137986594E-06;0.00014521417320116428;-76.75545247081635;-0.978850522421336;-0.002638561778668194;-0.18564090487028184
68782.656976;2.036671968095624E-05;0.00015894194676882416;-75.90449871634222;-0.9786818925478823;-0.002756581157260865;-0.18713448328802437
68871.853318;-2.3127516309717274E-05;0.00013067693864315212;-77.54207492332515;-0.9788465207762453;-0.002757167018813399;-0.1856735128059961
68961.165329;1.656451694848097E-05;0.0001220850478396089;-78.18752772559007;-0.97879865190652;-0.002777779581986619;-0.1860977717079449
69050.593158;2.6481353936081024E-06;0.00011237971440063113;-78.98383067948713;-0.9787511331293811;-0.002599120436963389;-0.18652381670746937
69140.136956;2.8177742581011863E-05;0.00013991587576497674;-76.90999644150713;-0.9785849519489526;-0.002633507511234333;-0.1879978840555977
69229.796873;3.120553786327146E-05;0.00014580152741745976;-76.53023986392296;-0.9786203575800813;-0.00224742414125153;-0.18769217822317733
69319.57306;5.368370754340182E-05;0.0001431053752903787;-76.31506918022455;-0.978415276398528;-0.002442224351782636;-0.1895084432801712
69409.465667;1.817436667167343E-05;0.00012708929361403482;-77.82990191504025;-0.9786730483390407;-0.002623888884911479;-0.18721621338281966
69499.474846;2.5540454468205578E-05;0.00014960608009642072;-76.3762509400568;-0.9786333001900093;-0.002584544428461119;-0.1875699188376987
69589.600747;1.824769863662425E-05;0.00012099119128732885;-78.24724623304226;-0.9789584731190856;-0.0025256236546444696;-0.18468570055233152
69679.843522;5.038692890109076E-05;0.0001261684991390072;-77.33831057536663;-0.9786440716360091;-0.00289382096838947;-0.18746663476038564
69770.203323;2.5010949780611855E-05;0.00010781047711092686;-79.11911896087499;-0.978722802342527;-0.0024425192585103427;-0.18677881861512538
69860.680301;3.158215428758604E-05;0.00012784368312343522;-77.60914847788732;-0.9784236812323387;-0.0024532730747592922;-0.18943358470590851
69951.274608;1.0985432739271624E-05;0.00011685266858072342;-78.60901270833185;-0.9785271248535451;-0.0023428989055003097;-0.18851772634549224
70041.986397;3.099127621030859E-05;0.00012951830674192108;-77.51157763679547;-0.978581630631883;-0.0024601455749059297;-0.1880313685027064
70132.815819;2.5094870969934362E-05;0.00014528055351732756;-76.62816542775491;-0.9784425088786154;-0.0021115050975313156;-0.18927352343083498
70223.763028;2.6166311602388535E-05;0.0001311072785742013;-77.47783243027517;-0.9787728150324573;-0.0022659413895937753;-0.18633875322183535
70314.828175;3.1264190478029655E-05;0.0001441477143164257;-76.62420687377944;-0.9786197203326459;-0.0022066442766988485;-0.18769865785572903
70406.011415;4.307249003861267E-05;0.00014286814367036647;-76.52347148221169;-0.9787537606347799;-0.002045945560775921;-0.18651214822367732
70497.312899;6.232281726743144E-06;0.00014194815896128907;-76.94904097318333;-0.9785542182231979;-0.001932522141248125;-0.1882851943876072
70588.732782;1.2488244269743208E-05;0.00012156185215668018;-78.25845950862191;-0.9788979553986172;-0.002292375276873407;-0.18522775524880863
70680.271217;3.9765098462257265E-05;0.00013961287570204297;-76.76273259460223;-0.9785083595734926;-0.002260386844281333;-0.18868601968690868
70771.928358;4.7703752956567214E-05;0.00014380634070375979;-76.39105454952801;-0.9786172624515296;-0.001992540863732661;-0.1877245501154805
70863.704358;1.1844977471762679E-05;0.0001498651144165696;-76.45894327847678;-0.9789692015626225;-0.0019200847984032262;-0.18460271178590879
70955.599372;-5.957634157321429E-06;0.0001393249657832109;-77.11148737007223;-0.9786280053820812;-0.0019413150699517875;-0.18763011407136185
71047.613555;8.110173018273506E-06;0.00013276417596161207;-77.52220582029742;-0.9784661308869541;-0.001735265478010635;-0.1890703934611151
71139.747059;7.763880280854345E-06;0.0001431649982793132;-76.87050942156955;-0.9785202840688607;-0.0016430396113305394;-0.18859110111669383
71232.000042;3.3578464373704104E-05;0.00012776064020194726;-77.58197240401714;-0.9788445423108189;-0.0015682429722934203;-0.18571437845136765
71324.372656;1.9886425952137134E-05;0.00015332423371526308;-76.2153322465417;-0.9786012835297683;-0.0016153690057088019;-0.18787254556759314
71416.865058;4.989743566959439E-05;0.00012791248627039279;-77.24657353645829;-0.978441741230832;-0.0016580271075811498;-0.18928809255807716
71509.477403;2.5017157483986556E-05;0.00014713656759467392;-76.5218174737963;-0.9785213172071806;-0.0016851411986753965;-0.18858129489045844
71602.209846;2.375957613066985E-05;0.00013582679062746107;-77.20939426846078;-0.9786276857457935;-0.0015300985662278189;-0.18763942430414823
71695.062543;1.5046644958872309E-05;0.0001313720213775235;-77.57334126763416;-0.9783878956109512;-0.0015422140445407694;-0.18976778785819423
71788.03565;3.23741633797501E-05;0.00012016439506016847;-78.10016765526132;-0.978876234143636;-0.0017723506592489439;-0.18543007223170827
71881.129324;1.3917357070741555E-05;0.000136487457461162;-77.25322258749829;-0.9786747778742216;-0.0017988963113064473;-0.1872174079914524
71974.34372;2.165707817602525E-05;0.00014020255714359149;-76.96247148132498;-0.9790271573012428;-0.0015786095657147447;-0.1840939308146852
72067.678995;1.083463559682056E-05;0.00011406465752395981;-78.81796951924349;-0.9788811727071028;-0.0016535411199061476;-0.18538809578816146
72161.135305;1.665072095783539E-05;0.0001369774930996242;-77.20331228354037;-0.9785271257622807;-0.0014382712295404622;-0.18853323260640956
72254.712809;3.2738848789293825E-05;0.000135649278467208;-77.10576972313095;-0.9787772068384515;-0.001684919127613942;-0.18631018583697545
72348.411663;3.2351048954130066E-05;0.00013904014246291033;-76.9082242467467;-0.9784163449488941;-0.0017939827335757353;-0.18951141529690518
72442.232023;-1.001143840322696E-06;0.00015913933095366883;-75.96427756688378;-0.9787214556740635;-0.001397686612861481;-0.18680896122833215
72536.174049;2.7734762125700547E-05;0.00011561270870887448;-78.49688350534022;-0.9788739084568518;-0.0015873820945341804;-0.18545352541506802
72630.237897;2.866563662106156E-05;0.00013870586500070941;-76.97646649038988;-0.9789735217793811;-0.0016412314194016494;-0.18456888111367553
72724.423726;2.927847868620499E-05;0.0001228232622101178;-77.97435863646118;-0.9785850091579705;-0.0013625309894970713;-0.18802040937379236
72818.731694;8.578103102196668E-06;0.00011904286009660128;-78.46344058823175;-0.9786352935918928;-0.0009560660927025332;-0.18757837222268592
72913.161959;2.5757906678273334E-05;0.00011399125938661635;-78.64629523049169;-0.9788871875860062;-0.0014544219428247796;-0.185337529213946
73007.71468;9.771507329175291E-06;0.00011852937788635256;-78.49406388859244;-0.9785649889001419;-0.0016421208111803431;-0.18819430007185972
73102.390015;1.3749730327858024E-05;0.0001399325822291412;-77.0398931829386;-0.9785432756298921;-0.0010426790453266133;-0.18839433122953925
73197.188124;3.734024100857089E-05;0.00013321565568491332;-77.18042081046667;-0.9788040730052988;-0.0012518137224760144;-0.18607753906339228
73292.109165;1.7488313453208877E-05;0.00012543161910811564;-77.94824549018112;-0.9785160147972793;-0.0011616381454348068;-0.18863512155705042
73387.153299;2.412247064769246E-05;0.00013739979510949557;-77.10843834460535;-0.978620798301864;-0.0011843569274285273;-0.18770481031497452
73482.320685;1.2108852350496091E-05;9.130504154146102E-05;-80.71438506431306;-0.9785008290600944;-0.0011460594508545068;-0.1887700831095024
73577.611482;2.4648887663758343E-05;0.00011400226463073843;-78.66330695001596;-0.9787172351892627;-0.0010829889113596063;-0.18684995632455764
73673.025851;-8.691178456519092E-06;0.00011901902571483123;-78.46457529337792;-0.9781355662024402;-0.0010367860290195557;-0.19201410721436138
73768.563953;3.1138710857940036E-06;0.00010222801034688749;-79.80457425333915;-0.9786728929011677;-0.0011155523716678206;-0.18724316771425373
73864.225946;3.125149279118861E-07;0.0001280511923697561;-77.85230159577412;-0.9786884872303585;-0.0008594791408884642;-0.18710705980620732
73960.011993;2.6985342154885723E-05;0.00010354023194501868;-79.41240474260478;-0.9787030232345669;-0.0007689793719024386;-0.186978721590764
74055.922253;3.119101004181914E-05;0.00013804367484712463;-76.98342136950535;-0.9785499782035931;-0.0006725116928875184;-0.18833771670662275
74151.956889;9.687336618785482E-06;0.00012515375517834819;-78.02518005572058;-0.9786864922817796;-0.0011962705910726374;-0.1871216257743273
74248.11606;3.507227739494862E-05;0.00012858721082120567;-77.50441256107209;-0.9785698278551253;-0.0008716476204957808;-0.18816013281365052
74344.39993;3.429244050242774E-05;0.0001226261597617823;-77.90132692150858;-0.9788333495039189;-0.0009862804963121168;-0.18582043804269838
74440.808659;2.496834415422612E-05;0.00011355346150212742;-78.69093763968421;-0.9785421114769489;-0.0006845236074008132;-0.18840747033991762
74537.34241;1.000519396407667E-05;9.933119931217218E-05;-80.01444645894183;-0.978449476635002;-0.0007082785499714057;-0.18922961874712468
74634.001344;3.532024875475593E-05;9.099828229376697E-05;-80.2098880032117;-0.9787721023269139;-0.0007346484344758652;-0.18636590771283473
74730.785624;3.366489516417971E-05;0.00010400389272042331;-79.22627193306282;-0.9785708675277539;-0.0008509356378508333;-0.18815106638978263
74827.695412;2.091889425602069E-05;0.00012912702217217353;-77.66714761189752;-0.9786735805484462;-0.0008218941941548588;-0.18723964450089894
74924.730872;8.58364687612925E-06;0.0001132052578292307;-78.89777090302731;-0.9782832352477503;-0.0005185523354143588;-0.19070655729974975
75021.892166;2.2899804349415383E-05;0.0001350708658167644;-77.26569513616725;-0.9785703551531344;-0.00043857713666939764;-0.18815802584820918
75119.179457;2.6038121759431202E-05;0.0001225985165263247;-78.03868600211831;-0.9784008466491311;-0.0004942381438618445;-0.18966249497398033
75216.592909;-4.266394610439543E-07;0.00011074870089388838;-79.11316273842145;-0.9786638898471318;-0.0004018013238102841;-0.1873279824050419
75314.132685;1.9908493336985876E-05;0.0001279800334141673;-77.75331333873356;-0.9789665087246427;-0.0003187060803038531;-0.18464285022521576
75411.798949;1.5035544954646353E-05;0.00012742575141215368;-77.83480740712037;-0.9785543782939056;-0.0007408325813992328;-0.18829822241107252
75509.591866;2.6201170248367743E-05;0.0001444171183071796;-76.66697741947003;-0.9787692605023711;-0.0003899665930420288;-0.18639288415811023
75607.511599;9.132925093379128E-06;0.00011761518587273489;-78.56462415611634;-0.9786853628014569;-0.0004293466826884518;-0.18713730281871424
75705.558313;1.1543096540422911E-05;0.00011165345579579494;-78.99638510744586;-0.9782495239626352;-0.00045391524018453946;-0.1910061602369897
75803.732172;9.140679342991175E-06;0.00012975124269053368;-77.71626926766817;-0.9784318674174846;-0.00022806342260435177;-0.18938798040762506
75902.033342;1.0713125437657612E-05;0.00012612286606665196;-77.95290092515505;-0.9788202368353958;-4.598939252070052E-05;-0.18594119661563058
76000.461987;1.6960970105187635E-05;0.00010769505047243814;-79.24967986271247;-0.9784662195886801;-0.0002936595564334346;-0.18908287402464544
76099.018274;3.572272315045645E-05;0.00011928428081444542;-78.0953235815119;-0.9783737171324588;-7.053207797572395E-05;-0.18990443001376325
76197.702366;2.86117589945073E-05;0.00010783424178216013;-79.04940319032976;-0.9783683760754834;-0.0003839772114533345;-0.18995120106031244
76296.514431;3.9574801018754694E-05;0.0001361955814137286;-76.96471299478185;-0.9784678251480428;-0.00026773394936728995;-0.18906868743513072
76395.454633;2.389789441750742E-05;0.00010788839468626991;-79.13248232938585;-0.978684150563085;5.235861201981201E-05;-0.18714888490443926
76494.52314;2.450267496504238E-05;9.638044335717645E-05;-80.04822549807344;-0.9784044820234298;-0.00021914196142441567;-0.18963111183501039
76593.720118;3.3099126596050716E-05;0.00010462570423122478;-79.19298125259188;-0.9789291166233957;-0.00028859663602430285;-0.1849747011677922
76693.045732;4.066637475984072E-05;0.00011238867610862167;-78.45120711321275;-0.978736234199495;0.00035040337823419445;-0.18668610709325126
76792.500151;2.162365335593691E-05;0.00010434331553069482;-79.44808658871045;-0.9784517461456185;-4.1616118022002527E-05;-0.18921173972203983
76892.083541;2.00762888918146E-05;0.00012621062448307503;-77.86955865999697;-0.9789548447666746;0.00012429195851353442;-0.18474672969954944
76991.796069;5.322698577901149E-05;0.00012399083576714287;-77.3976543935526;-0.9787189923443969;0.00019374090868659277;-0.18683950943482625
77091.637902;3.0121251692290584E-05;8.901930463107745E-05;-80.53954393485898;-0.9785914434804373;0.0004881566459200058;-0.18797063740086553
77191.609209;3.822507799457819E-05;0.00013437939838371364;-77.09542896555796;-0.9788088337735209;-4.12360419155377E-05;-0.1860423879780659
77291.710158;2.1509809805598972E-05;0.00012759452600378672;-77.7616581531913;-0.9785707621544348;-0.0001790090768971168;-0.18815514028870603
77391.940916;2.010371041606267E-05;9.931784874405545E-05;-79.88505924026951;-0.9788588926032475;0.00019524613924344197;-0.18559801526990866
77492.301651;9.166785493735087E-06;0.00012570948579296082;-77.98960707590797;-0.9784691215520234;0.0005184296393499548;-0.18905628519949735
77592.792533;1.78379696955347E-05;0.00013664450522939806;-77.2147700269129;-0.9787612297345929;0.0005576789278040029;-0.18646343134923993
77693.41373;2.6295287332676496E-05;0.0001222456258561454;-78.05890026651136;-0.9784439070533788;0.00029562761741414907;-0.18928094040625368
77794.165412;2.2308672695130272E-05;0.00010110196352292538;-79.69834226418442;-0.9787239737719116;0.00031298073421622615;-0.18679502666915956
77895.047746;9.704618329584051E-06;0.00010391495231930983;-79.62872553698509;-0.9786272594517995;0.0002020512506059267;-0.18765363943617813
77996.060903;3.859273814336699E-05;0.00011308595282269715;-78.45337727505309;-0.9786169960565322;0.0002514878643221571;-0.18774463187240573
78097.205053;4.2513875969462376E-05;0.00010206301771641441;-79.12776382932256;-0.9784220658320256;0.0001832260044883161;-0.18947507667893967
78198.480365;1.4911882598268752E-05;0.0001156175649301606;-78.66787396066522;-0.9786334624536002;0.00022851020125183366;-0.18759853268221116
78299.887009;3.4211919013111605E-05;0.00012792859571739856;-77.56064980475962;-0.9783186793008831;0.0005644922017906898;-0.19039163998041106
78401.425156;2.8101939588568327E-05;0.00012055463231851866;-78.14652276319795;-0.9784324803290105;0.000600351406184256;-0.18938114027279046
78503.094976;2.6619368060119953E-05;0.00013654019128032943;-77.132783055899;-0.979004351485168;0.0005197437929868291;-0.18430633271597224
78604.89664;1.2006517751549645E-05;0.00013548454457819678;-77.32823147232166;-0.9784263768062732;0.0010096098989962146;-0.18943233443913277
78706.830319;2.1505144036751454E-05;0.00011419024256197783;-78.6960566881346;-0.9784233062485383;0.00040362000948870603;-0.18946347820289397
78808.896184;6.899829875478042E-06;0.0001131867350478289;-78.90798050670593;-0.9789521814608344;0.0005332466246964322;-0.1847691416289575
78911.094406;2.8943966211736173E-05;0.00010640327041440963;-79.1508752832531;-0.9789043902348592;0.000960287791776065;-0.18519029556252298
79013.425158;1.1720904762342438E-05;0.00012426111809234517;-78.07482583224652;-0.978635197638096;0.0008664066875177078;-0.1875799648285488
79115.888611;4.324458893849905E-05;0.00012190850985950611;-77.76457873934609;-0.9786428931243691;0.0005125896063777039;-0.1875138762309114
79218.484937;8.042883217950084E-06;9.816046646107744E-05;-80.13220871762385;-0.9785215899661125;0.000640442463274567;-0.18858989333961174
79321.214308;1.626326543218925E-05;0.00011435946271810677;-78.74760167770005;-0.9784640549279858;0.0012295243855336261;-0.18909562347975367
79424.076897;1.85268403304015E-05;0.00012574102731261171;-77.91718583616304;-0.9786927871508551;0.0009241401556282373;-0.18706837507555024
79527.072877;3.359504805294899E-05;9.194335551870967E-05;-80.18534411732169;-0.9786559667345456;0.000916646387249412;-0.18739522434330386
79630.20242;3.170458881751535E-05;0.00010565680515829752;-79.14761474981368;-0.9787072852497196;0.0006201307009827809;-0.18694183422194224
79733.465701;1.445260113213918E-05;0.00012211193589499922;-78.20442390490757;-0.9784700165115301;0.0008367831319836498;-0.18904638356315162
79836.862891;3.609712011012051E-05;0.00013518771868110212;-77.08215674298293;-0.978907734858552;0.0009167000814652642;-0.1851609893414326
79940.394166;2.634865297053341E-05;0.00012396770195401342;-77.94193817795389;-0.9783681668127924;0.001307265500822101;-0.18994597416318734
80044.059699;9.976635117121386E-06;9.537581972254115E-05;-80.36397248157108;-0.9789463623459952;0.0010975500972234115;-0.18481660226454227
80147.859663;2.9726208044161623E-06;0.00011042966954256661;-79.13513872438875;-0.9786043755959207;0.001032251710731134;-0.1878521023957273
80251.794234;2.176491475269846E-05;9.276081007982333E-05;-80.4199645517069;-0.9785910270962644;0.001410815841279575;-0.18796638732141516
80355.863585;2.512733223559443E-05;0.00011189464481171155;-78.81014990238333;-0.97825413873089;0.0013616015738948835;-0.1909577072230162
80460.067893;7.807755671236201E-06;0.00010265969831709918;-79.74695171013104;-0.9790012470838343;0.0015087790468606638;-0.1843247845748232
80564.40733;4.0951571472601284E-05;0.00011653721591198676;-78.16503701645202;-0.9785151670814178;0.00144220999658727;-0.18863933271781583
80668.882074;3.511051846165511E-05;9.717003549444219E-05;-79.7164170527956;-0.9787073929179294;0.0011102228576183942;-0.18693703373114504
80773.492299;3.5668466170222085E-05;0.00014587579703372885;-76.46815175174999;-0.9782323955875671;0.001365374438006854;-0.1911507190296159
80878.238181;1.681080324071852E-05;0.00010978971172523967;-79.08812123907464;-0.9787124180853494;0.0013845117387674835;-0.18688933379487105
80983.119896;3.479569362949023E-05;0.00013183596259516714;-77.30686472412971;-0.9787057286647506;0.0017537078309636206;-0.1869434480910614
81088.13762;3.3224376298934665E-05;0.00010002087988340654;-79.5436273732438;-0.9784782676913033;0.0012081753711762249;-0.1889696930316408
81193.291529;2.305460980038534E-05;0.00012890265787303856;-77.65801461831163;-0.9785398656467401;0.001339462615835758;-0.18842139292080495
81298.581801;2.2323118051888983E-05;0.000110183090140122;-78.98299829903348;-0.9784936711264194;0.001783466209936225;-0.1888251523564669
81404.008611;2.582669399474653E-05;0.00010945160870626427;-78.98023718537422;-0.9787953536143705;0.0016141833250341332;-0.18615020710062097
81509.572137;4.235434983076064E-05;0.00011299585404542074;-78.36780345747803;-0.9784083222640072;0.0016763563982267252;-0.18958448862944424
81615.272557;5.101242274664626E-05;0.00011479391113285663;-78.0189549715294;-0.978404223095802;0.0014628326515291846;-0.18962392021331892
81721.110047;2.8529763036157842E-05;9.308057810436747E-05;-80.23285980813627;-0.9782782075196342;0.0015134461136312484;-0.19074202311696808
81827.084786;2.353931675703104E-05;0.00012078631733999017;-78.19775634059356;-0.9784348743555914;0.001695577987111999;-0.1893484804064324
81933.196951;2.2884654891435474E-05;9.72329659628447E-05;-80.00958367656818;-0.9784533436857547;0.0015726924639550672;-0.18918634598797582
82039.446721;2.2032676261086126E-05;0.00011389527534883938;-78.71033269571234;-0.9784270663261194;0.0015820050069794717;-0.1894194836414029
82145.834274;1.279242396324831E-05;0.00010196095654516486;-79.76349128498032;-0.9787009366278082;0.0018741382610806224;-0.18698399585639888
82252.359789;1.6673003872267213E-05;9.976655020345436E-05;-79.90066905770729;-0.9784000271442878;0.0015603870920967136;-0.18965983219080354
82359.023445;4.58011177465876E-05;0.00011003897548968917;-78.47518452428076;-0.9787645467255707;0.001940478946100157;-0.18641833468204985
82465.825421;2.0629235350738046E-05;0.00010436917363647506;-79.46211517854505;-0.978445429936152;0.0015803693769484773;-0.1892564879275148
82572.765895;2.879370659907648E-05;0.0001134265182940071;-78.63448980517346;-0.9786392555959176;0.0017253345467213702;-0.18753385393324173
82679.845049;2.0761351371840217E-05;0.0001184727638598761;-78.39626637298808;-0.9781983674916194;0.0019287786699473401;-0.1914444413623637
82787.063061;2.1358312127883013E-05;0.00010865398663616039;-79.11443423295304;-0.978500059046404;0.0018863467068050564;-0.18876673593183207
82894.420112;2.8453322907657055E-05;0.00013088410958104655;-77.46171709605117;-0.9790810632847174;0.0019501965693716253;-0.18360975285346093
83001.916383;3.2751297678769654E-05;0.00011361398495317437;-78.5446844054635;-0.9784178427721147;0.0019566399752926826;-0.18949535078094193
83109.552052;1.4972745978500925E-05;9.042134234361535E-05;-80.75710256182695;-0.9786690792505651;0.002028345990086941;-0.1872640022871797
83217.327302;1.642334675288999E-05;0.0001119255003665516;-78.9289033848413;-0.9783534957180705;0.0022499707568006096;-0.1900610086670561
83325.242314;3.897833793323508E-05;0.00011243800707957885;-78.48887177825114;-0.9786147936274388;0.0023077834762424707;-0.18774031494636023
83433.297268;3.3420090061877866E-05;0.00010613059107559463;-79.07258139889178;-0.9782268074112785;0.0021836171465944034;-0.19118715817678872
83541.492346;3.230177792082012E-05;0.00011632915412235496;-78.36365306514031;-0.9783408226520158;0.002183232586482533;-0.19017486358921948
83649.82773;2.3846196988784935E-05;9.742950983570986E-05;-79.97352354646506;-0.9783025008632363;0.002042275135702634;-0.19051779917398665
83758.303601;1.5338339815732703E-05;0.00011031790737651886;-79.06392541113931;-0.9787775778532254;0.002137551181400125;-0.18629904998452995
83866.920143;2.085010437014883E-05;0.0001186977293552234;-78.37917413591353;-0.9789138525270529;0.002261864196658193;-0.18508732961461036
83975.677537;1.703257324738821E-05;0.00011923582981370517;-78.3841365756165;-0.9785694932225968;0.0024648838765046806;-0.18813899428828645
84084.575966;3.612539603651059E-05;0.00011069724437292485;-78.67774768729578;-0.9789788776532498;0.001922767959349294;-0.1845168148470511
84193.615613;1.556802253520509E-05;0.00012060799679697822;-78.30071404189425;-0.9782732665702614;0.0022794889746058913;-0.1907727072656966
84302.79666;1.1311111959275376E-05;9.949961168543148E-05;-79.98780738504932;-0.9785462003324558;0.0023729581670997933;-0.18834776268078895
84412.119293;3.0250260211118752E-05;0.00011329726064564619;-78.61654742660393;-0.9786236824666467;0.0026528562895248506;-0.18765365864419442
84521.583693;1.7294684153427023E-05;0.00013821089194385346;-77.12167898458812;-0.9781082667731342;0.002400338366666089;-0.19223525522251653
84631.190045;2.933630093766181E-05;0.00013026349919772066;-77.48868197448354;-0.9782661956557388;0.0023634214880835754;-0.19083371993382742
84740.938533;2.700267788296286E-05;0.00011008828206556655;-78.91145054283288;-0.9783874286948243;0.002473543388802809;-0.18975496498695618
84850.829341;4.1971889068766384E-05;0.00012550323415008575;-77.56646860810706;-0.9784230997856498;0.0026490948382171206;-0.1894342136896625
84960.862654;2.443848155759204E-05;0.00013169668909817318;-77.46147125426127;-0.9785728332950262;0.002656263235329471;-0.1881049028268357
85071.038656;5.270757625431039E-05;0.00011114786187138573;-78.20105510144612;-0.9784487523118174;0.002470733792770534;-0.1892106321355171
85181.357534;2.643673134071904E-05;0.000100648089207546;-79.65414107718728;-0.9784789727362346;0.0026467094169869577;-0.1889382801790261
85291.819471;1.7182041483194903E-05;0.0001132580647585394;-78.81979719092196;-0.9786528924626614;0.0025140818459119317;-0.18739765903391753
85402.424653;1.8499915174234992E-05;0.00013293050396691767;-77.44419598887286;-0.9782970600169323;0.002559925639246812;-0.1905552954030686
85513.173267;3.899548829814572E-05;0.00014065992661596013;-76.71500868597941;-0.9782376256550579;0.0028867935839091037;-0.1910749208327373
85624.065498;4.6214523476100874E-05;0.0001289868536393044;-77.26457283991992;-0.979005475897388;0.002604295107266702;-0.18426684863517315
85735.101532;7.5050536983449905E-06;0.00012526632701423691;-78.02775186399849;-0.9784695049214003;0.002997603311331808;-0.1890133410362242
85846.281556;2.0279870580040183E-05;0.00012331224845318098;-78.06397279275254;-0.9785220867894;0.002820781255252155;-0.1885512542225379
85957.605757;5.387338825454755E-05;0.00010869833378389299;-78.32160947047954;-0.9784725161074949;0.002561097050482661;-0.188997617430489
86069.074321;2.569604007418558E-05;0.00013458593828379593;-77.26451022550756;-0.978384600490225;0.0030444439906841016;-0.1897657806643948
86180.687437;3.123825524911101E-05;9.522226490124776E-05;-79.98131853026662;-0.978632655798665;0.002992956238495839;-0.18756530861511395
86292.44529;4.097045464705199E-05;0.00010720948602432403;-78.80333373738796;-0.9783895426115877;0.0035279083331247124;-0.18970749022457653
86404.348069;2.698569798046961E-05;0.0001400574331729671;-76.91556982149085;-0.9783915610757316;0.0032737844122446022;-0.18969741288098127
86516.395963;4.4005789277982676E-05;0.00011181901896048187;-78.40432731839675;-0.9784466238285664;0.003008291255003786;-0.1892161661454356
86628.589158;3.29647192075874E-05;0.0001479524771625794;-76.38714081129655;-0.9785637852373622;0.002807839634698455;-0.18818145764175997
86740.927844;3.9154539916416214E-05;0.00011717160152905279;-78.16381089672453;-0.9785501024668208;0.0030603315906215026;-0.18829618803667925
86853.412209;4.41718043978252E-05;0.0001296818700305704;-77.26569608797483;-0.9783948773878761;0.0028187440169891824;-0.1896805496013514
86966.042442;4.664535236208997E-05;0.00010021279384866037;-79.12985911911753;-0.9785013319751068;0.0034046701392771456;-0.18871899794299507
87078.818732;5.443740805120626E-05;0.0001302905150387569;-77.00295544016879;-0.9784551414807523;0.0033904160472593304;-0.1891294624573398
87191.741269;3.377451326656758E-05;0.00010053074252788407;-79.48957592319448;-0.9785468487460695;0.0035304672134533013;-0.1883110154870314
87304.810242;6.733647071958372E-06;9.466563786106543E-05;-80.45423453842949;-0.9785290988456846;0.003335000607410535;-0.18847465515614978
87418.025842;4.6657904967107433E-05;0.0001277367987932743;-77.32977369076431;-0.9785107895233431;0.0033542222953790836;-0.18863659384436013
87531.388258;3.679430829188165E-05;0.00011990689960245546;-78.03230260297869;-0.9786405545980225;0.0033361830518534143;-0.1874853529525056
87644.89768;4.651577666394847E-05;0.00011840270442942573;-77.90943169288556;-0.9787039960242351;0.003644923971603569;-0.1869125333609859
87758.5543;2.2932605815232344E-05;0.00010191865925133708;-79.6204320920935;-0.9782177647847965;0.003334298514979977;-0.19123863320278617
87872.358308;2.3904224415694232E-05;0.00013984402944896876;-76.96204457185475;-0.9785402659614256;0.0029836097059069673;-0.18838560235860088
87986.309896;3.372610569713816E-05;0.00012387112930633344;-77.830030838866;-0.9786294566215238;0.0033379863141721196;-0.18758379748867265
88100.409254;3.490036566431921E-05;0.00011917286973508788;-78.1190975674751;-0.9779153963493796;0.0032943211439371047;-0.19392504067976632
88214.656574;4.799083900063252E-05;0.0001510771793242114;-75.99851846261873;-0.9780040522536864;0.0032524682851249407;-0.19313888356650916
88329.052049;3.163150241265969E-05;0.0001209444143056906;-78.06093726893917;-0.9784656231143491;0.0035592543200678806;-0.18903109448853778
88443.595871;6.475441175108911E-05;9.125651253402333E-05;-79.02364976016142;-0.9782266418184382;0.0037433899750596708;-0.19114667213757483
88558.28823;6.608458410363436E-05;0.00011478189487768771;-77.55919515632854;-0.9783212354507119;0.003681736626000588;-0.19030888455045863
88673.129322;8.848313257419054E-05;0.00013127092471348616;-76.00996050727996;-0.9790525554425776;0.003869581241614108;-0.18381205202195883
88788.119337;2.7861202555858537E-05;0.00011460661339234692;-78.56644070740788;-0.9785584086368465;0.003616456603315736;-0.18820562099614438
88903.25847;7.202343488883063E-05;0.00012556030432715396;-76.78758653839486;-0.9785909179233875;0.003467155854209354;-0.18792186663877525
89018.546914;6.718746187059402E-05;0.00012600699162271768;-76.90541945848017;-0.9784568466799147;0.003953504870345227;-0.18909556678052147
89133.984862;5.7682873795397814E-05;0.00013721148373254763;-76.54541865748561;-0.9784023670522856;0.0038806362719953163;-0.18958178498913525
89249.572508;4.121833834159082E-05;0.00012033151553841287;-77.91058389997825;-0.9785444067988048;0.0040874548797805565;-0.1883134465744243
89365.310047;5.329488601308515E-05;0.0001430214266942396;-76.32728460173026;-0.9785954871861859;0.0036910070937512234;-0.18787404422319204
89481.197673;5.2332116490067626E-05;0.00011829114347703177;-77.76466548791387;-0.9784574295373979;0.0038034204288705906;-0.18909567379747533
89597.235579;4.977789190045966E-05;0.00012534555706643022;-77.40182887151076;-0.9785336490822688;0.003927649453779747;-0.1884147438793961
89713.423962;6.645000681868714E-05;0.00011996464266496137;-77.25677729884646;-0.978520357732966;0.004127264260007354;-0.18852542982642034
89829.763017;9.012877412966615E-05;0.00012717248916331296;-76.14464543155681;-0.9785041747077827;0.004412371408722387;-0.18865803468872328
89946.252938;5.069284918719189E-05;0.00014064877690455897;-76.50686653877075;-0.9785325335385077;0.003978642187140437;-0.18842281722233734
90062.893922;7.452276325639156E-05;0.00012292404206544672;-76.8478639789126;-0.9785857019022748;0.003986796865553467;-0.1879505972443281
90179.686164;7.68188057637332E-05;0.00010852467678050579;-77.52548829109496;-0.9783502171630196;0.004056559983418293;-0.19003842173575478
90296.62986;6.166445478399966E-05;0.0001143969581602573;-77.72391718034157;-0.9780767820170412;0.0042500733773461405;-0.19245900608147
90413.725207;6.481989946432837E-05;0.00013602238445154744;-76.4390319907059;-0.9783709791382416;0.004114259501699432;-0.18985196101496798
90530.972402;6.412191172711826E-05;0.00011019706596869527;-77.89012681199794;-0.9783086913994792;0.003913165712059758;-0.19041227865955854
90648.371642;6.612272306148056E-05;0.00011577994482953911;-77.50136394114007;-0.9783552420606714;0.004270760023783194;-0.1899857181077623
90765.923123;6.281214916796926E-05;0.00011608215285157044;-77.58941072034285;-0.9781634437881541;0.004210843981268607;-0.19169095441198866
90883.627042;6.85488030759242E-05;0.00013666578614639086;-76.31220967238066;-0.9783487750275212;0.004474736415195045;-0.19003503806388927
91001.483599;5.8500980950921965E-05;0.00010025648549504915;-78.7051223527299;-0.9786955342803856;0.004183165654614674;-0.18696852608323739
91119.49299;8.802597594415458E-05;0.00011604140036982324;-76.73373770165948;-0.9781798149773296;0.004569519375789272;-0.1915312915900037
91237.655415;8.856775644799498E-05;0.00012366867109558357;-76.35670660330197;-0.9785318330108377;0.004481070251598165;-0.18840975759341433
91355.97107;7.572556192673061E-05;0.00014643123907077894;-75.65806979114595;-0.9788373788613508;0.004673962083645937;-0.1856900707150495
91474.440156;7.601476842838918E-05;0.00011283922225857532;-77.32571641855435;-0.9784050226945373;0.0044453537145306655;-0.18953687884378856
91593.06287;7.580653925969907E-05;0.00011393490509992658;-77.27513376515287;-0.9781857243113711;0.004718816716504109;-0.19147252617478533
91711.839413;7.048739862906958E-05;0.00011808059045603772;-77.23274041121806;-0.9783124115797266;0.004827224730108593;-0.19034299826264325
91830.769983;6.754466374920464E-05;0.00013059201291013679;-76.65213508991555;-0.9783831735322484;0.004478912249690155;-0.1897294864266322
91949.854781;0.0001013013912788881;0.00013116789037239117;-75.61188972667514;-0.9781479887659518;0.004436170250767988;-0.19181934644491533
92069.094006;8.658434396902873E-05;0.00012206473002188989;-76.49816996230724;-0.978264289166283;0.004140632385274891;-0.19079819194909609
92188.487859;7.256013918487155E-05;0.00012320280701536655;-76.89436136152993;-0.97827612542881;0.004712573687611295;-0.19067012414062276
92308.03654;8.710523539963815E-05;0.00012162271946289602;-76.50151407482598;-0.9782361047641196;0.004610641768887167;-0.19102977031431337
92427.74025;7.460442868415535E-05;0.00012140354747516986;-76.92404660799923;-0.9786696734501759;0.004474785508244742;-0.1871865907507175
92547.59919;9.154404086151428E-05;0.00011597238503933606;-76.60948144136174;-0.978588831128581;0.004703422914528686;-0.18789458065500203
92667.613561;8.525699612143497E-05;0.00014433968332960276;-75.51251959360988;-0.9787915672067481;0.004831783240885322;-0.18608978835505632
92787.783566;9.13696895082444E-05;8.979779649091606E-05;-77.84836787146106;-0.9783198363672237;0.004962085159726718;-0.19027108927857922
92908.109405;0.00010167130051732645;0.00010673668713585374;-76.62944795929286;-0.9787129530755809;0.004626097262237394;-0.18679624852807347
93028.59128;9.085908225327265E-05;0.00011306325409326444;-76.76981671881802;-0.9786830544224884;0.004814877110056426;-0.18705351050939925
93149.229395;0.0001189384994188965;9.526155708977688E-05;-76.34116633303128;-0.9783415401530717;0.004678923023344426;-0.19009078859081663
93270.023952;0.00010870549748106335;8.157596063640089E-05;-77.33497305865316;-0.9783772150939883;0.005058961540857418;-0.18975728306551173
93390.975153;0.00010624366384773504;0.00011726236068361736;-76.01397288864422;-0.9785730987652144;0.004897501165644063;-0.18802576756771833
93512.083202;7.886111375274152E-05;9.839280214455472E-05;-77.98596900042176;-0.9783326149477986;0.005281331152954332;-0.19014280211398848
93633.348302;8.372839170819013E-05;9.887336717366398E-05;-77.7504278645123;-0.978676418691569;0.00495561227382321;-0.18710616724105247
93754.770657;0.00013563141558754286;0.00010717178406869599;-75.24595102819445;-0.9785316354742122;0.004970663964340572;-0.18839052294759448
93876.350471;0.0001088272688894446;9.014520689283484E-05;-76.99632096049541;-0.9784949118554558;0.005554818124879834;-0.18868860768446016
93998.087947;0.00010535478198861424;8.786600149177125E-05;-77.2537889697135;-0.9785592515270429;0.005029392390819073;-0.1881427366681152
94119.983291;0.00014091101088591816;8.917793953951362E-05;-75.55820595383271;-0.978389713624158;0.0051263494825874644;-0.18964321271592377
94242.036707;0.00011687596165237249;7.7642386102423E-05;-77.05791108216712;-0.9785053625263641;0.004975914819733428;-0.18862349374376386
94364.248401;0.00012427496270027888;8.46901299700443E-05;-76.45571060885983;-0.9787417340088387;0.005375478696830703;-0.18650685392848004
94486.618576;0.00013788391147737054;8.928202538904735E-05;-75.68905692950851;-0.9781204192326747;0.005169973192885339;-0.19203216287934297
94609.147439;0.00013882866195049953;0.0001128534391379109;-74.94723876040626;-0.9784768424805576;0.005321576781544537;-0.18886050891662645
94731.835196;0.00010774662711892303;5.726563196023682E-05;-78.2714356328464;-0.9783431767848543;0.005266003688890072;-0.19004976813904725
94854.682053;0.00010778733028569838;5.793957503373956E-05;-78.24630183983959;-0.9784961214156375;0.005092274056879664;-0.18870020867355178
94977.688216;0.00014638928822517547;6.440319929493358E-05;-75.92140280253345;-0.97832770278756;0.005039612576470537;-0.19019773202880264
95100.853891;0.0001506856726159974;5.586127077116191E-05;-75.87931864014215;-0.9783089114128;0.005517629874135566;-0.1903416658671536
95224.179286;0.00014930572375925242;7.013140935006784E-05;-75.6526166276838;-0.9783962113572181;0.0055700187597473565;-0.18956399962963966
95347.664607;0.00013401218068226993;8.41126205949776E-05;-76.01466325598368;-0.9784573287500753;0.005281371547744404;-0.1890356616579511
95471.310062;0.00015849386696559613;6.060806889542293E-05;-75.40703370993891;-0.9787165428615441;0.005670449313489366;-0.1867156381441262
95595.115859;0.0001337902709976551;5.774857399606359E-05;-76.72953166462105;-0.9782988202664086;0.005413777156977672;-0.19043640881079252
95719.082205;0.00015470288460562697;5.2842197196248846E-05;-75.73077730969564;-0.9785235110744716;0.005500533738070646;-0.1884374723574163
95843.209309;0.00011319067842953509;7.731053342747026E-05;-77.26095218034251;-0.9782657990846476;0.005723353958113097;-0.19071393967177597
95967.49738;0.00012394739131655426;4.244658082950144E-05;-77.65364591337038;-0.9780037370875173;0.00541252942784115;-0.193056700254462
96091.946625;0.00013416595249532664;2.0035564659369782E-05;-77.35136704485667;-0.9787364034398434;0.005365247019461942;-0.186554657235007
96216.557254;0.0001491832809753466;3.213402502291837E-05;-76.32863203439149;-0.9787681033233032;0.005627153060469177;-0.18626029544458145
96341.329477;0.0001258783054587156;1.6468193667591366E-05;-77.92727942004635;-0.9784851806862798;0.0059646611238937;-0.18875357217734656
96466.263502;0.00011314464205855503;5.695087638085873E-05;-77.94657237648718;-0.9781650565157283;0.006039733517936085;-0.1915915430202753
96591.35954;0.0001280505226999254;1.0207387680385172E-05;-77.82486389827903;-0.9785393196622534;0.0058858179982058546;-0.18827725597906642
96716.6178;0.0001343357058404246;2.368604708156029E-05;-77.30321058831089;-0.9786655126089246;0.00590967912413615;-0.18715595564180626
96842.038494;0.00013016438240424902;7.788390154772998E-06;-77.69463577919436;-0.9787640320361483;0.005531335600762539;-0.1863012710836749
96967.621831;0.0001283817618837269;7.614954059569365E-06;-77.81468057648682;-0.9783714637489473;0.005457864697083387;-0.18978930804989702
97093.368023;0.00010906077880160865;8.673122027603693E-06;-79.21924842917724;-0.9783600247825551;0.005770989818489424;-0.1898749071510869
97219.277281;0.00013252131519986057;1.2901153785886185E-05;-77.51331958417245;-0.9785141794080866;0.0058092334690747;-0.1885044676469338
97345.349816;0.00010442696869203824;1.0417729541896163E-05;-79.5807382054817;-0.9784509601105736;0.005880310999549449;-0.18906187014954395
97471.58584;0.00010959189352068783;-1.1103107119678279E-05;-79.16008103048878;-0.9784722059309269;0.006034124631617731;-0.18886496329219263
97597.985566;0.00012206086297383607;8.312369899930792E-06;-78.24837683122348;-0.978563294376826;0.006115803256835984;-0.18805193968050524
97724.549204;0.0001025166207233744;-5.089373341858511E-07;-79.78400732649322;-0.9786069229211233;0.00642867133439291;-0.18764691157348415
97851.276968;0.00010463805563581388;2.0098020442828186E-05;-79.44887330382157;-0.9784082275789624;0.00579783240785403;-0.18944557891683686
97978.169072;0.00010315231438424186;1.3776093808424317E-06;-79.72964593724946;-0.9781678812969737;0.00582233017380986;-0.1915781654875262
98105.225726;0.00011694309151818837;4.245730620191925E-06;-78.63478782276113;-0.9785130499476905;0.006225418779551978;-0.18849177587376398
98232.447146;9.107386928671051E-05;-1.541835262933743E-05;-80.6894023202114;-0.9786807399928668;0.005973382744866238;-0.18701738271140805
98359.833545;9.740156305418222E-05;-2.2140892805566024E-05;-80.00987682117898;-0.9782985261181679;0.006026456717079461;-0.19040721538078104
98487.385137;0.00010834998686902777;-8.238350559320853E-06;-79.2783873271376;-0.9784306610387423;0.005705530980739252;-0.18925125015559985
98615.102136;0.00010451588775885342;9.848507169486706E-07;-79.61596812006053;-0.9784968584155146;0.006346210611317059;-0.18862860960391817
98742.984756;0.00010592970001844116;-1.4496688204335154E-05;-79.41906075256958;-0.9780917444676935;0.006294519083586756;-0.19222827160922049
98871.033213;7.14712920591496E-05;-4.150774179803207E-05;-81.65513284900453;-0.978269375381884;0.006258842097637351;-0.19065307097929082
98999.247721;7.406366048476958E-05;-1.056678402995868E-05;-82.5203827384313;-0.9780664683713551;0.006574190549142919;-0.19243638969840687
99127.628496;7.760801319466081E-05;-3.0240770443764815E-05;-81.58796508754739;-0.9785023749477616;0.006245861522523335;-0.1885853741252948
99256.175753;9.324239428200525E-05;-2.384084547772847E-05;-80.3327037218051;-0.9784647203437016;0.006739339945789016;-0.18889054981024375
99384.889708;8.317536755852172E-05;-1.9477192812780445E-05;-81.36825729206598;-0.9783486828240712;0.0068528505134806735;-0.1899136339383023
99513.770578;6.69099987904322E-05;-1.6467239089634508E-05;-83.2347850553905;-0.9784577666019288;0.006397998667835931;-0.18897261709034302
99642.818578;5.957009406201467E-05;-3.393959155407681E-06;-84.48535965111446;-0.9781010405773013;0.0061467186132422155;-0.19215406899251
99772.033926;5.526247371547409E-05;-2.2172844124653742E-05;-84.50313198844908;-0.9784892369937985;0.006786866208983598;-0.18867001127363034
99901.416839;6.611041097689367E-05;-1.7949548253119606E-06;-83.5914025537525;-0.9785296109309033;0.006564022661396652;-0.18832513659677402
100030.967533;6.854550044259794E-05;4.32028743490616E-06;-83.26320266100994;-0.9783466339782433;0.00689618869003964;-0.18992911948616475
100160.686227;6.017323498473427E-05;-1.448835495977887E-05;-84.16718384836722;-0.9781465111122243;0.00672730482508812;-0.19171637312210874
100290.573138;5.2559434093263704E-05;-6.795967111692092E-06;-85.514978493932;-0.9785741674294699;0.0068653969084162296;-0.1879113045509981
100420.628485;7.39265011466874E-05;-2.5394261811135645E-05;-82.13959066631021;-0.9785124745912162;0.006432479532051077;-0.18848499532798563
100550.852485;5.640913854734287E-05;-1.236976433306345E-05;-84.76903903735064;-0.9783101785495784;0.0068041093029016465;-0.19025848954404168
100681.245358;5.059685191344149E-05;-1.2856372986951048E-05;-85.6458126167105;-0.9779445310242112;0.0070729009136883845;-0.19348838952129516
100811.807323;5.913915304371994E-05;-4.213031765185341E-06;-84.54051312112513;-0.9783564916556773;0.006652087691792181;-0.18985661106780408
100942.538598;5.1654921498038225E-05;-2.146335929661518E-05;-85.04607385759024;-0.9780581157538285;0.00700663386588846;-0.19248390174539987
101073.439404;5.525991605610616E-05;-3.1256041186450314E-05;-83.94630468267856;-0.978263246885443;0.006925779083523009;-0.1906675798163815
101204.50996;4.582825960990397E-05;-1.918085205060363E-06;-86.76973166291046;-0.9781173113860505;0.007063352163983496;-0.1919546206129411
101335.750487;2.459534137543115E-05;-3.4793739994211447E-06;-92.09688891129368;-0.9778024529406695;0.006910681465212462;-0.19476062508691816
101467.161204;3.842661531688365E-05;-1.327178924295527E-05;-87.81794107445612;-0.9783830179634723;0.0071974527470245716;-0.1895868571691614
101598.742333;2.7670501466440964E-05;-4.311952566929498E-05;-85.80878940564807;-0.9782561248112922;0.007255415298663812;-0.19070959987853242
101730.494094;1.911785219076586E-05;-2.7637321261633073E-05;-89.47185365251435;-0.9782730499413018;0.007273857732926182;-0.19055811610677015
101862.416709;3.4623935701348926E-05;-1.4354741733029074E-05;-88.52362150800474;-0.9785884845027982;0.007309913581160504;-0.187755657719188
101994.510399;3.481952404415983E-05;-1.4080314498780062E-05;-88.50579337995151;-0.9783418247618806;0.00701049370066643;-0.18996460208680757
102126.775387;4.353828363097999E-05;-2.006081532594398E-05;-86.38646488251857;-0.9784225647202114;0.00727723005319435;-0.18923055666132443
102259.211894;2.495775042468708E-05;-1.5861731125411386E-05;-90.58248221300609;-0.9779402075060735;0.00737433497310874;-0.19350701329603992
102391.820142;5.743834278051003E-05;-3.7038075164478866E-06;-84.79794109924613;-0.978198068581647;0.00737452662363842;-0.19121715667789008
102524.600355;2.2639165351458526E-05;-5.5949876579370414E-06;-92.64532290856903;-0.9782285297692798;0.007367757267481916;-0.19094714965929221
102657.552756;2.5911883481028905E-05;2.207511572240859E-06;-91.69861374901815;-0.9785115119053083;0.007297953404223656;-0.1884396427987804
102790.677567;4.438906613253007E-05;2.6645833904359987E-06;-87.03885880421515;-0.9784411918857193;0.007494888626854691;-0.18905062072453294
102923.975012;3.511425460431681E-05;-2.3060119507964484E-05;-87.53309429592431;-0.9785728714963291;0.007227343510905945;-0.1878996746639032
103057.445316;1.2713754547523723E-05;-2.091491185219013E-05;-92.2252018641878;-0.9782660690967635;0.0076751924589820615;-0.19059286957824978
103191.088702;3.343607078801695E-05;1.0146064970867149E-05;-89.13315116874759;-0.9783831305200505;0.007752719880428631;-0.18954819719889238
103324.905394;2.0072251722885603E-07;-5.622835289687899E-06;-104.99536194681995;-0.9782578758373573;0.0075613354332744786;-0.19067348444452406
103458.895619;4.0121678426903696E-05;-2.4139932367879253E-05;-86.5906328709103;-0.9782886133876253;0.007839558721981157;-0.19038114529655062
103593.059599;5.4782221498237014E-05;6.5196713514269575E-06;-85.1661272325071;-0.9785044067605968;0.007620849639810066;-0.18848086035260614
103727.397562;3.273263393675998E-05;-1.896657685682193E-05;-88.44312914465914;-0.9785689739054577;0.007840742934048604;-0.1878923524312212
103861.909732;2.2652508245496053E-05;-2.2218217826808735E-06;-92.85609357906398;-0.9779289341877403;0.007698803486608995;-0.19358492722491855
103996.596336;3.0225519171143372E-05;2.7606608384951256E-05;-87.75801958725323;-0.9782091610000512;0.007471733914909;-0.1911121183780634
104131.457599;5.8381641493522155E-06;2.2985756041770273E-06;-104.04860945457625;-0.9785010748001406;0.007156111623680844;-0.1885415834267356
104266.493748;1.6026553255884924E-05;2.5332886919938558E-05;-90.46430894265116;-0.9782681355948408;0.007921453681278138;-0.19055709374897778
104401.705011;2.1377647727322884E-05;2.6493343085685972E-05;-89.35953643572715;-0.978537282292711;0.007694166374046254;-0.18818396432074588
104537.091613;2.8766221159074217E-05;-2.043058504957985E-06;-90.80049189783193;-0.9783086927767893;0.0076800680245914165;-0.1902141116391179
104672.653783;4.124817397335411E-05;1.4597344874320618E-06;-87.68646981056222;-0.9779323862463227;0.008191954840084652;-0.1935186836009351
104808.391747;1.8503213544046956E-05;3.768437782614987E-06;-94.47855156610328;-0.9779872535784592;0.008259747164372508;-0.19302634193145682
104944.305735;3.175605750520539E-05;7.520199009988309E-06;-89.7265015512754;-0.9781125597772192;0.008319506273260944;-0.19190910169846115
105080.395974;1.1508514281618551E-05;-5.040286935741282E-06;-98.01754331504048;-0.9779690025815635;0.008209670744420862;-0.19319217084894424
105216.662692;1.9920465385805026E-05;6.611363509797491E-06;-93.56019514009887;-0.9782097150000828;0.00787485282358073;-0.19107912327299761
105353.10612;2.8886062870804863E-05;-7.4996141998942395E-06;-90.50293492748912;-0.9786100676034389;0.008144862105394536;-0.18750558622478405
105489.726485;3.798517503807159E-05;2.095970787110993E-06;-88.39451455553976;-0.9781283354908051;0.008060198529221739;-0.19178829955774207
105626.524018;9.297484759558701E-06;6.155929775162195E-06;-99.0539369770924;-0.978216807775335;0.008220404964494561;-0.19099090778288239
105763.498947;1.300363355993541E-06;-3.605593173824549E-06;-108.32941339738551;-0.9783038519426893;0.008136464156932961;-0.1902243345296808
105900.651504;2.6681255701706154E-05;1.3825584750403606E-05;-90.44294840015937;-0.9784045687747145;0.008003084251647584;-0.18933999167393767
106037.981918;5.8053839842138435E-06;-2.2810111872177335E-06;-104.09989052041385;-0.9782642598549312;0.008317448511611154;-0.19056232345421042
106175.49042;2.043874451622344E-05;1.3285033088224488E-05;-92.26042224145445;-0.978240812485265;0.008095646523470416;-0.19078701755663013
106313.177241;1.5344628514268487E-05;1.527171943160276E-05;-93.29120763055414;-0.9780997203855512;0.008155009701828784;-0.19203541274223052
106451.042613;1.2730735836842244E-05;1.3135709728456728E-06;-97.8569378194521;-0.9779829266902675;0.008119857426641569;-0.19307517159871468
106589.086766;5.4945705343624345E-05;2.5103371683721022E-05;-84.3780116683685;-0.97802716065739;0.008217061661260738;-0.1926751370149807
106727.309933;6.7776004530181E-06;1.2161243450888747E-05;-97.12575172453455;-0.9778188326736721;0.00802811329478221;-0.19453931212333478
106865.712345;1.2482217697770547E-05;1.7268560997583977E-05;-93.42935578442508;-0.978318638060008;0.008197882159119487;-0.19008851389318085
107004.294236;3.138412710739157E-06;1.2616835377531116E-05;-97.72025496376395;-0.9779923411262496;0.008524814315957016;-0.19296096094580553
107143.055838;7.944447906530618E-06;3.3087848487838948E-06;-101.30402748121168;-0.9785019152395971;0.00844965110141319;-0.18844256515127958
107281.997384;2.4094261818642965E-05;2.7654434364123804E-05;-88.71180472811189;-0.9782117751844102;0.008246276750200943;-0.19103365728042554
107421.119107;1.4934208102989674E-05;3.228788351715836E-05;-88.97724812024248;-0.9782915988411114;0.008084125422288944;-0.1903369692749575
107560.421241;4.065310972113995E-05;3.490849384239745E-05;-85.41924715449532;-0.9783984513290036;0.008556033500633779;-0.1893527586178435
107699.90402;1.5550278453987134E-05;2.5105811631700397E-05;-90.59427270759491;-0.9783584450441996;0.008563506183849205;-0.18970732055273662
107839.567679;1.816667706160755E-05;1.4490453530756126E-06;-94.78694656317163;-0.9778121983196264;0.008512950942325055;-0.19456181559594227
107979.412451;2.2574592307619172E-05;1.5294267193947275E-05;-91.28703357276608;-0.978316303334458;0.008646251518130244;-0.19007497389391975
108119.438572;4.0221549487728254E-05;-4.807333228149521E-06;-87.84922253107638;-0.9783113587250566;0.008597119880279504;-0.1901227147958787
108259.646276;2.2577434909018633E-05;3.3614051586604936E-05;-87.8525016274749;-0.9782061482081178;0.00868263676469629;-0.19105009308383875
108400.0358;-9.982889528220973E-06;6.4088688813069536E-06;-98.51608116536894;-0.9783520468800319;0.008763327687533237;-0.18974841142379104
108540.607379;-4.457014860392502E-06;8.802511266818047E-06;-100.11667675243685;-0.9783153533302584;0.008504471491817649;-0.19009444068813158
108681.36125;6.621851347344128E-06;-8.740331097424121E-07;-103.50540040204271;-0.9784240370722238;0.008961957674120837;-0.18909338036734533
108822.297647;1.5009900719834348E-05;1.1370656772327918E-05;-94.50274796185974;-0.9782299184491392;0.009224422928023846;-0.19079501974203802
108963.416809;1.580124403412432E-05;2.7650299199100903E-06;-95.89518518990715;-0.97821971779827;0.00874724102567317;-0.19092450337307298
109104.718973;1.7944033767143612E-05;7.169667652272367E-06;-94.2783443042511;-0.9782109296065448;0.008870751877651671;-0.19099265513168168
109246.204375;2.2757317097117826E-05;-1.1144783996552478E-05;-91.92396185817068;-0.9785124641184508;0.00923267616869117;-0.18828613729064975
109387.873253;2.5758144915957146E-06;1.9050261881058084E-05;-94.32329968744878;-0.9779165393734378;0.00914688058580954;-0.19358423924148369
109529.725845;1.4029031684014305E-05;1.8649495967772864E-05;-92.63908463687336;-0.9784661726038959;0.008972717365072757;-0.18871848933555052
109671.762389;-8.315175542589919E-06;3.3259410013119552E-06;-100.9580382088837;-0.9779275425334111;0.009290763289136878;-0.193474471783118
109813.983125;6.038577437226165E-06;2.3331946846681176E-05;-92.35940371987053;-0.9781841922230047;0.009054285037619373;-0.19121511904526392
109956.38829;7.606503022881176E-06;4.088225839704224E-05;-87.62150267499757;-0.977985118905606;0.0088874252335604;-0.19299643244825831
110098.978124;2.647358819932228E-05;2.047963073299851E-05;-89.50678787607688;-0.9777862894433994;0.009573361650238952;-0.19470483625800455
110241.752867;3.7446158439645157E-06;1.783620791511279E-05;-94.78662525924861;-0.9787371646962314;0.009011603404961394;-0.1863102448851443
110384.712757;1.2215699241293449E-05;6.9938408318568164E-06;-97.03034159339394;-0.9782300142085207;0.009591632063129714;-0.19076281473920378
110527.858036;5.2438493700458744E-05;1.4402679643494084E-05;-85.29114485127123;-0.978053030658341;0.009340810877877685;-0.19235583334842893
110671.188944;1.7360482210546338E-05;2.8053044932554816E-05;-89.63227558682536;-0.9782702492378882;0.009151391725877693;-0.19044304373605564
110814.705721;1.0220182950818292E-05;-5.380364085321121E-06;-98.74842681844117;-0.9780399055169887;0.009360951896442857;-0.19247067520775482
110958.408609;5.291189516229702E-06;3.344778442836024E-05;-89.40530883967736;-0.9787067467783427;0.009156906619760293;-0.18656820429716242
111102.297848;2.3023785231142637E-05;2.6392586816170242E-05;-89.11274619068686;-0.9784301630918194;0.009157634460742869;-0.1890229184986909
111246.373681;2.5120286108126513E-05;2.7288451985021E-06;-91.94855851355116;-0.9777876942496151;0.009249273817972642;-0.19472006580972587
111390.63635;1.892402648423591E-05;4.696155902916273E-05;-85.91165525387895;-0.9782018643532608;0.009472554943488214;-0.19102304447007643
111535.086096;-2.3304421712046867E-05;1.974346871166081E-06;-92.62017344619666;-0.9779719957680099;0.00975067721108707;-0.19303992375671092
111679.723162;-7.423677079443712E-06;1.997264110804041E-05;-93.429275273646;-0.9780863595065118;0.00972091911498542;-0.1920269891024137
111824.547792;2.3017867837795395E-07;1.5086147998804756E-05;-96.4274218235488;-0.9782566540648008;0.009242308985804765;-0.19055615466826062
111969.560228;-9.472166188217832E-07;2.0837845650877266E-05;-93.61397910333531;-0.977728123590012;0.009783825181925363;-0.19520299558934828
112114.760714;5.943318506716015E-06;1.996164967702761E-05;-93.62719970562702;-0.9781180360998603;0.009454842804253747;-0.19176887660692307
112260.149494;-2.5443582838788824E-06;1.3954544110977795E-05;-96.963654176804;-0.9781090054590151;0.009374585860148782;-0.19185592288583508
112405.726812;2.5488605491977348E-05;1.5610315585062173E-05;-90.48977890302366;-0.9783620832992908;0.009972901700120216;-0.18955649910374345
112551.492912;-1.658682909925376E-05;1.8929068433817306E-05;-91.98299636229898;-0.9780828343713033;0.00968448055211556;-0.19206150077908946
112697.44804;-2.049580211159973E-06;2.946296721934156E-05;-90.59350449890101;-0.9778297646639638;0.009907920363328677;-0.19428908108136952
112843.59244;1.5193848132685868E-05;2.51265241185228E-05;-90.64394381463018;-0.9780835585637564;0.009739981292899097;-0.19205017650223272
112989.926358;-7.904311283365333E-06;2.129412807683413E-05;-92.87419296567634;-0.9778380297233568;0.00972616155015596;-0.19423187923918495
113136.45004;9.04836838603725E-06;2.876997504714991E-05;-90.41156980156049;-0.9784494575098319;0.01010392699294996;-0.18876897491127526
113283.163732;3.5125348817351565E-06;3.015585229294209E-05;-90.35404132173319;-0.978096994872951;0.009939016505371582;-0.1919130886689252
113430.06768;-7.123058698757961E-06;2.262013611467211E-05;-92.49948106382263;-0.9780147569953204;0.009524317057618425;-0.19267999281987563
113577.162131;2.3847792379876567E-05;2.1670277811208375E-05;-89.83669557795363;-0.9780527933722442;0.009903813490885538;-0.19230875490014215
113724.447331;1.588020746989439E-05;3.199466859772559E-05;-88.94203851386139;-0.9783939153780092;0.010071304758173773;-0.18926498051261154
113871.923529;1.0744580844982281E-05;-4.662590236897696E-06;-98.62690949805766;-0.9779434013064869;0.009820188044999088;-0.19328768787614328
114019.590972;4.92277648315474E-06;1.798185447687116E-05;-94.58944198130627;-0.978534790428311;0.009848399450163997;-0.1880346930818237
114167.449908;1.8176928989029143E-07;1.2424167370548946E-05;-98.11372464493894;-0.9779557774814289;0.010344512432734432;-0.19312977148783028
114315.500585;1.2025911149588388E-05;3.103646208355362E-05;-89.55505506723841;-0.9779338943829622;0.01010589928595415;-0.1933462677498209
114463.743252;-6.497019655940663E-06;-1.348850822119603E-05;-96.4945908980113;-0.978267550735384;0.009976308122348017;-0.1903954033299462
114612.178158;3.359978340260438E-05;2.2209445733258737E-05;-87.89894284557937;-0.9779246262455866;0.010250526207058632;-0.19341520948616764
114760.805553;6.777947655903702E-06;1.2711147518357431E-05;-96.82952921154478;-0.9779137354822373;0.010295843218090565;-0.19350770277954787
114909.625685;-1.2846761896895238E-05;2.9607941865771512E-05;-89.82270046439254;-0.9784127409972134;0.01016227677023084;-0.18908952182461078
115058.638805;1.5592335704207087E-05;3.207497881259294E-05;-88.9553842863738;-0.9782130377130798;0.010551616872130075;-0.19082578543216103
115207.845162;1.8329046261407103E-05;4.726526978344798E-05;-85.90073692854966;-0.9781262617934638;0.010330458716914527;-0.19161720462491688
115357.245009;-9.307382446904728E-06;4.0433591286923304E-05;-87.64092298782694;-0.9778024437824738;0.010356143746684676;-0.19449049304707564
115506.838595;6.141590000272605E-06;4.354215530160327E-05;-87.13624734286057;-0.9780545289472615;0.010253219752557613;-0.19226137123630332
115656.626172;2.7970849834267256E-06;1.9815080228848365E-05;-93.97439676098045;-0.9784282108084872;0.01045568367782846;-0.18892476335405997
115806.607991;8.455782857614036E-06;1.4458019074745885E-05;-95.52013599028312;-0.9781299586353004;0.010581637962184424;-0.19156053899424944
115956.784304;1.1388144451344727E-05;2.041159594302323E-05;-92.62550449491582;-0.978195186058803;0.010834205448191565;-0.1909568534433147
116107.155364;-4.931325850114893E-06;2.9659487227250518E-05;-90.4383005275215;-0.9782035023559664;0.01076948638596443;-0.1908893632291398
116257.721423;5.378616908970645E-06;2.0883019969558847E-05;-93.32518988948136;-0.9777825690169767;0.010361026727790441;-0.19466656453434525
116408.482734;1.6423975528531403E-07;2.427093958851163E-05;-92.2980693497034;-0.9779317203278163;0.010328569002979926;-0.1933449147353511
116559.43955;3.139536105293997E-05;1.9854157524222666E-05;-88.60166149726054;-0.9781682289667505;0.010715540009244856;-0.19120779871905852
116710.592124;1.319185257465575E-05;3.699113126499755E-05;-88.11811777932803;-0.9781208024511788;0.010962504875247284;-0.19160459428905757
116861.940711;6.634771335858422E-06;1.4048479157544876E-05;-96.17298793837209;-0.9780349621830834;0.010796414346663506;-0.19238321514279202
117013.485564;-2.7949955706345168E-06;5.441580420920858E-05;-85.27405637403717;-0.978020298841028;0.010704230476108233;-0.1925224227382681
117165.226939;1.0102343495134547E-06;4.926338870862433E-05;-86.14768839890615;-0.9783562494257767;0.010893723265706578;-0.18952111666617188
117317.165089;1.7942352359436258E-06;4.231835407557155E-05;-87.46162462498822;-0.9778669404748015;0.01067719160993742;-0.19388698175485697
117469.300271;3.6236373968865244E-05;1.6121232017313314E-05;-88.03279858389493;-0.9781621900482882;0.010906362459181434;-0.19124269106128822
117621.632739;1.700745414786038E-05;4.843094927150593E-05;-85.79250640242202;-0.9780741990619393;0.010763035498140436;-0.19203807003268927
117774.16275;2.022179839222924E-05;3.160655086740491E-05;-88.51429675442026;-0.9784194524772203;0.010667191166505524;-0.18898224022063234
117926.89056;1.3405384143418706E-05;2.673756740614744E-05;-90.48370215423235;-0.9783722209860046;0.010840392037562173;-0.18938459749828657
118079.816425;1.6026024991955173E-05;4.244782114080394E-05;-86.86417273138458;-0.9779268610701956;0.010894103094439823;-0.19333357162377382
118232.940601;1.8329001611327195E-05;2.6986166051197466E-05;-89.7297451794957;-0.9775338260216898;0.011015561294883241;-0.19681266153732513
118386.263347;1.3718575497910889E-05;2.7984108180230136E-05;-90.12642307985358;-0.9780997765092286;0.011211158176733483;-0.19176626087227092
118539.78492;-5.945188313168658E-07;1.9750245716102703E-05;-94.08461648553397;-0.9785005954752444;0.01125629199576021;-0.18820343688061955
118693.505577;1.4839174495278076E-05;2.5646883379016903E-05;-90.56523426684072;-0.9780780875320615;0.011028222722332474;-0.1919773111131327
118847.425577;3.202426494859383E-05;4.599105113989502E-05;-85.02969351415948;-0.9781190256938995;0.0116476185612087;-0.19155006165434083
119001.545178;-5.343678756233629E-06;3.288106857107784E-05;-89.54786753892753;-0.9776620830385772;0.01104954931335885;-0.19566984446616936
119155.864639;2.8699792699591705E-05;3.784364968894337E-05;-86.46695572093324;-0.9779411719463401;0.011119007436967041;-0.19318400063813101
119310.38422;7.215876480454417E-06;4.535968218756311E-05;-86.75806133028537;-0.978259547947714;0.011157109590499332;-0.1903532190591643
119465.104179;3.0088663779070406E-05;1.8158041620356E-05;-89.08318215634027;-0.9777097971309965;0.011620846137771895;-0.19518716657520496
119620.024777;1.4407743687319783E-05;4.0758794735160255E-05;-87.28422667398402;-0.9780576706643336;0.011393124480306662;-0.19212146385950504
119775.146273;8.544827415816853E-06;3.916133074717812E-05;-87.94085776403347;-0.9777966226694241;0.011624995050021984;-0.19441552112568988
119930.468929;3.376337305929899E-05;3.5551878377661045E-05;-86.19083346627141;-0.9779001776108751;0.011226339875716652;-0.1935371744627815
120085.993005;2.346440991571587E-05;2.6928680454930165E-05;-88.9424042682475;-0.9782100437153369;0.011372650356329133;-0.19077068040177098
120241.718762;6.805774614670179E-06;3.2011559069080604E-05;-89.70186815090827;-0.9779623602606294;0.01167098864412313;-0.19293872145544677
120397.646462;2.6986910969574242E-05;2.9273042709826313E-05;-87.99914732750099;-0.97779654850347;0.011585090466193205;-0.19442038640427672
120553.776367;3.829164625771992E-06;3.529258718410612E-05;-88.99550457738812;-0.9783604068497095;0.011446113884787876;-0.18942822852020885
120710.108739;-6.098526335484108E-07;4.93500694281994E-05;-86.13358146928226;-0.9780672765010056;0.01170856164933382;-0.1920030905066949
120866.64384;1.431764427661608E-05;2.8554761592484713E-05;-89.91242596442582;-0.978062169820739;0.011656883778818882;-0.19205391595776805
121023.381934;1.5014713617447616E-05;3.907954977223851E-05;-87.56304100218271;-0.9781658926809547;0.011768779582670363;-0.1911210665782006
121180.323283;-2.1286936064525455E-05;4.1868218831244276E-05;-86.56378467962162;-0.9780604759295087;0.011729283921296962;-0.192061270992555
121337.468152;8.871032847593767E-06;2.957085266185145E-05;-90.208476096804;-0.9781067323625697;0.011577211583919835;-0.1916666360299517
121494.816804;-7.703615548559207E-06;3.4822721044345894E-05;-88.95523953282034;-0.9779010021299962;0.011496935111424057;-0.19350193115714368
121652.369503;-4.714940291428694E-06;2.319565073894214E-05;-92.51603503400742;-0.9781888152770437;0.011767724269994121;-0.19091766372621138
121810.126514;4.216274267855725E-06;2.4879555100969666E-05;-91.96017930272966;-0.9783544261323308;0.011663295114342902;-0.18945854934112885
121968.088103;-3.958308504780684E-06;2.016570064147369E-05;-93.74354557856918;-0.97793160780962;0.011790972864325077;-0.19319903658704174
122126.254533;1.2420098497132147E-05;2.449033006641786E-05;-91.22608429702638;-0.9780342551433064;0.01199997861751068;-0.19226494107059638
122284.626072;-5.583954443806991E-06;3.547341478907572E-05;-88.89563934567762;-0.9777785368224462;0.011472440078703643;-0.19459216290371475
122443.202984;2.6870824779799144E-05;2.782696282785568E-05;-88.24957790261989;-0.9779265520173087;0.011670775324787235;-0.1932567397907004
122601.985537;1.0226633736563295E-05;3.613855354378507E-05;-88.50602558350204;-0.9777681269887509;0.012328096262176352;-0.1945921258388654
122760.973996;1.4913259838234756E-05;4.084893588880476E-05;-87.23299082078371;-0.9783139561975995;0.011820093290847496;-0.1898010944468456
122920.168629;1.0080308042128298E-05;2.2289650678979945E-05;-92.22978560154986;-0.977873880888509;0.01204570394755755;-0.19368412900784962
123079.569704;4.549735293252878E-05;3.805372970431592E-05;-84.53692379550814;-0.9781941742882846;0.012103657300559281;-0.19083369357826607
123239.177488;2.5805936125204417E-05;1.0838957912758535E-05;-91.06000163441097;-0.9777927920472158;0.012208231628553237;-0.19438641167469484
123398.992248;-7.116632067833286E-06;2.1405775528522954E-05;-92.9340708207858;-0.9782492640158444;0.012420398518198573;-0.19030936584831518
123559.014255;1.8766123060471555E-05;2.8584496320556122E-05;-89.32096036872282;-0.9782410049410931;0.012363855213443905;-0.19038904565453443
123719.243775;3.7494810881168624E-06;3.1465517633033284E-05;-89.98206853323782;-0.9776870477207599;0.012286542510666687;-0.19531694590140913
123879.681078;6.776719157252696E-06;3.886195017529268E-05;-88.07941539696009;-0.9785073518365538;0.012258952259825673;-0.1880365413280784
124040.326435;1.3945774828215961E-05;2.805026735126418E-05;-90.08197256694585;-0.9777483460314614;0.012148809268058438;-0.19478775428038025
124201.180114;8.878136042296618E-06;2.3210766748699143E-05;-92.09320143392388;-0.9780578380717724;0.012327330504452696;-0.19201938685910427
124362.242385;2.124087035850057E-05;3.3891903106679823E-05;-87.95924624452397;-0.9778152288476718;0.012504494920761567;-0.19415388471179115
124523.51352;2.1060695608411524E-05;2.547570893188809E-05;-89.61552857170958;-0.9781326896928885;0.012239942249751088;-0.19136452298275972
124684.993789;2.2090059849130423E-05;3.486005915480293E-05;-87.68735762056436;-0.9779190867597227;0.012658556962326565;-0.19321391712459599
124846.683463;2.157217956240167E-05;2.756536846154438E-05;-89.11790009709532;-0.9784076560347729;0.012550537098077104;-0.1888886006504651
125008.582814;-2.9690386606453453E-05;1.2407124226515239E-05;-89.848684397529;-0.9780399340798014;0.012429924501676523;-0.19216683406899218
125170.692113;2.06613086061051E-05;2.6084867061540885E-05;-89.55730792536394;-0.978036898305832;0.012684238901178198;-0.1921647972911663
125333.011634;1.0030680414977583E-05;3.614235893509946E-05;-88.51741505991974;-0.9780116733046036;0.012218404950346031;-0.1924414469100479
125495.541648;1.3862483401015943E-05;3.9438903375959166E-05;-87.57559070937253;-0.977954227281221;0.012598376994652601;-0.19290875739088287
125658.282429;2.219894673425695E-05;1.7232918173855608E-05;-91.02501179265245;-0.9779758034252436;0.012780970059205228;-0.19269611986574608
125821.234249;1.1661455988875332E-05;3.204031898285194E-05;-89.34580291838428;-0.9782119359836678;0.012877973136480281;-0.1905882257615098
125984.397383;6.28991003894096E-06;3.6839908385678185E-05;-88.54883863971386;-0.9778587729336009;0.01289820976336396;-0.1937217391519867
126147.772105;2.8091803337414147E-05;5.214115243811358E-05;-84.54959085873269;-0.9782532456556006;0.012694492052033433;-0.19024278367216163
126311.358689;3.8735965062234676E-05;3.4042436937630036E-05;-85.75222459257985;-0.9780370160571885;0.012889428301139002;-0.19213993141310493
126475.157409;3.066704944745355E-05;4.788670755803688E-05;-84.90313074929355;-0.9775392918720098;0.01291211094159869;-0.1965578884118988
126639.168541;1.3562942306467534E-05;3.806538943503813E-05;-87.87033156332633;-0.9780526038461013;0.01273404274855173;-0.1920195954665247
126803.39236;2.287652819867597E-05;6.023023556829585E-05;-83.8184550694905;-0.9781408959615127;0.01295671435087876;-0.19120969650005035
126967.829143;1.4513430337884115E-05;2.1159997449414248E-05;-91.81519971806256;-0.9777286097129102;0.012930670194882246;-0.19487398931520777
127132.479164;7.284460306041147E-06;6.987784636535322E-05;-83.06626892468;-0.977878113961157;0.01292023260336516;-0.19354739097023624
127297.342701;1.6561266244962359E-06;3.9921546859001705E-05;-87.96838514733034;-0.9777987385204284;0.012774801624543296;-0.19426931107168668
127462.420031;2.0873026039938653E-05;7.739598462087199E-05;-81.92071332448532;-0.9778575006308957;0.013487611648453227;-0.19366241711528281
127627.711431;5.836172557734445E-06;3.799268203400099E-05;-88.30471100054416;-0.9780061304060605;0.01317629576096022;-0.19238023682924593
127793.217178;2.5508272265260715E-05;4.752528818735179E-05;-85.36207765402008;-0.9778543463743349;0.013411814389092919;-0.19369968844892432
127958.937551;1.4873454120106367E-05;2.9296734707019838E-05;-89.66769990317894;-0.9777845209127806;0.013087104821957966;-0.19435890444186862
128124.872827;1.094080415137017E-05;4.485743203452729E-05;-86.7123512519418;-0.9777428093155228;0.01305724701959228;-0.19473292552112903
128291.023286;9.173132376291484E-06;3.5408850037653504E-05;-88.73565628263546;-0.9779324947617545;0.01305689064878411;-0.19304833932077603
128457.389207;1.204317599548315E-05;4.261180374935201E-05;-87.07565836438934;-0.9781660864190304;0.01312538754297266;-0.19096608234033635
128623.970868;-4.943102135150383E-06;5.44105149862739E-05;-85.2506462698262;-0.9777637729735132;0.01321313742139411;-0.1945281272122647
128790.76855;2.4792756170170224E-05;6.605567806978174E-05;-83.02942196989461;-0.9780319228697951;0.013352484361446612;-0.1921299953575015
128957.782532;-5.343471538512722E-07;5.2928220024299357E-05;-85.52581159803822;-0.9780480714487466;0.013256269126875652;-0.19199822915848488
129125.013096;1.9038523227925115E-05;4.010333684792671E-05;-87.05370008893007;-0.9780880998865591;0.013294404497785923;-0.19163821981839121
129292.460522;1.845069730903454E-05;4.3704402498531677E-05;-86.47720398209854;-0.9780018859427718;0.013239401476571544;-0.19241035852014066
129460.125092;3.4946665797763775E-06;2.8440910019280277E-05;-90.85604975437982;-0.9779314193082871;0.013386062170922648;-0.19301836937495137
129628.007086;5.317321630710772E-06;2.531359777313522E-05;-91.74540034844077;-0.978120226359221;0.013481375030615065;-0.1913302574427072
129796.106788;1.2156912672001347E-05;2.7245597255955597E-05;-90.5055480947628;-0.9777041161711939;0.013614666383437628;-0.19500907161876962
129964.424478;2.9269590613241548E-05;4.870383749887667E-05;-84.90962524555188;-0.9777232188551495;0.013467729807379933;-0.19485747391877123
130132.960441;1.9054860809472627E-05;3.109662920390062E-05;-88.76119602404177;-0.9779584889442391;0.013641344007522427;-0.19274666337608776
130301.714958;2.602951232427661E-05;3.370028406171907E-05;-87.41543593415872;-0.9778060429753034;0.013922134213419758;-0.19406532928235048
130470.688314;1.912944988420836E-05;3.575840134840666E-05;-87.83939946496515;-0.9779186789225778;0.014074627203282255;-0.19304565592039297
130639.880792;8.55844641565282E-06;2.124956355480301E-05;-92.80013657730154;-0.9778110974999755;0.013213097387621666;-0.19410781513570427
130809.292676;-9.7037647746906E-07;2.3788696588858935E-05;-92.46536663639618;-0.9778123172223704;0.013809106725107488;-0.1940238407798971
130978.924252;-5.504015710503933E-06;2.3802914672076788E-05;-92.2411811299505;-0.9778197413195223;0.014056602463225612;-0.19392658644469263
131148.775802;-2.5682475296954333E-06;3.124697142427146E-05;-90.07460125960685;-0.9775964615507107;0.013625888819069999;-0.19596394982052648
131318.847614;2.985438657152243E-05;4.622478010838085E-05;-85.18842021725804;-0.977842142593587;0.01373942249451566;-0.19376767693147004
131489.139973;2.017362170066376E-05;4.62985860527407E-05;-85.93368868579807;-0.9780948954889408;0.014167476644557005;-0.19146906088605864
131659.653164;8.397250637053944E-06;3.996833312991675E-05;-87.7780877797506;-0.9778833808863655;0.014011496565536522;-0.1933671654302186
131830.387474;3.800972297754914E-06;5.230509073754701E-05;-85.60624683052148;-0.977820056708283;0.014118388017841222;-0.19391587999467896
132001.34319;-2.6697683257053E-05;5.6383913632804745E-05;-84.09836987247246;-0.9778595705036178;0.013963545558950009;-0.1935847077473422
132172.520599;1.9976550080197616E-05;5.7353252629377505E-05;-84.33155140916561;-0.9777319697855802;0.014266398053260583;-0.1946791382554072
132343.919988;7.469510861476617E-06;2.398844119377199E-05;-91.99806243292642;-0.9779672180987966;0.014244583050232315;-0.1925927796170297
132515.541646;2.523301321537883E-05;5.6019130683295016E-05;-84.23100535992535;-0.9780214926568205;0.01431190114807865;-0.19210212531952123
132687.38586;-1.0954013634647441E-05;5.522594146207109E-06;-98.2249391383469;-0.9779914736201346;0.014151431943323651;-0.19238940866572102
132859.452919;2.4477965801220607E-05;4.197939463870898E-05;-86.26823013977787;-0.9780236488800705;0.014139336030416163;-0.19210526665271876
133031.743112;4.42383096200268E-06;5.522102103989212E-05;-85.13012812891397;-0.9780036521824028;0.014430719044483915;-0.1922450324950986
133204.256728;-2.061027596114714E-06;4.960135313450766E-05;-86.08263764428096;-0.97829530487823;0.014483082452355394;-0.18964887445361175
133376.994058;1.9902763823253298E-05;5.498242875555489E-05;-84.66077085470965;-0.9777735856559474;0.01410456750628466;-0.19433037354348276
133549.95539;2.145711244991555E-05;3.3072367433698774E-05;-88.08496123779251;-0.9779605279759533;0.01401253723177907;-0.1926819542539007
133723.141017;-1.2354692661328844E-06;4.878037226439088E-05;-86.23231283586424;-0.9779129715592015;0.014244013846054594;-0.19307455913878283
133896.551228;3.23709199866873E-05;4.074146440443033E-05;-85.67392496855723;-0.9780403110482633;0.014346296588410124;-0.19193056069597172
134070.186315;1.1791799973068955E-05;2.480592563812827E-05;-91.22409550031647;-0.9783986116976413;0.014400656370345159;-0.18874270304147459
134244.046569;2.112790381456826E-05;4.3319111369704545E-05;-86.33963179929003;-0.9779114486719931;0.014553456107191953;-0.19304762274468745
134418.132283;2.2645182093191007E-05;4.0840604567257607E-05;-86.61392276038882;-0.9781876405857426;0.014227226265132531;-0.19063795886026633
134592.443748;3.7543361822307038E-06;5.0483597985765035E-05;-85.9130414511599;-0.9775657969160196;0.014690897729517064;-0.19609933020320588
134766.981258;4.529434476001113E-05;4.4012335198054465E-05;-83.99172620951688;-0.9778504816370381;0.014667350475686994;-0.19357392138732327
134941.745106;-2.2730045611222252E-05;4.073340552910016E-05;-86.62367993854602;-0.978207621412987;0.014551654996541107;-0.19041821056845612
135116.735585;2.6358334383277626E-05;5.111942480239177E-05;-84.80440094098864;-0.9779150627266295;0.01428232325378855;-0.19305102738567637
135291.952989;3.405778500277575E-06;1.3915504134963784E-05;-96.87736761380572;-0.9780306888441364;0.014917969243882738;-0.19194005727783833
135467.397613;9.480861373329007E-06;2.4495269773736575E-05;-91.61210724122893;-0.9779487608663417;0.014605017903766537;-0.1927094667592227
135643.06975;2.420286399144138E-05;3.9329743958180876E-05;-86.71089091167491;-0.9779747464718924;0.014773345355628431;-0.19245627395707135
135818.969697;2.854835391000053E-06;5.6036563811166655E-05;-85.01931261285229;-0.977986903932969;0.014520217619245747;-0.1923819841303526
135995.097748;1.5583231170463648E-05;4.835735992458269E-05;-85.88166338448366;-0.9779319623984486;0.014750218166441474;-0.19283928260997618
136171.454199;6.070928984674583E-06;3.078906041242913E-05;-90.06642073102682;-0.9775738967152986;0.014727373386545754;-0.19602250286767692
136348.039347;2.928065867822024E-05;4.319994996274699E-05;-85.64857846590598;-0.9776292577250932;0.015061548553139039;-0.19548551409408557
136524.853487;-4.519776239193868E-06;4.066896846534202E-05;-87.76142503464416;-0.977858780554721;0.014922944140581233;-0.1934658795119634
136701.896918;3.090761083578206E-05;3.473068559344723E-05;-86.65244573399407;-0.9780386775007902;0.015415434388222455;-0.19180063296412778
136879.169936;1.168749333641495E-05;4.737743145851296E-05;-86.23200749810279;-0.9781063222554416;0.01526073337574773;-0.19122159254810023
137056.672839;1.2051100810781921E-05;4.606739697843088E-05;-86.44465327218997;-0.977915653245118;0.015313508281994404;-0.19290721990791976
137234.405926;2.8224991209393623E-05;4.195436430227981E-05;-85.92300046865498;-0.9780093405454372;0.015376686208542963;-0.1920665275415684
137412.369494;2.795858614269627E-05;4.284942206147781E-05;-85.82070917591308;-0.9777142342198684;0.015088774321315156;-0.1947270115226542
137590.563842;-1.0415049800058906E-05;5.392992812288674E-05;-85.20437586464199;-0.9777135833553923;0.015359879296262953;-0.1946952983867723
137768.989271;1.614350035141475E-05;7.245358925755171E-05;-82.58837744914211;-0.9779071997673681;0.015329717864885038;-0.19298003076522405
137947.646078;3.933494670372371E-06;4.514566431572648E-05;-86.87483428091768;-0.9776695582699708;0.01514385265681054;-0.19511625754325096
138126.534566;2.5725561703253678E-05;7.502057927303867E-05;-82.01356822591485;-0.9777863355438847;0.015172214849851328;-0.19407518152352038
138305.655033;4.3477988289423304E-05;5.803636874857766E-05;-82.79133532856278;-0.9777650513936337;0.015329548083083585;-0.1942424149153541
138485.007781;2.4141626753691177E-05;4.2841649985661314E-05;-86.16503272539495;-0.9776161485367703;0.015245042317049165;-0.19557669375857795
138664.593111;-5.137877792585189E-06;1.6026331203862146E-05;-95.47843758211235;-0.9778117077224303;0.015487219946687433;-0.19380599409410965
138844.411325;-4.69825080344662E-06;3.977483108164513E-05;-87.94765651223004;-0.9779616412514852;0.015950677783932936;-0.1924084281483364
139024.462725;1.0000350832038133E-06;5.548307501472761E-05;-85.11537888152472;-0.9778374709862919;0.015394782660912498;-0.1935901624359994
139204.747612;1.3216733162051969E-05;5.282634478050789E-05;-85.27930668444282;-0.9776244767497323;0.015643393107746033;-0.19544682022014598
139385.26629;1.954595628573569E-05;4.821851353273991E-05;-85.67500601529406;-0.9778722727536773;0.015670633530323327;-0.19324219893174208
139566.019062;1.1564953761552773E-05;2.3339636499703402E-05;-91.68458605182634;-0.9775172902717167;0.015871482407418862;-0.1963662851364674
139747.006232;1.1085102069962464E-05;5.425888223315248E-05;-85.13299564710584;-0.9777782304014901;0.015769153992137547;-0.19406328308353804
139928.228103;3.057082780032931E-06;3.4157641638233944E-05;-89.29559355040716;-0.977558782235689;0.016210712177621656;-0.19594825953172335
140109.68498;1.291733251360457E-05;3.1093121343060154E-05;-89.45524963439459;-0.9779245280855351;0.015605440060698137;-0.19278743294105197
140291.377168;3.665118829315904E-05;5.35231246394041E-05;-83.75920710867405;-0.9777053939970909;0.01579419291035597;-0.194706576311465
140473.304972;1.4155691525039899E-05;6.576693951960168E-05;-83.44316739103128;-0.9776605747174791;0.016061196187842103;-0.19506601794601383
140655.468697;1.8446264788767145E-05;6.108620056651403E-05;-83.9021477955423;-0.9776121287194797;0.015729742479621493;-0.19554419411982663
140837.868649;9.984234591211197E-06;3.7477646724931035E-05;-88.22677397488408;-0.9777363526864269;0.015761109278032967;-0.19443635832176978
141020.505134;2.0634133718451316E-05;5.116200574736143E-05;-85.16652621586879;-0.9776753339927496;0.016041091067962913;-0.1949378592898721
141203.37846;1.1492275337308611E-05;6.185761666593548E-05;-84.0247624814358;-0.9777538934677754;0.01600741085532385;-0.19424503713200533
141386.488934;5.032709907081495E-06;5.195980764421564E-05;-85.64609623077793;-0.9781515995738898;0.01575348255623779;-0.19075027248425025
141569.836862;2.8653466694398213E-05;1.029927141099019E-05;-90.32875224683497;-0.9778973785483239;0.016062052199275697;-0.1929628645314199
141753.422553;1.0359689554439854E-05;4.429376937530217E-05;-86.84184691115914;-0.9779400012026195;0.015956634673340676;-0.19259971509344992
141937.246316;3.335470931285675E-05;3.058727587961864E-05;-86.8864500882166;-0.9777657157171032;0.01595335526067328;-0.19414788894877436
142121.308459;2.1625990382504506E-05;4.774074607249347E-05;-85.61163111881832;-0.9776420931950148;0.01617047270750565;-0.19521417185503961
142305.60929;2.8780312348609917E-05;4.440280219068764E-05;-85.52855118476538;-0.9780439129642848;0.0165800819840317;-0.19158501330908764
142490.14912;6.020407126330217E-06;5.463142329153816E-05;-85.1987260551696;-0.9775522497304174;0.01653331619683241;-0.1959582932270651
142674.928259;-2.266456795401896E-06;5.627267768968079E-05;-84.9870090347581;-0.9775521058663059;0.01612311364926242;-0.19602043372540978
142859.947017;-4.9082668056790035E-06;4.4149607902551824E-05;-87.04811514518497;-0.9778034040971834;0.016420501851153475;-0.19374450656301717
143045.205704;2.0893359175515357E-05;2.9309088695405875E-05;-88.87544099058431;-0.9776637178675658;0.0163538397606453;-0.1949950111437969
143230.704632;7.493678223706781E-07;6.28030332023175E-05;-84.03976933634135;-0.9775427395800159;0.0164046860985026;-0.19606202038808063
143416.444112;2.0108949115353708E-05;6.81615535984041E-05;-82.96677042212193;-0.9775765057862433;0.015905564162861464;-0.1958353501670403
143602.424457;-5.8820263227638485E-06;3.323783745926714E-05;-89.43342053292497;-0.9775148537051258;0.016503423913184326;-0.19629496831074678
143788.645978;5.447711199634506E-06;3.509706827490699E-05;-88.99119025056244;-0.9773657238382;0.016424850659843154;-0.19763157236873527
143975.108989;1.3547725936069892E-05;4.3143281843343115E-05;-86.89331398281516;-0.9778064516021663;0.01628232903342258;-0.19373796247572495
144161.813802;8.53097158118808E-06;5.4136573850508444E-05;-85.22365697251253;-0.9776107736400812;0.016508478960443267;-0.1954421804825558
144348.760731;3.64819469658481E-05;5.5423109362179504E-05;-83.56285492701795;-0.9777930745810479;0.016599406951501573;-0.19380941235215537
144535.95009;2.386510132169458E-07;2.3314364366075266E-05;-92.64707337875932;-0.9778076385352044;0.016836615961309073;-0.1936440606251814
144723.382193;-1.6529293962717781E-06;1.853024872132257E-05;-94.60795523074478;-0.9776044329984273;0.01643095314152289;-0.19551010107308053
144911.057356;3.2515246531060055E-05;3.897632742600503E-05;-85.88987492238954;-0.9774857196629967;0.01681083823919215;-0.19650723805514725
145098.975893;3.828148922845183E-05;4.669913277774443E-05;-84.38149815570162;-0.977668972866539;0.016623358445497265;-0.19490796521721118
145287.13812;9.794033910761758E-06;5.4093067705961414E-05;-85.1970797244281;-0.9777412019534928;0.016396657492432864;-0.19430046779294985
145475.544353;2.215949263860247E-05;5.829477442649414E-05;-84.10125894387949;-0.9774001191438877;0.016958191617466596;-0.19724507380559703
145664.194909;2.4306072542971732E-05;2.3385755455605967E-05;-89.43980364944112;-0.9776060494218348;0.016750046700663906;-0.1954476441011379
145853.090104;1.468115901140115E-05;2.7184082994249544E-05;-90.20219154171136;-0.9776349919215835;0.016933760412745233;-0.19516246316014152
146042.230255;6.3729735287836574E-06;3.4115737717675116E-05;-89.19193790005964;-0.9775090186456511;0.017325959415688458;-0.1962203689151225
146231.615681;2.2807517410201866E-05;3.510839203676661E-05;-87.56272085000474;-0.9774909702589198;0.01694113392188361;-0.19644061253927256
146421.246699;1.5321896736794098E-05;5.758674087003375E-05;-84.49650154015004;-0.9779417527568627;0.016711220999723785;-0.19247225282189515
146611.123627;2.091537310078545E-05;5.361808947933168E-05;-84.798634713704;-0.9774336861435148;0.01698156789827697;-0.19694326239819013
146801.246785;4.552919277028687E-06;4.877977824918652E-05;-86.19753321307564;-0.9778318860265305;0.016936887480338014;-0.19341335876322713
146991.616493;9.870234309484254E-06;4.9810551124479785E-05;-85.88630754073165;-0.9776519691627868;0.01743812733650406;-0.19493292727195713
147182.233068;1.6476826321685203E-05;4.508191707978035E-05;-86.37542962903734;-0.9780174315981643;0.01704242778985888;-0.19174956652514644
147373.096833;1.5965451198969964E-06;5.776938427803528E-05;-84.76272944741373;-0.9779264508804105;0.017105410855083263;-0.19254760544946725
147564.208107;1.5612946868609326E-05;5.06100786394155E-05;-85.5204481335831;-0.9777621161534426;0.016944397801217703;-0.19403179153553024
147755.567211;2.960084602042542E-05;6.175847627889078E-05;-83.28797574650993;-0.9775551708558894;0.01709259711218643;-0.19584690230665114
147947.174467;2.9269308094049635E-05;5.0593329093248334E-05;-84.6643416672458;-0.9775165360564303;0.017476985653294596;-0.19612971061310605
148139.030196;8.762192480878785E-06;3.784370678176619E-05;-88.21333163358918;-0.9775547022972974;0.017468426031302643;-0.19579205193116
148331.134721;1.4171180014410573E-05;5.802209733453377E-05;-84.47649881516301;-0.9779174796280891;0.017265379402805595;-0.19260230216337046
148523.488364;3.992954795704856E-06;4.5720468897942185E-05;-86.76478748676809;-0.9783426796265057;0.017231126361295344;-0.18883302081259673
148716.091449;2.3526610292407232E-05;5.0686734728041146E-05;-85.0547718168352;-0.9777096773874059;0.016980733788713533;-0.19449190194598534
148908.944299;9.618883242373393E-06;6.790791265410459E-05;-83.27531993033672;-0.9781683112593843;0.01762177933673051;-0.19031896984562593
149102.047237;3.79832931165622E-05;8.461198782479854E-05;-80.65404649296687;-0.9779749509586356;0.017507554363710064;-0.19205378800165668
149295.400589;1.837519017246457E-05;3.057271242225834E-05;-88.95397379420541;-0.9778325841524556;0.01779746363174444;-0.19327143215674705
149489.004678;2.6838404756443947E-05;3.6211696696265894E-05;-86.92164586082633;-0.977676068160637;0.017560433933830433;-0.19469944927610333
149682.85983;5.459495658631712E-05;7.023544615650694E-05;-81.01624413615883;-0.9776047774550983;0.017569943491225298;-0.19533111280908524
149876.966371;1.4535824824427874E-05;6.83767740518198E-05;-83.10986683062858;-0.9775511198701629;0.017701659746297563;-0.1957866054092142
150071.324626;6.1302565622707754E-06;7.444842311763422E-05;-82.53354301733316;-0.9776917116943838;0.017425648688038958;-0.19458193261757903
150265.934922;1.2792308824631324E-05;6.449298905155454E-05;-83.64215889447367;-0.9778637249223527;0.01799385631172893;-0.19296299669176875
150460.797586;1.910091428493742E-05;5.855327971526616E-05;-84.20979203480323;-0.9775323674875588;0.017476638030528884;-0.19598913903241194
150655.912945;1.9489722160179495E-05;6.285727824379774E-05;-83.63423177857311;-0.9774214494757467;0.018118449775968465;-0.19687062650683795
150851.281327;1.752700195268883E-05;5.2189356014633665E-05;-85.18424856124523;-0.9775860351696598;0.017805434819393836;-0.19545973839742864
151046.903059;1.1755732082232641E-05;2.6351797163303587E-05;-90.79556055941597;-0.9778466499165392;0.017909862351215604;-0.19312830821697283
151242.778471;3.168383538131185E-05;5.993222864905804E-05;-83.37644789593335;-0.9778185950342146;0.017838103973820525;-0.193389078367406
151438.907892;1.476612484926146E-05;6.195763917027793E-05;-83.91817741206638;-0.9775520574203684;0.017816005212190462;-0.19575982647856754
151635.29165;6.5304291494213616E-06;6.91188661962157E-05;-83.16947179995212;-0.9776389879448044;0.01797862217797649;-0.19496126910630635
151831.930076;1.272026207421485E-05;3.271457179390296E-05;-89.09372275036993;-0.9775971078264486;0.018052286596919903;-0.19532118029028955
152028.823499;2.3042709666167005E-05;4.826717239183049E-05;-85.43529748782663;-0.9775403433868309;0.018193552575857662;-0.19580210875151405
152225.972251;4.034072242859908E-05;6.61295566051289E-05;-82.21813128589717;-0.9777953617876961;0.018219717445156446;-0.1935329080601494
152423.376663;8.433536730820166E-06;4.770692546543575E-05;-86.29472980790328;-0.9776359203869193;0.018497063496835088;-0.19490261604927892
152621.037066;1.8040806386679236E-05;6.677427438963983E-05;-83.2018391813922;-0.9776523274913723;0.01817899822147335;-0.1948098851739841
152818.953791;3.157690020694719E-05;5.671670594440726E-05;-83.75317283691318;-0.9776856856602504;0.018189263015316575;-0.19451192859958247
153017.127173;1.0755491735542016E-05;5.21572428767244E-05;-85.47284801790413;-0.9776015933467409;0.018298717257950604;-0.1952406472236909
153215.557543;2.0943041971297222E-05;5.581202329363881E-05;-84.49332320255394;-0.9773438799482358;0.018495756625764734;-0.19749695265189254
153414.245234;2.0883423132251137E-05;7.39403272477057E-05;-82.28905928909107;-0.9776705199591639;0.018307689758631406;-0.19462698558937577
153613.190581;2.1357450462026244E-05;4.288528482038497E-05;-86.39162748688874;-0.9777580373491497;0.018812796399373166;-0.19376461919763718
153812.393917;3.0280081752712325E-05;5.434884094672294E-05;-84.12212746891788;-0.9776908242529738;0.018158885841347804;-0.19447130745774638
154011.855577;2.8157197322053247E-05;5.382314753804098E-05;-84.33002002561152;-0.9777778397129876;0.018366522028677775;-0.19366411654870674
154211.575896;2.964989113605142E-05;6.647025911367303E-05;-82.75936298933078;-0.9777983836371744;0.018612163614089242;-0.19344043889600743
154411.555209;2.7507619046583555E-05;4.7192528625127265E-05;-85.25229728027807;-0.9775462503709395;0.018583991928104966;-0.19568440409800342
154611.793853;3.205167391611914E-05;7.061616171472661E-05;-82.20840035574122;-0.9774544604597525;0.01907959197569361;-0.19641492076292702
154812.292163;6.360390191828131E-06;7.126798947587365E-05;-82.90765590932772;-0.9777686726760192;0.018783186998388147;-0.1936752310255084
155013.050476;1.9684327058847876E-05;7.116132374284805E-05;-82.63491414120836;-0.97748653126435;0.018567305878578907;-0.19621767339758983
155214.06913;2.4618670923751835E-05;6.299169760278658E-05;-83.39700713567223;-0.977757314458081;0.01864201238978664;-0.19380008670372467
155415.348462;5.54226922721323E-05;5.9856785273403355E-05;-81.76883946558067;-0.9779213624021762;0.018592604687105472;-0.19235177282108046
155616.88881;2.056361368112231E-05;4.4548328515979544E-05;-86.18448896893955;-0.9776342382424992;0.01839735350552366;-0.19493426586114776
155818.690513;8.512998103777304E-06;4.943744518133692E-05;-85.99197521593545;-0.9776744712598121;0.018598740402013238;-0.19454310569236896
156020.753909;2.3347834894940104E-05;6.739100274457859E-05;-82.93566552175548;-0.9777090369232849;0.018805664560556476;-0.19420098153805646
156223.079338;2.9709136870940633E-05;4.514318715854496E-05;-85.34536817384941;-0.978013945537096;0.018754605217031754;-0.19150232555296892
156425.667139;1.1435885552341424E-05;5.932660643343719E-05;-84.37656485568783;-0.9774704352116788;0.019021254632090145;-0.19628311994466238
156628.517654;2.4346463261424153E-05;5.940760395587832E-05;-83.84890571114703;-0.9776309919791828;0.018966050643580888;-0.19486658057143463
156831.631222;2.692846344184636E-05;7.139110890223187E-05;-82.34940288315707;-0.9778164916416708;0.018979127598196092;-0.19321700786990528
157035.008185;1.0199007303183678E-06;8.39423222820583E-05;-81.51973933123847;-0.9777138442539508;0.019097164275291945;-0.19410811218091764
157238.648884;3.6446079699920284E-05;5.136900461320114E-05;-84.01527797791586;-0.9775643249282435;0.019116807405811353;-0.1954326083279198
157442.553661;3.0759598864242973E-05;4.845019104204323E-05;-84.82332583050477;-0.977558902309018;0.019009724234020437;-0.19549931864292727
157646.722859;1.57579718146817E-05;8.535018580581705E-05;-81.23033883624045;-0.9776435955845029;0.01938184897440401;-0.19468222138929905
157851.156821;3.323025799117981E-05;4.00344093453081E-05;-85.67511106058035;-0.9775646933544596;0.019171223128252472;-0.19541987116599308
158055.855889;2.5403848015167172E-05;5.6781706309878895E-05;-84.1234316632301;-0.9774825975122642;0.01960385169155807;-0.19607284297777056
158260.820409;1.9981050334030408E-05;7.83963594190063E-05;-81.84074985339805;-0.9774389434476852;0.01917522970897261;-0.19653613243275278
158466.050723;3.0027130285418124E-05;8.022063871151574E-05;-81.34482698605257;-0.9775643030066961;0.019481459562117477;-0.1953688632738716
158671.547177;3.258092534406895E-05;7.282449757449472E-05;-81.96206767872508;-0.9776051589705603;0.01958499361012435;-0.19498762745540776
158877.310116;2.472660494887202E-05;7.743971801104691E-05;-81.79909268977694;-0.9776086529062321;0.019101467085729035;-0.19504156640869397
159083.339885;4.6221228597625364E-05;7.619972703549514E-05;-81.000263524498;-0.9778172233739703;0.019298011463512278;-0.19315508935097522
159289.636831;9.446067356078921E-06;8.287814624583448E-05;-81.57514619764532;-0.9772521706011179;0.019527933362101853;-0.19813333380679699
159496.201299;1.4761759323443425E-05;7.464670589911618E-05;-82.37318417980477;-0.9776265045577361;0.01948309411182926;-0.19481613548490162
159703.033637;2.0230680640257583E-05;7.871221818306564E-05;-81.801341655806;-0.977562051026258;0.019915272442256802;-0.19531122536954518
159910.134193;2.4855673472251852E-05;8.379988049474588E-05;-81.16893881386574;-0.9773265835654601;0.019501282686647626;-0.19747696248833366
160117.503313;4.081401952262354E-05;6.250468790293634E-05;-82.53940555169117;-0.9772668856208726;0.01964916611143332;-0.19798100964920712
160325.141347;2.4047168479391688E-05;6.321336926221051E-05;-83.39685195531547;-0.9776313650746465;0.01943245311640437;-0.19478191997109962
160533.048642;5.254269209518415E-06;9.249950975674678E-05;-80.66322097184155;-0.9779891013162706;0.019520802958727965;-0.19158978253660003
160741.225549;4.0223156729672085E-05;5.249465676878897E-05;-83.59161800380753;-0.9774287671962444;0.02014885752620579;-0.19645255188707
160949.672416;2.0847200670122502E-05;6.339771188294996E-05;-83.51261912636404;-0.9773239436673421;0.019948265054738658;-0.19742027252781139
161158.389594;3.596525639452882E-05;7.21143930757418E-05;-81.87488695033355;-0.9773246873200796;0.01994984163567376;-0.19741338024057736
161367.377434;3.363527836990771E-05;6.995325402261411E-05;-82.20058107922489;-0.9772433359244358;0.019826173222471603;-0.1981584731134594
161576.636286;2.6386934382928623E-05;7.061922380237757E-05;-82.45395974026634;-0.9776203437118084;0.019686263208900268;-0.19483470389527685
161786.166502;2.1719824527195503E-05;5.5620584601036924E-05;-84.47891714412006;-0.9769680227061528;0.020107135611342634;-0.20055380704016815
161995.968433;2.482469174811219E-05;6.810409227031571E-05;-82.79474165776314;-0.9775719198713387;0.020085497019800596;-0.19519264384289994
162206.042433;4.979874962909457E-05;6.998306619131833E-05;-81.32088131732621;-0.9774313368981375;0.020519926378067172;-0.19636115519122008
162416.388854;3.550018395448084E-05;8.051600610650132E-05;-81.11085675952066;-0.9776174401268427;0.020033986047744194;-0.1947977556744821
162627.008048;1.2893484075406741E-05;5.8904571644408124E-05;-84.39377261089345;-0.9774149000281912;0.019672582713855;-0.196661913398284
162837.900371;3.0641931476900224E-05;7.994280765614836E-05;-81.34909033023979;-0.9775895956325593;0.020105753449235778;-0.1950319613151703
163049.066175;3.319697490114842E-05;7.198712002945294E-05;-82.01751066403662;-0.9773062673695764;0.020332011926385767;-0.19750705045925526
163260.505817;2.7521079954993475E-05;4.886751851217572E-05;-85.02318013744429;-0.9773597242885322;0.020412735728167996;-0.19701721901748948
163472.21965;1.934944926638702E-07;7.922032747807396E-05;-82.02324142436925;-0.9776302130836504;0.020133841544973656;-0.19466610142319168
163684.208031;2.7608924533268855E-05;7.544561524410818E-05;-81.90151284604894;-0.9775684052068743;0.020554602690886502;-0.19513725712297297
163896.471315;2.4643394324772678E-05;7.573527447424592E-05;-81.97696477947872;-0.9777510613507863;0.02081173010275091;-0.19346689159543587
164109.009859;-2.0123224649235327E-06;7.598870328538807E-05;-82.38197473712519;-0.9774420832959037;0.020313623804672463;-0.1963039772235177
164321.824019;3.728382322282084E-05;8.345583595775569E-05;-80.78055623448762;-0.9777317297641068;0.02048196510717595;-0.19370038416288105
164534.914154;1.801724441979922E-05;0.00010328583226236662;-79.58900197442478;-0.9777874669455658;0.02040749014966165;-0.19321928921511367
164748.280622;3.4863418729222216E-05;7.809285349847724E-05;-81.3584791002896;-0.97754738633518;0.020390719346545454;-0.19535441642681894
164961.923779;3.735774044555035E-05;9.398015676066634E-05;-79.90214773649762;-0.9771978986327731;0.020459352242320716;-0.1984462094437891
165175.843987;1.1842270498895033E-05;6.659947788572688E-05;-83.39539626452773;-0.977349106938255;0.020931347972771686;-0.19701409367698208
165390.041602;2.4903281384764497E-05;7.872394782244942E-05;-81.6636635649199;-0.9775066787077858;0.020486848477482188;-0.1956981174423171
165604.516986;2.132375383699338E-05;9.190840372881075E-05;-80.50519379034267;-0.9775857166551964;0.021133202711612686;-0.19487394760695353
165819.270499;1.6196435665947883E-05;9.642722784086132E-05;-80.19517813472453;-0.9775532829303175;0.020751655688937564;-0.19523458818895267
166034.302501;3.2177567617157365E-05;8.262073678365333E-05;-81.04490051077521;-0.9772537560570731;0.020610724625072782;-0.1979216900985164
166249.613353;4.263593378945749E-05;6.64560265325359E-05;-82.05217436174364;-0.9773510490292906;0.021027085609489873;-0.1969785867349242
166465.203417;2.5069130973497574E-05;8.208260576709616E-05;-81.3276737177253;-0.9777770944247961;0.0214204802576607;-0.19311900291273149
166681.073055;3.111602228888099E-05;5.433502573318989E-05;-84.06658335266337;-0.9775807408311704;0.021151108645624805;-0.19491469831256114
166897.22263;3.0071418911729714E-05;7.219491305131018E-05;-82.13504425269475;-0.9772479731802177;0.02090067306833526;-0.19791835591385093
167113.652504;1.799431537430311E-05;7.152748319804453E-05;-82.64402997275806;-0.977506018744633;0.020473537268920664;-0.19570645620270777
167330.363041;2.067827330746816E-05;7.181153458550632E-05;-82.53016677874547;-0.977186907579116;0.02078694282596888;-0.1984824359471476
167547.354606;2.8617191976244662E-05;7.11416972598893E-05;-82.30616413213494;-0.9773371597069664;0.021099111816885105;-0.19708817821566083
167764.627562;4.7639408104719705E-05;6.451475863520313E-05;-81.91676429970082;-0.9772487448665137;0.021166258730537277;-0.19786071721432447
167982.182274;3.251412385336183E-05;6.962824648885514E-05;-82.28760905742669;-0.9773059573796077;0.02123687176513394;-0.19733885145013255
168200.019108;1.7417625834890404E-05;8.567592676235486E-05;-81.16694200814912;-0.9771933335310788;0.021248444426468917;-0.19833715557306858
168418.13843;2.0761351295247845E-05;7.881231251085396E-05;-81.77674039407349;-0.9772377622529276;0.02109062885750056;-0.1979728134757328
168636.540605;4.507071537360196E-05;8.00349535520102E-05;-80.73813846496309;-0.9773954240270503;0.021467173918400605;-0.19649943135809048
168855.226002;1.9896620357442042E-05;8.804098597684295E-05;-80.8899744802965;-0.9775006847792393;0.021584379259482474;-0.19554158122013196
169074.194986;2.247360803501776E-05;7.272079617627226E-05;-82.3706819008091;-0.9770910545979613;0.02139994081549981;-0.19921651357779047
169293.447926;3.790426412970743E-05;9.310978815642996E-05;-79.95413577222696;-0.9772849514427933;0.02130160049347319;-0.1975129428379197
169512.98519;2.7544818626757157E-05;8.739829402092727E-05;-80.75866597740992;-0.9774965483049158;0.02172501626809357;-0.19555064847797488
169732.807147;4.097583150197418E-05;8.9222749720082E-05;-80.15935678186742;-0.9775264241831865;0.021765661353047173;-0.1952772809438067
169952.914166;3.44424616247696E-05;8.927208932263609E-05;-80.38304219931359;-0.9772340530862363;0.021226741262327684;-0.19797958419646772
170173.306616;3.842371825301488E-05;9.309803872282587E-05;-79.93806731619603;-0.9773831453867826;0.02128539926868392;-0.19664381053913954
170393.984868;4.7390161641276555E-05;8.738736912196843E-05;-80.05138463590819;-0.9773010474986148;0.02163657779640959;-0.19730458402979878
170614.949293;3.7713990924251904E-05;7.474354464390476E-05;-81.5434749807517;-0.977158876483862;0.021629594936090638;-0.19856899358038294
170836.200261;2.9452981086630646E-05;8.256214119243373E-05;-81.14413477292068;-0.9773827293274181;0.021754456307556843;-0.1965557700175189
171057.738143;5.015707331253416E-05;7.377001777466365E-05;-80.9920984376611;-0.9772426349253227;0.021586971616721313;-0.19783324043306466
171279.563313;4.0755522254053506E-05;8.371227276728219E-05;-80.62043160567183;-0.9772376105016976;0.022030394036583183;-0.19778996533587292
171501.676143;3.175051644069288E-05;9.758085562787267E-05;-79.77566734086815;-0.9774440820813104;0.021842364360622417;-0.1959934093349024
171724.077005;2.913208472308826E-05;0.00010700494059905915;-79.10139532340783;-0.9776431684102675;0.02191675736678369;-0.19421054110159136
171946.766273;4.30938614636627E-05;6.543042680475789E-05;-82.1195743349364;-0.9774930692513905;0.02197213660552426;-0.19553249055056507
172169.744322;4.172775500532115E-05;9.116114067256083E-05;-79.97766569205075;-0.9772546117206727;0.0221007994410657;-0.19762481096470483
172393.011525;3.0038360271250606E-05;8.361622677355701E-05;-81.0270417259374;-0.9776823734774261;0.021904819765339655;-0.19386478047526906
172616.568258;5.1484790814186336E-05;9.283472381219812E-05;-79.48115791519047;-0.9770579827255821;0.022045196507637938;-0.19938290306820355
172840.414896;5.368402308449244E-05;9.216502835009489E-05;-79.4399641430521;-0.9771589493720063;0.022049910391325592;-0.19848488375922063
173064.551815;1.7879458009153006E-05;0.00012068784429080379;-78.27244427732141;-0.9778030057421703;0.022492382024640996;-0.192675235978509
173288.979391;3.678495495059915E-05;7.274818316573562E-05;-81.77476842724326;-0.9776757438698045;0.021890002796135094;-0.19392659649540628
173513.698002;4.619717649811616E-05;6.815875501150437E-05;-81.68783437582778;-0.9771711054936034;0.022293051613127186;-0.19832787255977039
173738.708025;6.099972552315677E-05;9.658269559925967E-05;-78.84416658268306;-0.9769046484117317;0.021745477678676045;-0.20080513157294505
173964.009837;5.7442183966204985E-05;0.00010671737917160461;-78.33031318625746;-0.9774695929079282;0.022137677874653327;-0.19570782172636603
174189.603818;6.472007865901653E-05;7.676286366555527E-05;-79.96486656938862;-0.9771241031080871;0.022442625502426133;-0.19871504003831214
174415.490345;3.978829666828776E-05;9.472346800939259E-05;-79.76515267560123;-0.977024720062383;0.022624222888326297;-0.19956084451261363
174641.669799;2.3381234550872128E-05;0.00011812572811709576;-78.38620922728529;-0.9773758236850311;0.02250410833353188;-0.1964663462447152
174868.142559;5.075076788058392E-05;9.268609371041475E-05;-79.5208867002558;-0.9772136360640398;0.022448260706010324;-0.19791846637412897
175094.909005;5.70662795733306E-05;8.939620236099826E-05;-79.48915377143041;-0.9773282564026875;0.022513321731612405;-0.19688697572625483
175321.969519;3.61587425785378E-05;9.663786460953583E-05;-79.7280001343559;-0.9771163141249309;0.022460227445821344;-0.19878064861024547
175549.324482;4.65565063566807E-05;9.51680816904002E-05;-79.49834076892432;-0.9774948904566321;0.022736384810784705;-0.19536109384845118
175776.974275;4.874432121110909E-05;0.00010706865710385432;-78.58873129811921;-0.9775368299613476;0.022622879914882946;-0.19501202096406806
176004.919281;5.270938143611347E-05;9.924167437637542E-05;-78.98693325132723;-0.9772061336284735;0.02279873219753918;-0.19791303515250822
176233.159883;5.1580113170676305E-05;8.91876643916258E-05;-79.74082147227612;-0.9774418777618412;0.02264668957268335;-0.19585040967951578
176461.696464;5.8618592812553244E-05;9.763036355393245E-05;-78.87132781501651;-0.9771578898662179;0.02303576778774794;-0.19829223869877088
176690.529408;2.5896863868749613E-05;9.258683646126147E-05;-80.34188463878311;-0.9771683782377985;0.022964979655202687;-0.19821386290185306
176919.659099;3.299377229545566E-05;0.00010078313962766456;-79.49008476479327;-0.9771819655171392;0.022489340762436322;-0.19819143212404272
177149.085923;5.052615676785205E-05;0.000105997549083697;-78.60486978888606;-0.9771980786915541;0.022663140055033296;-0.19801261260923958
177378.810263;6.566192371462086E-05;9.585485263785269E-05;-78.69677780670624;-0.9774261343587476;0.022752059371729322;-0.19596850298587845
177608.832507;4.61494512394874E-05;8.244555292243935E-05;-80.49292468342436;-0.9767876640415133;0.022793292102102358;-0.20163249922751092
177839.15304;6.702860139515748E-05;7.936458821548395E-05;-79.66915316839885;-0.9769061148464785;0.023100343054308928;-0.2005157443060004
178069.772249;5.5471998348897785E-05;8.912225618030587E-05;-79.57821591866134;-0.9769397292882773;0.023128760888648105;-0.20021106833460578
178300.690522;5.769747905136586E-05;0.00010242244971768559;-78.59512154480042;-0.9773660806234454;0.023051136765107994;-0.1964396514912436
178531.908247;3.728401023024326E-05;0.00010625912587673198;-78.96843098353048;-0.9772140957480309;0.02304234422219067;-0.19779154294243884
178763.425811;4.880946647489086E-05;8.867419064288276E-05;-79.8946785527937;-0.9772573249331431;0.023119847913829313;-0.19739126530787454
178995.243604;6.70245519285805E-05;0.00010759866555134942;-77.93990517718443;-0.9771556903834238;0.023062842455536706;-0.1983061052159919
179227.362015;4.1017976107559754E-05;0.00010286869819911573;-79.11352155521199;-0.9770757664224137;0.023098484157889104;-0.19900869855438968
179459.781433;4.850605562544144E-05;8.713132871926062E-05;-80.02408056984538;-0.9769738028146333;0.02312354374013319;-0.19990939577257066
179692.50225;4.40465026909178E-05;0.0001248201023455572;-77.56462121685063;-0.9772773878858414;0.023422811270117166;-0.19714896368722273
179925.524855;5.921655472426197E-05;9.605083311890037E-05;-78.95090991666548;-0.9769057571516928;0.023423322768599153;-0.20045058177394576
180158.849641;7.024588752364989E-05;0.00010801501790190744;-77.79846684733587;-0.9770404566227378;0.023611890122955406;-0.19921338178554854
180392.476999;5.548732203595203E-05;0.00014003331263179954;-76.44200502629145;-0.9772981351761666;0.02328743350499372;-0.19699340982966138
180626.407322;6.568170847157674E-05;0.00010515004497043324;-78.13308648471997;-0.9771942334667193;0.023533300655004374;-0.19786405212369051
180860.641001;5.8229400875205455E-05;0.00011120327898791651;-78.0253108484388;-0.9771422415246295;0.02357823807858501;-0.19831630823937946
181095.178432;9.711933405491787E-05;0.00010246837820916819;-77.00450568713974;-0.9771927846885691;0.023692308902065674;-0.19784278982543768
181330.020008;6.30526090380566E-05;8.650256067213702E-05;-79.40878882328926;-0.977108193178922;0.02364010312910087;-0.19860551553816563
181565.166122;6.988880445188544E-05;0.00011033287091922633;-77.6807730290666;-0.976739482520208;0.023545467221193477;-0.20190214213101215
181800.617171;6.109815370740228E-05;0.00010362479417978519;-78.39498984890925;-0.9770423162587244;0.023739389714558363;-0.19916940923701942
182036.373549;8.640020161517728E-05;0.00010514827249204668;-77.32331956060241;-0.9771562701692229;0.02354400533011586;-0.19819901286801317
182272.435653;6.330562746391385E-05;8.800345995579232E-05;-79.29880403801509;-0.9771588672118209;0.023679267176833812;-0.19814690565075965
182508.803878;8.592227451495787E-05;0.00011044902055374928;-77.08151306197443;-0.977251392641059;0.024010067341727004;-0.19725327894078015
182745.478622;4.62588117557253E-05;9.521058423319483E-05;-79.505907354046;-0.9775310356005434;0.024149976908849523;-0.1947390388459223
182982.460283;6.87017375255119E-05;0.00012829079415745346;-76.74105692601528;-0.9772350006299609;0.023948631385764262;-0.19741227684967705
183219.749258;8.453210395586578E-05;0.00010585807676187849;-77.36325852083807;-0.977052532866866;0.023530105425829225;-0.19912361705506612
183457.345945;7.231996897428382E-05;9.666029276991538E-05;-78.3643940944093;-0.976989338084287;0.023933670550156196;-0.19959800297591468
183695.250745;9.6669990821061E-05;0.0001102151497711221;-76.67713744257517;-0.9772132768770238;0.024073026110884355;-0.19757809801949738
183933.464056;7.003796044646188E-05;0.00010945875839579771;-77.72459437682406;-0.9770441161514298;0.02419731930868755;-0.19905361054177556
184171.986279;6.865509056559494E-05;0.00012841817637003779;-76.73566854017315;-0.9770010620189047;0.024157391932005643;-0.19944491300489184
184410.817814;4.529953423398891E-05;9.79399740345544E-05;-79.33887124445675;-0.9772157632429904;0.024167212993643824;-0.19753536067731414
184649.959062;8.829260788448349E-05;0.00010298893155218065;-77.35127784321283;-0.9776208917365665;0.02431511594191788;-0.19390479643152683
184889.410425;7.348331770960969E-05;0.00012282829924203633;-76.88530343631588;-0.9773609375027474;0.023955807766068156;-0.19629210272277364
185129.172305;8.701106695026397E-05;0.00014135593794078772;-75.59840140180945;-0.9770561836172372;0.024404897576001;-0.19890052908465752
185369.245104;6.725725678674089E-05;0.00011806674975494174;-77.33690768006623;-0.9772610906008794;0.024393199200415567;-0.1970828560411632
185609.629227;8.18601655354052E-05;0.00010027405018293853;-77.75830378142467;-0.9771592110357248;0.02456749888248347;-0.19794905369517146
185850.325076;8.168007988729713E-05;0.00011407974105053795;-77.05846429165588;-0.9771853326799398;0.024491085430346192;-0.19773404918220025
186091.333056;7.555574208414101E-05;0.00014789442609110216;-75.59383198409513;-0.9771919162087991;0.024589316736116057;-0.19765365386886846
186332.653572;5.627486818325721E-05;0.00014270327458706757;-76.28358040610169;-0.9768801935851712;0.02472472947066096;-0.200392755604592
186574.287028;9.228262925765516E-05;0.00010092485384034806;-77.28114042291759;-0.9765835090192388;0.0248217339748103;-0.2030075531038056
186816.233832;9.190985108230362E-05;9.544035830635657E-05;-77.55567434059638;-0.9769070095112522;0.0242946929643859;-0.20025034778990414
187058.494388;9.555850739282014E-05;0.00012637104155005462;-76.0030779150523;-0.9770285599557151;0.024512999802501125;-0.19912190619643405
187301.069104;6.92054148029403E-05;0.00011284219501222756;-77.56397724906721;-0.9769891826824663;0.024755079023427128;-0.19941752970062449
187543.958388;7.640936088604942E-05;0.00011574914048700371;-77.15879498061754;-0.9767598409249995;0.024838553046890154;-0.2014365831802968
187787.162647;9.218476156795475E-05;0.00012447983471365593;-76.19910748550961;-0.9775247530896305;0.024831038203889502;-0.19464330838395452
188030.682289;8.194208777144186E-05;0.00012635580098234296;-76.44351316429669;-0.9771124364906942;0.024718547010822517;-0.19833073396238046
188274.517725;7.052618146598563E-05;0.00011679533455702628;-77.30134802642574;-0.9770876883455976;0.024638993962842425;-0.19856844135490365
188518.669362;9.19711217999485E-05;0.00011963872765912708;-76.42596681217898;-0.9768703756561717;0.02478276318268955;-0.2004669286529729
188763.137612;0.00010249918366365298;0.00010073021488525845;-76.85024028931905;-0.9768842760855131;0.024852251419552232;-0.2003277265115544
189007.922885;8.875470556804001E-05;0.00012047660683185332;-76.49906909842723;-0.9772660456160868;0.024959026468831143;-0.19691194026547928
189253.025591;9.377925965685808E-05;0.00012217158631275428;-76.2487714867158;-0.9770228549075615;0.02478991345061247;-0.19911051812223868
189498.446143;8.593396867798599E-05;0.00015163732953912362;-75.1743329265801;-0.9770140840786217;0.02489192753810125;-0.19916539827481736
189744.184953;7.952248319876323E-05;0.0001435070234673171;-75.69955741107634;-0.9773247730316892;0.025082265272776565;-0.1963623080311211
189990.242434;9.866273161226328E-05;0.00011208480771137477;-76.51746968536078;-0.9771101448086068;0.02512073202629511;-0.19825997276414056
190236.618998;9.123022307157085E-05;0.0001348170291212713;-75.76777317306713;-0.9772620416060366;0.025200888575760066;-0.1968923729308707
190483.31506;0.000107115458187665;0.00013102556638838555;-75.43005447618395;-0.977052636095268;0.025553804743733838;-0.19867109448494474
190730.331033;0.00010567419297284874;0.00013999986457460372;-75.11914888821507;-0.9770211698122051;0.02534250222780853;-0.19899953547023025
190977.667334;0.0001140522470190615;0.00014365291157482168;-74.7309141976923;-0.977085249640914;0.02551028879543065;-0.19839146822080922
191225.324376;6.733252780062704E-05;0.00013124472745350402;-76.62364105947218;-0.9768685148786982;0.025521289837020934;-0.200314499538093
191473.302576;0.00010240236472758586;0.00014604659636906304;-74.97356433890333;-0.9770711539222928;0.025472016144351326;-0.19852555938455058
191721.602351;8.871231625472837E-05;0.00011631860352151966;-76.69588406642578;-0.9772793607452724;0.025195151515230448;-0.196739858194226
191970.224118;0.00010539231142114218;0.00014297736366146948;-75.00999730303897;-0.9769492945284085;0.025184312576419662;-0.19967445862823757
192219.168293;8.797395050861379E-05;0.0001520501311104951;-75.1062295995523;-0.9770069228536356;0.02561336449829352;-0.19906335590536656
192468.435296;9.932131685982403E-05;0.00016117211488433488;-74.4561776593149;-0.9772103189172728;0.025567046763941666;-0.19726730620461794
192718.025544;0.00014399887824713197;0.00015283377282154502;-73.55622087469618;-0.9772029942198429;0.025504990932744106;-0.197346771185194
192967.939458;0.0001277390908444956;0.00012987642983760525;-74.79056053247558;-0.9771237550401826;0.02595621438247437;-0.1979450899724139
193218.177456;0.0001318903269911497;0.00014199743022418258;-74.25293743355462;-0.9773984899983501;0.02592453275350782;-0.19551243608937538
193468.739959;0.00014617874800008953;0.0001223499612039756;-74.39642094313568;-0.9768837634336063;0.02544264548174195;-0.20019723733415756
193719.627388;0.0001069483409247502;0.00016263449520047916;-74.21499160009728;-0.9773192443380534;0.02592446150004834;-0.1962162221212184
193970.840164;0.00014035307288177935;0.0001235031024510712;-74.56527951121566;-0.9765292035325547;0.026269063745098013;-0.20315372409892402
194222.378709;0.0001311154871393637;0.0001586962875780154;-73.72882267519833;-0.977207624612133;0.02579923964091667;-0.19723703325992523
194474.243445;0.00013177838754264233;0.0001437286718731837;-74.19948200322476;-0.9772680930590076;0.025711785532920955;-0.1967204225289827
194726.434796;0.00013163082305907203;0.0001229453420158103;-74.88889291682833;-0.9769961578213093;0.025713328545777927;-0.19913566665739071
194978.953185;0.00013838231607977562;0.00015299264338128487;-73.71034971438019;-0.9772889320303947;0.025696332555963892;-0.19653894710547803
195231.799037;0.00013926398161304222;0.0001390641914633121;-74.11915434012198;-0.9769626922909019;0.025854498178203456;-0.19939988647505166
195484.972775;0.00011880602263647429;0.00013501030290199385;-74.90224359986742;-0.9767335726023153;0.025895487974121407;-0.20142608569976234
195738.474825;0.0001622302378721566;0.00014961159649121828;-73.12450707816743;-0.9766763934034027;0.026081089464290982;-0.20189033626971178
195992.305612;0.00016481111041525791;0.00012800453410256917;-73.61033153349508;-0.9769679372040446;0.026448563226760737;-0.19921201052272058
196246.465564;0.00014755108874970694;0.00014522986645665485;-73.67917051739711;-0.977019472624533;0.026328407944022428;-0.19878300449779274
196500.955107;0.00014101485915857278;0.00013557482932888325;-74.17190055604163;-0.9770917334806055;0.02610530851931191;-0.19819425688969988
196755.774668;0.00015037728128241429;0.00015004093885479503;-73.45576913769487;-0.9771255881139337;0.026190255854483074;-0.19787333249980252
197010.924675;0.00015023723475917041;0.0001574726388330213;-73.24507079088589;-0.9769425192746538;0.025986413906665944;-0.199548018806619
197266.405558;0.00016266726791078011;0.00016423727897630757;-72.72178056172001;-0.9768619921883296;0.02625610458154457;-0.20019942329085222
197522.217744;0.00013733741816800518;0.00013589380717951712;-74.2795721287109;-0.9772040972506365;0.026332323973351272;-0.1971420648949807
197778.361663;0.00015846753160685128;0.00015601032014500655;-73.05823353443671;-0.9768168217495737;0.02635098011335752;-0.2005780803451302
198034.837746;0.0001798593653405406;0.00015352924415042415;-72.52428021294877;-0.9770057068950908;0.02654865089726504;-0.19885234949771785
198291.646424;0.00017617575210276593;0.00015111380711155262;-72.68626595704211;-0.977386350076674;0.02641778873640132;-0.19550295397799955
198548.788127;0.00015757707674166207;0.0001363818142785781;-73.62204826934901;-0.9771471849953124;0.02646206522009399;-0.19761644531208827
198806.263288;0.0001752473756823952;0.00015199191376466355;-72.69111306701598;-0.9768551758958811;0.026620008641838284;-0.20017247873168703
199064.072339;0.00017747212856202149;0.00016594050470631762;-72.28908033212906;-0.9770433638438359;0.026932255288320623;-0.19842455683504537
199322.215713;0.00018869858006937947;0.00014048999492352292;-72.56924803593256;-0.9768098634110798;0.02699667343499613;-0.20048324071770024
199580.693844;0.00018074034433629627;0.00015019969425376545;-72.57848388513949;-0.9770437035788023;0.026698836656449162;-0.19847844796132466
199839.507165;0.0001884666604389948;0.00013768872669333578;-72.63779900489952;-0.9769623525440037;0.026743173711523644;-0.19919037324987549
200098.656111;0.00021014354521408938;0.00012940193520008094;-72.15345837197577;-0.9768111039670813;0.026666512634839965;-0.2005527999018884
200358.141118;0.00020121294465502856;0.00015798212394620872;-71.84123524086688;-0.9769407673200204;0.026703218380050114;-0.19939184958411768
200617.962622;0.00023219008308461155;9.913167954995518E-05;-71.95592542928048;-0.9770735139649888;0.027192257484440333;-0.19809276194753445
200878.121058;0.00022120737038057843;0.00012359920735477902;-71.92400950215202;-0.9767830729079451;0.027038523200328825;-0.20071100044125326
201138.616863;0.0002103503540517486;0.00015089049488172006;-71.73826598395537;-0.9768855656734802;0.026724520620709867;-0.19987711408143477
201399.450476;0.00020749909000393116;0.00012546687107100078;-72.30638863595279;-0.9767968889949071;0.02684967365612741;-0.20063452457258718
201660.622334;0.0001985490987655331;0.00014972184490540046;-72.08741928160671;-0.9771143915843893;0.02699257611203615;-0.1977788394998916
201922.132876;0.0002260448422308898;0.00011743893931307721;-71.87834439224004;-0.9768731504686835;0.026908517388001887;-0.19994254394189648
202183.982541;0.00022173600260336072;0.00012290956839103951;-71.91967260461087;-0.97682550178812;0.02732085370342824;-0.20026420679506912
202446.171769;0.00021275296134166927;0.00012582903596995812;-72.13981757130837;-0.977015556162968;0.027291848864835225;-0.19858293778769887
202708.701;0.00022547052091717807;7.957945612829016E-05;-72.42832980387439;-0.977013959934745;0.027120227886261717;-0.19863957090116063
202971.570675;0.00023226453488268484;0.00012266297539244734;-71.61194846374137;-0.9765031210572606;0.027243105516365433;-0.20314833958072767
203234.781236;0.00023670643363249018;0.0001072223005058711;-71.70525390352472;-0.9768169779663464;0.027391111039342938;-0.20032245931883683
203498.333124;0.0002335753883654511;0.00011062506058654195;-71.75253665604667;-0.9770662429142343;0.027407430871154787;-0.19810394533310188
203762.226782;0.00023788215045259835;0.0001071500713176114;-71.67050276813504;-0.9771699497427402;0.027290165988642968;-0.19721193972907528
204026.462654;0.00022160349483522226;0.0001223487499441167;-71.93295623159227;-0.976941645921499;0.027919077836448928;-0.19908207583818027
204291.041183;0.00023418303336587677;0.00010660596920366688;-71.79099201295966;-0.9768757939678324;0.02745400870570038;-0.19978420520066437
204555.962814;0.00024491206429016804;0.00011151632205057452;-71.40154616984508;-0.9769705587980108;0.027144433928725367;-0.19901915684105043
204821.227991;0.00023427385839175973;9.882157788073016E-05;-71.89431840383466;-0.9771856994640502;0.027203756369513842;-0.19709345295025701
205086.83716;0.0002596897836231987;9.953746513276104E-05;-71.11559386055679;-0.9769043951839707;0.02734834352896639;-0.19955643308932344
205352.790767;0.00023272547989139448;8.678594556839018E-05;-72.097644670557;-0.9770944569006308;0.027577244437448793;-0.19781088981925848
205619.089259;0.0002603200054703465;9.970360868327848E-05;-71.09538097777117;-0.976922468544986;0.027917226773029078;-0.1992529124356498
205885.733083;0.0002641646608958812;9.353047585999574E-05;-71.0495932586768;-0.9774552283814661;0.02763434688226944;-0.19459263224346196
206152.722687;0.00024141283401828923;8.895226711338458E-05;-71.79190151338307;-0.9770787348039826;0.028019645595133192;-0.19783874174088206
206420.058519;0.000261572226488459;7.67286343520524E-05;-71.28968442778995;-0.9769115513900759;0.02753227549309386;-0.1994469561625992
206687.741028;0.0002443051995735393;6.241208055360956E-05;-71.96677438577402;-0.9769286542297022;0.02799760878901821;-0.19917752442949424
206955.770664;0.0002624868429442096;5.495383831534338E-05;-71.43154747185639;-0.9771385172585707;0.027814794544765608;-0.1973597320493537
207224.147876;0.0002565887919753898;7.480965625108137E-05;-71.4609325021317;-0.9768786642040401;0.027794083737045276;-0.19967326729385168
207492.873117;0.00027092999090019327;5.84624738840407E-05;-71.14520491424437;-0.9767852425716705;0.028161035139693334;-0.200409905635473
207761.946836;0.00028792378563174536;8.591318987766267E-05;-70.4440276104984;-0.9768980925147429;0.02815649474662849;-0.19940846142588595
208031.369487;0.00025444544628515137;2.8824294767356916E-05;-71.83272793491602;-0.9768358412303872;0.02804681948753698;-0.1999895460575592
208301.14152;0.00024089587385410228;6.595889646940871E-05;-72.0494489626029;-0.9770357615317294;0.02836484836165443;-0.19813197552310216
208571.26339;0.0002606327747437025;3.935759144237222E-05;-71.58149795847831;-0.9767562627727105;0.028195913134862933;-0.20065845290883097
208841.73555;0.00023286245272904793;4.927032501100174E-05;-72.4678102159069;-0.9769886291433785;0.028040139711534524;-0.19863390524059857
209112.558455;0.0002624219360232029;5.643084998771018E-05;-71.42367742769815;-0.9772203936648021;0.02855632503169706;-0.19644260032413569
209383.732558;0.0002593169205939025;1.5007125074960746E-05;-71.7088620589932;-0.9769787486494328;0.028367664472626754;-0.1986376840830415
209655.258316;0.0002458043926275689;3.0333505237632438E-05;-72.12256787860208;-0.977096504228696;0.028609671573969292;-0.19752904412399128
209927.136185;0.00024433566626285124;2.260265564160208E-05;-72.20325617941033;-0.9769504714293716;0.028760168520871557;-0.19878693269354306
210199.366621;0.0002600163067010367;1.649368504481471E-05;-71.68254830483919;-0.9768180908344142;0.028694073449938306;-0.19998023421238229
210471.950082;0.0002547568952730784;4.175220588178838E-05;-71.76236843426699;-0.9769377426762429;0.028560722857133375;-0.19895198186226848
210744.887025;0.00022851775873064677;4.166406788365816E-05;-72.67958156361728;-0.9770789011855322;0.02868195775513245;-0.19766657015130043
211018.177908;0.0002464818552922079;2.276545002907522E-05;-72.12740986339517;-0.9769145839502402;0.02863737089898834;-0.19913777777034425
211291.823191;0.00025225163767045306;3.475376309505792E-05;-71.88165615788581;-0.9769507613338102;0.028551820275109985;-0.1988386450562119
211565.823333;0.00025851193013243657;9.13204475950481E-06;-71.74497207381776;-0.97693607750405;0.02888554544061901;-0.19888193727036876
211840.178795;0.0002614167305248102;6.224097175613077E-06;-71.65087122347195;-0.9772795722932055;0.02876878540987989;-0.19586172934354112
212114.890036;0.00024987893860781656;2.5091167025751473E-05;-72.001837063861;-0.976858043725575;0.02894700990162545;-0.1995589897288378
212389.95752;0.00024946581135860295;6.7092806939887E-06;-72.05663909904845;-0.9767678637339157;0.029067085008596238;-0.20032849152259413
212665.381706;0.00024571631952686915;5.644381966324088E-06;-72.18902891820498;-0.9768048913364027;0.02937584966056841;-0.19991746026913154
212941.163059;0.000231977676957213;3.279524007487276E-05;-72.60513333309567;-0.9770574415674187;0.02897409225710205;-0.19778061790242613
213217.302041;0.00022466669195035681;2.7795506970716026E-05;-72.90325513545638;-0.977109130303965;0.029089645482460774;-0.1972910357431169
213493.799116;0.00023938579345047747;4.1206907315877884E-05;-72.29121730408424;-0.9768168101452551;0.02898267945917433;-0.19991591406663098
213770.654748;0.00024443674706629473;3.444459737503583E-05;-72.15127813492263;-0.9770033189393018;0.029154497997929137;-0.19821367991958658
214047.869403;0.00025387870166876;2.92382925919782E-05;-71.8502515119388;-0.9765585981872735;0.02939404758082704;-0.20210096486482018
214325.443546;0.00025281490522686755;2.7598138974550915E-05;-71.89249907279836;-0.9766341202273154;0.029711882538238067;-0.20134441797829608
214603.377642;0.00022540025897406198;1.7185867862160543E-05;-72.91573738785841;-0.977016262306075;0.029548361314544868;-0.19799361432934456
214881.67216;0.000264061296932507;2.148986897118218E-05;-71.53723625255184;-0.9769533989608541;0.029403488463249146;-0.19859081681518237
215160.327566;0.00024070194936195514;4.099665783134506E-05;-72.2462147270115;-0.9769639419795768;0.03001513245675999;-0.19833195228601685
215439.344328;0.0002488820618990158;3.6515713670061824E-06;-72.07919329700383;-0.97702110920024;0.029353591973366986;-0.19800271120969035
215718.722914;0.00023242810268630216;1.5023230193747107E-05;-72.65612102762319;-0.9766601793334749;0.029804352922972132;-0.20108783940161096
215998.463795;0.00023202368634545395;2.9960278303768924E-05;-72.61753846975795;-0.976706548684286;0.029929823784508352;-0.20064175967824835
216278.56744;0.00024719074043403423;-4.755878950823426E-06;-72.13774871650595;-0.9769676560996452;0.030005519340863283;-0.19830158525921296
216559.034319;0.00025914587997276275;1.898436507411485E-05;-71.7058690665561;-0.9767614694280075;0.029736967615243002;-0.2002061513919035
216839.864904;0.00023754785604816108;6.6257101335701685E-06;-72.48160033218373;-0.9765962992852728;0.029828482099886536;-0.20164889808025743
217121.059665;0.0002462744295569021;1.5184081853428226E-05;-72.15513578832257;-0.9767909834470726;0.03016240620171973;-0.19982805751667207
217402.619076;0.00026080339352427175;-5.126289660346838E-06;-71.67205767051202;-0.9767393215459352;0.029631845547007384;-0.20043130645639837
217684.543609;0.00023573896359778223;3.2781792253427464E-05;-72.46819214639868;-0.9771139541357331;0.02991852287729777;-0.19702591294103378
217966.833737;0.0002605708911437535;1.6639192698478733E-05;-71.66380892175351;-0.9767581554199273;0.030383029006805857;-0.20005895299336648
218249.489935;0.0002706985195822523;2.1037258144895693E-05;-71.32413172781503;-0.9768700776885384;0.030035553609082624;-0.1991601485155594
218532.512678;0.0002734970315594059;1.3205597178454974E-05;-71.25083444075473;-0.9765081194067057;0.03030053677760011;-0.20230332714682858
218815.90244;0.0002407498828812067;2.8781877980499295E-05;-72.30704646563754;-0.9767201124124079;0.030176779129056183;-0.20045374004448852
219099.659698;0.00027684010121623996;1.1318527290970467E-05;-71.14816658276861;-0.9768127902962425;0.030159827363336666;-0.19963503937073518
219383.784928;0.00027441085111514906;5.0977495819163745E-05;-71.08462429211671;-0.9769205859009765;0.030273810558888007;-0.19864616246069636
219668.278608;0.0002642030710614012;7.992743563638288E-06;-71.55726992459059;-0.9765079872041648;0.030410510831510112;-0.20227412309584647
219953.141215;0.00028500953390326217;2.1798869722787587E-05;-70.87748042833081;-0.9765421382783182;0.030397822347524826;-0.2019741644958795
220238.373228;0.0002782346687954251;1.8746283678477996E-05;-71.09210495491962;-0.9767265310584347;0.03101298312511161;-0.2001640104545467
220523.975125;0.0002807124819140546;6.9916424757815236E-06;-71.03207222031972;-0.9764719117344127;0.030631354613115388;-0.2025333625045762
220809.947386;0.0002823360086638806;-2.7680725891907824E-07;-70.98467040800875;-0.9764649366039999;0.030540589588342854;-0.2026206115477021
221096.290493;0.0002677167518482428;3.510936880384679E-05;-71.37243120574637;-0.9767605023409591;0.030563081092117823;-0.19998819967599163
221383.004925;0.0003098120212076754;2.2082105881146014E-05;-70.1560273396097;-0.9767239177177897;0.0308555139256799;-0.20023153394928744
221670.091163;0.00031514021982322787;3.831812611968381E-05;-69.96618591921478;-0.9769789885993073;0.030683096387387962;-0.19801400512308837
221957.549692;0.00030218443697213875;1.2847625627132647E-05;-70.38671492043153;-0.9770539075003652;0.030720264568735268;-0.19733824351082976
222245.380992;0.0003125085275990691;1.0970631120511873E-05;-70.097413746763;-0.9767010265280635;0.031084913733535634;-0.2003702783005517
222533.585547;0.0003232267296600464;1.8477059219019218E-05;-69.79568603996177;-0.9770147874989258;0.03090130868219902;-0.19763497205967123
222822.163842;0.00032674215064524886;1.8832497889893853E-06;-69.71575246212436;-0.9768002942293615;0.030667778370090847;-0.19960555078819103
223111.116361;0.0003280143170160654;-2.3348231580810204E-06;-69.68192396283959;-0.9769505599969434;0.03115532110837495;-0.19813376298274155
223400.44359;0.0003129885556983692;-1.366516314313479E-05;-70.08116011712379;-0.9769556624783746;0.03114672869363506;-0.19809087734151354
223690.146014;0.00033750042590226546;-2.4613805640361782E-05;-69.41147570667125;-0.9762272566190339;0.03128325926098633;-0.20452399708338787
223980.224119;0.0003451139136857028;-2.2026680626453083E-07;-69.24074885582273;-0.9765432423336545;0.03126623127748336;-0.20172072722784834
224270.678394;0.0003451597832686321;-2.0775822285864996E-05;-69.2238899137544;-0.9766656635177724;0.030935200553903724;-0.20072668472957714
224561.509326;0.00033445184563654894;-2.3072313165632138E-05;-69.4927090412631;-0.9766117972125389;0.03127819117735139;-0.20110820721168826
224852.717402;0.00034072389892267054;-1.4196959983017742E-05;-69.34441462891168;-0.9769541555984839;0.03135631182086905;-0.19804471553553699
225144.303114;0.00033398007491757496;-3.66513532997085E-05;-69.47359868761353;-0.9771501211998187;0.03141240202429776;-0.19628839739583068
225436.266949;0.0003557035516875032;-3.84565224529527E-05;-68.92776727565291;-0.9765190120553715;0.031344072588468885;-0.20191385261812617
225728.609399;0.00034636587182850317;-3.494008455965565E-05;-69.1653276057034;-0.9764847143980526;0.03135460388213202;-0.20221560864833427
226021.330954;0.0003878038480945967;-4.413291036152047E-05;-68.17187364759096;-0.9768353956115087;0.03174258340529196;-0.19898874628001748
226314.432106;0.0003661979258074727;-7.913422177912698E-05;-68.52746906619518;-0.9768800689552136;0.03193520329806137;-0.19853618404454726
226607.913347;0.00038744402610728503;-6.609129572054938E-05;-68.11125117005845;-0.9767370460148502;0.03152511035854074;-0.19992494843359804
226901.775171;0.0003835797872636342;-8.143987532703495E-05;-68.13139947138048;-0.9766748911199673;0.03169635732255324;-0.20042787954291794
227196.01807;0.00037867809727302906;-6.959738603215141E-05;-68.29031964326363;-0.9766811740349668;0.03197239572485161;-0.2002921318345617
227490.64254;0.00040714784358762793;-8.42719839309767E-05;-67.62277519577607;-0.9769653840398467;0.031758802478961345;-0.19782952102825485
227785.649074;0.00038871386988732374;-0.00010333001919448606;-67.91087073364933;-0.9766536541156022;0.03134099198541725;-0.2007184387561428
228081.038168;0.0003966666548904753;-7.66025349787673E-05;-67.8724689296311;-0.9761937416409325;0.03167572492133382;-0.20470940099244664
228376.810318;0.0004076865568823962;-0.0001012886632321249;-67.53334720620455;-0.9762457951992968;0.03201931499655556;-0.20414712208298835
228672.966021;0.00041161215765480463;-0.0001001659018071016;-67.46037718196207;-0.9764689178551622;0.03197141040927689;-0.2021782538608879
228969.505775;0.0004234174663401858;-0.00012035826361566337;-67.12716906905658;-0.9766935111201723;0.03209188172017559;-0.20014772055878444
229266.430077;0.0004102494456822998;-0.000135788658949274;-67.28755278860734;-0.9768733161618279;0.03194254609634215;-0.19859403000905854
229563.739426;0.0004193029573250837;-0.00016848219549993465;-66.89941667077144;-0.9768604594089402;0.03234857440256181;-0.19858955049749852
229861.434322;0.00042629769647717906;-0.00016940877626780745;-66.76894285866653;-0.9767226594854145;0.032126404269331686;-0.19987870124796567
230159.515264;0.0004217517063984976;-0.00018634091302385648;-66.72441974018949;-0.9766144933956341;0.03213464573702417;-0.2008372152915226
230457.982753;0.0004132522271191308;-0.000161034289065636;-67.06174785893268;-0.9767573944114153;0.03192711924925078;-0.19962819119721334
230756.83729;0.0003985119179256443;-0.00018044848389234814;-67.1811841801767;-0.9765578216769212;0.03235019529038944;-0.20127748654162458
231056.079378;0.0004260764180751118;-0.00020312620093993012;-66.52082147803829;-0.9763630738942286;0.03242272641335765;-0.20298654366786376
231355.709518;0.0004176006946073161;-0.00019335835845399096;-66.74119577982222;-0.9765885787502817;0.03238762006907372;-0.20099320469164975
231655.728214;0.0004176306371410716;-0.0002300420915757647;-66.43334244421881;-0.9766373166975724;0.032785718497591564;-0.2004422073868714
231956.13597;0.00040564612733078037;-0.00022515510043348208;-66.67069753150075;-0.9765675919544559;0.032530538792670344;-0.20113745638004568
232256.93329;0.00040708358558611706;-0.00021171528167861252;-66.7666454361007;-0.9764339671201461;0.03224908075388388;-0.2024076808863383
232558.12068;0.0003852774329267564;-0.0002415790553522828;-66.84451270996232;-0.976580680591098;0.032635551299804756;-0.2009900441317678
232859.698646;0.0003797733611791133;-0.00027468615814584316;-66.58208904149151;-0.9765362401335677;0.03259570736388364;-0.2013966972110774
233161.667693;0.000367666078295441;-0.00028548751402315045;-66.64178235188673;-0.976796255882261;0.03288209746353124;-0.1990015852534668
233464.028329;0.0004024998235335295;-0.0002938231955319448;-66.04956509212711;-0.9762337151551321;0.03244899891307847;-0.20412839096978994
233766.781062;0.0003696511790047178;-0.0003032082898868724;-66.40966975289882;-0.9763692486911089;0.03304847866160456;-0.2027452401280538
234069.926401;0.00037601973759493457;-0.0002986878441041346;-66.3713076963391;-0.9766247344481606;0.03309578236235614;-0.20046107723756548
234373.464854;0.000412193125880983;-0.0003258979646471775;-65.58913685819766;-0.9767631839449743;0.03295736386893701;-0.19927280833687355
234677.396931;0.00038352498681385323;-0.00034772425928606456;-65.71859411084733;-0.9764954634642156;0.03309912329460517;-0.2016085364166582
234981.723142;0.0003415988704844639;-0.0003612159182220584;-66.0700999177453;-0.9765948463469967;0.03299027040648099;-0.20075831008897452
235286.444;0.0003611546863471302;-0.0003448890072383111;-66.03136403178871;-0.9766484814361246;0.033114511084708025;-0.20024448194527766
235591.560015;0.00033024633357667634;-0.0003556621126099266;-66.27901811340386;-0.9765154475839871;0.033305164819189124;-0.2013687434465204
235897.0717;0.0003443743955961731;-0.0003785247927735412;-65.81906385756182;-0.9764812325484755;0.03282409843898546;-0.20181746000809034
236202.979568;0.0003307063336848973;-0.0003665933176444672;-66.13042298563103;-0.9761182012519174;0.03322692224456052;-0.2049224730613211
236509.284133;0.00031783699201711125;-0.00038013896928911525;-66.09902530080473;-0.9768946759930979;0.033064438237999795;-0.1980727862422001
236815.98591;0.00028041869702048126;-0.0004098032451693062;-66.08053872491773;-0.9761566741538347;0.03369991938262649;-0.2044364187973816
237123.085412;0.00026846892190272317;-0.0004036280190962811;-66.28948512182293;-0.9765471461555265;0.033721326630974775;-0.20096024314478764
237430.583157;0.0002871453690601203;-0.000438984788358705;-65.60414529736175;-0.976714493394836;0.033261835673513915;-0.19961362716917633
237738.47966;0.0002613868956697901;-0.00041072538683963744;-66.2521784149981;-0.9764622659963522;0.03334551576704601;-0.20182900954419586
238046.775439;0.00024380116615970772;-0.00041628386054675895;-66.33145277036124;-0.9765127512662425;0.03398576188070204;-0.20118436496218767
238355.471012;0.00023965122139876815;-0.0004233408503417658;-66.25893154466931;-0.9766642872084076;0.033733969413249985;-0.1999157580421419
238664.566896;0.00024278929557551183;-0.00046036929443920866;-65.67212591099873;-0.9765371909476199;0.03350671872821011;-0.20111431256506002
238974.063612;0.0002185924870365889;-0.00045383944214553805;-65.95588960692598;-0.9765908842371042;0.033754551439148926;-0.20056149066476622
239283.961678;0.0002112752454647192;-0.0004672576319236881;-65.80098873772447;-0.9761523749498532;0.03400348979159321;-0.20438106639159168
239594.261615;0.00019840449327803634;-0.000466774201378883;-65.89657281729774;-0.9766651877923752;0.03427030983951564;-0.19974189758583685
239904.963945;0.0001889634870866828;-0.00048136223611052397;-65.72811309482104;-0.9761847774051617;0.03352105261531146;-0.20424138782085213
240216.069189;0.00016487843752424633;-0.0004917496510229353;-65.70243492602758;-0.9766352196294389;0.033941925916283824;-0.2001099604510395
240527.57787;0.00016567619232714373;-0.0004695420096537586;-66.05691415575076;-0.9761114519047116;0.033805941730852426;-0.20480575477014454
240839.490511;0.00013162581795728002;-0.0005090211239345377;-65.58418187493008;-0.9764304654051044;0.033856185395407246;-0.20195542152716606
241151.807635;0.00012531480612578297;-0.0004713365686673862;-66.23675003902846;-0.9764911197598188;0.03396993727345728;-0.20138143426234073
241464.529768;0.00012078475477834273;-0.0004709046211737352;-66.26462549712846;-0.9769494016525351;0.03352588474096941;-0.1974471140382273
241777.657434;0.00011415945660158768;-0.0004757474483258512;-66.2093387962093;-0.9765393913638587;0.03388846264701712;-0.20097773605537372
242091.19116;8.770516741836365E-05;-0.00047030520679486304;-66.40393703678959;-0.9764450870586971;0.03390649663551702;-0.2018100006249326
242405.131472;9.718845255142089E-05;-0.000471241930808328;-66.35421704681197;-0.9766373794661437;0.03405051838790245;-0.20005719694215776
242719.478896;8.851032805375468E-05;-0.0004640185256450995;-66.5140842137018;-0.9766892858475424;0.03439497110659789;-0.19948892696019954
243034.233962;6.462050323306163E-05;-0.0004660528541984195;-66.54859513212018;-0.9764163680515039;0.034271146847555986;-0.20195205366116295
243349.397198;4.401863706198499E-05;-0.0004669447708305413;-66.57626556325744;-0.9768533545403792;0.034104701817573094;-0.19812214312991666
243664.969133;-9.683986311796044E-07;-0.000454288967130694;-66.85333647225187;-0.9763063709283886;0.034561357188488004;-0.20283850086038274
243980.950296;1.1963733644345362E-05;-0.0004631979868867777;-66.68177046151031;-0.9762749001341706;0.03424970546756114;-0.20321573592599815
244297.34122;8.134228230084177E-06;-0.0004647384689974882;-66.65449729111727;-0.9767592394070895;0.034551414358645206;-0.19881857049622176
244614.142435;-1.655185397871061E-05;-0.0004532272092426616;-66.86789213904541;-0.9765708859185863;0.03458942507792585;-0.20047962988203488
244931.354472;-1.5012556801726121E-05;-0.0004410304230180658;-67.10559975157207;-0.976257546048631;0.03456852257213996;-0.20327009323150025
245248.977866;-4.190281810577135E-05;-0.00044863784004512335;-66.92436025589883;-0.9763419905887238;0.03465906928239436;-0.20249122998977553
245567.013149;-4.658667182113084E-05;-0.000436552003681203;-67.15010187397729;-0.9763300931778638;0.034527448619029975;-0.20263837838345755
245885.460856;-3.4764287639043424E-05;-0.0004257380256762083;-67.38828944336005;-0.9759683744488186;0.03504365785117933;-0.20568943497287273
246204.321521;-6.984283957979922E-05;-0.0004352543897895195;-67.11472650987528;-0.9762316193275575;0.03489881455563572;-0.2033960550113993
246523.59568;-5.2367205213228967E-05;-0.0004101916394110244;-67.67005146207607;-0.9764656205605367;0.034883396186496454;-0.20132186071867478
246843.283868;-6.032677562250997E-05;-0.0004170641292330479;-67.50601527287716;-0.9766375212929913;0.034703295267662096;-0.1998518379340632
247163.386624;-9.621019728057382E-05;-0.00041010756212094755;-67.509371769206;-0.9761338898273823;0.03539081689429581;-0.2041071031434141
247483.904485;-8.851239270684619E-05;-0.0004011335059272873;-67.72775435352165;-0.9766198776960926;0.03523446682575596;-0.19983962134715166
247804.837988;-0.0001034372413707156;-0.00038459130755957963;-67.99670155680433;-0.9757643052355928;0.03486314308978299;-0.20756094074836975
248126.187673;-8.334251447461953E-05;-0.00037018951560793584;-68.41678972385476;-0.9761367553953916;0.03541694375799324;-0.20407321716315277
248447.95408;-0.0001256882177103542;-0.0003801669413341278;-67.95000291781959;-0.976149611267522;0.03518118167212717;-0.20403473574597591
248770.137748;-0.00013128807584547535;-0.00034772143484762617;-68.59659311642395;-0.9764201197853273;0.035670951012281245;-0.20147331067546287
249092.73922;-0.00011428765202754552;-0.0003328501029356759;-69.07100978902668;-0.9765329716193565;0.035197761568302;-0.20062333692427292
249415.759036;-0.00012879150199054834;-0.0003599562676561087;-68.35184047749762;-0.9763616831111334;0.035252804987710676;-0.20212739586033707
249739.19774;-0.00014442816247962564;-0.00034746485888287597;-68.48963362488384;-0.9764451471142653;0.03535652562499766;-0.2013525677036569
250063.055875;-0.0001488662692379025;-0.00033332736278679015;-68.7527315230625;-0.976698287093336;0.0357089802703792;-0.19899013951858804
250387.333984;-0.0001656653339430963;-0.00029460620251994606;-69.42190102885432;-0.9764174858212142;0.03550613968307824;-0.20155007620813278
250712.032612;-0.0001706820048831364;-0.0003099017334885252;-69.02494782016903;-0.9761092078882808;0.03560106853050002;-0.20425849816177194
251037.152304;-0.00017456184181554528;-0.00030849828107168344;-69.00861612407155;-0.976362732868058;0.035693223543954766;-0.2019759074644996
251362.693607;-0.0001942016573875378;-0.0002964271233985376;-69.0106802871264;-0.9760457145378232;0.03577599389797445;-0.20476591751824783
251688.657068;-0.00017249852203903135;-0.0003119243094219257;-68.96016733978738;-0.9762365508490133;0.03546965016960949;-0.20316942375035746
252015.043232;-0.000153340514052637;-0.00027683789374095065;-69.99338063777041;-0.976057423870459;0.0354763443411505;-0.20475905630794458
252341.85265;-0.0001856587803888995;-0.00023800758273343785;-70.40401578279338;-0.9763565369483105;0.03616679455064793;-0.20187612510973363
252669.085869;-0.0001692961585475337;-0.00026916706133928793;-69.95196885926627;-0.9764534263676452;0.03599368994125861;-0.2010722179306534
252996.74344;-0.00021339906270456498;-0.00023664390120067442;-69.93364996846337;-0.9762654915260927;0.035985426581882245;-0.20274456146936126
253324.825912;-0.00016565593255408155;-0.00024912350984990667;-70.48155560315092;-0.9761097904568939;0.03603644545698197;-0.20411134719122165
253653.333836;-0.00017449878712464916;-0.00024250890944831289;-70.49341181664586;-0.9768308234309265;0.03620909586652838;-0.1976496512762097
253982.267765;-0.00017326672460882842;-0.00022086450691009537;-71.03460069000674;-0.9762745751639011;0.03603444652961271;-0.20264778906632144
254311.628251;-0.00018926526354106984;-0.00021095310679540398;-70.95162494861407;-0.9760191745072333;0.03635942189759443;-0.2048101784490984
254641.415846;-0.00018943792391782946;-0.00020477960468349797;-71.08900885133936;-0.9758878388281477;0.03632792070058809;-0.2059878601185032
254971.631105;-0.00017001542824283145;-0.00019055465385463182;-71.85643698070537;-0.9761576503161964;0.03652125662261322;-0.2035259538658421
255302.274583;-0.0001740103755533061;-0.0001878275077839546;-71.83369113865922;-0.9763537067937289;0.03644336680968013;-0.20180990417918
255633.346834;-0.00017638943434006334;-0.0001762756842537294;-72.06304937307652;-0.9760425130815653;0.03634290117737539;-0.20460823965061395
255964.848415;-0.00018508455957846402;-0.00014656484725567736;-72.53852135607856;-0.9761618347177993;0.03625091596560015;-0.20357831245684405
256296.779882;-0.0001500720443870864;-0.00018807845343235468;-72.37358017919662;-0.9762546533865755;0.036458317354693036;-0.20268496724826385
256629.141793;-0.0001834516383908036;-0.00014639320461223946;-72.58962909313502;-0.976311374594213;0.03640469549505796;-0.20219880402254015
256961.934706;-0.00015476363792605848;-0.0001529046028056416;-73.2484880351232;-0.976429249200096;0.03663990907175276;-0.2010734822563978
257295.15918;-0.0001673203026678406;-0.0001346047954976258;-73.36162169492458;-0.9762771260144673;0.036794881529634324;-0.20237312391181972
257628.815775;-0.0001525997678813056;-0.00012968396306514994;-73.96805600471473;-0.9760161151339801;0.03657231680995658;-0.20476667893841544
257962.90505;-0.0001739575795681767;-0.00013566923547198893;-73.1276202488259;-0.9760868482271456;0.03702727142000684;-0.20398568990593308
258297.427568;-0.00014980726578449436;-0.0001152327022608105;-74.47078913803398;-0.9757511439576092;0.03651370624702287;-0.20714126971629548
258632.383889;-0.00015079152560820087;-0.00012015722948433501;-74.29739163030135;-0.9758660668994172;0.03658882675280882;-0.20609473693551514
258967.774578;-0.00016621944559301602;-0.00012212449287309787;-73.71168868095225;-0.9764471300615648;0.03714653892568288;-0.20074461343651828
259303.600195;-0.0001399562816357451;-9.991882724628405E-05;-75.29126163718067;-0.9765153096963897;0.037130407310603755;-0.20014447489446924
259639.861307;-0.00017010146567002682;-0.00010260973808988575;-74.03806964445322;-0.9758366870520264;0.03703347353393085;-0.20620678888252908
259976.558477;-0.00016193837227195085;-9.719459854031802E-05;-74.47686829080867;-0.9759799689133144;0.03736740111106975;-0.2048202588751934
260313.692271;-0.0001262400139371968;-9.528776486825341E-05;-76.01776936573609;-0.9764568100987836;0.03696518968136437;-0.20071976069352715
260651.263255;-0.00015519664368979368;-8.850046409905196E-05;-74.95959834587333;-0.9763672411461535;0.037152841280670014;-0.20145212922183506
260989.271996;-0.00013852595535377677;-8.914873723591359E-05;-75.66439163069667;-0.9762907827857635;0.037308434841815896;-0.20207864287610924
261327.719062;-0.00013421231141196458;-8.350522740859168E-05;-76.02302090430436;-0.9764355340861995;0.03756367788749601;-0.2007058659471348
261666.605022;-0.0001177390236325204;-7.141598016968643E-05;-77.22099369688704;-0.9758065238197763;0.037195763803567775;-0.20642002366540943
262005.930443;-0.00013106858999034404;-8.264699558122373E-05;-76.19616863075974;-0.9764269044343635;0.037567610151329284;-0.2007811742032634
262345.695897;-0.00013764318396360873;-7.65263877547275E-05;-76.05514450525783;-0.9760679283443617;0.037402202214614814;-0.20402678662662088
262685.901954;-0.00011998725243042769;-6.748786881193541E-05;-77.2235519144883;-0.9761070932786499;0.037728759524193654;-0.20356711438901925
263026.549185;-0.00013271791809250924;-9.351354999488557E-05;-75.79073873894828;-0.9757887541732838;0.0376129932135796;-0.20643581245927967
263367.638162;-0.00012031113036515302;-6.0649184870524964E-05;-77.4104939814835;-0.9760893577005152;0.03769732880666654;-0.20373549073152086
263709.169458;-0.00011976970910621455;-5.3950437327833835E-05;-77.63074140581581;-0.9759827960465606;0.037523659672579784;-0.20474185880478563
264051.143648;-0.00010603095282842694;-5.457422151311225E-05;-78.47072654496577;-0.9759648475548399;0.0374850475229531;-0.2049145454357158
264393.561304;-8.945812876898214E-05;-6.258783148140688E-05;-79.2372398315203;-0.9762217284272395;0.03780653644462651;-0.20252188235916102
264736.423003;-0.00011952601882761898;-6.116436768407321E-05;-77.44063314098041;-0.975762109654141;0.03791004233898275;-0.2065704601883886
265079.729319;-0.00011633489550527429;-7.316947903686748E-05;-77.23823669941096;-0.9760370285466047;0.03827122970168521;-0.20400201265246398
265423.48083;-0.00010962181124202473;-4.744551177448104E-05;-78.45636348779499;-0.9758338115342287;0.03785220402145781;-0.2059531354914856
265767.678113;-0.00011080974616144631;-4.938992009459206E-05;-78.32146360658272;-0.9756443493604136;0.03811763351160225;-0.20754530475235045
266112.321747;-9.390800734992499E-05;-6.665498602828138E-05;-78.77404042562146;-0.9759172271434984;0.038023560396036195;-0.20515260299346638
266457.412309;-9.664921506126037E-05;-7.214856624217193E-05;-78.37241895259238;-0.9761216435799671;0.03823278045403641;-0.20326358707420336
266802.950379;-8.133551141330743E-05;-5.9345039505048506E-05;-79.94077738184897;-0.9762887264871425;0.03843020955942875;-0.20171036771639983
267148.936538;-7.887001510514063E-05;-5.7321974886272535E-05;-80.21989028570988;-0.9759605071928493;0.03830647556068422;-0.2046696805742365
267495.371367;-0.00010468758968413957;-3.0665393881559013E-05;-79.24458227698939;-0.9763200898329764;0.03828373090486705;-0.2014828876064653
267842.255447;-9.224687560862232E-05;-2.9359488068207602E-05;-80.28192484687162;-0.9765014506604707;0.03837329405795027;-0.19984080516209318
268189.589362;-6.329238671953396E-05;-6.435807432110898E-05;-80.88954952222737;-0.9760055448022873;0.038567561549062275;-0.2041781160235585
268537.373694;-7.197523778824613E-05;-5.69384105547025E-05;-80.74563236883125;-0.9762790515649722;0.03870584164708883;-0.20169958457709297
268885.609028;-8.060052850877905E-05;-5.0014595984851564E-05;-80.45858596074878;-0.9760360482144332;0.03869970842427856;-0.2038606049799594
269234.295948;-7.723750998041003E-05;-3.109478131135082E-05;-81.59108970767903;-0.975804261732456;0.03874177216065116;-0.20590547941924175
269583.43504;-7.843618237683585E-05;-3.9057959381372816E-05;-81.14765530066315;-0.9761984029267732;0.0382899166527973;-0.2025617321862087
269933.026891;-5.874734472118405E-05;-3.9520776220107736E-05;-82.99889970640542;-0.9761794001537983;0.038969640729370106;-0.20249159167430358
270283.072088;-3.9113790766710064E-05;-4.095766319254362E-05;-84.93844329230151;-0.9755033678554617;0.0388281771807816;-0.2085494703411762
270633.571218;-6.310418324324672E-05;-3.556543368747086E-05;-82.80085789212129;-0.9759994592674396;0.03887687951724652;-0.20412314660582245
270984.52487;-9.117727070942395E-05;-3.955172049124477E-06;-80.79410366590018;-0.9758559946314681;0.03866321807425474;-0.2054734146798668
271335.933633;-6.08839100481221E-05;-6.321838009119274E-05;-81.1331675673996;-0.9760922335578619;0.038841840649597406;-0.20331124386914726
271687.798099;-6.696049120829783E-05;-4.078481179477598E-05;-82.11329138503366;-0.9761101628132703;0.03907715244067746;-0.2030685100999563
272040.118857;-8.11971274630502E-05;-7.156677841912343E-05;-79.31265963688142;-0.9760991958010314;0.03924001199055041;-0.20310789869858153
272392.896499;-6.972088680107238E-05;-5.43716744248783E-05;-81.0694427460673;-0.9759769939437049;0.038992707586479165;-0.20428170407081475
272746.131618;-5.9075237849861754E-05;-4.4985464077189834E-05;-82.58566657881168;-0.9758333345714157;0.03942988391880503;-0.20540217382841983
273099.824808;-2.8959918950540197E-05;-5.316671824274202E-05;-84.35881369275263;-0.9755713038014809;0.03933372727534515;-0.2077655224391756
273453.976661;-3.890821338039073E-05;-5.0332728249781685E-05;-83.92841835229412;-0.9762745987627244;0.0393227159981184;-0.20152016224997937
273808.587774;-5.637022936698829E-05;-4.740515643877564E-05;-82.65612136426799;-0.9759649498945117;0.039311055226840405;-0.20427524675982334
274163.658741;-4.98105776062856E-05;-1.2206334693080415E-05;-85.8002967925747;-0.975843297377657;0.039379514085633616;-0.20533171436814374
274519.190159;-4.466520603794651E-05;-2.5810056996762333E-05;-85.74932330468346;-0.9764419086041138;0.03979399085283815;-0.19986458956374248
274875.182625;-5.426427698135082E-05;-1.8524866447681588E-05;-84.83096929325791;-0.9761394333950795;0.039502898737627114;-0.20265623010538333
275231.636736;-5.3066274104783437E-05;-2.6822668911006197E-05;-84.51550999169976;-0.9758440675479986;0.03932182276910558;-0.20534554363007812
275588.553092;-4.733430452824311E-05;-4.7378908788385656E-05;-83.48208757172904;-0.97585011574191;0.03947285123732696;-0.20523761327521176
275945.932292;-6.188091862237559E-05;-5.1739882537312355E-05;-81.86668349712082;-0.9761277587386302;0.03950780831511295;-0.20275817918312572
276303.774936;-6.623214080247436E-05;-4.8860985946556436E-05;-81.69148882314558;-0.9762817933939366;0.03992115737600647;-0.20124052774567067
276662.081626;-3.89473497044238E-05;-4.097283516951959E-05;-84.95438173440334;-0.9758164482540908;0.03995333169075353;-0.20536303039834697
277020.852962;-5.4100470604071385E-05;-1.9236103766818085E-05;-84.81895726158095;-0.9757582291788424;0.03980838335457203;-0.2059330433961372
277380.089547;-2.884980162454323E-05;-2.4954137516735987E-05;-88.3713102719173;-0.9756783195181491;0.040327175075391776;-0.20645387421009995
277739.791985;-6.415476819271466E-05;-6.33365044410806E-05;-80.9005119339512;-0.9758155727080459;0.040472289838730864;-0.2051807735143179
278099.96088;-4.2174069238432756E-05;-3.166887303610706E-05;-85.55710063194988;-0.9757479937031965;0.04015589825354239;-0.20589745900693118
278460.596837;-6.445383943622745E-05;-2.723518428815358E-05;-83.10153917850565;-0.9760124785521695;0.04005165455508573;-0.2035854269176442
278821.700461;-4.757627136208915E-05;-4.5263327871569945E-05;-83.65294009918111;-0.9757658117260163;0.0398627488914921;-0.20584593440950857
279183.27236;-6.25872116679905E-05;-1.8891837083070343E-05;-83.69159327229644;-0.9757596366141326;0.04032057476374121;-0.20573364450171192
279545.313139;-1.8434020639084348E-05;-3.3470156421304515E-05;-88.35627961974254;-0.9757416978821729;0.04009604592139544;-0.20597528186909284
279907.823407;-2.2798240119278984E-05;-5.8528038417476244E-05;-84.03920954534202;-0.9757926605421356;0.04034060961859839;-0.20543282414496616
280270.803774;-2.4902525082958182E-05;-2.5149933352521108E-05;-89.0216855734031;-0.975931501832988;0.040238216365875976;-0.2042367004697199
280634.254848;-5.7061351056032214E-05;-4.499768234576255E-05;-82.77301168384176;-0.9757944029690424;0.040703010822736266;-0.2052836109525516
280998.17724;-2.7848525837287028E-05;-3.701574807214171E-05;-86.68429785063279;-0.9758436500805896;0.04068353835968397;-0.20485323258931723
281362.571561;-1.1438643937965389E-05;-1.4221646980725469E-05;-94.7742821222219;-0.9756302872579431;0.041038893690728884;-0.2066169971882144
281727.438424;-3.976127739348118E-05;-2.4859008419835562E-05;-86.57788698388588;-0.9754784414032917;0.0407517989532758;-0.20807355807278682
282092.778441;-3.966770092012497E-05;-3.325995071411435E-05;-85.71905587869885;-0.9760743591267556;0.04049482845096477;-0.20287322954607206
282458.592225;-3.2750401213627246E-05;-3.691739017282347E-05;-86.13414990807931;-0.9758250714055894;0.04093985442421054;-0.20492306270598368
282824.880391;-3.851093490713263E-05;-3.1079948598150515E-05;-86.11001406157882;-0.9757406136949721;0.04076132611711202;-0.20573995708404597
283191.643554;-1.908966292649632E-05;-1.428539733720873E-05;-92.45278845123511;-0.9756944485251764;0.04075529004031546;-0.20615244670857816
283558.882331;-5.136608349555714E-05;-7.740838924074402E-05;-80.63962369513364;-0.9760799866538432;0.04095075740151978;-0.20265426232748188
283926.597337;-2.8974595629945418E-05;-2.946483002671123E-05;-87.6758755680023;-0.9758225881354116;0.04117925771894413;-0.2048556223715076
284294.78919;-3.0697336535277694E-05;-4.1748286863414513E-05;-85.71015933583348;-0.9756452704101035;0.041208366154467956;-0.20642035913623186
284663.45851;-3.0143037196763213E-05;-3.1307280089905164E-05;-87.2382587260112;-0.9756424542413349;0.04117973195138698;-0.20645613038757044
285032.605914;-3.447710222506773E-05;-2.617725924698753E-05;-87.27249074254361;-0.9754016331730232;0.04138964873157867;-0.2085175699221109
285402.232024;-1.684814681206287E-05;-3.284932325136805E-05;-88.655238713732;-0.9755708426546928;0.04158883794171689;-0.20693832264066844
285772.337459;-5.025571659566942E-06;-4.7691666948390824E-05;-86.38319095469379;-0.975740820462067;0.041088764188453836;-0.20561608019993977
286142.922841;-5.201368443951447E-05;-4.5225319034517996E-05;-83.23237562371483;-0.9757004849618987;0.04170983658964835;-0.2057403400332189
286513.988793;-1.4573741417836482E-05;-4.162014059507382E-05;-87.11163009233414;-0.9760899758237599;0.041592354857648096;-0.20232455269789962
286885.535938;3.721678746753768E-06;-3.85039626954815E-05;-88.24950548686817;-0.9757739338126293;0.04151930027467456;-0.20515990229756295
287257.5649;-2.4614298564605834E-05;-3.4131003931105755E-05;-87.51833154278788;-0.9756157366674116;0.041537678974046595;-0.20655871658693475
287630.076304;-4.633251213656536E-05;-2.9717468622765393E-05;-85.18581792687719;-0.9759709559785027;0.041476702191455474;-0.20342553807694788
288003.070775;-3.07879196917867E-06;-6.068183850150298E-05;-84.32766012575686;-0.9756383128118087;0.041433577514406746;-0.20639742505440323
288376.54894;-6.140490467542227E-05;-4.0092390067013535E-05;-82.69382265968274;-0.975672655082127;0.04163892292055572;-0.20601455522070364
288750.511425;-1.726891756524951E-05;-2.758152566954665E-05;-89.7512205502467;-0.9760218453215175;0.04171001006393043;-0.20288514398675567
289124.95886;-3.7596803953684337E-05;-2.021615791068194E-05;-87.3940092889637;-0.9759551516912419;0.04170894844771266;-0.2034780104077982
289499.891873;1.036455865167168E-05;-3.7829092877470404E-05;-88.12912564670873;-0.9757031782781694;0.0421532434439291;-0.20554708248861284
289875.311093;9.869620463231529E-06;-4.529462996549714E-05;-86.67760975152368;-0.9758434910935173;0.04168861656387332;-0.20447774085754922
290251.217152;-1.0116917717687438E-05;-4.373280960539178E-05;-86.95744205448929;-0.9756340312144054;0.04257227503241683;-0.20599983838396066
290627.61068;-2.7290887544179896E-05;-3.0261707325135617E-05;-87.79744519327556;-0.975836298870128;0.04247255881146899;-0.20424129751453193
291004.492309;-1.675959057981056E-05;-4.702074598003911E-05;-86.03480817949591;-0.975692163261038;0.04195855146724689;-0.20571952692762918
291381.862674;-3.725835795409098E-05;-3.771883033468314E-05;-85.51155315322114;-0.9760478583482682;0.04230913730738082;-0.20242501910351252
291759.722406;-8.020626451812079E-06;-4.656332688280241E-05;-86.51213617736745;-0.9757755641116621;0.042138860671020364;-0.204909434291122
292138.072142;-6.780465662833933E-06;-2.4834406392394085E-05;-91.78668313669684;-0.9759173959110272;0.04243693389459776;-0.20353461710255982
292516.912516;-7.959609603384927E-06;-3.729643370242467E-05;-88.37322299822402;-0.975886015815261;0.042324807425131374;-0.20385664347951027
292896.244164;7.4743795546849415E-06;-2.7049885979447892E-05;-91.03714871153102;-0.9755626810954499;0.04231215312240235;-0.20673443873261813
293276.067725;-2.3778610689150704E-06;-3.0352728133476446E-05;-90.32947285524757;-0.9759481391549959;0.04259419452059885;-0.2032006595672675
293656.383835;7.611507054988641E-06;-2.7089459658203496E-05;-91.01398838036813;-0.9758542811382752;0.04267602647728738;-0.20400268115548184
294037.193133;-2.6433450490100985E-05;-2.1971738495622436E-05;-89.27571935764193;-0.9753816092988951;0.04255681560345286;-0.208249118667313
294418.496259;-2.7716828454664682E-05;-3.8304617224715075E-05;-86.50631876626903;-0.975633133016624;0.04280537271004348;-0.20591719161765015
294800.293854;-1.5917912829581736E-05;-5.11800806865303E-05;-85.4169753948093;-0.9758061806617371;0.04262559465365176;-0.20444959091917736
295182.586558;-3.206057930805183E-05;-3.646859744088665E-05;-86.27485789576787;-0.9758784492133818;0.04275949256996458;-0.20375552195189178
295565.375013;-2.0988134508478997E-05;-2.9896092519672787E-05;-88.74753629754481;-0.9752648543513187;0.042599182562297104;-0.20927047978025456
295948.659863;2.00880154855642E-05;-2.9794933862550495E-05;-88.88984132765034;-0.975576719740197;0.042916351677085296;-0.20637515187180844
296332.441752;2.1834041324243182E-05;-4.056230462169367E-05;-86.7324931626773;-0.9754965217294477;0.043302115122875795;-0.20693633397028702
296716.721323;1.4811730644102746E-06;-4.9431768010240644E-05;-86.11597959627832;-0.9752425934503962;0.042994685620110266;-0.20931408196167692
297101.499222;-3.2151353117327524E-05;-3.5045709470655226E-05;-86.45524437532654;-0.9759304429773462;0.043071664855220515;-0.20317170583592536
297486.776095;-1.1266543969536028E-05;-3.254821562525143E-05;-89.25797652365902;-0.9754843177899968;0.04301137623514153;-0.20715909360103013
297872.55259;-7.9473540838034E-06;-3.4019635686248494E-05;-89.1346362208987;-0.9755335820266278;0.04299244780155848;-0.20672871267766496
298258.829355;-2.6714335425801906E-05;-5.018449954069555E-05;-84.90509874823395;-0.9755126504204542;0.04339359844304694;-0.20675688211530763
298645.607037;-1.8498274105772915E-05;-3.742840110516977E-05;-87.58684834293837;-0.9753258730071708;0.04302040903201831;-0.20856375019387685
299032.886287;1.4632757649091441E-05;-2.3568202494982098E-05;-91.13747488480278;-0.9758093288252987;0.04368856850822717;-0.20400397392119002
299420.667755;1.2513213426205486E-05;-5.1003112571465935E-05;-85.59421799758768;-0.9759601788528254;0.04335158664673514;-0.20279748451786012
299808.952092;-1.6724436220189376E-05;-4.446054317790405E-05;-86.46574927020205;-0.9755413683606158;0.04344247721995545;-0.20648235750385857
300197.739951;-7.594110121646271E-06;-4.7320556810531555E-05;-86.38856852387448;-0.9752007224084889;0.04392178274889237;-0.20931903623187947
300587.031984;-3.178984033400135E-05;-3.761294059044522E-05;-86.1522965394764;-0.9757252852602085;0.0436946115238654;-0.204748195293609
300976.828845;-2.406685166969374E-05;-3.5364378905421845E-05;-87.37583881957488;-0.9756574894399279;0.043532676194669453;-0.2054148411211259
301367.131189;-2.100284194253466E-05;-5.203815646735873E-05;-85.01815051557033;-0.9757763373495482;0.04380026735319852;-0.2042525706860615
301757.939672;-1.921819093812326E-06;-3.488675917225292E-05;-89.13362824118016;-0.9754910064719438;0.04363973131961368;-0.20685164673226006
302149.254949;-6.604972369094521E-06;-4.0357113784402534E-05;-87.76680020805759;-0.9755782655161449;0.04390613727245696;-0.2059700578713028
302541.077678;-3.8190140354513654E-05;-1.572744029410462E-05;-87.68061910152461;-0.9755398810255067;0.043959383844368545;-0.20628981620797582
302933.408518;-3.079409238257627E-05;-6.709941435462752E-05;-82.63555087950111;-0.9756644783157509;0.044273633880674575;-0.20505651928878735
303326.248126;-7.268026499912409E-06;-6.037959697636554E-05;-84.3197203549681;-0.975398126028655;0.0445537467148946;-0.207309834993553
303719.597162;-2.1945316455150036E-05;-4.918820439218203E-05;-85.37440839021818;-0.9754134739421166;0.04430495075860104;-0.2072741526892656
304113.456288;-1.129619461463048E-05;-6.274844892978193E-05;-83.90942456929648;-0.9753336424387694;0.04427440268558831;-0.20799593200985847
304507.826165;-2.848297289416095E-05;-5.0821626376060314E-05;-84.69273133130457;-0.9755493049732628;0.04409102266416265;-0.20615329301730154
304902.707455;-2.5315385628920554E-05;-4.369683609230386E-05;-85.93411754509488;-0.9751406962881531;0.044325254513949565;-0.2096903255508472
305298.100821;-2.1921242755352345E-05;-3.446597706513499E-05;-87.77688246038929;-0.9751813139318566;0.04456689436847756;-0.20923139335433388
305694.006927;-2.5622210446394828E-05;-3.4726180678450634E-05;-87.29925802829783;-0.9755945034278971;0.04416881222622621;-0.20572043035588755
306090.426439;-3.4747439307411674E-05;-2.3581452694027446E-05;-87.53632059666742;-0.9756169471393639;0.044397435420501286;-0.20542882330854395
306487.360022;-1.1946564846989542E-05;-4.123008799301492E-05;-87.34559371645354;-0.9751733460370786;0.044676135841838854;-0.20925778557169045
306884.808342;-1.2264351776624253E-05;-3.4199171240617344E-05;-88.79426845903673;-0.9754726051894108;0.04444704368069576;-0.2066912600503918
307282.772068;-2.443239023309305E-05;-3.4949056749866586E-05;-87.40315769500609;-0.9750891817873467;0.04458464482312869;-0.21004312458510452
307681.251867;-2.390042549503823E-05;-5.958985801464051E-05;-83.84872888316866;-0.9752078087181594;0.04488120927829991;-0.2088677816786169
308080.248408;-3.662640945398641E-06;-2.8444022745673726E-05;-90.84876043292972;-0.9755667208497735;0.044893614723908355;-0.20567332628085785
308479.762363;-2.0801407931377913E-05;-1.8449229540572075E-05;-91.11779695235248;-0.9754304311580827;0.045274365871244136;-0.20672792014366007
308879.794402;-1.1693404790961177E-07;-1.982934821974688E-05;-94.05368018926133;-0.9754201531640176;0.04528384695368976;-0.20681533538462826
309280.345196;-3.080094836070301E-07;-2.7731429378646292E-05;-91.14001917047837;-0.9756232799873826;0.04508056904333836;-0.20509424833728393
309681.415418;-3.0005790617317276E-05;-3.426180121534213E-05;-86.83145498021545;-0.9754745682248427;0.04546467450762499;-0.20625710350329426
310083.005743;3.7887983297484872E-06;-6.028392217334923E-05;-84.37884903619837;-0.9756310147135786;0.045012357489693594;-0.20505351302591082
310485.116844;-6.9950687547725E-06;-4.272114674047621E-05;-87.27224071565621;-0.975125312263261;0.04535536400517612;-0.20940603005005087
310887.749397;4.341692911409401E-06;-4.3920928515779976E-05;-87.10433730567175;-0.9753488374231586;0.04542555281363009;-0.20739048744994398
311290.904078;-9.909449345438258E-06;-4.971836535954018E-05;-85.90047774831127;-0.9752066993208219;0.045275335410630294;-0.2087157233770679
311694.581564;-3.4334624834972767E-06;-4.055349341399245E-05;-87.80841466024683;-0.9755894086431053;0.045482581481200005;-0.2052293944814152
312098.782533;-1.3855495850466254E-05;-6.206255710455509E-05;-83.93217231391866;-0.975542092846023;0.045444208233709114;-0.2056656421274491
312503.507663;-1.4199731785210283E-05;-4.5651021982957434E-05;-86.40990615815679;-0.9754162050523552;0.04531265228294084;-0.20683853038812453
312908.757636;1.7403222422931059E-06;-5.026319484374211E-05;-85.96979484941474;-0.9752786095933477;0.04575727102625382;-0.207876760587698
313314.533131;-2.6478125902912217E-05;-2.4868375118815503E-05;-88.79581642389306;-0.975099977406722;0.045981219849610996;-0.20937068757708538
313720.834829;-1.4974866567369146E-05;-4.7613766383228986E-05;-86.03570942598488;-0.9750558448776124;0.045632902952889104;-0.2099083901772877
314127.663414;3.12651610986425E-06;-3.8760583010077134E-05;-88.20402857799493;-0.9754525305539683;0.045564888624448144;-0.2064113628263185
314535.019568;-2.2889209883921932E-05;-2.715853363739668E-05;-88.9911209845819;-0.975329029238595;0.04591164985710223;-0.20736425154518867
314942.903975;-4.843776131323036E-06;-2.7188917585568923E-05;-91.17646591455036;-0.9752497841969868;0.045744159242873964;-0.20813838742944626
315351.317321;-1.2974382067914339E-05;-2.9699312293803134E-05;-89.78652009451828;-0.9754297642453936;0.04598608287322065;-0.20643802240057393
315760.260291;-7.279496524638738E-06;-2.938348544310677E-05;-90.3792426210977;-0.97522612378219;0.046152624662969925;-0.20817762705354512
316169.733573;1.4017163501565216E-07;-7.012106334098337E-05;-83.08301278033139;-0.9753359070000737;0.04639543845623886;-0.20709971589825954
316579.737853;7.0867838458398884E-06;-3.5785563565105224E-05;-88.75877722824634;-0.9749809412530449;0.04632454522273881;-0.21028427426786803
316990.273821;-1.0420081746750016E-05;-9.449070080038161E-06;-97.03635346810104;-0.975245805655052;0.04648409135234798;-0.20786282867212014
317401.342167;1.1560205471520497E-05;-1.9247048664312943E-05;-92.97494301930244;-0.9754538468304466;0.046134019618236446;-0.20616198970882088
317812.943579;-3.2917759020510054E-06;-5.064434976959396E-05;-85.89107090672569;-0.9754217317872014;0.046458560400011575;-0.20631046606790773
318225.07875;-1.2711290513033374E-05;-3.395284922761398E-05;-88.81281411390306;-0.9753854978210664;0.046326525591953126;-0.20668819402658778
318637.748372;-2.4457748353103237E-05;-2.2232878629757658E-05;-89.61585572029001;-0.9752790185240797;0.046235196654762424;-0.2076728297397967
319050.953139;-1.9866725394937422E-05;-2.492190838802275E-05;-89.93196795619878;-0.9753021099215776;0.04637225470657645;-0.20740981995561805
319464.693742;-1.4762589831673694E-05;-4.248424996633469E-05;-86.94037274776859;-0.9750978812576294;0.04662346152434997;-0.20911827319644052
319878.970879;-5.499862869506348E-06;-5.339121807595918E-05;-85.40476239549801;-0.9751350727112212;0.04682980185125991;-0.20869987511311366
320293.785244;-3.685015136995414E-05;-3.4386926813984655E-05;-85.95098854702024;-0.9751280555478095;0.046806596121974235;-0.20877213748959786
320709.137535;3.071692180209455E-07;-3.5002067486683445E-05;-89.11779159017293;-0.9752644513106614;0.04714878870273887;-0.20741361622393217
321125.028448;-2.233383118263339E-05;-3.416620309833105E-05;-87.78291259232873;-0.9748716466093352;0.04676294863102737;-0.21106975164862768
321541.458682;-1.552270558191012E-05;-4.129139753798287E-05;-87.10871916221073;-0.9752644991142879;0.04696165206341727;-0.2074934195257028
321958.428937;7.547945632085341E-06;-4.952808896042023E-05;-86.00325745715014;-0.9751962935686042;0.047100914236076895;-0.20803980513745718
322375.939913;-2.184665305787417E-05;-5.4109965859279146E-05;-84.67861883139557;-0.9753699445431421;0.04725616483613776;-0.2064301477267194
322793.992311;-1.6302158218440056E-05;-4.518034084321589E-05;-86.36947970071361;-0.9752983188266248;0.047317694034220835;-0.207040014562858
323212.586834;-1.3621973347102805E-05;-3.907869351115153E-05;-87.66318082438298;-0.9746349898247527;0.04721894153417077;-0.212978248303092
323631.724183;-4.444602961408855E-06;-4.449666222905304E-05;-86.99033536491483;-0.9751330944705607;0.04782543561715597;-0.2082880388855315
324051.405064;2.1617294142891624E-06;-3.939167265723364E-05;-88.07885210074127;-0.9750103525803773;0.047351702190066264;-0.20958428738926863
324471.630181;5.5475784000141756E-06;-2.6891174859647456E-05;-91.22679971049955;-0.9752468799283266;0.04758443183760488;-0.20738174365016185
324892.400239;-2.037481094124133E-05;-6.0752443151906186E-05;-83.86581872593048;-0.9751373521677643;0.04736430025137913;-0.2084502086425386
325313.715946;3.503935514668637E-06;-2.2935284646550308E-05;-92.68971710575968;-0.9750674937728544;0.047684979713265394;-0.20893211865739028
325735.578009;-5.1920077880736735E-06;-3.5673456655865495E-05;-88.86206186109108;-0.975040096052543;0.0477634396464156;-0.20914146985192592
326157.987137;7.0198897831439586E-06;-3.146674538305797E-05;-89.83202698083561;-0.9750494895636664;0.0477152066458614;-0.20907897751690507
326580.944038;-5.786299543950959E-06;-5.124764920095045E-05;-85.75150559328834;-0.9751358690150749;0.04793380706812633;-0.20821610140317387
327004.449424;5.0062629177320235E-06;-1.494269566951301E-05;-96.04941392657156;-0.9749855739634523;0.04773127418580239;-0.2096400160328823
327428.504005;-2.4217849472545215E-06;-3.8234389248975344E-05;-88.33352774373603;-0.9749212474370725;0.048106907823473787;-0.21004763582566335
327853.108495;2.857351705353545E-06;-2.1929989564658324E-05;-93.10612192539506;-0.975067791760875;0.04809950453109838;-0.20874853912978675
328278.263605;1.559062208168942E-05;-7.643794305468344E-06;-95.20719758651444;-0.9749389474831227;0.04820168011431133;-0.209848722499979
328703.97005;6.058118152280856E-06;-3.2716178842305944E-05;-89.55833095780322;-0.9750577927803993;0.048232100099355885;-0.20877918878218654
329130.228545;-7.197225258821013E-06;-2.3610343851085208E-05;-92.15205611096783;-0.9751826790676785;0.048778034982857564;-0.20742821179463877
329557.039805;2.4694905823412583E-06;-4.4336706499315746E-05;-87.05127903293445;-0.9750974263240216;0.04817350483345768;-0.20845273812401677
329984.404548;-6.144992723262235E-06;-3.099870793372761E-05;-90.00573286844593;-0.975428011324288;0.04818515511201044;-0.20551053489703835
330412.323492;-1.7766728612699518E-05;-4.079446285003165E-05;-87.03368842909575;-0.9747215954680797;0.048313553502681475;-0.21173140345545932
330840.797355;-1.1584233545681388E-05;-1.5787202713929508E-05;-94.16313642705833;-0.9750127711856515;0.04816367924863545;-0.20920933217501514
331269.826856;-5.118835200960148E-06;-1.5404536305355E-05;-95.79215733715613;-0.9749019173798266;0.04848124926943453;-0.21005462459033283
331699.412716;-6.441216250623008E-06;-1.6908892192366537E-05;-94.8492145497319;-0.9750170014798606;0.04866761860699626;-0.208949364266033
332129.555657;-3.106799158974632E-05;-3.942577625163386E-05;-85.98666343225888;-0.9749012353537042;0.04892802068866883;-0.20986232061854287
332560.256401;-4.725688102394481E-06;-4.194054341036033E-05;-87.49252860619093;-0.9747718889260312;0.04845338758812078;-0.2112226458459377
332991.515672;-8.050322961550407E-07;-4.355337334892675E-05;-87.2180805178595;-0.9746714753054397;0.049027608565695366;-0.21185998125413316
333423.334193;-6.316426861098147E-06;-3.773572802288646E-05;-88.34493805375303;-0.9750363093122129;0.04887126631029353;-0.20868727676908647
333855.71269;-2.904774832174019E-05;-1.2504211772557126E-05;-89.99944850440764;-0.9748139180736866;0.048802379853695045;-0.21069433178345603
334288.65189;1.0223480633693181E-06;-3.63672543508673E-05;-88.78235896831899;-0.9747266145071775;0.049018957322571104;-0.21137372381970373
334722.152518;2.4636644458883465E-06;-5.5346283993694895E-05;-85.12963378141788;-0.9747756900436645;0.04897941238166003;-0.2109551888399045
335156.215304;-9.386875111188328E-06;-3.097954915561591E-05;-89.79702585616232;-0.9749604292317282;0.048743001984670915;-0.209418630822745
335590.840976;-2.316192983252125E-05;-5.0120286226338185E-05;-85.15911224233241;-0.9748640196595342;0.049579925536338894;-0.20990035267863433
336026.030264;2.9910895821778106E-05;-4.201655847231766E-05;-85.75109730673276;-0.97522010989397;0.04952222757668784;-0.20676244682832204
336461.7839;-1.6636933531021343E-05;-5.217885235767149E-05;-85.22962689388707;-0.9751148079021291;0.04959362317711764;-0.20766572898466545
336898.102614;1.1394069784663276E-06;-1.6072783233441904E-05;-95.85640762269948;-0.9750924254094371;0.049368238655846546;-0.207966207511779
337334.98714;-1.873905729138135E-05;-5.1312518107911174E-05;-85.2518272949809;-0.9747973055761512;0.04945989037195661;-0.21054744607370754
337772.438211;-1.5810626432259797E-05;-6.084154915828048E-05;-84.03219328730555;-0.9749718145741023;0.049466930319375;-0.20899344832172861
338210.456563;-8.019527964910593E-06;-1.675662217280141E-05;-94.6205854500216;-0.9748220314573658;0.04950085995638824;-0.2103092140275639
338649.04293;-4.641239210907284E-06;-3.4221848539401195E-05;-89.23477513016348;-0.9749395245960051;0.04990176581359139;-0.209083467179183
339088.19805;-9.22176785465415E-06;-2.2318650545168508E-05;-92.34209916016988;-0.9746912482139009;0.04975974023498416;-0.21135443749266056
339527.92266;-2.8548032143102672E-05;-2.7105190814697E-05;-88.0975754917239;-0.9752807986595335;0.04997827375390789;-0.20601667596350182
339968.217498;1.3202901167805207E-05;-4.64452200485524E-05;-86.32369225014223;-0.9748955539906812;0.0498497704449045;-0.20949783171548597
340409.083304;2.5066861276523355E-06;-4.773723224686145E-05;-86.41089692836869;-0.9752910489566421;0.04990863972478085;-0.2059573004013404
340850.520818;6.968783741052386E-07;-3.055904536416644E-05;-90.29494643090828;-0.9749735454142204;0.04999643097061798;-0.20873807446228837
341292.530782;-2.180361487695917E-05;-3.964961001835787E-05;-86.88778381140223;-0.97469862151956;0.04974964105449501;-0.21129348396110356
341735.113938;1.3508582982713584E-05;-3.7961842724537964E-05;-87.89525419824787;-0.9744540090060229;0.050311622580697664;-0.2132114101119924
342178.27103;-1.0588127588338404E-05;-3.42698487761959E-05;-88.90579751076311;-0.9745116333791172;0.05058860623620588;-0.2125716844206828
342622.002801;-2.215870392686842E-06;-2.5207596708525904E-05;-91.93594106835567;-0.9746581239158294;0.05038700549380575;-0.21136242695453972
343066.309997;-3.228677521158909E-05;-1.797510316379593E-05;-88.64695514219696;-0.9748223992133994;0.05040436242079681;-0.20989450059181775
343511.193364;6.797051426835051E-07;-4.248969416678573E-05;-87.43321667080906;-0.9751912060526525;0.05056948685960689;-0.2065417877641229
343956.653649;-6.259780542465122E-06;-3.1575070874477824E-05;-89.84569005527455;-0.9749221809685249;0.050988244537928495;-0.20873806234986308
344402.691601;-1.3397778841296356E-05;-1.4546765000732533E-05;-94.07702356881305;-0.9749223376132663;0.050957675104737456;-0.20875087146116705
344849.307968;-8.558428298379284E-06;-4.256227144480574E-05;-87.24736191100176;-0.9742554876583653;0.05077254939617075;-0.2147638121950296
345296.503501;1.0380153133744086E-05;-3.575444528168795E-05;-88.58196683473412;-0.9747385549132325;0.050873296042489274;-0.2104231100061571
345744.27895;-2.9322734318233185E-05;-2.899178677646364E-05;-87.69462581389647;-0.9747646009072268;0.05090619356164731;-0.21017638536959313
346192.635068;-1.2652162487762391E-05;-2.8769531621186714E-05;-90.05347173150055;-0.974792281716171;0.05084684148747071;-0.20995792999439022
346641.572607;-1.3635600018903075E-05;-3.326267498912402E-05;-88.88624848151241;-0.9750651627522454;0.050908882483310026;-0.2075045989869933
347091.092323;-1.627145735038745E-05;-4.697021976591742E-05;-86.07133956394527;-0.9747226799232849;0.0508925941167714;-0.21055523604954815
347541.194968;-1.341003480453749E-05;-2.946866861629481E-05;-89.79542808753926;-0.9742311708263077;0.051153293835326394;-0.21480293337334383
347991.881301;8.891237509136251E-06;-3.0577258539327414E-05;-89.93952260970144;-0.9745381546683145;0.05125979389526787;-0.21202419111918405
348443.152076;-2.2549903250202487E-06;-8.64600554065936E-06;-100.97788212229611;-0.9750228181899859;0.05130739716315298;-0.2076952089828195
348895.008053;-3.247292751571457E-05;-1.1535673800839851E-05;-89.25343418105265;-0.9744930302743273;0.05156279615078533;-0.21228318968150164
349347.449991;-1.7917277805656146E-05;-1.212044299857198E-05;-93.29815414194073;-0.9749295649689139;0.05140628403826486;-0.20847741018470287
349800.478648;-1.1993367952507762E-05;-4.356814442181213E-05;-86.89939140240794;-0.97496874281249;0.05183071238216361;-0.20792970919729453
350254.094786;-1.128629975266369E-05;-4.0778041628763474E-05;-87.4709135348561;-0.9746281262669033;0.0517367338472146;-0.21100057315755555
350708.299167;-1.0156221281747917E-05;-3.870265076435389E-05;-87.95596730731474;-0.974739900445903;0.0514787004860103;-0.21012869497718092
351163.092554;-1.5019564151835088E-05;-4.957402362359591E-05;-85.71351628293598;-0.9746644887913002;0.05148197745418561;-0.21079730536805846
351618.47571;-6.7815563299930494E-06;-9.132120165434959E-06;-98.88115650356369;-0.9747661492084952;0.05214909099965766;-0.2095788090949769
352074.4494;-1.565691596933892E-05;-3.9092190827487436E-05;-87.51208381251054;-0.9749337336920846;0.05199129667351484;-0.20816476607963835
352531.014391;-1.5188641510665115E-05;-1.9815000974729977E-05;-92.05282601464391;-0.9746090523416674;0.05166921909217928;-0.21120191481875925
352988.171448;-2.623106221608462E-06;-2.0801765706507324E-05;-93.56948102837973;-0.9744767780233954;0.051964607071039955;-0.21223793471372154
353445.921339;1.568264262595156E-05;-2.4005256850211145E-05;-90.85023776152555;-0.9746191977488542;0.05158360389104115;-0.21115205522678024
353904.264834;1.8430379756226416E-05;-3.468104120547803E-05;-88.11787914873835;-0.974425549974108;0.05199075825963073;-0.21268086819957263
354363.202703;-8.853586721547304E-06;-2.5234755591274623E-05;-91.4558531459757;-0.9747590583457865;0.051923754226621335;-0.20974870046023344
354822.735715;2.1937494967535224E-05;-2.7834349642326168E-05;-89.0100873356673;-0.9746296156921931;0.05236765732445446;-0.21068789394738666
355282.864642;-2.0000546058960098E-06;-2.4586351107076987E-05;-92.15747354577451;-0.9745000507077288;0.052351017240191096;-0.21184727394455727
355743.590258;-6.8510974728076235E-06;-3.338626492754631E-05;-89.34950791081118;-0.974545169447129;0.05246133855356956;-0.21139356642046553
356204.913337;-3.186667232677074E-06;-1.8863872910526504E-05;-94.36518262883948;-0.9745924580673371;0.05261372559791398;-0.21090032166991185
356666.834652;-2.3543004754209177E-05;-2.714694071990594E-05;-88.88996572766386;-0.9749344990172079;0.052480070373539814;-0.20792532205092062
357129.354981;-3.1432508172335836E-05;-3.8774715266523214E-05;-86.03542400531848;-0.9746598042908912;0.05252101228853265;-0.21034630757974299
357592.475098;1.2664210510934833E-05;-2.7836072727127132E-05;-90.2908195462604;-0.9746144798900974;0.052794668348868305;-0.21061767900950146
358056.195784;-1.5269287097853316E-05;-3.17052269602242E-05;-89.07148684934897;-0.974590866054223;0.052858356632811875;-0.21079683876567512
358520.517815;-1.6709618800528585E-05;-2.5893041245544307E-05;-90.22431421893982;-0.9746013687331777;0.05342102764185498;-0.2104308985386668
358985.441972;-8.917041705645244E-06;-2.3436571371665514E-05;-92.01496783928854;-0.9743018809623171;0.052870621971201286;-0.21335928256535502
359450.969037;-6.268375852216354E-06;-1.5521669682747298E-05;-95.52508983845277;-0.9743939296317519;0.05309696841424365;-0.21243172704489136
359917.099789;-2.07278255466918E-05;-3.3843441395778334E-05;-88.02713574828957;-0.9740780603860708;0.05334202498928206;-0.21512051422315212
360383.835014;1.9243163295366055E-05;-5.8328044034106556E-05;-84.23375350152992;-0.9746416776736238;0.052794764989114604;-0.21037595488070038
360851.175494;5.420265644404695E-06;-3.0089502197620944E-05;-90.2930107777702;-0.9746358736058701;0.05294986905128562;-0.21035276274103332
361319.122014;-8.316105278611051E-06;-1.4809306595093795E-05;-95.3989457477831;-0.9742936862887628;0.05300757762576056;-0.2133659767034815
361787.67536;5.8506064201886354E-06;-2.318954097689281E-05;-92.42615811053703;-0.9748655559395988;0.05327827219391588;-0.2081531641276252
362256.83632;-1.8720016978904008E-05;-2.795879913365516E-05;-89.46102364450701;-0.9740335017627063;0.053336048547173755;-0.2155195758763223
362726.60568;-1.2796116687312584E-05;5.916362935964608E-06;-97.01706077081624;-0.974711693071613;0.053169266276672164;-0.20957296548204396
363196.984231;-4.048987566397017E-06;4.837371431534359E-06;-104.00177354937864;-0.9743956963106958;0.05355403663896434;-0.21219371433796985
363667.972761;-1.4513816330416345E-05;-1.9376012959658068E-05;-92.3204254833797;-0.9745940040331573;0.05371928128509811;-0.21035066982188283
364139.572063;7.597536311767679E-09;-2.2279950727207086E-06;-113.0416649781807;-0.9745480780398298;0.05351038754869954;-0.21086086535270682
364611.782928;-1.5063088574528281E-05;-1.1386725111011873E-05;-94.47874509032438;-0.9744602135497786;0.05372603651445051;-0.2115362127616832
365084.606148;-1.8448522809190353E-05;-2.924695035711221E-05;-89.22366112107309;-0.974538575263852;0.05378681342756764;-0.2108100874623593
365558.042519;4.305848350500712E-06;-2.440941331083897E-05;-92.11577218002134;-0.9747243517613937;0.05397388864704009;-0.20906760961936638
366032.092836;-4.710555457423993E-06;-1.8706087322211694E-05;-94.29332118466364;-0.9743187199329194;0.05414416632592684;-0.21258797525038164
366506.757894;-3.1161640323867085E-05;-2.6520317628627136E-05;-87.76147249647003;-0.9739300299976639;0.053816723955160746;-0.21620445938153954
366982.03849;9.577032590321575E-06;-1.294973418843317E-05;-95.8600463300154;-0.9745664245736788;0.0539086386766143;-0.21050281903678758
367457.935424;8.245349481402917E-06;-3.277463548055774E-05;-89.42272095684622;-0.9745014367578692;0.054455809002048126;-0.21080995342347972
367934.449493;-1.9241963390228846E-05;-4.7363446182221256E-05;-85.82769321673115;-0.9747244499567295;0.05437351442532293;-0.20886942543509457
368411.5815;-2.8050616957238452E-06;-1.3106249845268936E-05;-97.45591741034795;-0.9743829116242099;0.054451004778854034;-0.21186554812585978
368889.332243;-2.4565382799610556E-06;-5.896012947087238E-06;-103.89365927369215;-0.9743034391212778;0.05455363326461301;-0.2125207874434543
369367.702528;1.2112528291076685E-05;-2.9757865297091466E-05;-89.86217679668493;-0.9743203628428527;0.05464385206959464;-0.21232545653062015
369846.693155;-1.228874032126613E-05;-3.796608141525784E-05;-87.97937882925447;-0.9746439404501857;0.054896434019856465;-0.20932424470089606
370326.304931;-1.339442049637318E-05;-2.2764639297283915E-05;-91.56369060622893;-0.9741133042269096;0.054620332194013466;-0.21417747807128346
370806.53866;-1.5401650954040983E-05;-1.965087401661655E-05;-92.05255703382726;-0.9744608533679383;0.05461543422804611;-0.2110911815535227
371287.39515;-2.3727188448406695E-05;-2.501358316279387E-05;-89.24942784848817;-0.9742912912067849;0.054434819624362585;-0.21268780845507734
371768.875207;-6.074792047016021E-06;-2.4512491004472603E-05;-91.95339104560297;-0.9741992084391199;0.05498530368273231;-0.21323145187296336
372250.97964;-1.0050019357980376E-05;-1.0781138625492713E-05;-96.63068524090062;-0.9741228254769164;0.05506706281019589;-0.2138692910659356
372733.709259;-4.1997371808746144E-06;-1.8960344163100242E-05;-94.2350610539775;-0.9742384995692059;0.055102696856066495;-0.21282330870109809
373217.064875;-1.1811866333429708E-05;-1.5378111505211583E-05;-94.24804647680796;-0.9741147996785757;0.05527153630681281;-0.2138376974542071
373701.047299;-1.1923972857699487E-06;-3.188629688253031E-05;-89.92184932826804;-0.9745202475833314;0.055424100416756265;-0.21015780521712132
374185.657345;8.591250700710827E-07;-2.5091731170924005E-05;-92.00429907970631;-0.9746011275255065;0.055240435347535526;-0.20953191037558638
374670.895826;3.696856011257738E-06;-4.51801405012111E-05;-86.87206805510203;-0.9743757738541173;0.05541714346650565;-0.21144495702732508
375156.763557;-4.090092416419178E-06;-1.8373671869567548E-05;-94.50603506660742;-0.9742505480721464;0.05551542229582614;-0.21250800757289537
375643.261354;2.4214333769339637E-06;-4.861831518877478E-05;-86.25324241952754;-0.9743565193619051;0.05570908242952149;-0.2114681189439393
376130.390035;8.097290609479354E-07;-2.4996172057795687E-05;-92.03797488542284;-0.973953019599462;0.055955109653647445;-0.21492876400095726
376618.150417;-5.38469516353487E-06;-3.8600423077417104E-05;-88.18445770337797;-0.9740770662007502;0.05574966663260089;-0.2139309003550538
377106.543319;1.4041730907852923E-05;-3.23855972327604E-05;-89.0448296324362;-0.9743984731074123;0.05584562661878309;-0.21102590268092375
377595.569562;2.269283108065345E-06;-2.672198523277205E-05;-91.43141782445063;-0.9743379908048919;0.055835446245813866;-0.2115684838617127
378085.229967;1.540402969457207E-05;-1.9949242551597396E-05;-91.97050944582023;-0.9745997326702018;0.056096056581707764;-0.20911015555837276
378575.525357;-1.245945789486043E-05;-2.0168396780240304E-05;-92.50261891834703;-0.9743013365127634;0.056163669580930574;-0.2117265517579302
379066.456554;1.6285655767890877E-05;-3.915560421501992E-05;-87.451175880136;-0.9743042861321636;0.05592904998436086;-0.21182026592631853
379558.024384;-2.0643743953201085E-05;-5.875781333263936E-05;-84.11319991454639;-0.9742239690907102;0.055651094106469685;-0.21267541863701192
380050.229672;-8.429883209666313E-06;5.763272255928738E-06;-99.81806315657434;-0.9742282590276353;0.05600969282324731;-0.21245467533124035
380543.073245;-6.774972632287977E-06;-5.207687217121691E-05;-85.594213482716;-0.9740136974284136;0.05687644261642806;-0.21391513205417717
381036.555929;-9.088151262255634E-06;-2.2561973697015716E-05;-92.27944563313147;-0.9739301558351044;0.056098402424675335;-0.2150587258246911
381530.678555;5.043822880074423E-06;-3.678103632262521E-05;-88.60661038912495;-0.9741302025559394;0.05645267483341034;-0.21309882979930828
382025.441952;-1.0906001046119077E-05;-4.076276641551223E-05;-87.49447293508554;-0.9741689092804209;0.056580987690831634;-0.21268871029745057
382520.846951;8.685822498894176E-07;-8.355529123265441E-06;-101.51384177809626;-0.9741106439167587;0.05641228829588353;-0.2132934361431921
383016.894384;-1.7783448777557727E-05;-2.6567066263377657E-05;-89.90523582600515;-0.9743485423257794;0.056469763608833094;-0.2111499245531127
383513.585083;-8.93778138871337E-06;-2.9502924885741886E-05;-90.22136294269374;-0.9741422354590336;0.05687142340418383;-0.212775452124038
384010.919885;6.407995058902486E-06;-3.1220570345266095E-05;-89.93197600370226;-0.9742723516397895;0.056804104449302326;-0.21165418947973344
384508.899622;-3.518738694877812E-06;-2.22064685407362E-05;-92.96271308025588;-0.974241018234093;0.056677515219228564;-0.21199810227449872
385007.525132;5.539958537293598E-06;-3.469013088507486E-05;-89.08650942224953;-0.9742247832167265;0.05670209516293187;-0.21212965019940866
385506.797253;1.0085854032669007E-05;-3.405877507899768E-05;-88.9903542542374;-0.9739449721278371;0.05714489931264497;-0.2143862714125691
386006.716822;-3.8504370791732605E-06;-8.448787047724E-06;-100.64453093874015;-0.974058291761654;0.05711106180688863;-0.2133968194113332
386507.28468;1.0234736123106491E-06;-3.764996550659441E-05;-88.4815002459419;-0.9741466480149338;0.05713479445667373;-0.21259929605738973
387008.501667;-9.561057022348273E-06;-2.8870961027473024E-05;-90.33883526546403;-0.974065156410131;0.05723741579855291;-0.2132699084102222
387510.368625;-1.7859055557804833E-05;-2.4420318805128797E-05;-90.38437564439369;-0.9741758050458523;0.05697239822784374;-0.2124247258088642
388012.886396;2.1830967633533793E-07;-1.9399660253798343E-05;-94.24356757700482;-0.9739807137285105;0.05782650735144819;-0.21371110011823852
388516.055825;1.0201476745627515E-05;-1.5012527962811404E-05;-94.82215598141762;-0.9744629129349534;0.05727613761596737;-0.2097157631379307
389019.877757;1.726797163914814E-05;-7.93917993139415E-06;-94.4223611988891;-0.9739926162051066;0.05774728785662214;-0.213647095666773
389524.353038;5.849800468492108E-06;-3.4004527428122984E-06;-103.39293434789035;-0.9740061794634934;0.058025972824736746;-0.21337938462443748
390029.482515;2.8552836552469848E-06;-3.302290486256824E-05;-89.59134753873636;-0.9741301128226739;0.05821119662831474;-0.2121799770811196
390535.267036;-9.428089730672096E-07;-1.623686781030445E-05;-95.77533662681174;-0.9741166232282702;0.05786096736949649;-0.21248522828383415
391041.707451;1.4962551784265455E-05;-3.026844873378428E-05;-89.43073455568681;-0.9740323682953211;0.05807206730040444;-0.2131222594621573
391548.804611;-2.2766032847019784E-05;-1.9411281392254883E-05;-90.4813324780268;-0.9742812371330837;0.05776522278924166;-0.2110731744172635
392056.559367;5.482954388544517E-06;-2.3849988194336596E-05;-92.22656763272717;-0.9739547813890201;0.05804457778922011;-0.21382627606197271
392564.972572;-5.905382905185945E-06;-4.2829322124798474E-05;-87.28338562960779;-0.9741110127071688;0.057899019435212744;-0.2125149900801251
393074.04508;-1.0506618246108487E-05;-2.740046757115873E-05;-90.64908762742091;-0.9743790399628945;0.0580294350203015;-0.21006488590890157
393583.777746;-1.144683426764605E-05;-4.367061983053528E-05;-86.9076320660671;-0.9742197078458045;0.058399155701552144;-0.2112840414855159
394094.171425;7.968345085487646E-07;-3.6934739715815046E-05;-88.64927822180618;-0.9735772289026298;0.058224513155728894;-0.21708656407113264
394605.226976;-1.8681601914352575E-05;-4.253317791986268E-05;-86.65933773355214;-0.9741119976351496;0.058300991657250174;-0.21229321566058876
395116.945255;6.517222926325799E-07;-2.653082887558528E-05;-91.52236377931162;-0.9738445273530082;0.05804836127289776;-0.2148041105651084
395629.327124;-1.3679864974379153E-06;-2.9735620812725648E-05;-90.5252778536015;-0.9741746997469637;0.05861854998270497;-0.21156683028654008
396142.373442;6.8988679757112905E-06;-4.2957987742862446E-05;-87.22853265507209;-0.973972961275517;0.05875072106548263;-0.21328849296831048
396656.085071;7.3863662876883976E-06;-3.18628801351756E-05;-89.70696782302687;-0.974134436442833;0.05875525692109839;-0.21185136592841652
397170.462873;-1.0551175792265055E-05;-4.72407393232727E-05;-86.30224975076774;-0.9740689345282688;0.059058806875599126;-0.2122702201697435
397685.507713;2.1834835589756202E-05;-3.755632629544153E-05;-87.24173398736738;-0.9736531322230806;0.059087989586561716;-0.21594944470264993
398201.220456;-1.3820915438760454E-05;-2.433353078139359E-05;-91.0616146731263;-0.9737278581754372;0.05889772977008153;-0.21538773712930592
398717.601968;-5.546196204352058E-06;-2.4715893915267474E-05;-91.92711477363335;-0.9739059973909764;0.059120764017102194;-0.21368454558941416
399234.653115;-1.4570987802933316E-05;-3.000484880054761E-05;-89.53659134345378;-0.9737727672211302;0.058858626559831415;-0.21500961961413811
399752.374767;-4.655931799625256E-06;-2.8560145313534874E-05;-90.77087995649381;-0.9738047454868203;0.059311706322336136;-0.21448111939217387
400270.767793;-1.74824609313092E-05;-1.9998064700539474E-06;-95.09149019848435;-0.9737168953219917;0.05921986075054818;-0.21531152394218891
400789.833063;1.763649834806804E-05;-1.8216820698697064E-05;-91.91857499471237;-0.9738768942936085;0.05913712590338761;-0.2139343280931098
401309.571449;2.6640620033499703E-06;-4.076358847978446E-05;-87.77604200200173;-0.9737911518375143;0.05935818084430348;-0.21457675608132604
401829.983825;-4.51879648616167E-06;-2.921090991370559E-05;-90.58639265036939;-0.9739035038687687;0.059423880910905065;-0.2135427801112462
402351.071064;1.2340639245429948E-05;-1.3966081914414216E-05;-94.59241672811002;-0.9739169387695367;0.05970900501097575;-0.21326845691976587
402872.834041;-1.1045772188096815E-06;-3.928028512659951E-05;-88.11307451281145;-0.9739455059793759;0.05973424512900333;-0.21300088653852173
403395.273632;-2.145148275875088E-05;-1.527682856683166E-05;-91.58923724532535;-0.974081493444513;0.06008477069622478;-0.21160123140101716
403918.390716;-1.1889271106385202E-05;-5.567500842985221E-05;-84.89312750668327;-0.9733229013285096;0.05993805505051658;-0.21842298647169212
404442.18617;-1.550881744687449E-06;-2.9585184999152874E-05;-90.56659638693048;-0.9737149663934503;0.060030386752941936;-0.21488758319298662
404966.660874;-2.279532648035552E-05;-2.279715709279711E-05;-89.83243494361727;-0.9734690085128216;0.059927190984908944;-0.21713010051897308
405491.81571;-9.353180293268806E-07;-6.481856269865371E-06;-103.67651239122833;-0.9736965055296372;0.06016575923056922;-0.2149773870280368
406017.651559;-1.0142521249061696E-05;-2.219068283506955E-05;-92.25266202494042;-0.9735941480186628;0.06002818294818736;-0.21596251975495057
406544.169304;9.59534058091055E-07;7.93627128933418E-06;-101.94464429666225;-0.97368618367877;0.05996012323087548;-0.21518184188202788
407071.369829;6.135198202120377E-06;-3.3301109441613526E-05;-89.40586340302069;-0.9737039694390788;0.06058166012668825;-0.21468190226663103
407599.25402;6.031709492416611E-06;-2.3876006202800866E-05;-92.17208443045598;-0.9737232663541728;0.06031884927843483;-0.21465541230830215
408127.822764;-1.8420082375556316E-06;-3.0343014398309307E-05;-90.34285016427657;-0.973784708219408;0.06069031847990249;-0.21390436425151127
408657.076948;-1.6917469999635836E-06;-3.872882016304604E-05;-88.23103576443793;-0.9736159722877568;0.06059031839997236;-0.2154590975418025
409187.017461;-8.341730351862847E-06;-1.9846290656604253E-05;-93.33988006873622;-0.973411271202682;0.060794735848397674;-0.21716514590221045
409717.645193;1.2740144880762624E-06;-4.952140077487285E-05;-86.10126813581533;-0.9735687554938987;0.060633393027974006;-0.2158548831814661
410248.961036;1.3293809303691452E-05;-2.354294084644977E-05;-91.36085338429439;-0.9735725892586812;0.060442740552596304;-0.21592617094407734
410780.965881;-2.21205406474759E-05;-2.2486741282383124E-05;-90.02189205362535;-0.9737580497406427;0.06116935804035065;-0.21387490583834448
411313.660622;6.623467437713715E-06;-4.115085648866181E-05;-87.60134352137088;-0.973583055371015;0.06086016705010772;-0.21560205088727852
411847.046154;-1.9839801528811167E-06;-3.5994409957541535E-05;-88.86212445226592;-0.973654461799245;0.06111535436944977;-0.21482545785621962
412381.123372;-1.272756333367926E-05;-3.8159639758445945E-05;-87.90981497555771;-0.9738325367148202;0.06131010959161787;-0.21313448574176694
412915.893174;1.3163658492835218E-05;-3.5563549967446006E-05;-88.42226620234868;-0.9735277044904488;0.06096498687372952;-0.21603567242899677
413451.356458;-2.0818579511471636E-05;-2.9143065901736547E-05;-88.91864225605397;-0.9738461112491341;0.06152466726193446;-0.21289367820502894
413987.514122;-3.135692225840241E-05;-2.9273476487891223E-05;-87.35136625851956;-0.9736510004696446;0.06142142689314949;-0.21468507469923262
414524.367068;-5.246105870979073E-06;-2.4174763904746482E-05;-92.1329056405418;-0.9734100358300002;0.061145986970255806;-0.21698057612149602
415061.916197;2.6115075989451754E-05;-3.0123636013504835E-05;-87.98758419028243;-0.9735647964866364;0.06107546550623901;-0.21564449707098549
415600.162412;-1.5122117285792996E-05;-4.279084721321297E-05;-86.86188643522857;-0.9733721311844973;0.061384718005798755;-0.21718392639273995
416139.106617;-1.4359947505493088E-05;-1.3412428552214565E-05;-94.13298700080821;-0.9734991895946057;0.06160270104549721;-0.21593231692636045
416678.749717;-1.2790941473894004E-05;-1.9747300535056177E-05;-92.56832112356079;-0.9733638573627826;0.06194253072818876;-0.21694338460420734
417219.092617;8.396319646754926E-06;-3.427067160475191E-05;-89.0483863134003;-0.9736088506023665;0.06156155968361218;-0.21498096405410114
417760.136227;5.134473551088966E-06;-7.576912741386766E-06;-100.7689891089864;-0.9738800378575067;0.06188720786994573;-0.21238823465345363
418301.881454;6.143373986391118E-06;-2.427644850204299E-05;-92.02672205295366;-0.9736537063954129;0.06166271752616468;-0.2145255163542303
418844.329208;-1.785808138850943E-05;-2.0665670916256297E-05;-91.27272219059958;-0.9735139839854635;0.06202718175420934;-0.21556132819628138
419387.480401;-1.630979947280593E-05;-2.979089440334034E-05;-89.37979785145251;-0.9734370562532243;0.062363097459632554;-0.21605421608472336
419931.335944;-6.2555388000147E-06;-1.7390607500596284E-05;-94.66526644109528;-0.9737974598652402;0.062233908141885785;-0.21292551926876488
420475.896751;-1.570673653552144E-05;-4.469881714198307E-06;-95.74007248972521;-0.9733042169273448;0.0625130575383342;-0.217149265570028
421021.163737;2.0540646385102317E-05;-1.630273693661582E-05;-91.62602626736506;-0.9734316890802515;0.062212185900299456;-0.21618772427212563
421567.137817;-1.2060521323499126E-05;-7.4971681535261455E-06;-96.95372258320378;-0.9732326376213422;0.06260620063106265;-0.21773223213741646
422113.819908;2.5326776943643653E-06;-5.3955332886355275E-05;-85.34975380507578;-0.9733003808921542;0.06255174609881016;-0.21716126706456607
422661.210928;-2.047106933250746E-05;-2.2181832508800812E-05;-90.40434728874752;-0.9735890442474373;0.06285673679875278;-0.2144216408276585
423209.311797;-8.023476043063766E-06;-3.508066746441918E-05;-88.87720372853474;-0.9735065094798291;0.06237602319250203;-0.21542968785271396
423758.123435;2.987196117762083E-05;-2.76885067428511E-05;-87.80156894038016;-0.973275880391805;0.06280635448437966;-0.21723328983019294
424307.646764;-2.787753406794059E-05;-2.818801060358493E-05;-88.03624586259212;-0.973172614786253;0.06287200651103304;-0.21811341888038127
424857.882707;-7.22365452004649E-06;-1.36365352124939E-05;-96.23174439961707;-0.9735123940047339;0.06278625646896935;-0.21514307647204434
425408.832188;3.2617847600808853E-06;-2.7142726472254863E-05;-91.26466175219606;-0.9736381852273868;0.06312671227392389;-0.2138298877401185
425960.496132;1.7095281928912095E-05;-3.8696939414741184E-05;-87.47219328921727;-0.9734984818824576;0.06306783169797323;-0.2151049698116883
426512.875465;1.6800708496054022E-05;-3.3830937137449996E-06;-95.32082554558541;-0.9733048559435797;0.06305642292453074;-0.21683208554182354
427065.971116;1.2754954551179267E-05;-4.5517996622346E-05;-86.50804698553989;-0.973360431152218;0.06369359460887603;-0.21596957114736134
427619.784014;-3.326024456813189E-06;-1.4092336977214924E-05;-96.78491875379878;-0.9736663811373294;0.06345584808615881;-0.21338935067054562
428174.315088;-1.0809070129344382E-05;5.8337877707192405E-06;-98.21399767148844;-0.9732398444991005;0.06368438245249616;-0.21704647454374482
428729.565269;2.1075040446519158E-05;-3.138756094428743E-05;-88.44865573030066;-0.9731710850797926;0.06389645349122101;-0.21753399702628895
429285.535491;8.697526301929594E-06;-2.315057038286287E-05;-92.13535453958754;-0.973116319449734;0.0634681794511844;-0.21826981222802672
429842.226688;-1.3587562285477348E-05;-4.0781897752007914E-05;-87.33348554956532;-0.9732287732316017;0.06376297596281513;-0.21709913039844544
430399.639793;-6.829754701375069E-06;-2.6794499787854922E-05;-91.16570950052761;-0.9730192678689489;0.06347487378524051;-0.2191285716738165
430957.775743;1.8470802224895816E-06;-2.593318600788037E-05;-91.70090669210026;-0.9737176858720776;0.06384754448290623;-0.2127061844327176
431516.635475;-1.9001190908365098E-05;-2.597577633503568E-05;-89.8472987438557;-0.9733129082544557;0.06379644534195412;-0.21633199355884253
432076.219929;8.291989735163357E-06;-3.4725189490958844E-05;-88.94627490023508;-0.9730872976078461;0.06400516600034027;-0.21821515236497072
432636.530044;-2.0848246652667472E-05;-1.4405546159251227E-05;-91.92350562828457;-0.9733049575891854;0.064239082805601;-0.21614394607527498
433197.566761;-9.43255828376981E-06;-1.8627399383148463E-05;-93.60560166469442;-0.9731353808881139;0.06443700353454433;-0.21753454788624446
433759.331022;-6.390066540333984E-07;-5.493270800382869E-06;-105.14500694017228;-0.9734647977570544;0.06429011897068344;-0.2146938837536502
434321.82377;-1.2976882542251624E-05;1.4099149927245645E-06;-97.68562674968501;-0.973222223624647;0.06436936508350488;-0.21680260925292352
434885.045951;2.097219520669585E-05;-1.3421577080939059E-05;-92.07628132205129;-0.9732119668408258;0.06470341053572977;-0.21669691578264888
435448.99851;-3.956746533163489E-06;-1.609433065604757E-05;-95.61167708297606;-0.973439921421178;0.06475443675888867;-0.2146414738514664
436013.682395;1.2854168983833238E-05;-1.7717336399325835E-05;-93.19543309626256;-0.9733699877710056;0.06510291173858848;-0.2150562478415335
436579.098554;5.884072752367527E-06;-1.2334192057693787E-05;-97.28728678509655;-0.9732195095348507;0.06481090476652249;-0.2165663393465025
437145.247935;-7.65337311800821E-06;-3.0593324468132006E-05;-90.02384023608924;-0.9731772146456936;0.0652045990030119;-0.21670847884059766
437712.131491;1.1254270056366735E-05;-2.6114632434395436E-05;-90.9224874243333;-0.9732483705394166;0.06464067906338208;-0.21641048827557938
438279.750174;1.9509828855685068E-05;-3.688890127524055E-05;-87.59095359926752;-0.9730245162997989;0.06492472951006455;-0.21823168497354936
438848.104936;-5.497388740921044E-06;-8.948238738320355E-06;-99.57454966074211;-0.9732533671132456;0.06537136580177774;-0.21593246688027523
439417.196732;-2.2757213196097693E-06;-1.0000935923324607E-05;-99.77994057237453;-0.973239849341401;0.06517225370411377;-0.21617121130704192
439987.026518;2.4889729380466837E-07;-2.4598042450051548E-05;-92.18154443421476;-0.9731779964536219;0.0651895988204464;-0.21671046130740068
440557.595251;-8.84413559106473E-06;-3.242199858728017E-05;-89.47150399000655;-0.9735185663218965;0.06542890086837398;-0.21354228938709713
441128.903889;-1.221962740911057E-05;-2.3800519241906557E-06;-98.097132993685;-0.973078017140301;0.0653058286903839;-0.21752960863452292
441700.953391;-1.583520912022628E-05;-1.3825562107641458E-05;-93.54675983230473;-0.9735610990456235;0.06579192906933184;-0.21294723351923103
442273.74472;-9.311075993731972E-06;-2.754068277249302E-05;-90.73048042606125;-0.9730541682444909;0.06581226279322944;-0.21743833693329434
442847.278835;4.48126639395347E-07;-9.78267341996855E-06;-100.18174524207592;-0.973194504951554;0.06588645454097336;-0.2161468257074148
443421.556701;-1.5053416111327342E-05;-1.566189695765659E-05;-93.26149697849239;-0.9732320476486145;0.06592951966061388;-0.21578737789289
443996.579283;-1.0459727959592789E-05;-4.311751588740511E-05;-87.05858825922189;-0.9729219962225478;0.06579773908864633;-0.2186215963712157
444572.347545;1.1161108875236123E-05;-1.2773908272241651E-05;-95.40995106176359;-0.9730527716912322;0.0660636867160239;-0.21729935750244941
445148.862455;1.1112963680229934E-05;-1.018786161695665E-05;-96.43418742574784;-0.9727909318442312;0.06620961987530151;-0.21953805934091591
445726.124981;-2.196413216555076E-05;-9.774724552817768E-06;-92.38095949344242;-0.9730665603568328;0.06593430376897262;-0.2172548136014302
446304.136093;5.9770112659462715E-06;-1.933813211016701E-05;-93.87546738383152;-0.9730010276713442;0.06619754155282183;-0.21767830044884182
446882.896761;-2.6816385593626293E-06;-4.191693405997006E-05;-87.53447124376491;-0.9728769431872986;0.06616380523836829;-0.21880135216366708
447462.407957;-2.5190090555939674E-05;-3.0949674043806574E-05;-87.97941562272254;-0.9730927104948893;0.06626810441464154;-0.2168209928104574
448042.670656;-2.0436387472485767E-05;-2.417646179593489E-05;-89.99068466185314;-0.9728455456959009;0.06644497105651827;-0.21891008275550555
448623.68583;2.1262329615797387E-06;-1.6950918264519675E-05;-95.34833611104715;-0.9735830805754002;0.06673078584333203;-0.2121845719483353
449205.454456;-8.839726124996192E-06;-6.741502949168553E-07;-101.04603774412303;-0.9729320473373865;0.06685587141479417;-0.21789126309643556
449787.977511;-2.7701860156279975E-05;-2.792022449266752E-05;-88.10528778878692;-0.9731327354732557;0.06651981135075967;-0.21631281095255261
450371.255974;3.3707322856215884E-05;-1.807073709914657E-05;-88.34834301224052;-0.97297557623344;0.06704207683458291;-0.21739065192529952
450955.290824;-2.0400520067560022E-05;-2.0280628941735734E-05;-90.82239802170119;-0.9728693262689456;0.06685040870793857;-0.2184519298856259
451540.083041;-1.7127523900298998E-05;-1.8242212381581467E-05;-92.03335218405643;-0.972905109816248;0.06701973979923172;-0.21803044012673906
452125.633608;5.697869975850125E-06;-3.0328601865828272E-05;-90.21230861274063;-0.9726387167186399;0.06695527989155833;-0.2204372879741853
452711.943509;-1.9043031735439116E-05;-2.5205937512926883E-05;-90.00879753275095;-0.9730566080795726;0.06703895056560971;-0.21667263075782997
453299.013728;-6.790446297941242E-06;-5.397383506765783E-06;-101.23540190560908;-0.973130113844405;0.06716295838964662;-0.21594365231722482
453886.845251;2.2159475830782273E-05;-2.6743791440204048E-05;-89.18554482997291;-0.9726866060662067;0.06774491127253762;-0.21952574468750322
454475.439065;2.1030601915202815E-06;-4.694620238318044E-05;-86.55928401093635;-0.9731232361418952;0.06752396251033048;-0.21578282238706936
455064.79616;-1.0296096863453159E-05;-1.2680148053235628E-05;-95.7382106805725;-0.9729685075865435;0.06786605551253887;-0.21694593066879164
455654.917523;1.8953052585643155E-06;-2.533224131198141E-05;-91.90228487556095;-0.9727566636710381;0.06806961221605405;-0.2187017708148697
456245.804148;-7.97438689075391E-07;1.1838870400939748E-05;-98.51413505588908;-0.9728604526508685;0.06775465908174871;-0.21797492992945114
456837.457025;-1.8747251748543607E-05;-2.792579051759416E-05;-89.46418671830217;-0.9724934709281479;0.068002451729876;-0.22108248127319535
457429.87715;-1.8429589690406958E-06;-2.837276752070548E-05;-90.9236808947104;-0.972514436067325;0.06785301648251144;-0.2209889131242016
458023.065516;-8.729398752231701E-06;-3.287918187778431E-05;-89.36575436199433;-0.9727416958337473;0.06798898538462951;-0.21888487503841883
458617.02312;2.4556194276562287E-06;-2.8278231710155385E-05;-90.93832859243369;-0.9729670880208227;0.06781038229661791;-0.216993027265246
459211.75096;6.3691270846710976E-06;-3.589901496754775E-05;-88.76375343586496;-0.9728210916969133;0.06830720126692899;-0.21798134111150988
459807.250034;1.755432120207213E-06;-3.1050855719704686E-05;-90.14467016532967;-0.972723905367377;0.06825877662226129;-0.2188750655050541
460403.521342;-1.7766464767472676E-05;-3.0300177845914205E-05;-89.08773521510352;-0.9727175075201897;0.06855019810606124;-0.21874981727094572
461000.565887;-5.049286438903908E-08;-8.63475402322476E-06;-101.27485208827989;-0.9731245194097274;0.06857252336923467;-0.21512014055525075
461598.38467;-1.0983260289193904E-06;-1.0880975007079845E-05;-99.2226178610309;-0.9725544306137754;0.06906326127088608;-0.21987637096258755
462196.978696;4.554894621521511E-06;-2.6792388885147073E-05;-91.31602946486977;-0.9730007264532703;0.06859495271247186;-0.21620565482088128
462796.348969;8.492757395437462E-06;-1.6963893888609532E-05;-94.43817400311083;-0.9730369869896772;0.06911587770179697;-0.21555615127579797
463396.496497;-1.2710820826750493E-06;-2.0033655268810772E-05;-93.94734836326846;-0.9726506878434958;0.06879952477984716;-0.21918713026579165
463997.422288;-1.44669385300583E-05;-2.0566744608238812E-05;-91.99088292687735;-0.9729752206834673;0.06897998237237335;-0.21619042354222184
464599.127351;1.25887987158792E-05;-3.379662285019211E-05;-88.85826342543795;-0.9726305610018917;0.06912776019556194;-0.21915917452907052
465201.612696;-1.2355420969562096E-05;-1.1059150591209816E-05;-95.60728523684652;-0.9730405559241647;0.06926222458673127;-0.2154320292735125
465804.879335;-1.9155458061035947E-06;-3.435375087382889E-05;-89.26703499496367;-0.9728263534952657;0.06904831730211893;-0.21746976926207257
466408.928281;6.484244982289952E-06;-1.4466769347145324E-05;-95.99750746911427;-0.9728963726875386;0.06924297908810188;-0.21672486180710876
467013.760549;2.2428257506401384E-07;-9.063199635221968E-06;-100.85171031256974;-0.9724942673105991;0.06970229740642712;-0.2200058635464147
467619.377155;-1.9432148517884246E-05;-2.5019860434441882E-05;-89.98438563161443;-0.9729431899633769;0.06972621774382856;-0.2160024648476827
468225.779116;-7.026502011364015E-06;-2.9246335958899417E-05;-90.43485858124458;-0.9725378011749443;0.06943608721729617;-0.21978824419551246
468832.967449;-3.256029265083946E-06;-1.2402882472309207E-05;-97.84010438068607;-0.972739199224267;0.06997138701153963;-0.21765807075867113
469440.943176;1.2158939468535234E-05;-4.143833050468798E-05;-87.29326975286382;-0.9724866176820558;0.06966185825179383;-0.22009958588337197
470049.707317;-9.223615408715952E-06;-7.702247080326444E-06;-98.40433735224312;-0.9725687368959653;0.06995246463224564;-0.2191845717597744
470659.260894;5.717488290256266E-06;7.2781614912292065E-06;-100.6721530331516;-0.9727124614881927;0.06991596562086702;-0.21793099682756653
471269.604931;-1.652196155853982E-05;-1.8389321066974317E-05;-92.13857625109802;-0.9728446039011529;0.07006625015131075;-0.2166611297476485
471880.740454;-2.510733656014472E-05;-1.72518762872427E-05;-90.32449410265318;-0.9724004234356961;0.07036183118793572;-0.22041769574178635
472492.668488;8.79642382269522E-06;-2.6794706335017796E-05;-90.99450801015949;-0.9721677180984439;0.0703064737868037;-0.22252133244596575
473105.390061;-8.742134071946432E-06;-2.224709603347469E-05;-92.4309154290489;-0.9725654956018454;0.07049138748639214;-0.2188676558355343
473718.906203;-5.848497724615954E-06;-1.6452486502995185E-05;-95.1585790545193;-0.972755477113419;0.07026757175656467;-0.21732381780043744
474333.217943;1.0839448736453805E-05;-1.837348980544713E-05;-93.41913418165382;-0.9724765550752671;0.07052651091458054;-0.21963523329212925
474948.326314;-6.0956290472626435E-06;-2.350459411536915E-05;-92.29425850498191;-0.9725054006646021;0.07078648771462193;-0.21921112936374332
475564.232349;-1.44137239596956E-06;-1.281056017163029E-06;-114.29613655830472;-0.9726550431202831;0.07073080358496564;-0.21791773363346723
476180.937081;-2.7651141155497362E-05;-1.0126466649047243E-05;-90.61915320495656;-0.9725645432396975;0.07053414038984825;-0.21884857875164443
476798.441547;-1.4379727448077057E-06;-1.756636563783086E-05;-95.07735677864716;-0.9724205916039305;0.07061584776681092;-0.22007487437772938
477416.746784;1.455942576974657E-06;-2.863362530277007E-05;-90.85125928167366;-0.972409732070546;0.07070590547950246;-0.22011321882232765
478035.85383;-4.743029900491971E-06;-2.853123916244932E-05;-90.77519548634976;-0.9725527826418646;0.07114974456623123;-0.2185546972104812
478655.763725;7.764045362897631E-06;-4.168446343873248E-05;-87.452405324893;-0.9724875245527983;0.07109109667703951;-0.21917253966191166
479276.47751;-1.8255839202402337E-05;-1.814967397298683E-05;-91.78691987809842;-0.9725358109160726;0.07117885563790156;-0.21868654281628547
479897.996228;-1.807223458936137E-05;-3.162595205849891E-05;-88.77192407367104;-0.9724295220307698;0.0714285043220027;-0.21946818719171837
480520.320922;-3.0072942884451545E-05;-1.5504986750207093E-05;-89.4127549769552;-0.9726710380360422;0.07151102843003289;-0.21726891202266696
481143.452637;-2.2677855670701584E-05;-1.0719634055184389E-05;-92.01214259514052;-0.9722922366973539;0.07160854276397785;-0.22057027663995715
481767.392421;4.644846872468732E-06;-2.199897384024524E-05;-92.96253537041633;-0.9722983258898058;0.07145696220941168;-0.22061526059643274
482392.141321;-2.1718782162396047E-05;-1.8305237970603633E-05;-90.93240981400042;-0.9724622015947986;0.07156931494087242;-0.21908588619385422
483017.700385;3.2164900159732717E-06;-1.5238813198600821E-05;-96.15167860950567;-0.9723159261021591;0.07174542077892558;-0.22027014177810303
483644.070666;-1.324980225874901E-06;-1.2942501984065253E-05;-97.7143557928767;-0.972472236941802;0.07201348147647253;-0.21870545058649576
484271.253214;1.8261699150090226E-05;1.7174145012763376E-05;-92.01735549267133;-0.9722090497100558;0.07170067240557745;-0.22124910526604108
484899.249084;4.9392992938466435E-06;-2.6374109674067376E-05;-91.4267333122819;-0.9720066191738737;0.07203939889651964;-0.22282546782377705
485528.05933;9.66711072968264E-06;-1.6015177196437055E-06;-100.17647847042184;-0.9724440393258698;0.07170278378710705;-0.2191598898411508
486157.685007;-4.484395272689345E-06;-2.9561885935588204E-05;-90.48655242522464;-0.9724977327441637;0.07259546451822987;-0.21809463049508732
486788.127174;-9.842801236142372E-06;-2.38850921949518E-05;-91.75627876146434;-0.9723253129388191;0.07244474312215546;-0.21972606855929874
487419.386888;-1.4245906900397898E-05;-1.2370218875724985E-05;-94.48588823774509;-0.9719340765880691;0.07271470135955875;-0.22302326510816212
488051.465212;-1.5171904664503063E-05;-2.2624213890004448E-05;-91.29571661784485;-0.9723913319622106;0.07217025648504043;-0.21932090721224473
488684.363205;-1.3467516070881023E-06;-2.3531983039222546E-06;-111.33636908320271;-0.9726275071964501;0.0727613242841662;-0.21683198057972985
489318.081931;-4.100356509524493E-06;-5.689603769777152E-05;-84.87586184531102;-0.9723122955736047;0.07311673058089468;-0.21939487116458614
489952.622454;-4.289378611470419E-06;-5.007503657216783E-05;-85.97582461875783;-0.9723280997426301;0.07271680212035352;-0.21952090141271302
490587.98584;-1.769757675867112E-06;-1.5223361167185717E-05;-96.29148844748522;-0.9720592611974638;0.07297702691537016;-0.2217361451906061
491224.173156;8.94454505601472E-06;-1.3701661053648173E-05;-95.72286089055338;-0.9720680795330068;0.07311413097264736;-0.2215662485754069
491861.18547;-1.677269807342119E-05;-6.488796858205532E-06;-94.90222538781767;-0.9722616416426799;0.07287491810680749;-0.2200061226643958
492499.023853;-1.7640912307276897E-07;-1.5697200959409723E-05;-96.08300716285449;-0.9720671548518884;0.0733906341264188;-0.22138933134964983
493137.689375;1.5511792135681964E-06;-2.3797458531959797E-05;-92.45097535889043;-0.9719410305479111;0.07355374394864685;-0.2224004344770743
493777.183109;-1.2392225010363272E-05;-3.6306166871817906E-05;-88.32179236518847;-0.9723491783441192;0.0734393992374553;-0.21885125406544884
494417.506129;-9.07112613510317E-06;-1.6626703559953328E-05;-94.45229154045657;-0.9722221424820466;0.07341765226399118;-0.2199942785474979
495058.659511;2.1193153480890247E-05;-1.936019402854176E-05;-90.84090251462563;-0.9720011678569592;0.07363503198167266;-0.22181140034777988
495700.644331;-4.200415783717224E-06;-1.7925276471392043E-05;-94.69852792682973;-0.9718287212997285;0.073206748907799;-0.22363128949256697
496343.461668;-6.976487419883856E-06;-1.950292079937954E-05;-93.67506977249398;-0.9717896862121047;0.0736487441577606;-0.2236814031295253
496987.112601;-5.050630141275533E-06;-2.4680536891897515E-05;-91.97474087421249;-0.972146361955326;0.07381016872208286;-0.22040344359631686
497631.598211;2.009828286520124E-07;-2.8848561263848016E-05;-90.79730603548705;-0.9721516242920576;0.07388893679873125;-0.22030354035628702
498276.91958;-6.413968449276507E-06;-1.643787085360196E-05;-95.0676146683499;-0.9721401716626087;0.07389390128578872;-0.22040192696109784
498923.077793;2.4176725601241547E-05;-3.2635473760630066E-05;-87.8262445648251;-0.9716655649143828;0.07430691239602497;-0.22433917988539198
499570.073934;6.340558310855768E-06;3.716613183997161E-06;-102.67478437650148;-0.971967371678212;0.07437473818898456;-0.2216112846435871
500217.90909;-3.038398037761199E-05;-2.431685796093144E-05;-88.1973191390284;-0.9719948866857253;0.0745626752086094;-0.2212389165539585
500866.584349;-1.1774909424908594E-05;-3.9173687990558855E-06;-98.12495437834171;-0.9716096007482118;0.07471558620759079;-0.22455802200632882
501516.100801;-1.2029192911250203E-05;-5.645702550510998E-06;-97.53069704390356;-0.9722077252248698;0.0747370764101078;-0.21922935297047752
502166.459537;1.5925253197607218E-06;-1.6617858667186776E-05;-95.54879606199172;-0.9721897013026501;0.0750991891560739;-0.21914159746186096
502817.661648;6.04057205749981E-07;-2.074053295121054E-05;-93.65991948504103;-0.9721271104572228;0.07490008891617811;-0.21983394074294826
503469.708228;-6.583535688430704E-06;-2.215424967842801E-05;-92.72333741915263;-0.9718267553348963;0.0746871410030794;-0.2226477798469599
504122.600373;-6.457358086372135E-07;-3.516807572310987E-05;-89.07556394162286;-0.9718019478008152;0.07472875287532879;-0.22283977899241286
504776.339179;-1.5946921041072264E-06;-2.4768923637257393E-05;-92.10389240029156;-0.9721008187250145;0.07499366692514292;-0.22000338905078598
505430.925744;4.6734161696475615E-06;-2.0976230882207613E-06;-105.81022245036188;-0.9716162299259283;0.07468946053003676;-0.22451695901184243
506086.361167;-8.222680320390636E-06;7.037163539153731E-06;-99.31316498066096;-0.9722242412616527;0.07519943199875377;-0.21876602767622103
506742.646549;-2.0081882951390613E-06;-2.8730157551332153E-05;-90.81207289332839;-0.9720269797620825;0.07524264951823298;-0.2204883571326165
507399.782993;3.2740513616226334E-06;-7.527374784082616E-06;-101.71463943640406;-0.9720514492570718;0.07546948619934028;-0.22011481214588996
508057.771601;-6.163285596761385E-06;-2.752571029366897E-05;-90.99277487200837;-0.9720142331343065;0.07525590291069324;-0.22059246753386524
508716.613479;1.2231662635313963E-05;-3.612422384933813E-05;-88.37264442436785;-0.9718787309741093;0.07569181927157413;-0.2214954474586686
509376.309734;-2.178698916057578E-06;-1.952131212526814E-05;-94.13605857492045;-0.9719068435266659;0.07565181135404962;-0.22127338858211243
510036.861473;-9.797783853392933E-06;-8.324788950826485E-06;-97.81730615770616;-0.9718677951978356;0.07569621262342027;-0.22158955443648254
510698.269806;1.908202615955572E-07;-7.782802559074171E-06;-102.17466979806231;-0.9718485534049716;0.07602785143259164;-0.22153052046604751
511360.535844;2.8405364214541332E-05;-5.465465389989142E-06;-90.77411530806592;-0.9716536619419457;0.07605547738527443;-0.22324272874192477
512023.660699;-2.0455214214941497E-05;-1.564174725793678E-05;-91.7843404116226;-0.9719853505612824;0.0759307764527362;-0.22038281696308756
512687.645484;-1.1072459907606207E-06;-1.8772575310872945E-05;-94.51444049290211;-0.9716670158541051;0.0764157413357762;-0.2228729553763666
513352.491315;1.7062505830260883E-07;-2.1817849223422E-05;-93.22349567412202;-0.9718323161655555;0.0761851489165615;-0.22156533331564515
514018.199308;1.1890368009014182E-05;-3.3747965844346577E-06;-98.15961627495685;-0.9718308122250302;0.07672011708031659;-0.2212048631491879
514684.770582;-2.506643423557735E-05;5.5356825403648865E-06;-91.81134418107972;-0.9718614692089055;0.07654315187715045;-0.22105650234694135
515352.206255;-1.6138051005270508E-06;-1.4866013299372162E-05;-96.50522921071727;-0.9715944782296727;0.0764595487944373;-0.22348679795606846
516020.50745;1.8297803135046713E-07;1.654089864787412E-05;-95.62828656907824;-0.9719441523851614;0.07681558638873734;-0.22013123075105495
516689.675287;-3.835864661765026E-06;-1.2802641340618794E-05;-97.48066309236796;-0.9716542808451395;0.07691943919675498;-0.22263301336293506
517359.710892;6.476168018767534E-06;-1.8314784817626907E-05;-94.23230217001064;-0.9716293196610658;0.07759037337684448;-0.2223808666011193
518030.615389;-1.2616263839306116E-05;-3.868645582129012E-05;-87.8098898027319;-0.9718476324394735;0.0768242060834744;-0.22098242827334244
518702.389905;-1.1722996134061338E-05;-1.2089837431751033E-05;-95.47304787977754;-0.9712796406770652;0.07696388196830767;-0.22593051591351432
519375.035568;9.568914704388734E-06;-8.152678057023416E-06;-98.01259668087744;-0.9719814637288093;0.07745162176096818;-0.21935164402431748
520048.553509;-7.956573813285188E-06;-1.2517357736882827E-05;-96.57594471070249;-0.9715720840022454;0.07729301012193988;-0.2230998579634279
520722.944858;-2.017994164899785E-05;1.70661310655588E-05;-91.55844237509255;-0.9716872790171537;0.07729525141244062;-0.22207496342287758
521398.210747;-5.223486490927334E-06;-2.8423604053455586E-05;-90.78216753419065;-0.9717634194080468;0.07767886672978261;-0.2211269671296129
522074.352311;-1.0079015013338328E-06;3.438715665875826E-06;-108.914136386205;-0.9714261743913182;0.07769367027073963;-0.22411221242227497
522751.370686;6.3546940504243E-06;-2.6858817401491307E-05;-91.18171454863429;-0.9714491183094264;0.07750170356731392;-0.224044602815783
523429.267009;-2.9074364904742914E-06;-1.5045887568136027E-05;-96.29242871693391;-0.9720556713302896;0.07782403538390588;-0.21842861316769338
524108.042417;7.832818377417862E-06;1.7646038472963336E-07;-102.11943527144248;-0.9716753898467994;0.07760523097612694;-0.22196110175993677
524787.698052;-2.3394086688494365E-06;-2.384679120301758E-05;-92.40980467662914;-0.9717882875847564;0.07808972883439504;-0.22061366290927875
525468.235054;2.327184423238968E-05;-1.101198769464256E-05;-91.78589583272547;-0.9718189905538307;0.07839390208019903;-0.22012353416566197
526149.654566;2.7343111922785097E-06;-3.11651345213563E-05;-90.09331744816649;-0.97145589407811;0.07828654291858951;-0.22342532766037523
526831.957733;-1.187475642810785E-05;-1.1577415928342974E-06;-98.46641900574744;-0.9714749618198398;0.07817894337496409;-0.22333291641412317
527515.145701;-4.700704056530659E-06;-2.0311172922050532E-05;-93.61869944167404;-0.9715648166440178;0.07855886144105642;-0.2222625366706883
528199.219617;4.756878670709055E-06;6.8404085775777636E-06;-101.58521120011008;-0.9717871497322189;0.07841705564718894;-0.22038969570030914
528884.18063;5.678272484495448E-07;-1.5913069324254445E-05;-95.95939462952379;-0.9716736458093753;0.07884777634279524;-0.22108814157395681
529570.029891;-4.4842748835982035E-06;-7.926902671846307E-06;-100.81212368789195;-0.971374329731457;0.07852249806013141;-0.22398073108283728
530256.768551;-8.01575290060963E-06;-6.5678686448398006E-06;-99.69039420809642;-0.9715580905138099;0.07887968608153416;-0.22209139992328733
530944.397763;-1.2162875225136772E-05;-1.5944628279569133E-05;-93.95593887386013;-0.9713374836489229;0.07879239138661043;-0.2241139072038896
531632.918683;-1.2197251217563908E-06;8.91976674771392E-06;-100.91247151177535;-0.9711985832722381;0.07901674831466812;-0.22518599850496976
532322.332467;2.1018439199982942E-07;-1.4833488368778652E-05;-96.57426221516714;-0.9714952694994049;0.07925515764741971;-0.22237795110827668
533012.640273;-5.513498305563165E-06;-4.047583692469349E-05;-87.77623806160284;-0.971679809148219;0.07918693966643008;-0.220788480371858
533703.843259;-5.594973369730327E-06;1.9390692077737396E-06;-104.55142054964864;-0.9710637135902088;0.0791813855744653;-0.2262651879297628
534395.942588;-4.624016646646062E-06;-3.4406978152402936E-05;-89.18933066280358;-0.9712673209445187;0.07941574123394038;-0.2242862162969103
535088.93942;-6.011756184702706E-07;-2.246307219002576E-05;-92.96750742457522;-0.9714551323921572;0.07936107356956763;-0.222657641127353
535782.834921;9.692860072620226E-06;-2.1341679806400247E-05;-92.60096457623521;-0.9714122386293602;0.08005515910360915;-0.22253279038858031
536477.630256;-2.956862689632298E-05;-2.087686192719765E-05;-88.82679953228049;-0.971345880277097;0.07937529176996715;-0.22361773477955746
537173.326591;2.5517259754042075E-06;-1.1492978167354144E-05;-98.58237231565519;-0.971040487175641;0.07965894436014896;-0.22612451410593146
537869.925094;-1.9298486881837765E-05;-2.494127243003362E-05;-90.02395794936645;-0.9713573593654824;0.08020218532216826;-0.2229124777976429
538567.426937;-8.678202641772372E-07;-2.8540771224101052E-05;-90.88667251860497;-0.9713443634044859;0.08000789543324045;-0.22317021134610784
539265.833289;-2.3872846620795694E-05;-2.0177342539063967E-05;-90.10088563704377;-0.9711279584744656;0.08013887340828056;-0.22499656246092611
539965.145325;8.416626329502387E-06;-1.9322725804806988E-05;-93.52414278034077;-0.9712672226768113;0.07979306786230611;-0.22401237333000537
540665.364218;1.2017772569430855E-05;-1.3412533227383031E-05;-94.8902237846252;-0.9712348271570306;0.08040092599361218;-0.22385485638155553
541366.491145;-1.0961456539507754E-05;-8.378368478183325E-06;-97.20445777698002;-0.9709036446746592;0.08032160680528042;-0.2268553379270241
542068.527283;-2.4481453821639127E-05;-1.3693313567579435E-05;-91.04108924191482;-0.9712650138069975;0.08008974035112007;-0.22381509641886524
542771.473811;2.792085955469021E-06;-2.4786821933327656E-05;-92.06082358066521;-0.9708953742804454;0.08061971143851117;-0.22670928946814817
543475.33191;8.49811110100424E-06;-2.584582066158084E-05;-91.30636639767715;-0.9706558232011008;0.081000064712468;-0.22855655346415643
544180.102762;2.5382653786370775E-06;-2.34271833358259E-05;-92.55491323761909;-0.97152856272202;0.08057373896961817;-0.2211190798471481
544885.787551;-2.0382036255117194E-05;5.5397991938517965E-06;-93.50551444036547;-0.9710023760115145;0.0811292575693667;-0.22538160853454564
545592.387461;-2.6020615898956342E-05;8.831483563876952E-06;-91.22014191567206;-0.9711234833314096;0.08108285976082405;-0.22434026485170513
546299.903679;-1.6190574866614781E-06;-1.1141940645208137E-05;-98.9700341947777;-0.971213835871956;0.08131675925614008;-0.22336409063362045
547008.337394;-8.00254648722185E-06;5.717820609015814E-06;-100.14419853295402;-0.9711300613921056;0.08134265920697681;-0.22408886463585037
547717.689796;1.7224920325005705E-05;-1.2298833018461265E-05;-93.48761565004445;-0.9713518832175019;0.08157916928664818;-0.22194278809275525
548427.962076;-1.0939499788845907E-05;-4.934683649244274E-06;-98.41565860207082;-0.9711861544723529;0.08107016319916785;-0.22379303608553128
549139.155426;3.5158204414657675E-06;-3.6764026443391625E-06;-105.8708725268383;-0.9711258596730766;0.0817942773634144;-0.2237892813606793
549851.271041;1.5815538910785095E-06;-9.750797602587335E-06;-100.10642005288283;-0.9712990122402074;0.08172291681016133;-0.22230496182202503
550564.310117;-2.1280300448289347E-06;-2.258471076911498E-05;-92.88532182501383;-0.9710295709537712;0.08190149089241575;-0.22456421080085134
551278.273852;-4.217671438735818E-07;-3.049501819322759E-05;-90.31459139042732;-0.9708754636836844;0.08206775589555272;-0.22580835518186346
551993.163445;-1.3772202050662932E-05;-9.865746797238527E-06;-95.42108253531177;-0.9711067024274627;0.08201703768684014;-0.22379256066947792
552708.980096;-1.9748291480079122E-05;-3.919645574551776E-05;-87.15263188668906;-0.970906915866059;0.08233478228728396;-0.2253281584486319
553425.725008;-4.721181488468086E-07;-7.440677201806332E-06;-102.55030101889686;-0.9708541388797729;0.08241574122188108;-0.22573593401863196
554143.399384;-2.1893836784545645E-06;4.128646247411383E-06;-106.60764850892872;-0.9708700165478548;0.0825616418959859;-0.22548479131575883
554862.004429;1.2036304120235639E-05;-5.013096105766082E-06;-97.6954150013149;-0.9709818287321207;0.08238569897926762;-0.2246244282597473
555581.541351;9.405581683508217E-06;6.531575761151376E-06;-98.82309700541377;-0.970995917796472;0.08259901308462501;-0.22433834724785828
556302.011358;1.7773739878223221E-06;-3.032646653016756E-05;-90.34867174930596;-0.9710743369597223;0.08262411150794957;-0.22362296732541673
557023.41566;-9.990596509101075E-06;-1.687118771381116E-05;-94.15161271775679;-0.9708050669699397;0.08272157513789048;-0.2259407749178732
557745.755469;-2.934694543191247E-05;-1.9673145755944647E-05;-89.03689424565306;-0.9710346101496922;0.08318420913992194;-0.22355111200864167
558469.031997;1.1237876068470282E-05;-4.830617864229716E-05;-86.0910430716498;-0.9709911549596134;0.08305501565716875;-0.22403520505120017
559193.246459;4.110302921003122E-06;-1.0822863091349203E-05;-98.728013665807;-0.9706134261307456;0.08321801997430443;-0.2272662024728131
559918.400073;1.7348221973685063E-05;-2.591316507141963E-05;-90.12131410959239;-0.9705981561048495;0.0833657787710051;-0.22728921257432452
560644.494055;-2.4970805081391706E-05;-1.9306099684508635E-05;-90.01624432962163;-0.9708053687210774;0.08339208080135344;-0.22542857552524748
561371.529625;2.308580583608875E-05;-1.703593592165789E-05;-90.845064855785;-0.9711290285233392;0.08290295144999146;-0.22292628759527383
562099.508004;-3.863573854411661E-06;-2.0409512229541647E-05;-93.65043967642686;-0.9704917867277338;0.08340613621806958;-0.22820338563730408
562828.430414;-1.7097594964483241E-06;8.062113387376247E-06;-101.6799624954732;-0.9708530024677695;0.08325199282232905;-0.22511230148927447
563558.298081;3.0516830526564792E-05;-1.9697411653207478E-05;-88.79667968681906;-0.9705555653939214;0.08394796324082236;-0.2272217936611695
564289.112229;-8.63277733476726E-06;-1.7838869051751465E-05;-94.05883702834458;-0.9711922895290891;0.08402387662609424;-0.2215093597684144
565020.874087;1.9961853695196424E-05;-4.018454061601709E-05;-86.96097350707818;-0.9705049240276347;0.08390260996998258;-0.227706490131758
565753.584882;-1.6904933540803413E-05;-2.05276397654406E-05;-91.50481838521956;-0.970582960779692;0.08427284547864283;-0.22672836747274977
566487.245846;3.10304517085705E-05;5.472004445036143E-06;-90.03124335933565;-0.970678375282408;0.08425188384996803;-0.22589708001791084
567221.858211;-8.874811540583086E-07;-1.9739567623848578E-05;-94.08447750610404;-0.9703735945808358;0.0844126230494681;-0.22848026168385216
567957.42321;-4.325239069331287E-07;-2.5146610435903766E-05;-91.98912628255823;-0.9708240562757738;0.08446912804933877;-0.22443569988756062
568693.94208;2.449485815913344E-06;-1.8727207456581267E-05;-94.47686809735708;-0.970692243169116;0.08441969112498497;-0.22564443366272555
569431.416056;-1.9774258948304023E-06;3.7516877123312474E-06;-107.45080530109995;-0.97066470908084;0.08454821531933596;-0.22578961884411491
570169.846378;-1.2482533931881252E-05;-3.367672133560026E-05;-88.89432101501676;-0.9707033130344856;0.08465834167726961;-0.22536154535355388
570909.234285;2.724132838933288E-07;-2.2090747905997134E-05;-93.11513123795552;-0.9705152580167514;0.08471567432864553;-0.22698728966196396
571649.58102;2.3102329383315165E-05;-4.2394614070067284E-05;-86.32453827891598;-0.9702536205638507;0.08484421784387798;-0.22921169762555452
572390.887825;-1.4546196001370895E-05;-3.098341094543793E-05;-89.31234140539661;-0.9702222230574036;0.08511556016310642;-0.22927949757934307
573133.155947;1.4422816848754088E-05;-2.7354038657721128E-05;-90.19423521208734;-0.9704299232545087;0.08504761443825816;-0.22748737504857924
573876.38663;-1.814467866434749E-05;-5.614317882703953E-06;-94.4279374556389;-0.9707601632989762;0.08516575663633699;-0.22446259582692268
574620.581125;-4.531698656831184E-06;-7.083824761475923E-06;-101.5047699464553;-0.9701433183576528;0.08544657125266793;-0.2297220026849277
575365.74068;1.4312711101157224E-05;-1.9267227463637424E-05;-92.39517388143922;-0.9704807167693617;0.08534108190747505;-0.2268074104029867
576111.866547;-2.3654669071932167E-05;-2.2317508817861376E-05;-89.75672575370803;-0.9705238990286833;0.08580490840096543;-0.22606071197894564
576858.959979;-8.446286885529947E-06;-3.842196409516981E-07;-101.45770577630948;-0.9706989565750117;0.0855160644838698;-0.22473260860840538
577607.022231;3.7823678938242053E-06;-2.2220349668307893E-05;-92.94093333785007;-0.9705234338488026;0.08582479577113426;-0.22604922726570142
578356.054559;-3.1153230163248334E-06;-7.077563299143567E-06;-102.23319588933808;-0.9704693900768718;0.08611264201934367;-0.22630272072443805
579106.058221;-5.1711877037475994E-06;-1.9418563159229024E-05;-93.93810263982243;-0.9703978285929125;0.08613949739641939;-0.2269170617898111
579857.034477;-9.514301744334179E-06;-3.090036270738822E-05;-89.8073646790424;-0.9705942115059126;0.08633048432391119;-0.22502251848012036
580608.984588;-5.38441220096609E-06;-5.338877800041114E-06;-102.40366062467287;-0.9703094289588173;0.0861748452023679;-0.2276742867999101
581361.909817;-7.280366887464129E-06;-1.4035509246532594E-05;-96.02061273670154;-0.9702034949774814;0.08645346238005933;-0.22839503402466005
582115.811428;-5.703891630760267E-06;-3.445837586901136E-05;-89.13670767778788;-0.9698306726084522;0.08622469809312028;-0.23188807646233986
582870.690688;-1.7977356177053293E-05;-6.486647969143366E-06;-94.37395582142075;-0.9705302405450741;0.08666738924589412;-0.22532391119362213
583626.548864;-2.72260934574044E-06;-1.6008684050043727E-05;-95.78905406494803;-0.970061575076792;0.08676681468866304;-0.22940714996383688
584383.387226;1.3898041821350551E-05;-2.7901323359977743E-05;-90.12494877626358;-0.9704749327232655;0.08664994253538894;-0.22582882692648948
585141.207045;1.4622688090335508E-05;-5.423666000804344E-05;-85.00940307978168;-0.9705303492823262;0.08713415291267156;-0.2249518818201352
585900.009594;-2.4589733078540876E-05;-5.083812608033869E-05;-84.96322324962236;-0.9699598144812409;0.08727486692903003;-0.22990621645474604
586659.796147;-1.1250075886930356E-05;-3.7581596765957856E-05;-88.12778136261214;-0.9702718372560518;0.08730271897215729;-0.2271127124044467
587420.567979;2.6721024949096666E-05;-1.0947992635342623E-05;-90.78900756139458;-0.9703216191611467;0.08720479064933087;-0.22674884887207591
588182.32637;3.4949536985811425E-06;1.6488899667475614E-05;-95.46531038495681;-0.9702375206125694;0.08738511302149257;-0.227351584708439
588945.072597;-4.652298480463739E-06;-3.6654832362614054E-05;-88.64797161908263;-0.9701461661848074;0.08765897532573787;-0.2279434602883173
589708.807943;-7.679854157433467E-06;-5.756301398166401E-06;-100.3566886249765;-0.9698692540127105;0.08745787583563636;-0.23056424845789447
590473.53369;-1.8849739284967308E-05;-2.1874537439045508E-05;-90.78933911457968;-0.9704185769686244;0.08822057069511649;-0.2250727964988538
591239.251121;-1.0415695843012553E-05;2.6192873141675545E-06;-99.37992243273578;-0.9701455006895087;0.0876901646840425;-0.2279243387664637
592005.961524;-1.4101933986624226E-05;-1.54255553922072E-06;-96.9627701643154;-0.9702231332453277;0.0879335425650518;-0.2270393431175549
592773.666186;-1.854045530168394E-06;-2.4959318352941166E-05;-92.03144744527609;-0.9701538568056935;0.08799611709705092;-0.2276041237997116
593542.366396;1.5588202574950918E-05;-2.189362449180609E-05;-91.4126864468016;-0.9699112526426974;0.08805104391628814;-0.22971444921357317
594312.063445;-1.8239072499030765E-05;-1.1622697932210392E-05;-93.29985393410314;-0.970395332963242;0.08841721812228909;-0.22512026030124072
595082.758626;4.734809123949618E-06;-2.7909492403574075E-05;-90.96173323591853;-0.9705801018782018;0.08808405043268552;-0.22374906567661856
595854.453233;3.347175580056325E-06;-2.8566594068052367E-05;-90.82361186696477;-0.969989241393636;0.08812457574224934;-0.22896246256007527
596627.148562;-1.4513340915301431E-05;-8.459973082808424E-06;-95.49430357311911;-0.9699694001286939;0.08844047576116526;-0.22888332861601496
597400.845911;-2.087652440962807E-05;-3.712704456961361E-05;-87.41303655830065;-0.9700521772937001;0.0887301576606896;-0.2279133080402012
598175.54658;-4.64123331088576E-06;8.390845859185945E-06;-100.36460826060585;-0.9699978954562652;0.08923083712360837;-0.2279874920979141
598951.251869;3.1111632711378527E-06;-8.096927661473346E-06;-101.23553669427488;-0.9701272046766972;0.08896008798826462;-0.2270601443228667
599727.963082;-8.284205629799441E-07;-1.0059446512446402E-05;-99.91916414558293;-0.9701402984503502;0.08896204407232533;-0.2269422969460352
600505.681522;2.1988307100808694E-06;-2.8160155471238675E-05;-90.98090065966764;-0.9703079199703141;0.08922818865507491;-0.22523725336190897
601284.408496;-2.178150515745728E-06;-4.973757343580582E-06;-105.30434193481403;-0.9703556584523071;0.08924512637425955;-0.22479968137354428
602064.145312;-1.7403135980545498E-05;-9.292894272560404E-06;-94.09797012186547;-0.9697873861045447;0.08925923052973131;-0.22983368326106077
602844.893279;-1.7526459114048036E-05;-1.975519311083605E-05;-91.56490393567307;-0.9701807493714556;0.08923931199448128;-0.22635708843464286
603626.653709;3.702841197188924E-06;2.0172888163112815E-06;-107.50056345618304;-0.9698745096000108;0.08927969059268126;-0.22904322810643968
604409.427914;-6.526830028448665E-06;-3.317463167036321E-05;-89.41894615093814;-0.9697524774387554;0.08975350728887073;-0.22973855582869132
605193.217209;2.2512984901882012E-05;-7.528652316990066E-06;-92.49094445997554;-0.970100250584101;0.0900233159984117;-0.22642868178885361
605978.022911;1.9012005701858145E-05;-8.146002163841833E-07;-94.4114756707227;-0.9699135154192995;0.09045852484301707;-0.227727009530112
606763.846337;1.7076674899138268E-05;-1.8964147794626536E-05;-91.86251111896767;-0.9695785954685272;0.09012562935884035;-0.23097629827633842
607550.688808;8.30600021745464E-06;-1.5084573180719913E-05;-95.27925522178691;-0.9701203580846477;0.09036759304962756;-0.22596605571960485
608338.551644;-1.0144820853691686E-05;-1.6043584699832202E-06;-99.76783124111404;-0.9700698029956808;0.09040007728463942;-0.22638794713992627
609127.43617;-2.7533548494602072E-05;-9.8613258721203E-06;-90.67860181568123;-0.969984439255961;0.09058351225624552;-0.22699381696079715
609917.343709;-2.5889478849371605E-05;-1.1797915536855566E-05;-90.91806793074524;-0.9699994971669141;0.09076540683127005;-0.22670920751908902
610708.275589;1.7627324351402517E-05;-2.4811986137783435E-05;-90.33221509309885;-0.9697557675552366;0.09086849194190319;-0.22878729951844878
611500.233137;-1.4325549181553673E-05;-3.146040619206974E-05;-89.22639902229436;-0.9697557376361134;0.09056948525853466;-0.22903592683825585
612293.217685;-1.3925975376256054E-05;1.0840856755768091E-05;-95.06601952181354;-0.9698813557974967;0.09090479422754943;-0.22764209416576497
613087.230563;5.427513538299293E-06;1.1556201577207607E-05;-97.87802542547905;-0.9699998121018396;0.09134649544481993;-0.226222226782305
613882.273106;1.7001174218460153E-05;-2.521674376304375E-06;-95.29591322557893;-0.9699878768723306;0.09114238890980458;-0.22649858167412498
614678.346648;-5.622725245320121E-06;-3.7138880240372836E-05;-88.50500237557911;-0.9695070356389823;0.09146342961913421;-0.2304992112168144
615475.452527;-1.5433364618587994E-05;-2.1782553540543916E-05;-91.47112508415046;-0.9696358830336732;0.09146816319026922;-0.2293511505855125
616273.592081;4.441574941778166E-06;-6.863704069684205E-06;-101.7497641419193;-0.9696234167438958;0.09146199356570027;-0.22946700538601006
617072.766651;-6.4264215599439386E-06;-1.912537654832831E-05;-93.90321384030003;-0.9694413072965136;0.09161986287136206;-0.23095172247487866
617872.977578;-8.676724419095367E-06;-1.991094651970996E-05;-93.2630527183751;-0.9697518233969723;0.0919244792771002;-0.22793874987802096
618674.226207;6.129045857489351E-07;-3.815401460472058E-05;-88.36807461190443;-0.9696722464162831;0.09213893693337241;-0.228464491259146
619476.513884;7.19589480378702E-06;-1.4850354973597488E-05;-95.64930118393421;-0.969515802894766;0.09201538164082347;-0.22995760090291154
620279.841956;2.722576629364694E-07;-1.926884176962519E-05;-94.30202084929662;-0.9696833338840773;0.09143004938546632;-0.22896176361081547
621084.211772;-2.544802533329838E-05;-2.3216318247432438E-05;-89.25695865961201;-0.9695840522124373;0.09220300268495345;-0.2291933913253014
621889.624682;9.295222538921199E-07;-1.841938428442949E-05;-94.68345192224291;-0.9693671056988401;0.09200314562263968;-0.2312882991971818
622696.082041;-1.969100020767733E-05;3.924776820719141E-06;-93.94544795539362;-0.9692968558307827;0.0924157251487916;-0.23156361187834973
623503.585201;-1.0160941428968818E-05;-1.9901074609538255E-05;-93.01640607303831;-0.9693287104955027;0.09273394953888667;-0.2310108671373457
624312.13552;-1.071361897556378E-05;-3.195184960040869E-05;-89.44735485344867;-0.969352836146365;0.09285409718592501;-0.23069452390951567
625121.734355;-1.2665506221943617E-05;-2.0967567947221622E-05;-92.21809698541442;-0.9692028259627561;0.0926567236279992;-0.23219431693995507
625932.383066;-1.4573253741164533E-05;-3.415713476341354E-05;-88.60407522967621;-0.9693872048235155;0.09288984570231514;-0.23035896016117835
626744.083015;-2.4012295817001553E-05;-2.4253851401048407E-05;-89.33733851768397;-0.969578462887727;0.09336683186138146;-0.22825433383056004
627556.835563;-3.7890013677650817E-06;-5.945622142713901E-06;-103.03582848991164;-0.969310764122824;0.09346438098323849;-0.23054731246877685
628370.642078;-1.1932286210024556E-06;-4.368598737185077E-06;-106.88067173016476;-0.9690688774808308;0.09343649902697143;-0.2327190064103811
629185.503925;-7.913917135655175E-06;-2.506420675309892E-05;-91.60619667562521;-0.9695386971917976;0.09317860406445945;-0.22876804472260187
630001.422473;-7.322097749088771E-06;-9.12546678659732E-06;-98.63636970985269;-0.9695001634838828;0.09358893746897748;-0.2287592616587531
630818.399092;-5.731921176527725E-06;-3.6187675089683514E-05;-88.7211716723155;-0.9694949200953633;0.09364042568031491;-0.2287616732613715
631636.435154;-1.5717984903952434E-05;-2.891488721001148E-05;-89.65321118493702;-0.9692367039604053;0.09384710760976717;-0.23087651551876295
632455.532034;-1.8080104999143172E-05;2.443980293164765E-07;-94.8551875503383;-0.9691253651729594;0.09410153830837223;-0.2316460121698467
633275.691106;5.896399582510793E-06;-1.8245565943033054E-05;-94.34543925627247;-0.9694820176566021;0.09398527229311461;-0.22858000757147387
634096.913749;2.4341840304991144E-06;-1.4463972675845555E-05;-96.67295474910324;-0.9694360832360056;0.0940977395474325;-0.22889088625520287
634919.201341;-5.129670042714167E-06;-2.7826954888529627E-05;-90.96555701015839;-0.9691183287398114;0.09406978618341821;-0.23173585863829146
635742.555264;-2.1459275909414306E-05;-2.6768344588212052E-05;-89.29207008987032;-0.9693792263446542;0.0944377592886259;-0.2291020697969705
636566.9769;1.2781233876968819E-05;-2.2781297567663958E-05;-91.6599442184015;-0.9690718095735005;0.09492415718188908;-0.23140921098334935
637392.467633;-6.468653519360439E-06;-9.996012831650524E-06;-98.48434804439125;-0.969269735933527;0.09468792988388387;-0.2298573081478123
638219.028852;1.957567322862779E-05;-2.7512834462118807E-06;-94.08071513455755;-0.9693618467773011;0.09469526630854495;-0.22903335800308255
639046.661942;1.870572129614375E-05;-1.860155204255696E-05;-91.57439591561439;-0.9691129519134123;0.0949090955748835;-0.23105705604790922
639875.368295;7.994149825206654E-06;-2.381419576516142E-05;-91.99955257389108;-0.9690909718616869;0.09479892108458583;-0.2313479250760608
640705.149303;-3.031888231733338E-06;4.252222995344719E-06;-105.64255198015047;-0.9691337622895265;0.09488404949797682;-0.2308940840195309
641536.006358;1.0513877940634284E-05;-7.91985236662657E-06;-97.61287425430584;-0.9691326595306735;0.09557489183233409;-0.2303012795903155
642367.940856;-2.2884413966894647E-06;-3.605624932387002E-05;-88.84292962767601;-0.969327836182173;0.09525826074546925;-0.22884562785384321
643200.954195;-1.0027256148791138E-05;4.262253871884769E-06;-99.25502912644511;-0.9690945475894982;0.09530195885430982;-0.23087817525153026
644035.047774;-5.644168757552317E-06;-1.1203233971072848E-05;-98.03080559965167;-0.9689217749595849;0.09564197402484194;-0.23211456869148103
644870.222993;-4.805863108609507E-06;-2.343738767841378E-05;-92.42294713789362;-0.9690440662993037;0.09567538165162882;-0.230999660769581
645706.481255;-1.7620339187913136E-05;-1.449624367029532E-05;-92.83481292989461;-0.9689468748232756;0.09596215782604223;-0.2316106981686385
646543.823964;-2.4995996287894913E-05;-1.608634116063869E-05;-90.53758938758546;-0.9690581708173862;0.09609488269238586;-0.23050601754483838
647382.252527;-7.09123953612699E-08;-1.3929924061500173E-05;-97.1209124774024;-0.969125020113787;0.09566340617521864;-0.2302915703461178
648221.768352;-5.195240412925414E-06;-6.808885280487706E-06;-101.34591345747752;-0.9687765924961634;0.09622763479369434;-0.2328886577332454
649062.372849;-8.692757955771381E-06;-7.608111804007347E-06;-98.74689863445954;-0.968861325150867;0.09591801208770605;-0.23240898130704118
649904.067429;-3.5053665168745116E-06;-1.111696783355478E-05;-98.66861822965724;-0.9690340845643133;0.09636284061254057;-0.2304836266849855
650746.853507;-1.1180906209430083E-05;-1.2268479633166893E-05;-95.5983385644569;-0.9687728942442299;0.09677933624772479;-0.23243359358766227
651590.732497;-8.185235230886997E-06;-3.328947017837461E-05;-89.29893058141982;-0.9687523480669336;0.09669021600178268;-0.23269499167916158
652435.705817;-2.016293736972629E-05;-9.420519779619483E-06;-93.05140233224006;-0.9688449215059197;0.09741142603210988;-0.23123194365039815
653281.774886;-2.3139437938510607E-05;-2.683470459207935E-05;-89.01171190446631;-0.9689818035112241;0.09695909316840412;-0.230419753869479
654128.941125;3.6670517749281653E-06;-9.044268966492887E-06;-100.21152935590196;-0.968455517968394;0.09668935014651824;-0.2353313001295675
654977.205957;-2.6291534178431174E-05;-2.848296511230434E-05;-88.23178561695939;-0.9688423452961294;0.09719815843717998;-0.23144492027696728
655826.570806;-1.4724295971467812E-05;5.424117458577114E-06;-96.08666192266205;-0.9686128509914529;0.09737753357264702;-0.2333221762369745
656677.0371;-2.1126339063732143E-05;-1.1309201215502008E-05;-92.40921507904042;-0.9689594460687494;0.0973390904323394;-0.2302800541377077
657528.606265;-2.7391853925389786E-05;-2.783339139949944E-05;-88.16726927380304;-0.9686464397123948;0.0975039171157652;-0.23291113273226238
658381.279733;-1.3096782265393983E-05;-2.972706616238607E-06;-97.4385329527597;-0.9690674236940479;0.09778174825191742;-0.2289264211524408
659235.058935;-2.3490242580227712E-05;-2.029541704483589E-05;-90.16060191717514;-0.9687716534109378;0.09764165869080743;-0.23167653453912412
660089.945306;-1.946979186056787E-05;5.940701615396676E-06;-93.82617217260844;-0.9685541350130298;0.09808829884177056;-0.23320675153739717
660945.940281;2.052244039060419E-06;-3.2435099351738754E-05;-89.76234357127937;-0.9684616964252672;0.0978035264504163;-0.23428304354714202
661803.045297;-1.547400228075319E-05;-1.3043781482934913E-05;-93.87655975791438;-0.9685633639593676;0.09772750412485114;-0.23344858623126905
662661.261795;1.3587147813787652E-05;-2.9232841125167673E-05;-89.83313572521757;-0.9688188024709868;0.09830981257931334;-0.23065840275046132
663520.591216;1.3530060133884167E-05;-3.384931296280308E-05;-88.7652779270951;-0.9685422611838325;0.09855258311814559;-0.23289379221
664381.035002;7.7854433587436E-06;-1.4004607150835876E-06;-102.0360317752487;-0.9685064343570782;0.09865475003026566;-0.23311947235842606
665242.594599;-1.4494018141615852E-05;-2.362444667277478E-05;-91.14530761245739;-0.9685010290678312;0.09810476860494527;-0.23366336882300454
666105.271454;1.6191153382174446E-06;-1.560661328913141E-05;-96.08733273573463;-0.9684850634042723;0.09877405567235137;-0.23320122826463474
666969.067016;3.981895341678484E-06;-1.8003364408185515E-05;-94.68550947444979;-0.9682758353363002;0.09911804791929398;-0.2347465063738367
667833.982735;-1.2946798032159848E-05;-7.108866353729849E-06;-96.61233713692612;-0.9689270695092554;0.09920622748341908;-0.22888705205931686
668700.020064;3.142450311230358E-06;-2.583409285416335E-05;-91.69234732182224;-0.9683884102151232;0.09910745979095005;-0.23375680500925142
669567.180458;1.8559994987065646E-05;-1.3695908723575714E-05;-92.74046467097159;-0.9684310041698696;0.09963920475684868;-0.23289444460625514
670435.465372;-9.210496688838918E-06;-1.9842682149829147E-05;-93.20058808955085;-0.9685915726839602;0.09957493881029171;-0.23152814690378568
671304.876266;5.077470391232165E-07;-2.4929487693934202E-05;-92.06393172323259;-0.9683816021125745;0.09953719776548726;-0.23342601158812717
672175.414599;-1.168955419100783E-05;-3.5440087872137815E-06;-98.26214656905503;-0.9686170159917415;0.09959428006910973;-0.23128472697535515
673047.081834;3.277246411679396E-06;-1.556399405193446E-05;-95.9691680762453;-0.9681025686068854;0.09969494119276674;-0.2357588787101183
673919.879433;2.0095771864370684E-06;-2.2005318619231114E-05;-93.11337781180205;-0.9686695464087965;0.10005481252847408;-0.23039752293621432
674793.808864;-5.206414993689642E-06;-2.8280715220864566E-05;-90.8254406140611;-0.9683842038461655;0.10001284198556833;-0.23296797180875534
675668.871594;-8.923310991521905E-06;-3.8582155409704485E-05;-88.04596280946714;-0.9680357799620019;0.10026771672766435;-0.23582664117420063
676545.069092;1.6806566968906314E-05;-1.2872218406195832E-05;-93.48572044597562;-0.9683636981006877;0.10011208233653825;-0.2330589492034022
677422.402831;-1.936706141633869E-05;-1.6112590971828424E-05;-91.97432421506116;-0.968194476155254;0.10060411436849045;-0.2341082066757413
678300.874283;-1.579918344812475E-05;-3.507782318856152E-05;-88.29718367003544;-0.968042283001969;0.1005117233959993;-0.2355442793043872
679180.484924;-1.3259436682664678E-05;-1.6891509260694746E-05;-93.36171210906714;-0.9682719766275445;0.100403522050641;-0.23360516943457715
680061.236231;-4.000874981982946E-06;-2.693096073089761E-06;-106.33394638542472;-0.968078834556174;0.10067423371277295;-0.23506992787600756
680943.129683;-1.5348695117574286E-05;-2.2028537002911996E-05;-91.42161794196258;-0.9683020173268893;0.1009232182932118;-0.23285910781850971
681826.166762;-6.394275575855129E-06;-2.424222358345023E-05;-92.01644855120566;-0.968192207788196;0.10115456921204137;-0.23361933015932768
682710.348951;-8.297718850896831E-06;-2.6998398378560568E-06;-101.18379864936314;-0.9683079440913959;0.10111486816582599;-0.2326290968020793
683595.677734;3.4029331636131296E-06;-1.662330959640425E-05;-95.40736649519225;-0.968208521783268;0.10120860096206882;-0.23342444651556163
684482.154598;-1.0546272967214477E-05;-2.3659200199282423E-05;-91.73289371268802;-0.9681225715373781;0.10205404572029796;-0.2333996116884372
685369.781033;-1.7600068435988214E-05;-2.5993687116277196E-05;-90.06372378707451;-0.9681271700053993;0.10132976008926911;-0.2340339270251945
686258.558528;-1.6533316706102044E-05;-1.9016903045604917E-05;-91.97230950921947;-0.9682300559433932;0.10150098032306085;-0.232961760916286
687148.488578;-1.2396910478865996E-05;-2.3979013401893133E-05;-91.37465252358602;-0.9680680041924147;0.10205306856506291;-0.2338847309436856
688039.572675;-9.389066528201641E-06;8.082827429707147E-06;-98.1392933745853;-0.9679390912290313;0.10171677399605691;-0.23534291920431163
688931.812317;-1.828794807686272E-05;2.294456207628723E-06;-94.68887099403189;-0.9677348230847457;0.10195366904610338;-0.2369348084949644
689825.209003;-2.031519937766694E-05;-1.2073698803266664E-05;-92.52991186349712;-0.9681536467512053;0.10218156783441588;-0.23300453071486957
690719.764232;1.1297916326998132E-06;-4.7866121069963095E-06;-106.16398521148362;-0.9684981825135538;0.10220151426372688;-0.2299294096376643
691615.479508;-9.725015617521723E-06;-1.4964191821903764E-05;-94.96886519508443;-0.9679409480223962;0.10254003920454481;-0.23455554500208048
692512.356334;9.452604382998992E-06;-2.2550930303896692E-05;-92.23374216083867;-0.9680621843039707;0.10302858202939069;-0.23301953840468803
693410.396217;2.6233678346657697E-06;-1.676811615518738E-05;-95.40529439459705;-0.9680022466305476;0.10272113611983084;-0.23384122820729658
694309.600664;-1.1543291429049375E-06;-3.2153185804520114E-05;-89.8499258808542;-0.9679045918027096;0.10295807071787534;-0.23448438132021626
695209.971187;1.2563907071864187E-05;-3.949013494991112E-06;-97.60834538307685;-0.9679729316868783;0.10296495547268265;-0.23387149002668248
696111.509297;-6.092059303100183E-06;-3.372363190049985E-05;-89.30185238749162;-0.9679552519782829;0.1030787637118273;-0.23392088454967583
697014.216509;-1.7176213775647618E-05;-2.912593438236269E-06;-95.17833405504743;-0.9677606381198095;0.1030337440901699;-0.2356903738932093
697918.094338;-7.213740049965216E-06;-9.428975638140212E-06;-98.50954556407248;-0.9677444490636132;0.1031205244029205;-0.23575201645711277
698823.144302;7.723719595418374E-06;-3.15923529766728E-05;-89.75624105691855;-0.967722028799896;0.10355053343510472;-0.23554350086614667
699729.367922;-7.3902462031525235E-06;-3.036658825241426E-06;-101.94927287402486;-0.9677525630336207;0.10375433223648144;-0.235078851753327
700636.76672;-1.1090458617375456E-05;-3.4453016607798555E-05;-88.82725844733028;-0.9679982296628074;0.10386634121211469;-0.2327926820533483
701545.342219;1.720712410380714E-05;-3.364367196113166E-05;-88.45277332905687;-0.9675785957051131;0.1037247161533188;-0.23665083705990822
702455.095945;2.175367585478099E-08;-2.017029401109769E-05;-93.90575037391243;-0.9677303076696221;0.10404711855821853;-0.2349974017429379
703366.029427;-1.4035752435273865E-06;-3.101560865579538E-05;-90.15950897107011;-0.9679210396872264;0.10381091060743862;-0.23353021017343023
704278.144194;1.0711207286148588E-05;-1.1505119626084262E-05;-96.07131228230719;-0.9676893846376085;0.10431671757292856;-0.23510297551954384
705191.441778;3.786470076267824E-06;-1.7348725262505743E-06;-107.6077215856681;-0.9678860792862631;0.10416874777787874;-0.2334992930683108
706105.923713;-5.373852882869275E-06;-2.529924002401456E-05;-91.74619429972616;-0.9676356314680115;0.10449301696893408;-0.2354111438486679
707021.591535;-6.500785189750915E-06;-9.707395164838167E-06;-98.64887301271264;-0.9676316994620494;0.10479666277468508;-0.23515467267243478
707938.446782;-1.0967272465224013E-05;-1.0470910393380089E-05;-96.38421304045156;-0.9675956161821561;0.1047707671330976;-0.23549970477093843
708856.490992;-1.445083809093602E-07;-3.6661747382592365E-05;-88.71566931361951;-0.9674165954957947;0.10510490703606108;-0.23676661573193586
709775.72571;-1.1857645653040155E-05;-4.290112806318251E-05;-87.03091289373204;-0.9671653965465531;0.10518304292119231;-0.23892056587107843
710696.152477;-1.8059536881399738E-05;-1.39933352920821E-05;-92.8236252379694;-0.9675681889531668;0.10525625835488764;-0.23527555207444736
711617.77284;-4.395088938927433E-06;-1.762774329013637E-05;-94.81414814976539;-0.9674035191402102;0.10552513151639979;-0.23647671948520033
712540.588347;-6.987257721135409E-06;-1.068242001712892E-05;-97.87983301760285;-0.9673387625591795;0.10540240814238039;-0.23717005106307526
713464.600548;6.638638679662664E-06;-1.0417084325711885E-05;-98.16481983464382;-0.9674398406487134;0.10591343382728234;-0.2357779711651717
714389.810994;6.076058042689859E-06;-1.482521066974011E-05;-95.90565075460447;-0.9678300373193712;0.10611522337266019;-0.23212085167123556
715316.221239;-7.2032224948538715E-06;-8.770587650677843E-06;-98.90051694068393;-0.9675806950833886;0.10577875657651876;-0.2346591052643766
716243.83284;-1.954675324857928E-06;-1.5912608501213863E-05;-95.90013032664379;-0.9672773051838464;0.10558112939676902;-0.237542458297879
717172.647354;6.623871756575112E-06;-2.751480025617607E-05;-90.96400065256671;-0.9672626247950314;0.10668606039651353;-0.2365969720011342
718102.666341;-7.04771473851568E-06;-3.427213334395377E-05;-89.12130097679226;-0.9674688980075279;0.10606720343115227;-0.23537073142744128
719033.891363;-1.232159556281787E-05;-2.192506053766815E-05;-91.98918873894074;-0.9672503905742562;0.10659370161819907;-0.2367958553787021
719966.323984;-3.1134156781578662E-06;-2.8674518825059632E-05;-90.79917710717109;-0.9673247562306294;0.10651943378450074;-0.23620867016084834
720899.96577;-1.869233440492808E-05;-1.2481460751654047E-06;-94.54740851434286;-0.967501466089278;0.106651228732489;-0.23451230492537248
721834.818289;2.6400056490559264E-06;-9.64935610077002E-06;-99.9965399219862;-0.9673798138836449;0.10674942806677841;-0.23549532797598716
722770.883111;-4.15501459732893E-06;-2.394775668892156E-05;-92.28589508695978;-0.9673610686598526;0.10693001143534726;-0.23548469183072762
723708.161808;-1.9161147583700227E-05;-1.5668127972307505E-05;-92.1279478506105;-0.967216390453403;0.10723140001637066;-0.2364721477958387
724646.655954;-1.4939460639227422E-05;-3.831934374870255E-05;-87.71712698470233;-0.9668919981033809;0.10726195518350846;-0.23932031098067374
725586.367126;-1.4543194260650697E-05;-5.754798758255302E-07;-96.74000896189169;-0.9669441454047529;0.10732099623386686;-0.2387994306452079
726527.296901;-5.465628138700952E-06;-4.201453893597823E-06;-103.23075080268896;-0.9670887674540808;0.10746029452676871;-0.2373789814615539
727469.446861;4.785838235859697E-06;-1.6760127490374698E-05;-95.1740348018026;-0.9675835715467423;0.1079363129725556;-0.23252039478997721
728412.818587;-1.4997641800028964E-05;-2.9709414630882352E-05;-89.5562545294694;-0.9671923579722369;0.10792063781361673;-0.23600531036901412
729357.413663;8.667046662906954E-06;4.711356512106265E-06;-100.11822096128357;-0.9669669195158145;0.10813522086303225;-0.2377925111762562
730303.233677;8.584398930360227E-06;-2.0849990143953542E-05;-92.93782504080463;-0.9670366944455223;0.10804267932455729;-0.2372652732781225
731250.280216;2.306420058260387E-06;-2.994351792668903E-05;-90.44825318639808;-0.9669453433576134;0.10845542145915048;-0.23766578214603665
732198.554871;-4.32425018194732E-06;-2.616751137718864E-05;-91.52774303467027;-0.9666880912462086;0.10871625321154776;-0.23968824156346058
733148.059234;-6.635922621338845E-06;-2.053091680891674E-05;-93.32029924471132;-0.9669026634409597;0.10836782938937856;-0.23813154196026334
734098.794902;-5.0640542807658945E-06;-2.5633638497494853E-05;-91.65752242026826;-0.967020973155162;0.10879331153778991;-0.23665821368056533
735050.763469;-1.4681845434840734E-05;-2.4801790998296958E-05;-90.8056341100933;-0.9667655862072464;0.10835956141461293;-0.23935596660543265
736003.966535;1.0710181629434318E-05;-2.532881893789305E-05;-91.21330558374294;-0.9674250351428956;0.10928666236378365;-0.23258198561645016
736958.405701;-8.464441105171318E-06;-3.1970376601368885E-05;-89.61081241776739;-0.9666413706868744;0.10914121774929109;-0.23967789040812468
737914.08257;1.6062142595459155E-07;-1.3873154587584994E-05;-97.15591336877122;-0.9670540344920484;0.10913140417145743;-0.23602710237921565
738870.998746;-2.15894466070344E-05;-1.1162005533595379E-05;-92.28637019692344;-0.9670344463758249;0.10925485554138745;-0.23607719960029905
739829.155837;-2.7341765472384942E-05;-1.8989489114848355E-05;-89.55392499659155;-0.9664666837161542;0.10950464507321485;-0.24086314830929598
740788.555453;-7.733626385926297E-07;-3.8028578016401455E-05;-88.39600254412353;-0.9670743771573694;0.10959685697135908;-0.23537989300380815
741749.199203;-3.201381997122475E-05;-4.36418110575884E-05;-85.33207633015024;-0.9671232097626024;0.11006284857571816;-0.2344776414736744
742711.088703;-2.8634314856516423E-05;-2.8424550146716612E-05;-87.8837786906037;-0.9668065848725667;0.10986092884383629;-0.2374890820279159
743674.225567;-5.671194199874132E-06;-3.741582611277246E-05;-88.44024687928469;-0.9668600774705222;0.11006875812147078;-0.23680500219780276
744638.611412;2.104008334497335E-05;-1.0607241986125403E-05;-92.55551567499052;-0.966754169532291;0.11022467422699847;-0.23758675568825788
745604.247859;4.493971472148851E-06;-1.076228903498325E-06;-106.70519780409641;-0.9660257284485286;0.11053418074003815;-0.24373600786650781
746571.136529;9.827063038558447E-07;-3.241403532990289E-05;-89.78134803967244;-0.966817620366832;0.11042061779526427;-0.23682571883535625
747539.279046;-2.4318688190717622E-05;-2.8285181254763746E-05;-88.56532371798312;-0.9670420095660532;0.1105364033359934;-0.23471870812929985
748508.677037;-2.9167805218944928E-05;-3.3487899539853975E-05;-87.05048984563142;-0.9667981215701045;0.11051848966646441;-0.23689946542369625
749479.332128;-1.319986351871614E-05;-2.8955257811087965E-05;-89.94543484165362;-0.9668421093781984;0.1109540744646513;-0.23606698679690802
750451.245951;-2.5646753235423623E-07;-7.364189267481047E-06;-102.65223692033872;-0.9661024917802938;0.11103604442535879;-0.24254405195656176
751424.420137;-1.0323487871547065E-05;-2.3203041957011282E-05;-91.90470210367664;-0.9663815836893415;0.11104626884738812;-0.2400574737386915
752398.856321;-2.644783614090712E-05;-1.1753876570310442E-05;-90.76941735895682;-0.9664330527173143;0.111170895517372;-0.23947381344609975
753374.55614;1.1896727617085016E-05;-1.1947641943742591E-05;-95.46256326975156;-0.9661303679261657;0.1113672384912719;-0.24195846141953956
754351.521232;-2.8609137240541268E-05;-1.4711531820365409E-05;-89.8509661836036;-0.9667457226611298;0.1115744805490288;-0.23628853901664687
755329.753238;1.068408043084207E-06;2.0559057875817588E-06;-112.7016772399552;-0.9663982096321158;0.11158158282909199;-0.23936305213910097
756309.253801;-7.434412860471266E-06;-5.280962287607589E-06;-100.80090442714372;-0.9661829922752931;0.11223371129213217;-0.24060212251753882
757290.024566;-3.982883577598575E-06;-1.654484249212426E-05;-95.38208678754175;-0.9661885827017805;0.11197309330725838;-0.2408207636572882
758272.067181;1.1155011181054928E-05;-2.1633294943886684E-05;-92.27360227021983;-0.9661736735759876;0.1121096867310564;-0.24081250797832898
759255.383293;-7.630567449757889E-06;-2.9961608068865205E-05;-90.19576853727384;-0.9664538443337738;0.11261828672776462;-0.23780323506074227
760239.974556;-3.128574007975195E-05;-2.983438002570266E-05;-87.28416779413942;-0.9667784999998943;0.11248504050414437;-0.23506249573184462
761225.842622;-2.4405546394376617E-05;-3.5819494630816154E-05;-87.26150218558044;-0.966275114474874;0.11264173643671181;-0.2393639312402635
762212.989148;-1.4198420463447464E-05;-6.913825769048148E-06;-96.03110289227905;-0.966688092151642;0.11298025256392805;-0.23535200379365184
763201.41579;-1.4423624166056692E-05;-7.443200608908414E-06;-95.79314705962236;-0.9663851550470657;0.11309310436581667;-0.23792064411449687
764191.12421;-1.7917355244216532E-05;-9.55734201801809E-06;-93.84708297655907;-0.9663696643691396;0.11282009293602198;-0.2383409557446688
765182.116069;-4.145397043264726E-06;-2.9704379773503334E-05;-90.45982178144548;-0.966127879324207;0.11315833744622927;-0.24013435556548887
766174.393032;-1.3371675248086282E-05;4.341395247797276E-06;-97.04104474125474;-0.9661703235416363;0.11328010336532728;-0.2396313959646078
767167.956766;-9.30783016293643E-06;-5.9804829541524074E-05;-84.36133045885656;-0.9658382679009846;0.11312040597063719;-0.24274263967092422
768162.808938;-1.26498247614954E-05;-1.8327356432886376E-05;-93.0459708127372;-0.9659994692936333;0.11340062042169476;-0.24102126399029591
769158.951219;-1.041596361845022E-05;-1.7536387831599375E-05;-93.80888717220238;-0.9661232185369791;0.11327617719730015;-0.24005322087826994
770156.385284;-1.5632133732059815E-05;-3.641776991678292E-05;-88.0392954834056;-0.9662233777528627;0.11411119693371757;-0.23829379466235384
771155.112806;-7.008988909946034E-06;-1.3473508043240667E-05;-96.37025180786648;-0.9661437553483528;0.11386071007325177;-0.23926178225722894
772155.135464;-2.10606872093135E-05;-5.2753344064316434E-05;-84.9127265727717;-0.9660318467189513;0.1138202839394794;-0.2402963920853599
773156.454936;-2.1224330348094717E-05;-1.1373952627048033E-06;-93.45086585412264;-0.9657930742951737;0.11419092360372868;-0.24202605394503202
774159.072905;-8.435147968168718E-06;-2.7930383247516708E-05;-90.699387785227;-0.9658916624101437;0.11466522402606567;-0.24065336657351238
775162.991054;-2.3055517569357583E-05;-3.725126667129439E-06;-92.63258224210938;-0.9658229791748975;0.11443444898568865;-0.24150518285121525
776168.21107;-2.6067217315234106E-05;-2.037985802246608E-05;-89.60649966168533;-0.965914354095956;0.11455721941432136;-0.24056578806243056
777174.73464;-1.7927249139336246E-05;-1.863633435785545E-05;-91.74769183378822;-0.9657472669628097;0.11485715019669535;-0.24173163866807684
778182.563455;-5.1579007999449095E-06;-1.404354108573081E-05;-96.50091432275345;-0.9656272370064264;0.11506880106203993;-0.24257269918946503
779191.699208;-3.930718214144855E-06;-1.6308589001649758E-05;-95.50644083103856;-0.9660597964886705;0.11510885204256498;-0.23869480811820742
780202.143593;-2.2447275708294757E-05;-4.1913595888909475E-05;-86.45770569609267;-0.9656131964137815;0.1148843887637731;-0.24289198493557057
781213.898307;-2.451427179276073E-05;-2.2694995871396114E-05;-89.52330995834711;-0.965588736021321;0.11553907168885162;-0.24241612625334266
782226.965051;6.946579226269848E-06;-2.732271134571204E-05;-90.99750054761758;-0.9656016378686717;0.11533307367566513;-0.24252011119607134
783241.345524;3.861950762530614E-06;-3.416396558961647E-05;-89.27349012608448;-0.9659316861697306;0.115423383928575;-0.23949783075406955
784257.041432;-2.77427690051539E-05;-2.7697558356486883E-05;-88.13378134823665;-0.9657797202273725;0.11574090561507717;-0.2405082753749871
785274.054478;-1.7801740291371604E-05;-1.917758042604256E-05;-91.64511375851932;-0.9656648154341022;0.11595916121360363;-0.24129494069218693
786292.386373;-4.204017398767148E-06;-3.139977579339361E-05;-89.98430830247395;-0.9655737455073073;0.11603958939463221;-0.24201680171560533
787312.038825;-1.1488763873448696E-06;-2.285171340535163E-05;-92.81066122972257;-0.9655932348335958;0.11660910542230148;-0.2412356438294182
788333.013548;-7.575970172382573E-06;-2.2182533084940735E-05;-92.60063840632071;-0.9655664182386252;0.11683798581310706;-0.2412280946827845
789355.312256;-2.1246000714056773E-05;-1.5098933237681112E-05;-91.67893423101009;-0.9654754601842284;0.11673139659582826;-0.24214887009629704
790378.936665;-2.662250755825171E-05;-2.8967046357589268E-05;-88.10271778488884;-0.9652617708682741;0.11686563186616783;-0.24389977883033362
791403.888496;-1.894006712510669E-05;-2.9620981538489664E-05;-89.07936313672275;-0.9657607928075872;0.11685243093856774;-0.23948948014244886
792430.16947;-7.232916053230477E-06;-3.170737260556481E-05;-89.7564876594162;-0.9649143591192215;0.11710782453320821;-0.2467208393883507
793457.781309;-1.328307930017437E-05;-3.68427461258938E-05;-88.14223299441849;-0.9656412679164978;0.11704759358263875;-0.24033948538457595
794486.725741;-4.640219785513485E-06;-1.7435487352890426E-05;-94.8741183829469;-0.9652291893268973;0.11734819578311691;-0.2436695205920479
795517.004492;-3.130071331817873E-05;-1.9326244504312353E-05;-88.68625693146483;-0.9658565846280643;0.11750126746231589;-0.23794279367205168
796548.619294;2.426686855448882E-06;-2.4454740123323834E-05;-92.19018341385406;-0.9648798558254453;0.1179280391614847;-0.24614078115708415
797581.571879;-7.603710898812478E-06;-1.463405734317178E-05;-95.65475719212542;-0.9651504296220264;0.11764115604058328;-0.2440516937907687
798615.863982;-2.4336800438050546E-06;-7.063146776793438E-07;-111.92351408658588;-0.9656705633392179;0.1180743123504118;-0.2389719427078515
799651.49734;4.893475746474503E-06;-1.822324379247012E-05;-94.48510088781197;-0.9651842827804936;0.11772101396646442;-0.24366515727418758
800688.473692;-1.4300995861662762E-05;-5.786592755728926E-06;-96.23417316213718;-0.9651871086712493;0.11801894071686815;-0.24331749149145168
801726.794779;-1.278176032938779E-06;-2.830524262510868E-05;-90.95381549570487;-0.9651713428888267;0.11834429347186506;-0.24310406040787494
802766.462346;-1.6857502993417264E-05;-4.0249898936746005E-05;-87.20280649169223;-0.9651394388082948;0.1180920999080495;-0.2436608230172575
803807.478139;4.169922458734818E-06;-3.0500448062001085E-05;-90.23344890598146;-0.9654015704528517;0.11850115728423284;-0.2408925352846324
804849.843906;-3.370655436360287E-05;-1.246927740746773E-05;-88.88867025539864;-0.9651585177724783;0.11868860473414983;-0.24284292789242642
805893.561398;-2.233953726143801E-05;-4.0115163791045856E-06;-92.88068665883614;-0.9650806330646079;0.11907346971997192;-0.2431131243160392
806938.632367;-2.57156620884242E-05;-3.595228716736505E-06;-91.71197759282471;-0.9655020365498977;0.11919611360178188;-0.2392439828697716
807985.058568;-3.3097372436889867E-06;-4.207321834478195E-05;-87.493092427693;-0.9653049238325012;0.11919653353563597;-0.24099034889763332
809032.84176;-1.117043133768514E-05;-2.8195595445357663E-05;-90.36320694316252;-0.9652575866210129;0.11929418112493496;-0.24130298726882324
810081.983702;-2.159033258253591E-05;-1.4047630486898895E-05;-91.78173222245448;-0.9653531399871605;0.11965153317835332;-0.2400641970268512
811132.486156;-3.346250491500642E-05;-2.4693148073400687E-05;-87.62081744629312;-0.9652771300954485;0.11963364866307784;-0.24075742893155033
812184.350886;8.262966609060298E-06;-3.774149038455773E-05;-88.26028423337917;-0.9651440985826193;0.11994272706992014;-0.2415964651564992
813237.579659;-2.322973075417158E-05;-4.28711604579734E-05;-86.23869100781157;-0.9648930883441861;0.1198667347823893;-0.2439050900718329
814292.174243;-1.3771728209576636E-05;-2.6743054685404064E-05;-90.43422702869982;-0.9647341980063782;0.1198695278420509;-0.24531070546292189
815348.13641;-2.4287156969271358E-05;-5.61631346255009E-05;-84.2664517335008;-0.9650991950744059;0.12018080345386306;-0.24173194513144614
816405.467934;-2.264483736795542E-05;-1.6452370727179377E-05;-91.05978093071208;-0.9647303727487152;0.12031468222746151;-0.24485331935182075
817464.170589;-2.7841280519695065E-05;-2.47220728437123E-05;-88.5813720466222;-0.964871536883168;0.12013145563421593;-0.24380428757453496
818524.246155;-2.5764705950437535E-05;-2.6028328852761817E-05;-88.72476026040971;-0.9649608273243556;0.12041512746089547;-0.24269939962951953
819585.696411;5.79066719082662E-06;-3.7390196403211124E-05;-88.44190865570664;-0.964867689537068;0.12075448546802428;-0.24314902068616806
820648.52314;-3.632340469270501E-05;-2.1344960578212337E-05;-87.50802359365308;-0.9645848733267877;0.12104133158153871;-0.24533733405070285
821712.728128;-2.783425349061506E-06;-3.972365205299807E-05;-87.9977459470519;-0.9645471382719867;0.12080940795696415;-0.24592965365815123
822778.313161;-2.430710882064892E-05;-2.5323081658418452E-05;-89.09356155956785;-0.9650296104357861;0.12121737888201996;-0.2411997269892167
823845.280028;-6.554585177364149E-06;-1.9861546511880213E-05;-93.59077916442902;-0.9645495788221317;0.12128699703018382;-0.24537665267056416
824913.630523;-1.5443865800282367E-05;-1.1294591980609844E-05;-94.3642304949981;-0.9644835612761504;0.1214698786178959;-0.2457578762806179
825983.36644;-2.2497408122082853E-05;-5.721184361204032E-05;-84.22585366475522;-0.9645589670900949;0.12188733294197603;-0.24462262786454075
827054.489574;-1.753076762393367E-05;-3.232925923846978E-05;-88.68859895243091;-0.964523588484891;0.12167497530262078;-0.24517387817561065
828127.001724;-4.8402407163230406E-05;-1.431825703573932E-06;-86.29886203676428;-0.9645852500990891;0.12204365051950798;-0.2442144895047013
829200.904693;-3.397382424415671E-05;-3.4790220314748694E-05;-86.26245958071443;-0.964543217939966;0.12227380770661075;-0.24432867423736143
830276.200284;-1.537294035600479E-05;-1.2033814446052561E-05;-94.1891548709998;-0.9648198999321008;0.1223109402475575;-0.2418351476382062
831352.890302;-3.843840901375101E-05;-1.6592465994607947E-06;-88.29660709289021;-0.9650674457121392;0.12240997659435458;-0.23953088557081936
832430.976556;-2.147734818296944E-05;-4.684816187634436E-05;-85.75767554305473;-0.9646404656487166;0.1227807766153379;-0.24289621393411487
833510.460856;-2.6927699550092764E-05;-1.0130718252874895E-05;-90.82110015786105;-0.9644258937461393;0.12268909688668704;-0.24490108675561012
834591.345016;-1.1887703340410174E-05;-3.526246751253159E-05;-88.58625770374923;-0.9646151447866923;0.12271271304203353;-0.24319732391118062
835673.630851;-3.7785032332745662E-06;-4.226681695308204E-05;-87.4454394727081;-0.9646818413050878;0.12298064072043895;-0.24230403666196051
836757.320178;-2.8216975439604176E-05;-5.469950471052536E-05;-84.21563257576432;-0.9643052803906845;0.12306560951982265;-0.2455448820594776
837842.414817;-2.613561955508421E-05;-2.707694645643828E-05;-88.48865707604665;-0.965035762074082;0.12333032773061986;-0.23877366550911722
838928.916592;-4.249528043531734E-05;-2.7175120679167766E-05;-85.94425529788185;-0.9643189136520776;0.12321415201080642;-0.24525593894797915
840016.827326;-2.170623633592139E-05;-8.358843356274648E-06;-92.66777883583907;-0.9644771537649339;0.1235328714897531;-0.24349237973318924
841106.148846;-2.742572525334592E-05;-1.1299757195657893E-05;-90.55588933933122;-0.9642461803058111;0.12366276195100409;-0.24539159104023336
842196.882983;-1.6937202256307054E-05;-3.5857498026391644E-05;-88.03373724153357;-0.9640373882807329;0.12396140854822921;-0.24690216974366064
843289.031568;-3.1127545306661915E-05;-1.1672253268770794E-05;-89.56572652173081;-0.9640294416298655;0.12464662981951578;-0.2461895559869744
844382.596435;-4.572174899259965E-05;-4.358472008528963E-05;-83.99015549854879;-0.9645329432849431;0.12429181149795744;-0.2421343139461801
845477.579421;-2.862993773399969E-05;-1.9405701248219487E-05;-89.22176388066717;-0.9640041080257735;0.1242376399626887;-0.24688196752982022
846573.982365;-4.172168753441628E-05;-4.554667429236912E-05;-84.18482832886178;-0.9640826403577639;0.12467305538475405;-0.2456878517483975
847671.807109;-2.7546337800798872E-05;-4.161470306156664E-05;-86.03698764870943;-0.9643974203519244;0.12465073212985538;-0.24292449474435804
848771.055495;-1.556812181640021E-05;-2.330018146219534E-05;-91.04983829233984;-0.9637867484140299;0.1250975072319421;-0.24782274341348726
849871.72937;-2.3103846636411378E-05;-2.8852188438627276E-05;-88.6447411409791;-0.9641994375661606;0.12487119734278358;-0.2444257615678333
850973.830584;-2.2653767428565803E-05;-3.329532991101667E-05;-87.90010155757477;-0.9642192666575214;0.1254413634208629;-0.24359444897181087
852077.360986;-2.0024207661472944E-05;-5.015529420526935E-06;-93.7046356889472;-0.9643316667460843;0.12566638469893768;-0.2423393466701719
853182.32243;-2.9897048274268994E-05;-2.1586697229702863E-05;-88.66518897261781;-0.9641562471345224;0.12563037188780427;-0.24393470572706868
854288.716772;-4.261683436587899E-05;-4.611298426494378E-06;-87.35782426745628;-0.9641361272730176;0.12566973442785598;-0.2440674940464354
855396.545869;-1.432770903450254E-05;-3.512265540791759E-05;-88.41974165586547;-0.9642900863586114;0.12600701736591285;-0.2423139274944838
856505.811584;-3.140786173451447E-05;-4.407576240010576E-06;-89.97453607960908;-0.9637228288839296;0.1260292792507765;-0.24731337558414931
857616.515778;-2.249927789523093E-05;-4.299039101301124E-05;-86.28121369507215;-0.9637468580576213;0.12614082290742062;-0.24697113997205158
858728.660317;-3.0768554551880925E-05;-8.368990805384896E-06;-89.92788400430973;-0.9637238120822406;0.12577217224392262;-0.2476023103663213
859842.247068;-3.2938237938845556E-05;-2.5339733092560732E-05;-87.62700220967672;-0.9640922492250622;0.1266764557691183;-0.24328917745015688
860957.277903;-2.5884119272067017E-05;-1.908698662199728E-05;-89.85353186094795;-0.9637024541191013;0.12676230705045824;-0.24664205281905766
862073.754693;-4.1124816717937306E-05;-2.5073434564995705E-05;-86.34525555018017;-0.9639251817071381;0.126474213191988;-0.2450041810225387
863191.679314;-5.5460865916377956E-05;-3.0515309607179106E-05;-83.97170711436188;-0.9634309130092783;0.1270078815853772;-0.24876155181057175
864311.053644;-4.3327026461126334E-05;-3.433192420049535E-05;-85.14859121849847;-0.9634745050596418;0.12722091506470512;-0.24812621853300337
865431.879561;-3.1298964824342894E-05;-4.465159850191266E-05;-85.26748058096288;-0.9639000793468411;0.12748762636011426;-0.2440440473608394
866554.158949;-3.953609778865293E-05;-1.648778036314362E-05;-87.36375781858904;-0.9636718694076862;0.1276493342413576;-0.24587574591720535
867677.893693;-3.158362162355044E-05;-3.225013205415694E-05;-86.90881883867016;-0.9636751512287287;0.1277301538491347;-0.24575181942687768
868803.085679;-5.086477521985893E-05;-3.273180426592427E-05;-84.36685501015936;-0.9635341778492892;0.1278994577030749;-0.24680165128088863
869929.736798;-3.12417928467339E-05;-8.055680647544476E-06;-89.82572796047933;-0.9638406723816721;0.12832431739114963;-0.24358690497804875
871057.848942;-6.0577696137149125E-05;-1.3953936331379527E-05;-84.12921342085025;-0.9634541718251691;0.12828456212378853;-0.24705684650524332
872187.424005;-6.205589619896011E-05;-1.4151094301086402E-05;-83.92417632115604;-0.9638580735450769;0.1282894927321526;-0.24347387110904128
873318.463884;-6.955158216838983E-05;-2.848899783329513E-05;-82.48024921117792;-0.9633616212596207;0.1284827417513828;-0.24764275707608907
874450.970479;-4.8507966413659725E-05;-2.3482443597590724E-05;-85.3693640008864;-0.9633645999767287;0.12816548247154322;-0.24799075366713036
875584.945693;-6.895711251569976E-05;-2.004386388969325E-05;-82.87616356090167;-0.9633764757084944;0.12848021846882854;-0.24751414864518193
876720.391428;-4.251318665353806E-05;-9.160954844802725E-06;-87.23240924644239;-0.9630590216467119;0.1283700571929037;-0.2504569493216819
877857.309593;-5.881584418533838E-05;-9.098908752360836E-06;-84.50739958438123;-0.9637123873553672;0.12892935952796897;-0.24400781275332034
878995.702097;-5.01169427388365E-05;-1.8050794741212183E-05;-85.47058139212331;-0.9635259371178749;0.12902601672745292;-0.24554430092478585
880135.570852;-5.759213319408006E-05;-2.2267087506302465E-05;-84.1876998638533;-0.9635745040220504;0.129173045847569;-0.24493976870829282
881276.917772;-7.013763572203825E-05;-1.7212577552934823E-05;-82.82698989917291;-0.963508325446062;0.12936355341009334;-0.24529946695815547
882419.744773;-4.491105885331407E-05;-3.0606713363911085E-05;-85.29622720403859;-0.9635757629300054;0.130216609697844;-0.24368500389982703
883564.053776;-4.994742662312314E-05;-3.4928076138097754E-05;-84.30074391915;-0.9633005913132066;0.1300589583803013;-0.24630990932347138
884709.846703;-4.829782756483793E-05;-2.179945267820449E-05;-85.51618937809533;-0.9631151754952745;0.13025432264113754;-0.24771815407201972
885857.125476;-6.84870754603572E-05;-1.655803738101959E-05;-83.04111528758472;-0.9631091519614899;0.13043415096009933;-0.24755596058297136
887005.892024;-5.7637455912499556E-05;-1.141632292979098E-05;-84.61877790942191;-0.9632331077812908;0.13057435246080937;-0.246290055024997
888156.148276;-4.423372165285398E-05;-1.3914741520717519E-05;-86.67512626564718;-0.9632064077919062;0.13034654726051365;-0.24679970573941015
889307.896163;-5.273676558407936E-05;-5.107121545401362E-06;-85.51719043352108;-0.9631278791796887;0.1308487680634037;-0.2468920795950496
890461.13762;-5.724901798556195E-05;-2.3690037536659214E-05;-84.15819454588595;-0.9630269555289818;0.13054866354886477;-0.24814650856196352
891615.874583;-6.351030767055718E-05;-1.8626833646121448E-05;-83.58474519652543;-0.9630157485423854;0.13103630281434764;-0.24765923394769151
892772.108993;-5.025223344399098E-05;-6.379189114177716E-06;-85.90746560353492;-0.9633250519595365;0.13098033328338832;-0.24498800250878885
893929.84279;-6.274197047404997E-05;-2.966920437524764E-05;-83.1723989386499;-0.962671835600081;0.13144913137650327;-0.25020673733282184
895089.07792;-9.869669608577163E-05;-1.62896655737931E-05;-79.9972253006485;-0.9635357888140161;0.13157731986009366;-0.24240270215497783
896249.816329;-5.882085806150177E-05;-2.293575672280989E-05;-83.99468994611722;-0.9625927124793732;0.13172999503450086;-0.2505675027234443
897412.059966;-7.073302644639359E-05;-4.6417084635451765E-06;-82.9888930196391;-0.9631762505295567;0.13201902294376894;-0.24504999575955683
898575.810784;-7.694666187518619E-05;-6.987384286776191E-06;-82.24053872527763;-0.9626384995151317;0.13227276087782378;-0.24950279457426325
899741.070737;-0.00010321460342772943;-1.2700764265270992E-05;-79.65990993979013;-0.962819440539575;0.13254104988823723;-0.24757389779140715
900907.841781;-6.906459144245553E-05;6.125651212138291E-06;-83.18086001414397;-0.9625590210209409;0.1323252864032943;-0.2501427302583799
902076.125878;-6.423330520955783E-05;-1.3882803412196595E-05;-83.64652018700903;-0.9630270291087147;0.13227229992444337;-0.24606328301068492
903245.924988;-8.458780911008401E-05;-7.474955759221E-06;-81.42006165876337;-0.9630615673434948;0.13250498659757978;-0.24547440537976375
904417.241077;-7.603832341646855E-05;-2.0733850672666002E-05;-82.06788185308253;-0.9627487967006252;0.13319383345494795;-0.2474017728553972
905590.076111;-9.050653377750684E-05;-2.283460559168338E-05;-80.59839669535982;-0.9627826507777213;0.1327129329323145;-0.24768999054441093
906764.43206;-0.00010276419003768103;-2.023506044758094E-06;-79.76148038016775;-0.9630319604832119;0.13312046747706163;-0.24498518885248097
907940.310897;-7.156720299464541E-05;3.5695739585265164E-06;-82.89492841974658;-0.9625704169539893;0.13349820265282622;-0.24860771176232407
909117.714597;-6.30704231015206E-05;-2.0776018018265654E-05;-83.55608565566634;-0.9629082624442288;0.1335508834173316;-0.24555250009057694
910296.645136;-6.443656963717032E-05;1.0773356062040895E-05;-83.69761678671573;-0.9625180789775853;0.13366208896808507;-0.24886971971199168
911477.104495;-0.00010026991086489036;-9.117584475528666E-06;-79.9408261179756;-0.9622932383459651;0.13389654002349544;-0.25057192745595974
912659.094657;-7.360804218725424E-05;1.9856030632367046E-05;-82.35644070505603;-0.9625949646895848;0.13418961000936916;-0.2475393576508693
913842.617606;-7.574056851930884E-05;3.096506552438616E-06;-82.40617593975958;-0.9623494350101086;0.1346418837740379;-0.249153650901493
915027.67533;-8.946553415685029E-05;1.3435263729972564E-05;-80.87003171420093;-0.9625409387140619;0.13434501481436312;-0.24782569084560277
916214.26982;-7.116350861145982E-05;1.4028974673226814E-05;-82.78926985602868;-0.962468329881591;0.13431835128889963;-0.2485013527480116
917402.403069;-8.335483355800231E-05;1.3594639781050904E-06;-81.58022917809947;-0.9625861446664737;0.13429196446113173;-0.24749108167898465
918592.077071;-8.532425950637774E-05;2.4365842488119837E-05;-81.03808806730733;-0.9625427055793323;0.13455073375685506;-0.24755571373367302
919783.293824;-7.967425074356295E-05;2.6593593159499682E-05;-81.51490336233694;-0.9624916243218173;0.13509346170967193;-0.24733498291445885
920976.055331;-8.271777608316538E-05;1.8465302096668943E-05;-81.43682170731367;-0.9620228774397522;0.1350942993197273;-0.2514833370669417
922170.363593;-5.098185643616089E-05;3.417865744827274E-05;-84.23966300210611;-0.9622196737690645;0.13535510797040878;-0.24941658765780905
923366.220616;-6.870034145827126E-05;1.1683432876269089E-05;-83.13699901059502;-0.9624710296785072;0.13563208105517974;-0.246846879356114
924563.628409;-9.518376516749913E-05;5.0165359046482905E-05;-79.36422258716266;-0.9622045900196521;0.13591569808682655;-0.24885066273756812
925762.588984;-9.071231079352463E-05;9.449221335672759E-06;-80.79980503727754;-0.9620870787854475;0.13575259483035948;-0.2500945925347831
926963.104352;-9.146357602381383E-05;3.721551476732416E-05;-80.1096953771331;-0.9624869986508235;0.13591136802391385;-0.24635697345138152
928165.176532;-6.763986899354686E-05;3.81157207072257E-05;-82.19829635153235;-0.962172781200928;0.13610085435998623;-0.248900547222355
929368.807541;-7.64312266617845E-05;4.0526625821167937E-05;-81.25858108142104;-0.9620683522298129;0.13615221502913435;-0.24976049882673013
930573.999401;-8.673292940038728E-05;3.6309896744923585E-05;-80.53498135690619;-0.9618047337131445;0.13654805814377852;-0.25159731930464385
931780.754136;-7.929861001670853E-05;2.064746622282363E-05;-81.72980668057767;-0.9619817663658797;0.13672561102725936;-0.24980709039434115
932989.073773;-5.7937746942535816E-05;1.9055426601217103E-05;-84.2946969176478;-0.9619852630363099;0.13706671164874995;-0.24934656342298414
934198.960342;-7.7612577599925E-05;2.6067329098817116E-05;-81.73716666229308;-0.9617525445319134;0.13671844408479464;-0.2518450418619316
935410.415873;-5.700940854462047E-05;3.265487702751154E-05;-83.64876942108815;-0.9619346519645426;0.1373286445157907;-0.24946384754894496
936623.442403;-6.70641983759015E-05;4.331610643616356E-05;-81.95595314488111;-0.9618934918229259;0.13713144238612734;-0.25007707462822004
937838.041967;-6.843934631378399E-05;3.810823403018582E-05;-82.12101794192294;-0.9616840047593794;0.1376957268390216;-0.251217580084754
939054.216606;-5.699337503190762E-05;6.350579823633399E-05;-81.37795178205343;-0.9615922136420347;0.1376403165661033;-0.25210023311132834
940271.968363;-8.577120107325416E-05;4.494783609683784E-05;-80.27935764264988;-0.9621638383327671;0.13785343144618237;-0.24677206029199636
941491.299282;-5.041443127564079E-05;3.5913078836615424E-05;-84.1664657302883;-0.9618134361475249;0.1378800373479674;-0.24983846706680513
942712.211412;-4.1631917754415604E-05;3.653008804768202E-05;-85.13192223145609;-0.9620018218923362;0.13824840162493532;-0.24770391892417487
943934.706803;-5.5685603281266725E-05;7.165068188055985E-05;-80.84351868583374;-0.9616993505637783;0.1385343510235689;-0.2500159583912979
945158.787508;-5.2537141587319E-05;4.6716206926018195E-05;-83.06048468512095;-0.9616734937110109;0.1386348084830783;-0.25011665389857296
946384.455583;-5.450225616261614E-05;5.067654741701688E-05;-82.56599341168334;-0.9615846498966106;0.1388278323362875;-0.2506563731685516
947611.713086;-6.087878608722669E-05;4.333308834066077E-05;-82.53055901623816;-0.961382498716624;0.1391604462271792;-0.25201970588061207
948840.562079;-6.859895580257495E-05;6.1015428479441745E-05;-80.74239442249552;-0.9617193803776736;0.13891990267220192;-0.2493466728415326
950071.004625;-3.7745653785862835E-05;7.551755612430541E-05;-81.47054507865492;-0.9615063565609908;0.13940807920234885;-0.2506063134320443
951303.042792;-1.5468073118200586E-05;4.2439646840254324E-05;-86.90287897042762;-0.9612442670903436;0.13933894156278362;-0.2530142047941112
952536.678647;-3.490742119295217E-05;5.459006171165241E-05;-83.76895199417349;-0.9613294836751495;0.1396752514010207;-0.2518281877244728
953771.914263;-2.9007888233636553E-05;5.262337679939646E-05;-84.42411316508888;-0.9616484494765143;0.13959288024931052;-0.2491120696036258
955008.751714;-1.7661704381374333E-05;5.3972024609601016E-05;-84.91481695095602;-0.9613920891118324;0.13985418836123104;-0.2510440822168574
956247.193079;-4.53678693864511E-05;5.548107581117675E-05;-82.89341725324138;-0.9617361885316097;0.13986577219316887;-0.2479852948494085
957487.240436;-5.003625154907547E-05;5.2762762824629175E-05;-82.76746694763646;-0.9611767656135984;0.14020772938214146;-0.25249358081893913
958728.895868;-2.8487224499302795E-05;6.302607586535288E-05;-83.2022624121319;-0.9611642186518089;0.14020555195563636;-0.25260741312993473
959972.16146;-3.9213430230568604E-05;4.711648014735863E-05;-84.25083002263105;-0.9617106943101499;0.14092145556947042;-0.24684792833897576
961217.039302;-1.308540221237365E-05;7.275105192486473E-05;-82.62493815454488;-0.9611763541038555;0.14103613616052418;-0.2514249447193502
962463.531482;-4.07895672697692E-05;2.3128656790901562E-05;-86.57829369369382;-0.9613709163011387;0.14123266222040415;-0.24944879578435317
963711.640096;-2.4119541360394224E-05;4.029840077940749E-05;-86.56450922185164;-0.9612440052473231;0.14105452467946294;-0.25080263785245516
964961.367238;-3.590750743637403E-05;4.874065829781414E-05;-84.35925918925442;-0.9614689641007115;0.1414145909976185;-0.2483452301102113
966212.715009;-2.231705822399309E-05;6.627134824884345E-05;-83.1069623107799;-0.9611611530243495;0.14147003345839237;-0.2509953563795289
967465.685509;-1.8739605371780975E-05;4.9490488673068694E-05;-85.52767326274144;-0.9609094173595834;0.14160612600901756;-0.2530449485450227
968720.280842;-1.5728362039722968E-05;5.5453644869139695E-05;-84.78536565649134;-0.9609446510228646;0.1420656223288409;-0.252133273264298
969976.503117;-1.8895208365119952E-05;6.211630082820126E-05;-83.75154643264331;-0.9611654924505297;0.14242044300285175;-0.2497156651579732
971234.354442;1.1793932452723764E-05;4.3536007669433744E-05;-86.91546402971551;-0.9605693455742785;0.14221890635484363;-0.2552529756457261
972493.83693;-1.3181177327627554E-05;4.1656812892359344E-05;-87.19186451365351;-0.9607072522073548;0.14254122203059594;-0.2536101987218312
973754.952697;-2.2880629558154758E-05;5.6293780056977926E-05;-84.32677980888892;-0.9612236613555419;0.14271690085802377;-0.248812532536678
975017.70386;-3.5893500731163276E-05;5.626721668800704E-05;-83.51216337135439;-0.9605714943428336;0.14242236913940517;-0.2549672290496487
976282.09254;-9.08797626982451E-06;5.806355206435372E-05;-84.61681766933852;-0.9610816367825026;0.14282175373444309;-0.24993058409625324
977548.120861;-5.559641191053302E-06;5.6278705380122536E-05;-84.95094070168491;-0.9607610143075671;0.1429951877659426;-0.2525379154582442
978815.790949;-5.2862393957910044E-06;4.530601807499898E-05;-86.81815663908397;-0.9611806462829569;0.14360471751619794;-0.2480238315407622
980085.104933;-2.1595818327187076E-05;3.51502616567693E-05;-87.69060790796749;-0.9609213182322187;0.14358101826285785;-0.2503477382998821
981356.064945;-9.635506786156888E-06;6.159948416984094E-05;-84.10347535282285;-0.9607107279427143;0.14364132677037963;-0.25213018881088406
982628.67312;-3.592987071634288E-05;5.322543623236051E-05;-83.84691593046882;-0.9607600206956095;0.14377540234674127;-0.25151694332157126
983902.931593;-2.1546997947812965E-05;5.43482338301417E-05;-84.66227478984054;-0.9605653973000934;0.14374326849554364;-0.2532806248759948
985178.842507;-3.190763810314668E-05;6.432104801586252E-05;-82.8774651293499;-0.9609413400755983;0.14434765170832972;-0.24915534490327235
986456.408003;-3.117547248563503E-05;6.485005072273767E-05;-82.85884995502727;-0.9605857458912468;0.14454951457060183;-0.2520307575059262
987735.630228;-1.1748159548156947E-05;6.197843017060703E-05;-84.00188400436137;-0.9602471475843474;0.1445056630971415;-0.25508354762791874
989016.511329;1.2508647770516517E-05;5.0172436736007344E-05;-85.72880879165736;-0.9604050865599312;0.14484270950298375;-0.25323766716537016
990299.053458;-1.6375276794054895E-05;7.444866440330107E-05;-82.3576756086785;-0.9599802335300835;0.1449298472779491;-0.256879031919005
991583.258768;-1.5229329550547749E-05;5.7420679167034524E-05;-84.52340111836014;-0.9603095618497016;0.14529152163904926;-0.25348286750159676
992869.129418;-2.232545686709192E-05;4.514672959865964E-05;-85.95738900495702;-0.9602862753868663;0.14505524107316228;-0.25400465392273747
994156.667565;-2.0766927646604975E-05;4.8443101465593486E-05;-85.5626785810702;-0.9601734632997515;0.1457539077546686;-0.2540666883986
995445.875374;-1.396865257749807E-05;3.7340525223663333E-05;-87.98756386626216;-0.9605548587559503;0.14602363705174687;-0.25033278336939013
996736.755008;-2.5848383245224615E-05;7.209023498305445E-05;-82.31721550513095;-0.9603599738258479;0.14614317224062026;-0.2518946714873034
998029.308636;-1.8753071899272805E-05;5.494296163022596E-05;-84.7231768560755;-0.9603828947673406;0.1460410009978541;-0.2518294464445334
999323.538428;-1.412536703208893E-05;3.7346332025418835E-05;-87.97436897672736;-0.9601534543401335;0.1463615796996166;-0.2534262986305078
1000619.446559;-8.604909801879963E-06;4.192655007598527E-05;-87.37102961299581;-0.960345288084629;0.14673621244503887;-0.25122517181144727
1001917.035204;1.8339849318850705E-06;4.704494416613656E-05;-86.54314577031279;-0.9603614217470832;0.14677961024913153;-0.25102396796481663
1003216.306544;1.8301736809426086E-06;5.057884078880533E-05;-85.91493996944935;-0.9596451662337194;0.1466737717061965;-0.25749957356766057
1004517.262759;-7.68806736385716E-06;5.716470391460223E-05;-84.77958979749339;-0.9599329144727983;0.14678313542286311;-0.2548071333183284
1005819.906035;-6.307179496400718E-06;5.680171831233126E-05;-84.85955135777287;-0.9598140304395312;0.14701941263171947;-0.25553856724955576
1007124.238561;-3.937202151207572E-05;4.845829372621206E-05;-84.09117800569385;-0.9599091313394762;0.14748095178143789;-0.25407179803945296
1008430.262525;-1.3986908941119978E-05;4.834272800408934E-05;-85.96424313726162;-0.9602619444368938;0.1472621154809341;-0.25125027717293613
1009737.980122;-2.0172958386427073E-05;3.9328419804599564E-05;-87.09148157827711;-0.9600064278559486;0.14750264304639715;-0.25318228282766386
1011047.393548;-3.1541518419134744E-05;5.1692035479201356E-05;-84.3569691662853;-0.9598360915521963;0.14789994515455748;-0.25414756798515203
1012358.505003;-3.2103161025743115E-05;4.887344649504763E-05;-84.66072101296069;-0.9600781806635735;0.14805084201285212;-0.25180235661388656
1013671.316687;8.441796469017073E-06;3.2478611353850746E-05;-89.4841373825379;-0.9600509572078647;0.14843290250412897;-0.2515216220883162
1014985.830807;-2.6636738485135675E-06;4.2829503560186834E-05;-87.34837348721634;-0.9596929675181368;0.14814098009812526;-0.2550841427854136
1016302.049569;-1.2364546603225085E-05;3.4161247855870546E-05;-88.79467898705839;-0.9599338740644173;0.1486181627270957;-0.2523029377741478
1017619.975184;-2.338368038035407E-05;2.380806716713725E-05;-89.5326275554089;-0.960050922227847;0.14870858181368543;-0.25114497998628904
1018939.609866;-9.817906055991288E-06;3.8882594235045656E-05;-87.9364713831757;-0.9596143563325882;0.14887586766219907;-0.2547737549808666
1020260.955831;-2.1876103675830526E-05;5.177207033519857E-05;-85.00462585265156;-0.959753177449677;0.14945036336048328;-0.2527578398843099
1021584.015298;-2.1381292164667033E-06;4.662667661918237E-05;-86.61818799050288;-0.9597335309148605;0.14901251196006;-0.2535330591678028
1022908.790489;-2.4927571189360127E-06;4.463028599236273E-05;-86.9938793893782;-0.9593013554915768;0.14931012185971335;-0.2569440280391929
1024235.283629;-2.280157863843735E-05;3.353789653330773E-05;-87.83912649473729;-0.958963877386747;0.14993688090065072;-0.259063215899937
1025563.496947;-3.1946258251439373E-05;1.2952587653501717E-05;-89.25061863115869;-0.9593275762325388;0.14965427980524085;-0.2562381999826496
1026893.432671;-2.425648405176433E-05;3.157780547969713E-05;-87.99824216665714;-0.9593037649159926;0.14968481835243114;-0.25640655642652843
1028225.093037;-9.554075324794872E-06;4.670920444061679E-05;-86.43394806560538;-0.9597335117724621;0.1503709446168695;-0.25166121067328345
1029558.480281;-1.0894945795625158E-05;3.509161152282843E-05;-88.69627293712874;-0.9594050399322998;0.15062623636835323;-0.2542093755756293
1030893.596641;-1.2143064449107005E-05;3.2947304989898525E-05;-89.09044348278715;-0.9593946006414117;0.15041170107263963;-0.254599019431435
1032230.444361;-9.238726289326964E-06;5.1035423849679165E-05;-85.70252797403533;-0.959631802860456;0.15084203173260954;-0.25190659382655994
1033569.025686;-2.575239211194142E-06;4.306239456871801E-05;-87.30253234117185;-0.9589555664388646;0.15108133430316917;-0.2575488469149046
1034909.342863;1.9101990196590796E-06;3.204114855336878E-05;-89.87043018907357;-0.9590457313539664;0.15110537664259832;-0.2567185057649265
1036251.398144;-6.057759747325548E-06;5.8382251714739524E-05;-84.62787607576198;-0.9591107334330442;0.15135637550228148;-0.2557943512473949
1037595.193782;-7.074096492951972E-06;5.7157582899753295E-05;-84.79250322491228;-0.9592404731810028;0.15166611978764044;-0.2542158058717504
1038940.732035;5.714724879002933E-06;3.0095101326825662E-05;-90.27624402197364;-0.9593455756624371;0.151844676532987;-0.2530378773758436
1040288.015162;-6.892709204573142E-06;3.1227397858272224E-05;-89.90268808215782;-0.9590953851017807;0.15174043765701853;-0.2553937641392747
1041637.045426;2.1846303352698916E-06;3.4888844174393815E-05;-89.12927352065131;-0.9592199339373606;0.15246898914093684;-0.25327296154106316
1042987.825093;-8.222696866979866E-06;3.2104483920809596E-05;-89.59274812431264;-0.9594871533376332;0.15250366218096204;-0.250864533430959
1044340.356432;-4.516859073098834E-06;3.5330709544183874E-05;-88.96654392537957;-0.9590578549929503;0.15259598437428068;-0.2545261475637299
1045694.641713;7.788791004323896E-06;3.384645637321125E-05;-89.1856343896743;-0.958989268922642;0.1528200385379834;-0.25481683706336306
1047050.683211;4.158451542581206E-06;2.5928678969547835E-05;-91.61409604040814;-0.9592766785556058;0.1532261720716584;-0.2517064433320918
1048408.483204;-1.2416472664315205E-05;4.3878312313854664E-05;-86.82046278732417;-0.9586589486607732;0.15289031180824517;-0.25763603967997073
1049768.043973;3.4824057368732465E-06;4.134628506917734E-05;-87.64057040459267;-0.9589162350654498;0.15341319643021084;-0.25462538332345
1051129.3678;3.5835645054443715E-06;4.862297219025899E-05;-86.23964357951132;-0.9589940651804505;0.1535898112773705;-0.2536883644512251
1052492.456971;-1.253566172393236E-05;4.1214025059020053E-05;-87.31483180799404;-0.9587608024083921;0.15361108784764693;-0.25571838669809355
1053857.313777;-1.457671910685992E-05;3.657649839201892E-05;-88.0957837728711;-0.9585504150326501;0.15404632517441466;-0.25695985383748765
1055223.940509;1.656546700580396E-06;1.7852555078336703E-05;-94.92875937557653;-0.958456599171541;0.15392658086745117;-0.2579585573315331
1056592.339462;-1.5665906876554002E-06;2.570766597346368E-05;-91.78264929066651;-0.9588112151871656;0.15439090561649274;-0.2541669920119081
1057962.512936;8.053158195002612E-06;3.5409774808590584E-05;-88.79852179537444;-0.9585521269467059;0.15453906959371466;-0.25624417917780756
1059334.46323;3.54065253406886E-06;5.370305557789838E-05;-85.38118310816323;-0.9586434591959432;0.15439150308445015;-0.25564756228783103
1060708.192649;3.257044618800316E-07;2.838159684679885E-05;-90.9386915532763;-0.9582671494495377;0.1549808567725568;-0.25813115317458407
1062083.7035;7.4283959830991395E-06;5.447057295019238E-05;-85.19673294698902;-0.958526205288526;0.15518556584988932;-0.2555507028445696
1063460.998094;-2.494116734451397E-05;3.8050549302302195E-05;-86.84049349150476;-0.9587491982319453;0.15506133141494025;-0.2537592951824455
1064840.078743;6.689527032916036E-06;1.6439380822313296E-05;-95.01685291141732;-0.9584929756891192;0.15521150148745666;-0.25580705003106496
1066220.947764;-3.2201501708141477E-06;2.8194278621651993E-05;-90.94049465980048;-0.9582878362193136;0.1559796446696907;-0.25651727327927654
1067603.607476;1.0944935054637111E-05;3.7310233393829864E-05;-88.20492697789433;-0.9580917796017876;0.1553504504752428;-0.2591515689664904
1068988.0602;-6.289794722986603E-06;1.7063768106450537E-05;-94.80521551002475;-0.958323074669279;0.1563150389117925;-0.25572361817392175
1070374.308263;2.1202362535729764E-06;2.5719592054877562E-05;-91.76530454688151;-0.9582122649014492;0.1561799367943522;-0.25689650449640805
1071762.353991;-2.8324988170658654E-05;2.921360413833406E-05;-87.81007958484076;-0.9579808080651654;0.15665992253384328;-0.2582483855337633
1073152.199717;-2.22881915299363E-06;3.3506883240585725E-05;-89.47814561243302;-0.9579926312858484;0.1563605631118484;-0.2585758814089213
1074543.847775;-6.1412416474899465E-06;3.231965015382445E-05;-89.65662519869619;-0.9582522767905493;0.15677141696214109;-0.25569046956542835
1075937.300501;1.4093014275813152E-05;4.467260933467717E-05;-86.58712888281813;-0.9583586614927891;0.15670774591420356;-0.25484327389805667
1077332.560237;1.812581048439004E-05;4.1287569462027805E-05;-86.91818105191196;-0.957905201581611;0.1569777956771712;-0.25845651752361787
1078729.629324;-1.4092196745594891E-05;2.7539103511924985E-05;-90.19091587711608;-0.957894876984327;0.1571718189254021;-0.2582667476200589
1080128.510111;1.972175758559662E-05;2.0028687290934914E-05;-91.02320116627584;-0.9577441610891634;0.15732156632689767;-0.2593805403554913
1081529.204946;-1.0945746348949929E-05;2.026572269376089E-05;-92.75307342662225;-0.9579574728739509;0.15802129029262899;-0.2564803172210099
1082931.716181;-2.9608057153971773E-06;4.692170906150205E-05;-86.55526544075245;-0.9576345348517641;0.15821354895788522;-0.2590510318477958
1084336.046172;-8.50407745277769E-06;2.239748573657319E-05;-92.41113302979315;-0.9578288977829132;0.1583834453027396;-0.25708728181982987
1085742.197278;-6.853143018399137E-06;2.273708390114413E-05;-92.48766673715743;-0.9579023426816857;0.1582085989076257;-0.2566940441898382
1087150.17186;5.408164323787662E-07;2.037380324775507E-05;-93.81549879159098;-0.9576849979272193;0.15844861724669673;-0.2582623987799857
1088559.972283;1.305133665749396E-05;3.2856914316154125E-05;-89.03119795581685;-0.9577193742101994;0.15862145278864517;-0.25770637452904044
1089971.600914;2.490907573684043E-05;2.203846304686819E-05;-89.5618365692929;-0.9573479085848624;0.15874538435586466;-0.26080458821903607
1091385.060125;-1.8536107329460535E-05;4.366326915124197E-06;-94.40509820511353;-0.9576175577402088;0.15942476887203944;-0.2574276699026073
1092800.352289;-1.6216980035638934E-05;2.5333284738567637E-05;-90.43463844615016;-0.9575889243733171;0.15958691209355963;-0.2574420161644872
1094217.479783;-8.99445071016343E-06;3.604750021072711E-05;-88.60019459461441;-0.9574594245478315;0.15967170212318516;-0.2584602115525283
1095636.444987;1.2386381651403358E-05;2.6869154669383227E-05;-90.57806394939257;-0.9576090707827214;0.15985607018165088;-0.25686803725593466
1097057.250285;-3.282459659594471E-06;5.368430618829684E-05;-85.38684703048789;-0.9576008497553485;0.15981962133330815;-0.25699427154228577
1098479.898062;6.231990993827436E-06;-3.634133709374528E-06;-102.8362399482454;-0.9573774306811514;0.16008368090729685;-0.2585767001451171
1099904.390708;-8.492907333444867E-06;7.730532043741002E-06;-98.79786153882348;-0.9574989043680303;0.16038618396805823;-0.2570579454787343
1101330.730615;1.1243654611784723E-05;4.682365031554027E-05;-86.3472284925031;-0.9575203381223256;0.16049529858648368;-0.25670749819791716
1102758.920179;-6.396542912757061E-06;1.8648729186978487E-05;-94.1039566990733;-0.9569127097048746;0.1605339630642649;-0.26201316048688916
1104188.961798;-1.6085005349157423E-05;2.6363620027265524E-05;-90.20557317379004;-0.9572319729929775;0.16104870385662357;-0.2584319430197495
1105620.857874;3.0133673574131203E-06;2.0271352302908525E-05;-93.76742326745452;-0.957114808594124;0.16118134020695377;-0.2592688455244714
1107054.610812;1.4281435902716945E-05;8.269509352808276E-06;-95.64881875052761;-0.9572982309282767;0.1611824885818022;-0.2576486193131616
1108490.22302;1.3577203637439013E-05;4.106852218047252E-06;-96.96357575247355;-0.957321921876855;0.1616949024438748;-0.2566772517214961
1109927.696908;-4.152489345428555E-06;5.373705147931929E-05;-85.36866739891549;-0.9570597082546495;0.16160337538472908;-0.2591270646774497
1111367.034892;-1.8418935939983466E-05;2.790154330031417E-05;-89.5165403161383;-0.9568770049570295;0.16206137600408013;-0.2600558119656126
1112808.239388;1.4693338632172657E-05;2.1590205954589695E-05;-91.66195762033384;-0.9569262246183732;0.16215378106121062;-0.259483373884666
1114251.312817;8.145193286214026E-06;3.787620573652893E-05;-88.23633446524559;-0.957127116180179;0.16246882400840734;-0.25723970050884293
1115696.257603;-2.066107955099708E-05;4.906609925152635E-05;-85.47544636601096;-0.957112662595316;0.16250885757670386;-0.25730724265350197
1117143.076172;3.2434142462867663E-06;1.904800953805508E-05;-94.27888028129352;-0.9563354672441069;0.16267382916212975;-0.26391777258354016
1118591.770954;-1.858545742546984E-05;2.6364576893334363E-05;-89.82753682102069;-0.9568124714014198;0.16287174276792246;-0.2594111676362857
1120042.344382;-1.8745568545353235E-06;3.09910406063374E-05;-90.15941635185305;-0.956303733617201;0.16342305204792468;-0.2630704207045784
1121494.798892;9.634553054527609E-07;1.8209795077157843E-05;-94.78175850835652;-0.9568634336182897;0.16339906122150719;-0.258168540174104
1122949.136925;1.6631308862521368E-05;4.089688654095152E-05;-87.10153453644992;-0.9567733781271791;0.1634757839016005;-0.25884728186945233
1124405.360921;8.01185732196456E-06;3.424227306181621E-05;-89.0772751942143;-0.9562892333203952;0.1638054985362819;-0.26262096039532007
1125863.473328;-2.2418614673703773E-05;2.7870509542617937E-05;-88.93007372417361;-0.956807632805434;0.16359792890370173;-0.25836099201004803
1127323.476593;6.313736037215115E-06;3.1626238875744094E-05;-89.82932315974858;-0.9566098823338102;0.16394208584369327;-0.25958560278323883
1128785.373169;2.1348605089246686E-06;3.746585646390887E-05;-88.51320847637544;-0.9563985812214851;0.1643358050628539;-0.26085352891095215
1130249.165511;-2.7718017946426175E-06;2.6153770075490512E-05;-91.60080607978836;-0.956181786284899;0.16450619977594214;-0.26250765444889296
1131714.856078;-2.0666905306510657E-06;3.556604801704332E-05;-88.96464810305022;-0.9562279748689787;0.16478680471460938;-0.26167391523669936
1133182.447331;-1.9945991259154864E-05;3.583705714863592E-05;-87.74138576411885;-0.956413312919072;0.16506317300489454;-0.2596187901778107
1134651.941734;1.69274780163541E-06;3.0203174037101566E-05;-90.38532812868638;-0.9563443356307316;0.16491359171568795;-0.26045472854422946
1136123.341757;-3.981983653024318E-06;3.8771651719207726E-05;-88.18414445088125;-0.9564101693886322;0.1653575442545498;-0.2591980888069389
1137596.649869;1.2287246704694043E-05;3.3602261511775553E-05;-88.92760034434816;-0.9558961128146488;0.16546309829742042;-0.2635711281678873
1139071.868546;3.7397110992264734E-06;3.8277880979835E-05;-88.29978500788782;-0.9561845689550472;0.16589254602793238;-0.2603704072251553
1140549.000265;3.550034779514856E-05;4.059344574102558E-05;-85.36390285662068;-0.9561472798092246;0.16615016967448293;-0.2603047761594313
1142028.047506;-7.846360546336838E-06;3.846292970812401E-05;-88.12207976246178;-0.9561168454432;0.1662478002905558;-0.26042349947547566
1143509.012755;-4.160312951224281E-06;3.072837345367263E-05;-90.17032129999264;-0.956189378793962;0.16606792302777534;-0.2600595423629846
1144991.898497;-1.0508906005427201E-05;4.238510928641777E-05;-87.19664202427849;-0.9557513725515095;0.16653278460008378;-0.26320917209797856
1146476.707224;2.6273238967177686E-06;8.635858776787094E-06;-100.88944248345625;-0.955915008508602;0.166769353659876;-0.26140228456615255
1147963.441429;3.401394479403544E-06;1.1006109787013486E-05;-98.7711619233532;-0.9561846656132026;0.16696630326275627;-0.25872175262476194
1149452.103609;8.043215163240543E-06;3.849879331886047E-05;-88.10551686833968;-0.9558793916611933;0.16773216907169414;-0.2602310326067339
1150942.696265;1.406912276603638E-05;5.515362470870515E-05;-84.8947341634552;-0.9556081011560713;0.16731501759050751;-0.263267757292472
1152435.221899;1.4658759759131873E-06;2.8653590260338604E-05;-90.84506758151333;-0.9556554166885509;0.1677387274733818;-0.2621955224287687
1153929.683019;2.1251383561725174E-05;2.2403242854277712E-05;-90.20667190058582;-0.9558426007481198;0.16790312746255065;-0.26029076711203136
1155426.082134;1.627098911068179E-05;2.596982849994751E-05;-90.27252515121305;-0.9555475716186194;0.16819745063806882;-0.2624354722108342
1156924.421757;-2.017944721554067E-06;1.8056847314273887E-05;-94.81325748414474;-0.9560567541570095;0.16863144393080842;-0.2572735887011093
1158424.704406;-5.4887776546189375E-06;1.1490996726695708E-05;-97.90030324417941;-0.9554928483747853;0.16874129160275383;-0.262072578958887
1159926.932599;1.487406164707731E-05;3.653238388820977E-05;-88.08031499120233;-0.95552005924195;0.1689338971942075;-0.2615327040687014
1161431.108859;-1.4628167720196493E-06;2.0787348216179635E-05;-93.62256493750408;-0.9552540199503188;0.16917165113647598;-0.2635071009616667
1162937.235713;1.4666284714789512E-05;2.7135078136518723E-05;-90.21631205020097;-0.9554829926922473;0.16872503037952047;-0.2621847779827003
1164445.315691;1.0591397897929088E-06;1.105274973630237E-05;-99.09089570878902;-0.9556086568702197;0.16947139028125544;-0.2599130364108822
1165955.351324;-1.532231814783817E-05;2.7320106090401756E-05;-90.08259443865566;-0.9551121438449258;0.16961764853881617;-0.26406059487416184
1167467.34515;7.232118568732517E-06;-1.2151424427293567E-05;-96.99055450181962;-0.9548766206353311;0.16997938007870098;-0.2655700442248302
1168981.299707;-1.5693672507405175E-05;2.5880945148370595E-05;-90.3805015827439;-0.954757486375532;0.16989716706053953;-0.26674954411321733
1170497.217538;2.5151645907409098E-05;1.1002666249143699E-05;-91.22822254122886;-0.9552732109906269;0.17007903325807927;-0.2619176816529764
1172015.101189;7.434413689611129E-06;4.541334904091257E-05;-86.74147298534061;-0.9551726381577429;0.17044317101599293;-0.2622320265484079
1173534.95321;2.354457420000202E-05;1.729543946047401E-05;-90.68807058340434;-0.9551031351066801;0.1706414950870487;-0.26253247380236516
1175056.776152;-1.9305859365365048E-05;4.527740099124403E-05;-86.1568974028819;-0.95517843287609;0.17048884119647073;-0.262109129438733
1176580.572572;-1.995545321208397E-06;2.6576798858480483E-05;-91.48553025738913;-0.9547471311855408;0.17125369601366375;-0.2647041909435555
1178106.345029;1.995699883692702E-05;2.3350158962033276E-05;-90.25252697977464;-0.9548676030105867;0.1714153685260792;-0.2633867643625173
1179634.096085;2.212385957655262E-06;1.0588300634792298E-05;-99.31789039139738;-0.9552014658428628;0.17112619788882558;-0.26090189320317503
1181163.828307;1.9032375662878283E-05;4.152862823732173E-06;-94.2081386277586;-0.9546576523346777;0.17183629865813896;-0.26457017644190217
1182695.544262;3.3236086139721978E-06;2.256523940413561E-05;-92.83799261284996;-0.9553847138091108;0.1714592915042607;-0.2587614922683137
1184229.246525;4.554171328111319E-06;4.365256062564093E-05;-87.15279113235161;-0.9551204497022416;0.17244557315629774;-0.2595253232380327
1185764.93767;1.088061408229106E-05;1.6322708266827793E-05;-94.14743980882909;-0.9544180609199697;0.17255948065829657;-0.2655319138151434
1187302.620277;3.1421826697117634E-06;2.1409884359829658E-05;-93.29516222231696;-0.9548202442329252;0.17292491101472487;-0.26140596139407973
1188842.296929;3.108106348421438E-06;1.516750240365788E-05;-96.20307589923914;-0.9548285136760029;0.17280912392609227;-0.2615177659834742
1190383.97021;1.0810419824919405E-05;3.454774325262202E-05;-88.8259222450279;-0.9546780405767661;0.1729355521659383;-0.26264159624402816
1191927.642711;1.2804151882880784E-05;1.5240141988998678E-05;-94.02076503979274;-0.9547324206786252;0.1732580006295118;-0.26164762799606134
1193473.317024;-1.1036050413655273E-05;3.169070633463957E-05;-89.4842486312258;-0.9543482285112681;0.17357195567454795;-0.26452947336908944
1195020.995744;2.0474528616547624E-05;2.3303595916927546E-05;-90.16705804625614;-0.9544984536760865;0.1736904169537053;-0.2630162780009059
1196570.681472;1.3189628464704072E-05;1.952135525643108E-05;-92.55668198096868;-0.9542712823213467;0.17363841494317955;-0.26510086797578947
1198122.376809;2.286452592905339E-05;2.9348653206203727E-05;-88.58823121068889;-0.9542657007973838;0.17394098112525017;-0.2646645881101647
1199676.084362;-1.3319433978053647E-05;2.6083707806376313E-05;-90.6663059788673;-0.9544878484742602;0.17435039020641488;-0.26204995338454257
1201231.806741;-1.1444425121972379E-05;1.3197254032319781E-05;-95.15497470230771;-0.9543935511314167;0.17448440783832952;-0.26266469863472736
1202789.546557;1.6832013685847298E-06;2.4138184232800292E-05;-92.32484149166112;-0.954110119905624;0.1747295914366345;-0.2647658682263651
1204349.306428;1.2483818682754326E-05;1.820027298543355E-05;-93.1238573491899;-0.9540269646349133;0.17464373757023433;-0.2656368312441571
1205911.088972;-5.0980060754863945E-06;2.762910085298795E-05;-91.02726601448481;-0.9540513251621712;0.17519025600997987;-0.2645396658304551
1207474.896813;-1.4910454124248658E-06;3.087606571423544E-05;-90.19744469578609;-0.9536402697979642;0.17567449265309934;-0.26737586064838
1209040.732577;-5.2690784817906E-06;3.7356654256481355E-06;-103.7967252042955;-0.9539152031476136;0.17568360939756256;-0.2649394572911765
1210608.598894;7.803594460413491E-06;3.748800061173066E-05;-88.33793077795431;-0.9538411900617804;0.17543972120077692;-0.26598667827252465
1212178.498397;7.113291558446245E-06;1.7233415173724026E-05;-94.58933332040141;-0.9541580761836356;0.17557480217659827;-0.26297712074036256
1213750.433723;-5.709358147911382E-06;2.555049243522874E-05;-91.6404041781587;-0.953559980332517;0.176040246406523;-0.2674889612601284
1215324.407512;1.4034026144090141E-05;1.6318126112760716E-05;-93.34198513113844;-0.9536744224037993;0.17631814100582352;-0.2660287916284807
1216900.422406;1.6006257011456875E-05;3.521957773331851E-05;-88.24888769025257;-0.9535863506080403;0.1768386085262098;-0.26595569713594847
1218478.481054;-2.1818147943057368E-05;2.6675580680134207E-05;-89.2532316129892;-0.9537151163788735;0.17701166115940467;-0.26453922940867497
1220058.586105;2.0773067208152467E-05;2.3377211418701603E-05;-90.0965477962583;-0.953401465231688;0.1768013418899066;-0.2676447855608976
1221640.740213;1.0745187686036303E-05;8.745012150488374E-06;-97.16847416102702;-0.9533697712551678;0.17720615145013638;-0.26726201383083076
1223224.946036;1.1947012881580869E-05;1.406940295741054E-05;-94.6765436038828;-0.9538042503651905;0.17716273132268365;-0.263507603008531
1224811.206233;5.805707252113505E-06;1.9535984490351266E-05;-93.8157436026785;-0.9533774856882705;0.1775755761478395;-0.26658879116494566
1226399.523469;9.659667146075165E-06;2.9792482560939634E-06;-99.90612470160285;-0.9531439601333419;0.17847996477173494;-0.2671577930604677
1227989.900412;2.0493686314326546E-05;3.2164398090237104E-05;-88.37274425682267;-0.953460546844591;0.17816934229250345;-0.26488229372243216
1229582.339733;-5.127010519938458E-06;1.041130573481693E-05;-98.70691978040122;-0.9533041602279566;0.17897663539658754;-0.26492785918766076
1231176.844105;2.279515248530788E-05;2.464225263804258E-05;-89.48130194210745;-0.9533359435860449;0.17889529576716967;-0.2647824988224886
1232773.416207;5.856225321958972E-06;2.078938518574532E-05;-93.31154020197694;-0.9533423931593079;0.1788448439759171;-0.26480904702600616
1234372.058721;1.7350937799281602E-05;2.573976903959433E-05;-90.16107376439629;-0.952755548609094;0.17869315656339976;-0.2702261410086305
1235972.774331;9.459822414243217E-06;2.5816641410778275E-05;-91.21485549743424;-0.9531777672734743;0.17918797958704963;-0.26569083178160857
1237575.565725;-1.7790675862190687E-05;3.548011023440299E-05;-88.02623943468772;-0.9530713387222658;0.17934427650082682;-0.2663688433884721
1239180.435596;9.300949605857839E-06;1.3681666619268908E-05;-95.62732081139791;-0.9527449470547545;0.1796184455865359;-0.2687874396883399
1240787.386639;-1.3141244720895832E-05;3.9807450752194755E-06;-97.24599620370742;-0.9530042715262341;0.1799673402599226;-0.2659253918151103
1242396.421552;7.368137784790724E-06;1.940463463654679E-05;-93.65694768916418;-0.9531301071945589;0.1801388496225344;-0.26453297518527313
1244007.543038;1.663898807674517E-05;2.0500960571833023E-05;-91.56676690854935;-0.9524339653628334;0.18050418231674498;-0.270051263776521
1245620.753803;1.952782295850921E-05;2.0651964507693862E-05;-90.92674911402547;-0.9529647399157665;0.18108351999843056;-0.2644128285339332
1247236.056555;1.5091661343811564E-05;7.292070019672241E-06;-95.51397973849689;-0.9529619854785387;0.1807135186004619;-0.26505497216276835
1248853.454009;3.838878452174016E-06;2.347635823615831E-05;-92.4727843046484;-0.952359561295425;0.1810928089183964;-0.2697225845815105
1250472.94888;2.979837749906696E-06;3.8703413666093023E-05;-88.21934686290709;-0.9525226886241658;0.18123062650389335;-0.2680561558290763
1252094.543889;-2.9133465723057654E-06;2.068825633181559E-05;-93.60024170984033;-0.9522557872564019;0.18180672205525272;-0.26943871645274364
1253718.241758;-7.0315758981532005E-06;2.856922933585653E-05;-90.62660714731749;-0.9523107320517182;0.1817685112712548;-0.2690193721876758
1255344.045215;1.6251757842167016E-05;1.5232739833814633E-05;-93.04381756038138;-0.9524968929511716;0.1819474087131458;-0.2670807385859469
1256971.956989;2.265052722736901E-06;1.4120645632752319E-05;-96.89257639736869;-0.9521045035335172;0.1820271862871792;-0.2703994483182351
1258601.979816;5.669981762749893E-06;2.026982164412003E-05;-93.53582193575795;-0.9523692385767737;0.18260623139811505;-0.267094539736216
1260234.116433;1.0022463310114434E-06;2.4080403505480473E-05;-92.35920805559584;-0.9519630260831747;0.18284290791840171;-0.27026888137265964
1261868.369581;6.917287898602536E-06;1.395531896640005E-05;-96.15109562709328;-0.9522897718943403;0.18263902323757975;-0.26773830272549326
1263504.742004;1.132794180671417E-05;2.0625979656869532E-05;-92.56683670787909;-0.9520004285189078;0.18303777990561795;-0.26961026572899766
1265143.236451;-8.246130042576434E-06;2.3828419252488506E-05;-91.96684787475334;-0.9520087521102885;0.18350693378777777;-0.26874244489967025
1266783.855673;-1.196875674047902E-05;1.8769733396717447E-05;-93.04908987959976;-0.9515778915179962;0.18344260601460627;-0.27264263357200064
1268426.602427;1.2214045999335114E-05;3.754364424618893E-05;-88.07235195759642;-0.951967958053183;0.18375486297707663;-0.26868060896898976
1270071.47947;6.083396949351745E-06;-1.659762782281876E-06;-104.00525979986072;-0.9519762810013918;0.18404764352883352;-0.26810991565713044
1271718.489566;2.4033836014045546E-05;1.602521755301953E-05;-90.78608595895923;-0.9519143893169696;0.18430802006892866;-0.2682111940356737
1273367.63548;2.1603507707779694E-05;8.543939786769854E-06;-92.67839171042931;-0.9518340612152955;0.18439251916956179;-0.2687737588469786
1275018.919983;1.8690149400787754E-05;1.4675024551040928E-05;-92.48199108933278;-0.9515488823212249;0.18449737045818926;-0.2711035517715018
1276672.345847;-9.908088774230816E-06;2.4179083266469186E-05;-91.6570757471651;-0.9515593852681311;0.1846214037612021;-0.2707995223133654
1278327.91585;2.7702546009634373E-06;1.0339749994203373E-05;-99.40873214474179;-0.9514208964166124;0.18502635120349037;-0.27132582731992716
1279985.632772;4.8596733979285795E-06;1.9040245532760502E-05;-94.13246912573402;-0.9516792838989796;0.18546966796159148;-0.26829431879566723
1281645.499397;1.1375099379150639E-05;2.076465023934727E-05;-92.51375117693567;-0.9513929587017328;0.18527624934784545;-0.2711437911385662
1283307.518512;-1.5473393779152481E-06;9.768389368569854E-06;-100.0959147714814;-0.9514655127464346;0.18555135503690248;-0.2700341219893199
1284971.69291;1.0176678809187961E-05;6.140555797376682E-06;-98.49946313268364;-0.9514049819863195;0.18622133372542096;-0.2694153516100654
1286638.025384;1.4260467219555448E-05;2.2738212125441115E-05;-91.42434002790209;-0.9512323428149219;0.18626101162602224;-0.27086512318364137
1288306.518734;1.0346542287894686E-05;2.06629044504286E-05;-92.72453409768133;-0.9513462645162959;0.18648052929584638;-0.2694852296165542
1289977.175762;2.0436780075369445E-05;5.358980760070597E-06;-93.50294635233033;-0.9511708070717906;0.1872966537469852;-0.2696181402866048
1291649.999273;-2.7373757167051307E-07;1.612090349339769E-05;-95.85096041625299;-0.9515609010986297;0.18718019154199897;-0.26639088627756846
1293324.992078;8.545438719981873E-06;1.4529800259941256E-05;-95.4646820696346;-0.9513899309860275;0.187195629119232;-0.26786679953816345
1295002.156988;-9.812322222380559E-07;2.2558071101467555E-05;-92.92575133769857;-0.9512411747594061;0.18781349058932784;-0.2681038866214051
1296681.496822;-7.83492027249689E-06;1.1301400462892103E-05;-97.2329095251665;-0.951075491916835;0.18762037510030202;-0.2698951579917584
1298363.014398;1.0992404687881358E-05;1.0798073254872714E-05;-96.2446194392897;-0.9506880866010905;0.18801141415758754;-0.27262202516009754
1300046.712542;1.4360843488800365E-05;1.7763355700358503E-05;-92.82520369389374;-0.9509226084070386;0.18769541490785172;-0.27110900282970596
1301732.594082;1.6528016263704374E-05;2.4930691136856022E-05;-90.48315435871088;-0.9509848643288225;0.18843163206693925;-0.2692819611450055
1303420.661847;9.794384308586071E-06;4.63616161183185E-06;-99.30243283224218;-0.9509469459619835;0.1885362648908983;-0.2694329464760527
1305110.918674;6.204121678836559E-06;2.1049668995886128E-05;-93.17331836592456;-0.9508541516265301;0.1887971747386581;-0.26979351430447085
1306803.367402;-1.0595723555899799E-05;1.4033660827484741E-05;-95.0974226424317;-0.9507730235022738;0.18917458567444856;-0.2698472361243054
1308498.010872;1.4992833036577168E-05;1.7333225223509735E-05;-92.7965399910916;-0.9510332205627153;0.1897378167766404;-0.2665753519025813
1310194.851931;7.2347993929818536E-06;3.358571421187328E-05;-89.27991947304925;-0.9509147233348527;0.18945701332975107;-0.26810808505418715
1311893.893429;1.5253645110642383E-05;6.8969175351461765E-06;-95.5246807701069;-0.9508670440284207;0.18976104857229384;-0.26799435432316104
1313595.138219;-6.494643652724146E-06;2.1338424626197283E-05;-93.03199266423596;-0.9504346634448557;0.19040612678650887;-0.2706598543525345
1315298.589158;3.641153399698779E-06;3.2234302943706636E-05;-89.77857010584279;-0.9506668462493891;0.19034584471412364;-0.2687261157720804
1317004.249108;2.0038844464526623E-05;2.300073149822196E-05;-90.31242114773102;-0.9504439457756032;0.19084478022111165;-0.2698053755923844
1318712.120932;1.281474274321463E-05;3.0202931295670423E-05;-89.68012314607917;-0.950641122786221;0.19100653072706547;-0.2677881124773907
1320422.207499;1.0312708509787612E-05;2.204561612040663E-05;-92.27413434662282;-0.9503349918456808;0.19093342867312005;-0.27060610609021235
1322134.511682;-4.302135265500974E-06;1.8603162261672473E-05;-94.38199995497857;-0.9501143104121853;0.19072483789726727;-0.2729131960725204
1323849.036356;-1.2396354359408175E-05;4.106172460651552E-05;-87.35244769693054;-0.9502433433012045;0.19101289762609425;-0.27127097309618586
1325565.7844;-3.95128452660484E-06;1.2726261721610216E-05;-97.50629459245789;-0.9498862153701921;0.1918387059030851;-0.2729467496748579
1327284.758698;2.1695942177232806E-05;4.126006481060349E-05;-86.62918918201484;-0.9498712394175309;0.19178069633278103;-0.2731812455907024
1329005.962136;2.578506921449665E-06;4.790146918002299E-05;-86.38045738908053;-0.9503474285899447;0.191860585341539;-0.26885674775488366
1330729.397606;5.502783440343997E-07;1.4607164998386859E-05;-96.70252231362839;-0.9499377887685395;0.19222675977989148;-0.27180452560790225
1332455.068002;1.5221351797747277E-06;2.746732402842597E-05;-91.21035642264619;-0.9499895995198266;0.19283336955539082;-0.2702697336122708
1334182.976222;1.1346831382739443E-05;2.191636112254083E-05;-92.15327466852422;-0.9500418038858286;0.1925908337689975;-0.2702433396356108
1335913.125168;1.3404472138018664E-05;2.732355785556683E-05;-90.33268643576992;-0.9494466623708053;0.19321743542766492;-0.27435272873696526
1337645.517746;1.4803760614757726E-06;2.0497764280919114E-05;-93.74327651816544;-0.9496955625695053;0.19357363019010945;-0.2715295223947449
1339380.156865;-2.6666776254016337E-07;2.157953967562288E-05;-93.3184933303269;-0.9495569415647498;0.19369591921576557;-0.2725278543467051
1341117.045439;1.6148316790797458E-06;9.888417835577016E-06;-99.983160840592;-0.949686018911033;0.19389047439316764;-0.2710457897037222
1342856.186384;-1.0218180100715906E-05;3.1911206749710004E-05;-89.49722227594691;-0.9494218055981531;0.19384990194716034;-0.2734386637749065
1344597.582622;-6.136871365601802E-06;1.7758815211665888E-05;-94.52180135402806;-0.9495405903629724;0.19417823348799262;-0.2718064239840997
1346341.237077;-5.624173562664375E-06;3.5782766449590614E-05;-88.82053684784422;-0.9491031921996087;0.19442184053886374;-0.2752096709282754
1348087.152678;-5.766525164678529E-06;1.9174267729647384E-05;-93.96958142243273;-0.9493006231228619;0.19444751656178066;-0.2734295969226768
1349835.332357;-1.600151223296623E-06;1.3851664729032401E-05;-97.11238734807752;-0.9493141444866069;0.1951892490105891;-0.27197440250827387
1351585.779049;2.411780452305192E-05;1.3858481272285391E-05;-91.11412810045321;-0.9490664751177528;0.1954260760962812;-0.2737209197208921
1353338.495695;-1.60412796563556E-05;4.3632533435418005E-06;-95.58523821629453;-0.9491190228767777;0.19572463517503683;-0.27271949485707825
1355093.485238;-2.393637522548882E-05;1.9697427496890272E-05;-90.17304311834145;-0.9493734880652924;0.19583998949155756;-0.2702772499833619
1356850.750626;-1.8289766063954795E-07;7.475499968166619E-07;-122.27471061007974;-0.9491627312004485;0.19566385189153013;-0.2724458270748142
1358610.29481;1.4731890382782728E-05;2.184537196915707E-05;-91.58484818009059;-0.949086273787666;0.19628388022241983;-0.2719932258643807
1360372.120745;1.6132161378998812E-05;2.4783132155946647E-05;-90.58264883708887;-0.9489926098535229;0.1965107751385098;-0.2724031694955869
1362136.23139;1.463987151789262E-05;2.875169149379158E-05;-89.82555277305723;-0.9489609226231597;0.19668301904751032;-0.27236809907516124
1363902.629708;8.132729994046366E-06;1.3120583854882565E-05;-96.22892327658184;-0.9485227596787259;0.19691522969933903;-0.2757912769380859
1365671.318665;-9.497761809735507E-06;2.2244424119556484E-05;-92.32827888040774;-0.948532738343952;0.1972342318737557;-0.27512186679335815
1367442.301233;1.0752877230326795E-05;1.9691740540838227E-05;-92.98096266537189;-0.9487852134678887;0.19734087091424904;-0.2727114103450454
1369215.580385;-1.35092338959195E-05;-1.0929201945594019E-06;-97.35905324343605;-0.9484056437878744;0.19791270013071105;-0.2749969214436824
1370991.159099;4.091409429169878E-06;1.2542229366247918E-05;-97.59333087350173;-0.9482612388541451;0.19772136682154162;-0.27661469957331375
1372769.040357;-7.50551304750024E-06;7.994343567615709E-06;-99.1994288700808;-0.9489396953751614;0.19811516652098768;-0.2699405949993023
1374549.227146;1.0302383015737559E-05;4.2156942473875704E-05;-87.25069679710968;-0.9483826734358909;0.1989061161254675;-0.27337488828045614
1376331.722455;-4.643528514526373E-07;3.227381187376017E-05;-89.82209578814833;-0.9480277945344773;0.19855678971465024;-0.27713136105036335
1378116.529278;-3.198326295500504E-07;3.275298642859387E-05;-89.6945677929189;-0.9477919566594486;0.1991765775996558;-0.2780600401482315
1379903.650613;1.161372972803267E-05;3.361137588611828E-05;-88.9804568676704;-0.9480692407247444;0.19895574797284613;-0.27603358194452526
1381693.08946;-6.350438487036742E-06;1.8505203688081514E-05;-94.17061390189686;-0.9480754316285981;0.19934122339711036;-0.27526877796466065
1383484.848825;2.3369369835057072E-05;2.1619399364514285E-05;-89.94165159267988;-0.9483692719737611;0.1992866847773998;-0.27279160686279563
1385278.931717;1.1857602130731482E-05;1.629113796618947E-05;-93.91469789809165;-0.9478588621013355;0.19980165152464954;-0.2763184522710024
1387075.34115;1.2652452955382051E-05;2.3101027488684426E-05;-91.58801988928005;-0.9483296690700853;0.19979000360246268;-0.2722101258095291
1388874.08014;1.7054316361470816E-05;1.945897699307611E-05;-91.74248450702311;-0.9478793626363278;0.2001154886970674;-0.2755577629585266
1390675.151709;-8.007133369265186E-06;2.8537111047395676E-05;-90.56267680621528;-0.9473935459140583;0.20041305757279398;-0.27926856091705143
1392478.558881;6.9586480545756264E-06;1.6891843551175283E-05;-94.76569407030199;-0.9475755656356437;0.2003961650259309;-0.2777027344529745
1394284.304685;3.3694153988590596E-05;2.3652852063095312E-05;-87.70893480059853;-0.9476035228628215;0.20116401695672462;-0.276030234092707
1396092.392154;1.025079031308451E-05;2.123158546468128E-05;-92.55035418074291;-0.9477953112811456;0.20144240909876843;-0.2738297545534239
1397902.824324;-1.5820474961093768E-05;-3.6232306855866115E-06;-95.79359121159186;-0.9473457886802064;0.20178818111821473;-0.2771266605745236
1399715.604236;2.2489023175638733E-05;2.2784003070583654E-05;-89.8933250786238;-0.9476634347640047;0.20187140920505975;-0.27418568448413916
1401530.734934;1.055359733222929E-05;1.6579098458714728E-05;-94.13137216843162;-0.9471933764636234;0.20206819322456077;-0.2779399140798473
1403348.219468;-1.471738378195774E-07;1.4792198343537354E-05;-96.59891567882008;-0.947321640762342;0.20195661272530338;-0.2770236590796377
1405168.060888;1.1793443739682875E-05;1.5898827180050753E-05;-94.06871259230934;-0.947261624905383;0.20239248195175513;-0.2767341793241233
1406990.262252;-1.4510796893080691E-05;1.8748491808862096E-05;-92.50210234276886;-0.9474314442033076;0.20301461522707043;-0.27407825218649307
1408814.826621;5.089974717352822E-06;2.498880577418772E-05;-91.8685401960986;-0.9473174510738157;0.20283771950556662;-0.27540969396129356
1410641.757058;1.8669399219395162E-05;3.9355270100200214E-05;-87.21844822793057;-0.9470099905661211;0.203178631534482;-0.2774647595652122
1412471.056631;-1.0166123382429547E-05;5.4899313123417065E-06;-98.74553185006867;-0.9475322362907943;0.20338067516650796;-0.2725068445673625
1414302.728413;-2.4944652673654374E-06;9.932801039854798E-06;-99.79295340009753;-0.9468997247182013;0.20353880798981122;-0.2777533862644941
1416136.775481;1.2214454591929699E-05;3.571794121633367E-05;-88.46196038652658;-0.9465528607172767;0.20400247115706607;-0.27991977416330244
1417973.200914;1.3958331765042379E-05;2.4300149640678793E-05;-91.04946541028124;-0.9469805193879156;0.20442225264910807;-0.27537698889969
1419812.007796;-2.9581017220494436E-06;1.2928692181050579E-05;-97.54730587169526;-0.9468532437496022;0.20424845159471988;-0.276821234631578
1421653.199216;2.71829297502148E-06;2.352104802550244E-05;-92.51324582804818;-0.9467877364824879;0.20504956321321194;-0.2758777783646574
1423496.778266;-5.150698094864849E-06;1.9849160409225236E-05;-93.76214521791944;-0.9467682379066926;0.2050500036753;-0.2760478107696962
1425342.748043;1.4118260062909414E-05;3.062597288909076E-05;-89.44134323276437;-0.9463630311856943;0.20536520576599535;-0.27900027266947686
1427191.111646;9.120270020081423E-06;1.4067045228724314E-05;-95.51199278898538;-0.9463581278552669;0.20565560590623103;-0.27849051151816595
1429041.87218;-1.225598962245174E-05;9.381786131053314E-06;-96.23008667130891;-0.9466361666436426;0.20566100729651396;-0.27604373074921373
1430895.032754;1.1189121147750217E-05;7.999078486321579E-07;-99.00194112941476;-0.946515880980586;0.20599328340460418;-0.27646459918567307
1432750.596478;-2.8520381495453767E-06;3.194345500175998E-05;-89.87787917962007;-0.9464716014422999;0.20629693409187308;-0.27627311916120734
1434608.566471;5.884830589673243E-06;2.4370458723055874E-05;-92.01659831096458;-0.9462256208404913;0.20691097877608167;-0.27725366050425226
1436468.945852;2.2378293377015022E-05;4.148039112312952E-05;-86.53371108861678;-0.9462469479270639;0.2071298900022496;-0.27664727649804244
1438331.737745;-9.68101151585545E-06;2.0121810434701366E-05;-93.02239678358474;-0.9463836975629083;0.20683681874791052;-0.27601091554662316
1440196.94528;5.052088364979177E-06;-9.906682315983523E-07;-105.76671857296274;-0.9462200912380386;0.2072706633440037;-0.276612510568242
1442064.571589;3.774650943107495E-05;1.865970114515997E-05;-87.5129532541271;-0.9464125822530369;0.2073314372740658;-0.27481000740953465
1443934.619808;9.188018366294844E-06;1.7786764060125308E-05;-93.970845779895;-0.9459303362633376;0.2078464539298455;-0.27804407882742876
1445807.093078;6.167392442947141E-06;2.937029495848503E-05;-90.45443485905474;-0.9458141818979987;0.20807047314487;-0.2786301062234128
1447681.994544;9.939418248787566E-06;2.0611421988122176E-05;-92.80981491542902;-0.9456217092007485;0.2084933046714086;-0.2795003656684515
1449559.327355;6.527675528980024E-06;2.0110464176723417E-05;-93.49652335907876;-0.9459654457445642;0.20875269364290364;-0.2759889837110431
1451439.094664;1.3748993198764092E-05;7.721231520690929E-06;-96.04407641202768;-0.9456320669667956;0.2086606169353772;-0.2790863907091098
1453321.299627;-6.718164653117673E-07;2.4649545862142797E-05;-92.16059672559462;-0.9455248011183193;0.20896361960707352;-0.2794398359694234
1455205.945407;1.4026958274872991E-05;2.3097199657540225E-05;-91.3653664724236;-0.945748926999065;0.20952997873125723;-0.27637990424441605
1457093.035167;-2.322331175236289E-05;-4.537307562274753E-06;-92.51882265628399;-0.9454696564593725;0.20961176297683193;-0.2786663463376052
1458982.572077;2.058152716081735E-05;1.4235074707704456E-05;-92.03261545448008;-0.9458296825207463;0.2102680023898906;-0.27423948613743415
1460874.559312;-2.7119537278454765E-06;2.196040052350898E-05;-93.10146275227176;-0.9454277427709254;0.21043611383836475;-0.2774300560132348
1462769.000048;3.345613282649019E-07;1.4442119686402069E-05;-96.80505119585646;-0.9452005551221148;0.2103262812796256;-0.2796330223795746
1464665.897466;3.322812264377301E-05;1.2018325200643748E-06;-89.56420614929213;-0.9450128200251249;0.210858549928016;-0.28023832619735345
1466565.254754;6.469010865416108E-06;2.3507699727638286E-05;-92.25877327738972;-0.9455067140115961;0.21085094763731374;-0.2759299474152665
1468467.0751;-7.364202464854687E-06;2.4294403281150155E-05;-91.90811103040915;-0.9454321218897888;0.21092770477202424;-0.2764329040951196
1470371.361699;1.47320493195149E-05;1.443395924281279E-05;-93.71230634659925;-0.9451722547330413;0.21143140885817968;-0.27772238199450316
1472278.117749;1.9382586938273745E-05;7.373197572205474E-06;-93.66482341785778;-0.9448969627634173;0.21148661290083162;-0.2800238522574682
1474187.346453;3.285712105153954E-05;9.953422725136736E-06;-89.28611076116395;-0.9445196263812915;0.21196109216603826;-0.28239631509724267
1476099.051016;-2.515271882910962E-07;3.186284952617971E-05;-89.93403712106206;-0.9444370499391624;0.21194604600966266;-0.2831488811283593
1478013.234649;6.156070635217259E-06;9.46822035070874E-06;-98.94338597142544;-0.9446782019981925;0.2121351848660843;-0.2806659944184967
1479929.900568;3.312687437706673E-06;4.474292798542459E-06;-105.08733663787362;-0.9445451829727386;0.21271298345548387;-0.2806929855652685
1481849.051991;8.932712021675742E-06;1.610060076526034E-05;-94.69771235703199;-0.9444893077386125;0.2128620976103106;-0.2808879935326413
1483770.692142;2.5986740441400375E-06;3.930408349933297E-05;-88.0923028141211;-0.9443046277092986;0.2131826635300091;-0.28187147011972136
1485694.824248;7.994012452292188E-06;2.7048053532638367E-05;-90.99359032600064;-0.9441439097228758;0.21331640849997313;-0.283013782228245
1487621.45154;1.2068037870820087E-05;1.5449578093590387E-05;-94.15299102621287;-0.9443349094065435;0.21386078861196967;-0.2802647313626374
1489550.577253;6.9259422635034685E-06;3.312413407517646E-05;-89.4112740788612;-0.9443142375557253;0.21394798200128382;-0.2802727907996258
1491482.204629;4.739010168221957E-06;1.8052780595664356E-05;-94.57970341024767;-0.9443228985976372;0.21448196651194673;-0.2791373728613292
1493416.336911;-1.3179170439183883E-05;3.1822766741345695E-05;-89.2577654326916;-0.9441848835838127;0.2141901645770855;-0.2809241507092296
1495352.977348;-2.3092091985850685E-06;2.0015452619970953E-05;-93.91526608345174;-0.9443917474814637;0.2144311640453243;-0.2786360874767203
1497292.129191;-7.652631854210955E-06;8.482539613529913E-06;-98.84335404255388;-0.9440168281918568;0.21507136787048933;-0.28064179604238226
1499233.795698;-8.295373327709532E-06;2.4828389614946873E-05;-91.64143255793266;-0.9439401262495523;0.21535895955467185;-0.28073918795641395
1501177.98013;1.998723563416164E-05;3.2868630439357174E-06;-93.86905832161192;-0.9438856574900526;0.2151456332330734;-0.28164115837544634
1503124.685752;2.3828872269379318E-05;1.62600454272904E-05;-90.79770080583461;-0.9437912657180255;0.21597221042923784;-0.2808156068438219
1505073.915833;-2.207331936001647E-05;1.2077977039813392E-05;-91.98521542230169;-0.943741084790693;0.21578984917060612;-0.28161930388521084
1507025.673647;-1.0208148956305255E-05;1.4090073003039802E-05;-95.18935268367473;-0.9433038868915042;0.21619745235824814;-0.2846274317722635
1508979.962472;-2.5441156473220246E-07;1.0666099743082641E-05;-99.43741703799483;-0.9435395222959316;0.2165655587566602;-0.2818279396318308
1510936.78559;3.4701682608004245E-05;1.884658572886786E-05;-88.07042311519564;-0.9436320119052146;0.21688176504794432;-0.2803841766964168
1512896.146287;-9.708642738862375E-06;1.3775320856174852E-05;-95.46655345377314;-0.9430885856961674;0.2168346469585158;-0.28523130308084876
1514858.047855;2.4341383528468884E-05;1.9326086783255706E-05;-90.15022611733811;-0.9431105733164208;0.21763140364841033;-0.2834339122268183
1516822.493589;2.5061815630803205E-05;3.324624727012813E-05;-87.61099313592196;-0.9432806653949495;0.21783952791723024;-0.28152672193637285
1518789.486786;-7.2483723850524856E-06;1.47656925978761E-05;-95.67729057930822;-0.9432722440405916;0.2177326595621514;-0.2818160482999107
1520759.030752;-4.3551819731611065E-06;1.2433473636971995E-05;-97.60553169353489;-0.9429129880262088;0.21814384940961956;-0.2841262794868316
1522731.128793;6.535815027540213E-06;1.9335258348877092E-05;-93.80312954800604;-0.9428383339027574;0.21856042520405003;-0.2839355290225018
1524705.784222;7.038757600664541E-06;3.576008946927953E-05;-88.76694637589806;-0.9429062443897762;0.2185129257329118;-0.28343807026249646
1526683.000356;1.6759352798002855E-05;3.141636487184665E-05;-88.96927367808337;-0.9429183099710993;0.21906396678016776;-0.2822149546512492
1528662.780514;1.9105217878000212E-05;1.0352804276358747E-05;-93.25883300561598;-0.9430103851887021;0.21963689140380985;-0.28024577259241096
1530645.128023;1.8981615884036404E-05;2.25728245284038E-05;-90.60563546398703;-0.9430024521213237;0.21955986352748286;-0.2804718052164516
1532630.04621;6.774585798358424E-06;2.1650567112391272E-05;-92.88494715599974;-0.9426599100929822;0.21986064832015645;-0.2828524814073231
1534617.53841;8.119497676949954E-06;2.5930946867878386E-05;-91.31743456914315;-0.9424891557414657;0.22030870189822432;-0.28343042855270945
1536607.607962;5.528397981211146E-06;2.455330795910009E-05;-91.98302663507592;-0.9424928530284741;0.22026288021640245;-0.28349170727217204
1538600.258206;8.345142067250276E-06;9.090413282271718E-07;-101.52009581164505;-0.9426799150352105;0.22037181708848608;-0.2816347540124086
1540595.49249;3.001066383726134E-05;3.262656550737466E-05;-87.06608112999866;-0.9424236470826067;0.22107625434186762;-0.2824324123249192
1542593.314164;-2.1009176654997252E-05;2.154025129491322E-05;-90.43174893381678;-0.9422464789189211;0.22059583707931177;-0.28496415002644654
1544593.726585;6.468902075462559E-06;3.353450478667402E-05;-89.33148875375424;-0.94206906676225;0.22137817219516265;-0.28491095257639815
1546596.73311;5.749938764912344E-06;2.0019924166001863E-05;-93.62651229512379;-0.9422495522971497;0.22178281672153294;-0.28250288084338016
1548602.337106;1.2900794833960273E-05;1.1722414288421054E-05;-95.17347185382727;-0.9420920225079498;0.22218626258308288;-0.28304853962560994
1550610.541939;6.632111160537387E-06;1.8691985709973447E-05;-94.05192992110631;-0.9421583366634789;0.22232609448126087;-0.2821812950551475
1552621.350983;3.388297481750342E-06;3.8049937059217474E-05;-88.35861884516767;-0.9419789093184604;0.22222357641476467;-0.28395963739681035
1554634.767615;1.9336252816864174E-06;9.73340413445641E-06;-100.0666050327905;-0.9415059234755314;0.2224843592241724;-0.28755381666288043
1556650.795216;-1.1327836356985377E-06;1.759125253329349E-05;-95.07609317347423;-0.9414541166447132;0.22315319061837682;-0.2866235210662269
1558669.437172;4.29511604480079E-06;1.9992929797886658E-05;-93.78652046104507;-0.9417885595314622;0.2232896051468022;-0.2834202028144477
1560690.696873;4.783769098470887E-06;1.096624862778482E-05;-98.44229715898926;-0.9416574004111554;0.22381871222449817;-0.2834687073659287
1562714.577714;6.145060271052931E-06;-9.04708117523656E-06;-99.22227268319747;-0.9413370748779208;0.22358599973098228;-0.28674883989949174
1564741.083094;-4.512996955966815E-06;3.06755677966452E-05;-90.1711503550824;-0.9413313690932343;0.22435519340460958;-0.2852004405587698
1566770.216417;5.804960779884035E-06;2.4699120226742938E-05;-91.91286731801496;-0.9413263833101754;0.22433504414573166;-0.2852859020188513
1568801.98109;-7.481093748491812E-07;5.431086022985454E-06;-105.22063572431234;-0.9410995354553124;0.2247677966438676;-0.286365133341232
1570836.380526;2.3925731912322676E-05;1.9274846640215968E-05;-90.2504624252225;-0.9414461378061125;0.22459190894004682;-0.28370569826250835
1572873.418141;6.51789638816037E-06;1.3522816607605072E-05;-96.47143319615998;-0.9411227224047247;0.22556531899338186;-0.28449699040801335
1574913.097357;2.812241493584328E-06;3.859796231427774E-05;-88.24571865375898;-0.9405270533663451;0.22516671841963998;-0.2905315685609259
1576955.421599;-5.091211596736288E-07;2.240733670009189E-05;-92.98995372302402;-0.9407867567398063;0.22597573973813864;-0.28656990861364334
1579000.394297;-1.6549051481525952E-06;4.8553615554351205E-05;-86.27052611853617;-0.941108878281335;0.226073840871406;-0.2835529576187371
1581048.018886;-7.454452040273503E-06;1.1736136578765606E-05;-97.13755211656255;-0.9404145558811634;0.22584597686647243;-0.2900916134600746
1583098.298804;6.486705907312187E-06;2.1504364469456134E-05;-92.97125878465322;-0.9401593888587597;0.22656533314519456;-0.29080861538176545
1585151.237496;7.199081983470217E-06;7.503772352254352E-08;-102.85398580433002;-0.9407475894770376;0.22704151724683308;-0.28467233667658043
1587206.838408;1.0847720597211826E-06;3.15263222398096E-05;-90.02139504152956;-0.9400456545205662;0.22730270730213784;-0.29024756741974433
1589265.104993;1.0785364431961081E-06;1.0035260257986613E-05;-99.91955018406337;-0.9406204704318772;0.22716821843705837;-0.2855145663491535
1591326.040708;8.2615934102226E-06;1.4395379842632157E-05;-95.59908528137436;-0.9405151454442005;0.2274325748701322;-0.2858761359621532
1593389.649015;-7.91941448221156E-06;1.621410159763294E-05;-94.87296642014813;-0.9401714486951739;0.22809285880814126;-0.28747952188543896
1595455.933378;-4.0448485577881104E-06;1.8040512583324965E-06;-107.0740281357887;-0.939855487504156;0.22814893466085084;-0.2901179316116433
1597524.897269;5.822877653128266E-06;1.3212212968144906E-05;-96.80959609149673;-0.9402112791177359;0.22824120526979932;-0.2868179237235632
1599596.544162;2.850708482000169E-06;2.9026937967162632E-05;-90.70228842575787;-0.9398572558433093;0.22875845094032018;-0.2888096626328624
1601670.877536;-2.069169956600736E-06;2.181386093923965E-05;-93.18644781265938;-0.9401649003924079;0.22885567555296665;-0.285919527666881
1603747.900876;-3.063408824582458E-06;2.1333127706426435E-05;-93.33026612849287;-0.9396946408780359;0.22939874047862238;-0.28886670799754194
1605827.617669;9.6021213113708E-06;4.068933245625765E-05;-87.57502671870824;-0.9400369931889556;0.2299275382387153;-0.2847542122330102
1607910.031408;-1.2217007703646813E-06;2.649112288595289E-05;-91.52876583945998;-0.9395777413645322;0.2298745105723223;-0.2888721737560811
1609995.145591;4.464063151643648E-06;6.3109175561601E-06;-102.23621822990332;-0.939465951953399;0.23026390889906745;-0.28901551025547695
1612082.963719;1.1285054372987493E-05;2.3400578520939483E-05;-91.7073513699046;-0.9394933210077141;0.23031750450333408;-0.2886622354666677
1614173.489299;7.761956577358202E-06;3.727429991386942E-05;-88.38745407166671;-0.9395398103312738;0.2305959343273349;-0.2876612575207638
1616266.725842;1.034326268161866E-05;7.946791180695362E-06;-97.69207424631723;-0.9391302163141036;0.23111911516701075;-0.290111734124464
1618362.676864;2.0230970944059793E-05;3.3039639550547016E-05;-88.23645358403681;-0.939199580642984;0.23095138397248668;-0.28986666000491007
1620461.345885;-2.2946346976617123E-06;7.5472084849878126E-06;-102.06030179060006;-0.9390697514114026;0.231924044617705;-0.28890866737513043
1622562.736428;1.819575162230409E-05;3.7036128746227237E-06;-94.62430065765574;-0.9392199514711305;0.23201195656725457;-0.28741010552182605
1624666.852024;9.832834613235804E-06;3.2120403980142454E-05;-89.47535002611852;-0.9389453330944767;0.23214249583378962;-0.28952272878716656
1626773.696207;2.1043051482438224E-05;2.2611756793943018E-05;-90.20405393603376;-0.939098579690112;0.23271620647888366;-0.28694932423076863
1628883.272514;1.75097942755526E-05;2.557893380548297E-05;-90.17333218827977;-0.9389710107257778;0.23257963745319005;-0.2883559422915542
1630995.584488;8.631117030711547E-06;1.6679170097385078E-05;-94.52605750205919;-0.9388496183015307;0.23283555681684537;-0.28886112840750205
1633110.635678;1.058323462029392E-05;1.36653922718497E-05;-95.24695282794815;-0.938832764267466;0.2334894905491386;-0.28759276035521825
1635228.429636;1.6618969455621937E-06;2.3090361586675858E-05;-92.70894606034128;-0.9389199838336366;0.23378225769646577;-0.28619821735201934
1637348.969917;-7.037878086066889E-07;2.4854935368532513E-05;-92.08826652178718;-0.9386489290465306;0.23400974069504643;-0.2880657725350897
1639472.260085;2.2210134400121087E-05;2.832722177037021E-05;-88.87488313677139;-0.9387564914180099;0.23363383118237394;-0.2879444340457722
1641598.303703;-5.04852127746603E-06;3.3437559133157965E-05;-89.41741830953904;-0.9383432856105168;0.23457382105199973;-0.28950173498017145
1643727.104344;5.12003614331934E-06;1.8991371810548338E-05;-94.1241589290764;-0.9378384038536037;0.23478860869066043;-0.29343293819959804
1645858.665583;1.799927881823335E-05;4.827302695046829E-05;-85.7605667373082;-0.9381710877401305;0.23490244692665568;-0.29028565914145127
1647992.990999;-6.649713339451563E-07;1.9227131969922326E-05;-94.31651825232072;-0.9379999017409356;0.23533403363661196;-0.2908346369059573
1650130.084177;2.278579905793785E-05;3.87256609765666E-05;-86.94891762300898;-0.9379835391686098;0.23537352304333511;-0.29089086343799314
1652269.948705;-7.717449120368942E-06;1.8604100806156472E-05;-93.91825408178573;-0.9380617746257842;0.2359016331039197;-0.28905389391172576
1654412.588179;9.821155808991588E-07;4.5004033302302645E-05;-86.9329034774622;-0.938087363965486;0.236042583531138;-0.28852229635640303
1656558.006197;5.178302850168054E-06;-6.979446913994971E-06;-101.21894892549234;-0.9377352986805458;0.23639097531136305;-0.2908241395315136
1658706.206361;-4.63995788862725E-06;6.105228054747317E-06;-102.306003776941;-0.9374956602241233;0.23634264716443076;-0.2930175719447551
1660857.19228;2.318998525095564E-05;2.9868706534019285E-05;-88.4468976405171;-0.937426700407767;0.23734825510037022;-0.29140543734761404
1663010.967565;2.5312203494868435E-05;4.1378979456105044E-05;-86.28391438411057;-0.9376231402148923;0.2373644299335005;-0.28965945353135003
1665167.535835;4.8763369324028395E-06;3.958024750068895E-05;-87.98500554271449;-0.9377195170560167;0.23718489745332755;-0.2892159214270269
1667326.900711;1.6382966248909033E-05;2.8777669646709322E-05;-89.59969242500706;-0.9371242357844706;0.23792307457970996;-0.29277011563068545
1669489.06582;1.0122164405845223E-05;2.373286316370579E-05;-91.76716872309775;-0.9368232760600003;0.23793767714488;-0.2953587600882963
1671654.034793;-4.248615778691468E-06;2.5486490036443186E-05;-91.75475923969489;-0.9369305292348046;0.2385412671537363;-0.29308822563782055
1673821.811266;1.390423543522399E-06;3.6251637907923684E-05;-88.80706316655873;-0.936837740017117;0.23873463778574985;-0.29346724875458013
1675992.39888;8.69251953480871E-06;2.974371113343426E-05;-90.1761647661143;-0.9365839080279895;0.2388925896389831;-0.29532669715339144
1678165.80128;1.169708511993662E-05;5.35812346649604E-06;-97.81119907298844;-0.9368326150840588;0.23908817336817542;-0.29272699987036954
1680342.022116;1.7515297316669796E-05;1.904083858031102E-05;-91.7435375661164;-0.9365688880895803;0.23945036131630706;-0.2942173637386506
1682521.065044;7.36353658277857E-06;1.2516373696287614E-05;-96.75961967900379;-0.9366363968345859;0.23965590505009698;-0.2931721361172202
1684702.933722;1.9940115661070016E-06;2.157023535067304E-05;-93.28594668063053;-0.9366937993058271;0.24005649459578648;-0.29177987432118
1686887.631816;-8.352318480912622E-07;1.5959873327974033E-05;-95.927533139346;-0.9365520850593421;0.2404947657770467;-0.29203466423707586
1689075.162995;-3.852603204900144E-06;2.7199715275495312E-05;-91.22244604396991;-0.9358928091973903;0.24105711754068226;-0.29651317673848826
1691265.530932;8.12585654636089E-06;2.761050954123883E-06;-101.32809871591446;-0.9363974349766555;0.24105396877340043;-0.29212927648320935
1693458.739305;1.8590841554782146E-05;1.8460951192854187E-05;-91.63406206174346;-0.93589466515465;0.2414666477723514;-0.2955782832438169
1695654.7918;1.4582588303487514E-05;2.486567700467608E-05;-90.8042313509071;-0.9362783420249032;0.24166112872893813;-0.29180383837865054
1697853.692103;-1.86262521153353E-06;1.786447625532071E-05;-94.9132367643769;-0.9361269296862271;0.24191105539954344;-0.2925593659732293
1700055.443908;2.0288826833980053E-05;1.9424803366946222E-05;-91.02945300975448;-0.9356238936041614;0.24228321057075405;-0.2960977813249032
1702260.050912;-1.1950671986191324E-06;-1.7167606535828578E-05;-95.28481077714751;-0.9358992996276799;0.24240088623937142;-0.29343699842333654
1704467.516819;-1.3236758113464819E-05;2.1872849496417407E-05;-91.84665823405223;-0.9357035354952667;0.24270705403609455;-0.29444944619617547
1706677.845335;1.5054031487560979E-05;3.3701249729155262E-06;-96.2345660834005;-0.9353515668336699;0.24314513368064428;-0.2965214283705232
1708891.040172;-5.4535698915332293E-08;2.7438259969930546E-05;-91.23285151128567;-0.9352308424131612;0.24357999049134663;-0.2965873133434486
1711107.105048;1.4599857795384034E-05;1.2970376136723606E-05;-94.18634678374653;-0.9358693501927183;0.2440024577080621;-0.2900790876604883
1713326.043685;1.331665501025916E-05;1.5018402850352773E-05;-93.94818120385332;-0.9351181098371079;0.24394195394892335;-0.2967471988279318
1715547.859809;5.531461280498407E-07;2.8245917104825013E-05;-90.97922118381842;-0.9356216513864608;0.2443436929597336;-0.29145790954029
1717772.557151;-1.9089570502886282E-05;3.1125682176838006E-05;-88.75098247435211;-0.9354449238979441;0.2441493008126285;-0.29343514891968187
1720000.139449;5.709660716026671E-06;1.1678523444390003E-05;-97.72143786156497;-0.9351090093013427;0.24480177113283771;-0.2948726498432195
1722230.610442;4.4586395290911896E-06;2.4051052215229465E-05;-92.23057349251356;-0.9348703107943356;0.24522943347552006;-0.2959734187870487
1724463.973878;4.349378744844266E-06;1.1750794694809822E-05;-98.04105129211302;-0.9352756145775534;0.24555899840333592;-0.291699508521316
1726700.233506;8.40172744119993E-06;2.7618909636335225E-05;-90.79150050841886;-0.9349809837224093;0.24537778072499242;-0.2946731189980143
1728939.393084;9.888660564152054E-06;2.0141497748164302E-05;-92.98030250249126;-0.934762697588784;0.24620074937030323;-0.2946897834226432
1731181.45637;2.097748939866912E-05;3.1370221502001765E-05;-88.46445528731468;-0.9346135684187425;0.24606930059849913;-0.2962865565270425
1733426.427132;3.0965613791628462E-06;7.857905066007831E-06;-101.46695115916373;-0.9349488863469911;0.24655520090786276;-0.29226066539110657
1735674.309139;1.4032835282091683E-05;3.621833720029755E-06;-96.77701824802318;-0.9345422413452795;0.24690627136891363;-0.2949881961921976
1737925.106166;1.7035286158802365E-05;1.894615343993249E-05;-91.87649784011718;-0.9344049358094071;0.24731527789971972;-0.29524142236763196
1740178.821994;2.7268863836815015E-06;2.505053557929909E-05;-91.97250047230214;-0.9340294901677256;0.2473877352885483;-0.298336771116412
1742435.460407;9.290265891136466E-06;2.8789362858181875E-05;-90.3851414435127;-0.9343061705813426;0.24794115225778762;-0.2946585239844637
1744695.025196;2.240024467629732E-05;2.5185259914751218E-05;-89.44595566425716;-0.9338541158945486;0.2483741832198297;-0.29758574035064167
1746957.520156;1.1516122518896603E-05;2.1581200255236905E-05;-92.23030709358754;-0.9340223296358524;0.2482734507787509;-0.2963572508183406
1749222.949086;1.661254965694039E-06;1.8619314413210815E-05;-94.56629076945035;-0.9339687808819654;0.24875118648608027;-0.2957183533797617
1751491.315791;9.344929189079867E-07;2.1186546366182528E-05;-93.47035564362707;-0.9341917069751691;0.24931333270761646;-0.2924818038280922
1753762.624081;1.3567601389365215E-06;1.9069648624300002E-05;-94.37121771984911;-0.9334775628923545;0.24949410996012483;-0.29826284932832636
1756036.87777;2.003161281630218E-06;3.1442302770688574E-05;-90.03212140193881;-0.9339659043925223;0.24963479839483702;-0.29369649378755835
1758314.080678;5.279382134096842E-06;2.921799805157607E-05;-90.54746505017413;-0.9339704315278179;0.2498876555272078;-0.29307031660267013
1760594.23663;2.403746787721406E-05;2.4977848332081088E-05;-89.20206552029691;-0.9334149996295361;0.24992903710457023;-0.2977957807884791
1762877.349454;7.748293692160052E-06;1.377880449625692E-05;-96.02248501297774;-0.9335007590204129;0.25071429379854426;-0.29522332384382366
1765163.422985;3.6396553947224E-05;2.971085411781825E-05;-86.5611030674417;-0.9331234233509527;0.2510311255250926;-0.297759203688034
1767452.461064;-6.679488689606469E-07;8.02900980959382E-06;-101.87680668416901;-0.9333443094621929;0.25134654847195903;-0.2951054261613248
1769744.467533;-6.277090920230283E-07;1.0480172654435016E-05;-99.57707924416937;-0.9331260134906872;0.25160482369347087;-0.2963957233869458
1772039.446243;2.1574387524077293E-06;2.474740499766297E-05;-92.0965247935371;-0.9331665806736634;0.25210919743764704;-0.2948626644656085
1774337.401047;1.5856793848190185E-05;7.991374498800611E-06;-95.01276060210444;-0.9326286523824422;0.25224586280189426;-0.29920953747808254
1776638.335806;-7.461761783050489E-06;2.086466311497962E-05;-93.08907844522928;-0.9327122073977485;0.2521659048447182;-0.29867205870008284
1778942.254383;1.7140033329340344E-05;-2.2489974629685427E-06;-95.24563114836661;-0.9323407352739025;0.25253884738192417;-0.3010201066263108
1781249.160648;-5.107197301709634E-06;3.496292516421369E-05;-89.03615070888726;-0.9323586757690747;0.2529233749623206;-0.2999598256896425
1783559.058475;9.963737165775908E-06;2.1736640380983518E-05;-92.42788058933151;-0.9325972550626015;0.25322951233011637;-0.29716912054784667
1785871.951744;2.6211722860395724E-05;1.694389669646552E-05;-90.11374142591863;-0.9326583527175156;0.2534415667094421;-0.296139596924075
1788187.844339;2.1290755518531076E-05;1.1771028154019317E-05;-92.27785871987902;-0.9323274259382215;0.2543816899699998;-0.29678943507763084
1790506.74015;2.574600891806795E-06;1.9822261457444393E-05;-93.98428192127527;-0.932253806747197;0.25433378920895894;-0.29754112917177067
1792828.64307;-1.0661393967722676E-05;1.5434342057861766E-05;-94.53600188495028;-0.9324314427830043;0.2547024358007365;-0.2951284871316707
1795153.557001;1.1707255203203843E-05;2.4554118340804206E-05;-91.30789084713;-0.9321811855755685;0.25481672092246055;-0.2970272916911577
1797481.485846;1.233075233626256E-05;2.6550521174679942E-05;-90.67030515578332;-0.9318265672913001;0.2548384842224471;-0.3000507065144725
1799812.433515;3.947684216451459E-06;1.6290206992578952E-05;-95.51363150305404;-0.9319123902876231;0.25525104616754224;-0.29832737610534105
1802146.403922;1.4568814270565586E-05;3.380743943388492E-05;-88.67998750826578;-0.9321723879206506;0.255577045104394;-0.29529926792481376
1804483.400989;6.739442494513669E-06;2.393452414043762E-05;-92.08813726361113;-0.9319729557209355;0.2563238098394568;-0.29525046390544246
1806823.428638;1.431498925454115E-06;1.1769145658157922E-06;-114.64159611657354;-0.9317950893255298;0.2565305456151395;-0.29629870887286314
1809166.490802;2.016134761602885E-05;3.642096836384064E-05;-87.61209738766806;-0.9312258380838787;0.2565861886689277;-0.30109961961937626
1811512.591414;2.6225803146170684E-05;1.542896922149825E-05;-90.33461319566209;-0.9316882179055405;0.2571427967364291;-0.2957624403899733
1813861.734415;2.7681926418402215E-05;3.0209200898891423E-05;-87.74979084917769;-0.9313617621049797;0.2574950804444016;-0.29774757966528254
1816213.923751;1.4262666362917422E-06;7.796363614016127E-06;-102.0191919864337;-0.9309744836059449;0.25766578311302274;-0.3006941597216968
1818569.163371;9.072068883261553E-06;2.113791436983487E-05;-92.76450863951834;-0.9312711712523016;0.25800327570570736;-0.29731394649742454
1820927.457231;8.226706811540239E-06;2.519318958486138E-05;-91.53430641765;-0.9312035042431519;0.25842312613105717;-0.29689171506060674
1823288.809292;2.8102635856980563E-05;2.9958673717889284E-05;-87.72812771040508;-0.9311007379456105;0.25852659430685376;-0.29753300105976727
1825653.22352;1.395806724209066E-05;3.1902574869765086E-05;-89.16281746854949;-0.9308251223975719;0.2584335405708457;-0.30014425040838644
1828020.703886;1.6365158357454516E-05;1.7129457584866684E-05;-92.50853918119552;-0.9304129785715566;0.2589051523647656;-0.3025793541187808
1830391.254365;8.978404765946446E-06;1.5413108803643727E-05;-94.9733302569142;-0.9303916100475773;0.2595449345590594;-0.30122023752203636
1832764.87894;-1.2285679254139136E-05;2.426189516444725E-05;-91.31016326369937;-0.9300402832485952;0.2598745653122113;-0.3034663349048018
1835141.581597;2.9304021925004997E-06;1.109101430488628E-05;-98.80751188456435;-0.9302868922795072;0.2601928774533784;-0.3005596968935293
1837521.366326;6.51339367570623E-06;2.6171018252877143E-05;-91.38258650494987;-0.9301785422455221;0.2606163312483587;-0.3004714684227848
1839904.237126;8.331442770570749E-06;2.447114214736844E-05;-91.75061203731246;-0.930445549989157;0.261113144511323;-0.29695441304523257
1842290.197997;5.287999980716457E-07;4.005343565745931E-05;-87.94644759170951;-0.9299567269697404;0.2610212677799003;-0.30140878581416064
1844679.252948;-5.4962150945351596E-06;1.569026692704437E-05;-95.58473185524039;-0.9296834389760906;0.2612621747215297;-0.3031892249069951
1847071.40599;2.332713698171131E-05;3.1813833234990054E-05;-88.07913573921712;-0.9299144144264159;0.2619323791600598;-0.2995575229988091
1849466.661141;2.2290957078012913E-05;2.6536930579845815E-05;-89.20422477482342;-0.9296790674039133;0.26223668839191133;-0.30085192359706314
1851865.022424;-1.796086548470961E-05;2.013927159495287E-05;-91.37759494444055;-0.9294352497966417;0.2622254548743505;-0.302989668633362
1854266.493867;1.0692749198411977E-05;2.4609213106990402E-05;-91.42698716490528;-0.9295082105485118;0.2625627085573117;-0.3015341337806964
1856671.079502;6.2115792852608735E-06;2.664335538422548E-05;-91.2583598679397;-0.9295230040627749;0.2630776357011648;-0.30014632545089753
1859078.783369;-1.2613195529886903E-05;9.82452836101134E-06;-95.92415263289439;-0.9294372145615638;0.2633826169815575;-0.30014129362482717
1861489.609512;7.216755302329526E-06;2.1940059508134626E-05;-92.72908097408063;-0.929115324205455;0.26396970933873115;-0.3014847716955352
1863903.561978;1.0187664499247545E-05;2.5817573820518354E-05;-91.13320016735976;-0.9288768570468919;0.2639775428120135;-0.30352855405800616
1866320.644823;-2.4056392839762603E-06;1.665085395530587E-05;-95.48155195221457;-0.9288578392204416;0.26444944268941284;-0.302531838536883
1868740.862105;7.819751311082691E-06;1.535916247702281E-05;-95.27166959935293;-0.92876926761108;0.2644401854486638;-0.30332081654664766
1871164.217889;1.61732096795827E-05;9.508425024118811E-06;-94.53478486957255;-0.9287876586314189;0.26483116654734706;-0.3021981445327472
1873590.716246;3.7610454780967914E-06;2.731082850593764E-05;-91.19171083812165;-0.9287595841324194;0.26537105471119227;-0.3011083329724859
1876020.36125;2.2127139930153165E-05;9.072105402083548E-06;-92.42669714157779;-0.928623718533576;0.2652432611187105;-0.30259886608920383
1878453.156983;1.7254759528654578E-05;3.2760621896452925E-05;-88.6296727355514;-0.9284870431850051;0.26584642904147193;-0.3022891610031536
1880889.107529;1.1238314721917508E-05;2.365564467554239E-05;-91.63746008378328;-0.928355399105529;0.26614535283890867;-0.3026868824454576
1883328.21698;3.566911448343188E-06;1.2716115091713032E-05;-97.5839764168481;-0.9284467191202772;0.2662983208678658;-0.3015182291545523
1885770.489433;2.6835295349621594E-05;1.702700935268251E-05;-89.95656213761423;-0.9274849077735545;0.26697877634946393;-0.30814380142131603
1888215.928989;7.07152024438554E-06;9.352097314795058E-06;-98.61797997963599;-0.9280773286280912;0.2673665828998548;-0.30205681234221954
1890664.539755;-5.26217285793661E-06;3.741865253539406E-05;-88.45318624453155;-0.9276175656739684;0.267518461730379;-0.30565227227059455
1893116.325843;2.8819452901846808E-06;4.2052803923839415E-05;-87.50375160442515;-0.9279482474500094;0.26772370377824073;-0.30228255733547815
1895571.291372;-3.5987205311103692E-06;9.383554024209E-06;-99.95670561373689;-0.9275363158574244;0.26799396780828066;-0.3051681261938201
1898029.440464;1.2889251413541547E-05;2.3611124780165016E-05;-91.40490629367038;-0.9272132804579037;0.26856610449771484;-0.30652955835157975
1900490.777248;-1.4031020316709568E-06;1.3390963050425984E-05;-97.41634327868161;-0.9272870335295746;0.2686172388355633;-0.30576416008128404
1902955.305858;1.7212739819915437E-05;2.839657163266842E-05;-89.5756480246261;-0.9274482636908572;0.2690880671601091;-0.30319179059655416
1905423.030432;4.786033676256032E-06;1.5666757539277176E-05;-95.71292881473873;-0.9269342702209492;0.26937548516602244;-0.30691139834913306
1907893.955115;-2.5421718514879592E-06;2.7534842782888285E-05;-91.16548550262519;-0.927417246734507;0.26961825889848906;-0.30212973366308016
1910368.084057;4.8440208096054745E-06;2.793616530529764E-05;-90.94801283220491;-0.9271547560689113;0.2699712478375304;-0.3035096560734164
1912845.421414;-8.647857635452162E-06;3.767426154297537E-06;-100.50712764901844;-0.926957118615432;0.2703172554824688;-0.3043457146093591
1915325.971345;-7.500811354627065E-06;6.804685898859336E-06;-99.88996915157406;-0.9271646206295945;0.27096064655765567;-0.3009326484420333
1917809.738017;1.4283290768815706E-05;3.154761425390919E-05;-89.21085072477071;-0.9261257103793293;0.27102583935377733;-0.30973898766255037
1920296.725601;2.5877485188557286E-05;2.2302484816605726E-05;-89.32912372146038;-0.92623958162601;0.2713183453590889;-0.3080156561084608
1922786.938274;1.080737771289716E-05;2.4636465063121276E-05;-91.40408528676306;-0.9265323805532227;0.271687736682569;-0.3045527297788208
1925280.380219;1.5889405449527064E-05;2.2945280774186722E-05;-91.08485336224369;-0.9263165521603577;0.2717077781199204;-0.30636526979042644
1927777.055623;-1.7784137430788827E-05;3.47542859710657E-05;-88.16976296592108;-0.9261328517429116;0.2719551826729788;-0.30732443904957096
1930276.968678;-1.1202447132908073E-05;5.526089069904437E-06;-98.06784982667794;-0.92643415407383;0.2725762348172465;-0.3031481274771297
1932780.123585;-1.5284376204924283E-05;3.016126926015517E-05;-89.41834357184382;-0.9257078674385487;0.2726346167418294;-0.30926863481854444
1935286.524546;8.132749608968623E-06;3.407687187035862E-05;-89.11022793248787;-0.9253175120423701;0.27341119530636004;-0.31066095805112615
1937796.175771;-3.5590222141297117E-06;1.2019437922514538E-05;-98.03731141004812;-0.9261023579812371;0.2737250525269978;-0.30308788491604705
1940309.081475;2.438764823056391E-06;8.400956215497876E-06;-101.16204384625583;-0.9254204814462736;0.2739398245335608;-0.3084227371998626
1942825.245878;-6.356473250731455E-06;2.3795902764318648E-05;-92.17061983798769;-0.9256622209430382;0.27432104598049717;-0.3053628827090193
1945344.673207;7.286998774524787E-06;1.5127300215661968E-05;-95.49850139379019;-0.9252804478815566;0.27442764421954613;-0.30838383185732
1947867.367692;2.1354256494938796E-06;1.4453213981458441E-05;-96.70692778448539;-0.9251613182104113;0.27495743196627465;-0.3080545991556969
1950393.33357;-4.170086551371849E-06;1.9448429183112525E-05;-94.02709664786217;-0.9250079547762717;0.27564424078885336;-0.30761446535880105
1952922.575084;-3.1798107776691082E-06;2.8907056243524963E-05;-90.72768727281621;-0.9246486053835681;0.2752887508427142;-0.3116278376630053
1955455.096481;6.187314077119266E-06;2.541197952287492E-05;-91.64911163132147;-0.924968120595052;0.2756520370265911;-0.30793797363136394
1957990.902015;1.1399708974106508E-05;1.0066469494356622E-05;-96.35848452605308;-0.9250818305289689;0.2764985034821296;-0.3047794282959443
1960529.995944;-6.4314594335890994E-06;3.689191543689523E-05;-88.53135190165183;-0.924977734632635;0.2764961572439015;-0.3056827507759716
1963072.382533;-4.916107105279456E-06;3.006750148779201E-05;-90.32347789334194;-0.9244728973455772;0.2767474053353577;-0.3093872094223889
1965618.066052;-1.7310583147033664E-05;3.858683083862119E-05;-87.47486821403534;-0.9246961759815423;0.27692239751965186;-0.3070104970789625
1968167.050776;9.624172153521115E-06;1.5282151862112736E-05;-94.86557510709605;-0.9242442657671097;0.2776804685538163;-0.3089458616928629
1970719.340986;1.9016618775945517E-06;7.393203281404124E-06;-102.34511959619712;-0.9242166661519711;0.27767844639138545;-0.3091890041030828
1973274.940968;9.4862388510153E-06;1.521590901072679E-05;-94.92801982842843;-0.923851476024522;0.2783017326115174;-0.3107205568550369
1975833.855015;-4.674863844227912E-06;1.6116301432476022E-05;-95.50383506596135;-0.924039958912925;0.27846113374299813;-0.30868220031994276
1978396.087425;7.898215468958681E-06;1.5966875747408353E-05;-94.98498546052869;-0.9239454908939434;0.27893056117358195;-0.3082761799795981
1980961.6425;-3.4957202003013483E-06;-2.572635046057475E-06;-107.24953431550576;-0.9241409546685607;0.27943255339457584;-0.30528613334535043
1983530.524549;1.1524037599023365E-06;1.1280213485842735E-05;-98.90856131357015;-0.9236345102192259;0.27927854111348227;-0.3100497376761202
1986102.737887;-5.578222476135753E-06;1.0951110264742948E-05;-98.20898298616447;-0.9234604862138734;0.27955422447936445;-0.3108305139798758
1988678.286833;2.1273891404764084E-05;7.150982801118687E-06;-92.97815107132296;-0.9236051257219489;0.27996795578267486;-0.30850484802619366
1991257.175714;6.69537413324338E-06;3.110375666120564E-05;-89.94702898844994;-0.9233562231511284;0.28051203798929353;-0.30922653206569073
1993839.408859;3.2713694901040917E-06;1.5571796362447063E-05;-95.96565972522771;-0.9230503262859358;0.28081579405430773;-0.31106573338213883
1996424.990607;-5.3789888190568E-06;2.471257906701081E-05;-91.94060932956864;-0.9230948467716841;0.2812991019151117;-0.3094151138625091
1999013.9253;-6.83726737639611E-06;2.5811393877680045E-05;-91.46924919003438;-0.9229130658419913;0.2814904571793144;-0.3104779788591957
2001606.217285;-1.3624838834754332E-05;1.832919421694182E-05;-92.82666085884857;-0.9228894929545548;0.2817812386817022;-0.3099169430335284
2004201.870917;-8.376023270652694E-06;2.7624014695155217E-05;-90.79227829039156;-0.9227763980031984;0.2820521279819303;-0.3101781410439975
2006800.890554;-5.492904587033619E-06;2.4069286891883503E-05;-92.15024457187059;-0.9227128909855141;0.28275809823743475;-0.30886511594159977
2009403.280561;3.84908159294369E-06;1.550557703818757E-05;-95.93054074285858;-0.9226764154469332;0.28314694383059963;-0.3081529476480064
2012009.04531;-1.1859536670188894E-05;1.5179543218154019E-05;-94.30547500328504;-0.9223090477932226;0.28290334202737566;-0.3119575478293402
2014618.189177;5.893462124145603E-06;1.9289724739971423E-05;-93.90590897605148;-0.9220149735597398;0.28338699116577154;-0.3132105690953674
2017230.716543;2.1959799392833524E-06;2.6059504566637548E-05;-91.64994628519261;-0.9223123993573986;0.2837472780040211;-0.3096977452569756
2019846.631796;1.770232715372867E-05;3.4971357720567524E-05;-88.1350467709121;-0.922321947192677;0.2842637386483007;-0.3082476493671834
2022465.93933;-2.06894047068771E-06;4.8013571419883506E-05;-86.36466321406161;-0.9222734176213379;0.2841828438772042;-0.3088794581544886
2025088.643543;4.52427504705266E-06;2.5813319649650155E-05;-91.63171903936386;-0.9221000439189886;0.284674620499591;-0.30906605529509806
2027714.748841;-3.8866660956966735E-06;3.7898975256498498E-06;-105.30627282818443;-0.9215629618988831;0.28529601568643265;-0.31203300972808173
2030344.259634;-3.635834460873834E-07;1.5483984498721126E-05;-96.1999515351893;-0.9213678420943391;0.2854714409601435;-0.31324396298107426
2032977.180338;-1.919610601617823E-05;1.750159666978601E-05;-91.70827260920026;-0.9212971969237527;0.28593864839915417;-0.31260549900383916
2035613.515375;1.1362065978954614E-05;1.9766685640281848E-05;-92.84148348081573;-0.9215918691011372;0.2860560100708949;-0.30975868344715296
2038253.269173;-1.0180365097383906E-05;1.158104284020064E-05;-96.23860501419644;-0.9209171184884202;0.2863632503651937;-0.31473974238855923
2040896.446164;1.731021580076491E-05;2.6548922551308385E-05;-89.98054875437111;-0.9210730679735412;0.2873203834519638;-0.31083627420499504
2043543.050789;9.810288241876586E-06;2.538793466995645E-05;-91.30305485569693;-0.9210066247636796;0.2870526348802623;-0.3121248991915437
2046193.087492;2.2082902888752322E-05;2.16919732077794E-05;-90.18545509724972;-0.9207873534642167;0.28764103871956487;-0.31243150574547907
2048846.560724;-5.2390053671603525E-06;2.2038053848986224E-06;-104.90744566726185;-0.9207906272863411;0.28815393641385334;-0.31102535284352345
2051503.474941;-1.5183031363989495E-05;1.438335040868925E-05;-93.59116047943594;-0.9206479077163838;0.28835802324139953;-0.3117025890968318
2054163.834605;1.1682149866403502E-06;1.182099358855782E-05;-98.50471091249256;-0.9205401881651304;0.28840425128517816;-0.3125036903706213
2056827.644185;4.782985460571719E-06;1.6398389796032503E-05;-95.34938321233076;-0.9208113958341118;0.2891216584663971;-0.30824152900473495
2059494.908155;-1.7447437756202243E-06;1.7904331635003195E-05;-94.8997911046243;-0.9202503530754783;0.2888500258876122;-0.31379289968790297
2062165.630993;2.454520160601368E-06;3.414448515935824E-05;-89.3112036493853;-0.9199503350888537;0.2896642130538657;-0.3141714001948975
2064839.817185;7.424880268265321E-06;1.6540987861051692E-05;-94.83156529884158;-0.919885622340319;0.2897863280322483;-0.3143969129491927
2067517.471223;-1.2597936866418177E-05;1.3441791839325567E-05;-94.69301238212937;-0.9196115915910895;0.2904420046111834;-0.3149742111076573
2070198.597603;-4.523192506053373E-06;1.972322853719544E-05;-93.87783199427354;-0.9199449812743693;0.29058363396061493;-0.31172733190464247
2072883.200829;5.066048938981527E-06;1.5717849006187455E-05;-95.64289972086436;-0.9195059678851168;0.29134186382405136;-0.3134369206783238
2075571.285409;9.23448373519754E-06;3.5438797154673664E-06;-100.09506757019388;-0.9191267459488139;0.2915671545388111;-0.3160794491124877
2078262.855857;-1.2897697862292192E-05;2.5466737131725705E-05;-90.88892852131833;-0.9192300312352587;0.2913512315958969;-0.3157804819713874
2080957.916695;-2.1737202266514915E-06;9.908086258543757E-06;-99.87604745353573;-0.9193012663826102;0.29189085925886904;-0.31369933617969464
2083656.472448;1.422343364939786E-07;1.763872258726739E-05;-95.07037501444421;-0.9186778514613354;0.2922228048657209;-0.3181454582540896
2086358.527649;3.423908224537123E-05;1.972443536347937E-05;-88.06494696915136;-0.9188241578836541;0.2926170398619478;-0.3158123598064553
2089064.086836;2.5154544173063308E-06;2.9933276591937325E-05;-90.44635297111859;-0.9188898709625292;0.2929101910349989;-0.31444686750400175
2091773.154551;3.423550796704371E-06;2.291900205706245E-05;-92.70024618173895;-0.9187947497971778;0.293202921335647;-0.3144619468742693
2094485.735347;-1.5486986620383954E-05;3.4761145266393385E-05;-88.39176262607111;-0.9188014916394388;0.29355146592474496;-0.31344934873243324
2097201.833777;9.178949018730735E-06;3.647099808302296E-05;-88.49431803515294;-0.9183281582178265;0.2940061539326232;-0.31626234321513486
2099921.454404;-1.1080286268589936E-05;2.8105728053830537E-05;-90.39669716273237;-0.9181724615978688;0.2942720008320029;-0.31686749108713835
2102644.601795;8.189528386420007E-06;3.3514322202096815E-05;-89.24351532180256;-0.9183534687668334;0.29476605079705265;-0.31395597525363855
2105371.280524;1.0210296213589402E-05;9.479233833574386E-06;-97.11960988846813;-0.9185331091068452;0.2947037549343761;-0.3125871108104592
2108101.49517;1.7436140905554575E-06;6.055943046932508E-06;-104.01049410462427;-0.9177270790029256;0.2951635878951745;-0.3182325050916269
2110835.250318;2.6225973293077576E-06;3.1431993919920174E-05;-90.02243155944818;-0.9178941774080986;0.2959360063579252;-0.31466694521408245
2113572.55056;1.2462056654452323E-05;1.72565582676822E-05;-93.43813932416464;-0.9172577677329318;0.2962943102828616;-0.3191317282457568
2116313.400493;-1.7433851728367912E-06;8.540805207033734E-06;-101.19273587112195;-0.9170790180879588;0.2968464652618267;-0.3191335110241872
2119057.80472;2.7793756965331745E-05;4.844634696947024E-06;-90.99106895211693;-0.9170376217114737;0.296845956667535;-0.3194898214034486
2121805.76785;-1.3645770258925936E-05;2.7853970258044334E-05;-90.16802037772146;-0.9169252711549531;0.29752819282320947;-0.3185575647530226
2124557.294499;2.349590997185246E-05;5.7378139376873134E-06;-92.3285876343775;-0.9168278147289556;0.2975298296281397;-0.3193882940321948
2127312.389286;6.546260423832429E-06;2.3486740880856565E-05;-92.25862369816724;-0.9166877402887977;0.2980235717935982;-0.3192143120161075
2130071.056841;2.4593744948094435E-06;2.3065356605200017E-05;-92.6916993985293;-0.9164143868068694;0.29836644260329426;-0.3206008966890659
2132833.301795;1.9253622463370866E-05;1.2415551608703481E-05;-92.7996653637893;-0.9164666108891275;0.2987345367365449;-0.31912592516784655
2135599.128788;-8.661918770729324E-06;3.022187367028673E-06;-100.74881613648692;-0.9163997355517604;0.2994510964160483;-0.3176955992418113
2138368.542465;-4.939202552863352E-07;1.824136206578813E-05;-94.77567181893198;-0.916359916497501;0.29935794100430807;-0.3182972832837861
2141141.547477;3.4656344761203105E-06;3.2490128144476234E-05;-89.71583685845457;-0.9158030888462861;0.29976574041395027;-0.32192462212185613
2143918.148481;3.215166798386837E-05;3.389692361694461E-05;-86.609997467142;-0.9159487468522267;0.299980313187061;-0.32007522944191935
2146698.350141;-6.21146493742805E-06;1.9502258985278038E-05;-93.7786848817987;-0.9158695499137588;0.29990320823412475;-0.3209698028470098
2149482.157126;7.872997116524399E-06;2.655286064226582E-05;-91.15182841535326;-0.9158584487818371;0.3010062459697527;-0.31796650407925386
2152269.57411;5.7786587751815805E-06;6.472396516552639E-06;-101.23292618770405;-0.9154801265567147;0.30115281098924385;-0.32079253223806936
2155060.605777;2.557772792030408E-06;2.255597067570736E-05;-92.87928046053524;-0.9158202785967909;0.3013721504800551;-0.3172633103960168
2157855.256812;1.222054478697672E-06;8.315022933542068E-06;-101.50992202836622;-0.9154620326802243;0.3017613203064159;-0.3192322367437016
2160653.53191;3.3451814420160965E-05;7.75467985275242E-06;-89.28427649170098;-0.9157330003459608;0.30273243358236085;-0.31417196552979815
2163455.43577;2.3990353570614717E-05;3.707775210075013E-05;-87.09899299549953;-0.9151427775270733;0.3028221664318278;-0.3189660956592561
2166260.973098;-3.2720214635096815E-06;9.039933775998577E-06;-100.34203364995392;-0.914781989341801;0.303029935098577;-0.32146426576949894
2169070.148605;5.006360705062134E-06;4.1479111607250386E-06;-103.73979932453065;-0.914934190337556;0.303422735702944;-0.31904853755711926
2171882.96701;6.342780476089799E-06;1.841438956050074E-05;-94.20993563079892;-0.9143354241757417;0.3035126629778496;-0.3239156161370573
2174699.433037;6.547684991317048E-06;2.4340291260573593E-05;-91.97006134731275;-0.9144015476784;0.3040857148780822;-0.32172109944628746
2177519.551416;1.0630621291194007E-06;2.7249907353241742E-05;-91.28609487852073;-0.914432570944672;0.30477750612755083;-0.3194863930397773
2180343.326883;5.5845717870233266E-06;1.8695915882479022E-05;-94.1938893234358;-0.9140898135031251;0.30494168154574536;-0.3219488513148305
2183170.764181;6.49323556112158E-06;2.012969076653689E-05;-93.49336483452223;-0.9141619307848047;0.30508439717322716;-0.3209251076440531
2186001.868058;8.619500947658953E-06;4.1448827489791126E-05;-87.46589029426929;-0.9145679628118024;0.30624569538205376;-0.31413867611106727
2188836.643269;-1.9804794629153196E-06;4.240741442382921E-05;-87.44170243292106;-0.9136918681300443;0.30620825933944185;-0.3217303803307452
2191675.094575;-5.531326178600767E-06;2.9584873687639085E-05;-90.42938763419068;-0.9138437596618377;0.3064871088222535;-0.31963359525057494
2194517.226744;8.951044243405666E-06;1.2191639109347844E-05;-96.40625119247966;-0.9138120845261342;0.30659981584250473;-0.31958120247895516
2197363.044547;-7.598976227743647E-06;2.1462284172775835E-05;-92.85356721044863;-0.9136372822369414;0.30719095319524325;-0.31937836643259004
2200212.552765;1.3675092562068159E-05;3.89632272770372E-05;-87.68239642678023;-0.9133310864163031;0.30719628658023057;-0.32197871202760153
2203065.756184;1.3262419399128602E-05;2.3322477220179055E-05;-91.42770231185281;-0.9130133731563844;0.3073721619694257;-0.32418767121832526
2205922.659596;3.3425189942250573E-06;2.440466922696268E-06;-107.66285434071855;-0.9130306652386441;0.3081505062016357;-0.3217986533720796
2208783.267798;-8.861121078223958E-06;1.9033008348004006E-05;-93.55783170496471;-0.912935202166487;0.30873611031505976;-0.3209244339575728
2211647.585594;-4.81671344484596E-07;5.737664827309884E-05;-84.82499044825595;-0.913171244019046;0.3088171900868328;-0.31867534081362586
2214515.617796;9.439749842772544E-06;3.6174696041503103E-05;-88.54580593899502;-0.9129778963272694;0.30935694546590997;-0.31876609802609257
2217387.369221;7.96016881634703E-06;2.260273653931245E-05;-92.40900518794133;-0.9125020527807971;0.3092356145722028;-0.3231788978566956
2220262.84469;8.287203055189545E-06;1.0294981919917847E-05;-97.5779563545835;-0.912344625643247;0.3099334890125293;-0.32250140834716323
2223142.049034;-1.3014376184876069E-05;3.0289870275182703E-05;-89.63830298876638;-0.9122447797674121;0.3103634070223563;-0.3221061630880838
2226024.987088;9.004662785274516E-06;1.9780244136706653E-05;-93.2574342665923;-0.9122220088602571;0.31069199138146597;-0.3213460551013154
2228911.663694;2.1392564869421536E-05;2.7462043122842583E-05;-89.16567029040678;-0.9116968045999427;0.31071298522803875;-0.3257670351728626
2231802.083699;-1.1134765733629413E-05;2.0143236624843373E-05;-92.75942980086282;-0.9121387744053941;0.31116983062210873;-0.32066661453683915
2234696.251959;-1.1972936472007018E-05;2.022528686819168E-05;-92.57735766375478;-0.9117930736616199;0.3118058264831388;-0.3217623954986355
2237594.173334;7.599990405410217E-07;2.3892965805788627E-05;-92.43020688679466;-0.9111145205080229;0.31199296023792067;-0.32700467882814827
2240495.852691;-5.336142232638063E-06;2.344271195707745E-05;-92.38045745685068;-0.9115302839606715;0.31237054684145577;-0.3223548411231653
2243401.294904;9.266705056642178E-06;3.935977683770581E-05;-87.8646528185878;-0.9110344118512177;0.312797803985478;-0.32533384045243036
2246310.504851;1.4499055715265604E-06;1.8223438937669816E-05;-94.75998813724347;-0.9107656781944188;0.3130720461242061;-0.3268222967076847
2249223.487419;-2.838670275384192E-06;1.6716462125250438E-05;-95.41364938145878;-0.9108496731995155;0.3133420315472839;-0.32531422736638227
2252140.2475;1.4937031045895204E-05;2.217947689613033E-05;-91.45667177419021;-0.9106382107271069;0.31363974221358776;-0.32624353664546885
2255060.789994;-6.728330236385676E-06;2.481008878137382E-05;-91.79922780230876;-0.9107264737796706;0.3144551416802085;-0.3230942911023463
2257985.119803;1.2035147543389479E-05;3.8586085080462396E-05;-87.8681951973622;-0.9104754825821504;0.3151078092223962;-0.32331048521622635
2260913.241841;2.8055803796158327E-05;4.032448975247714E-05;-86.17408015027408;-0.9099824728106206;0.31521821939521205;-0.32718566440705577
2263845.161025;1.2518197770839112E-05;2.3393062301847754E-05;-91.52463961762167;-0.909900653132756;0.31514637200927176;-0.3280951176027297
2266780.882278;6.342526620135145E-06;2.4331517781082077E-05;-91.9911088622074;-0.9103454428281698;0.3157020270961952;-0.3226646094836711
2269720.410532;-5.508973494493013E-06;1.5509356367249505E-05;-95.67208752043496;-0.9099611021057431;0.3164482734187249;-0.3237307308773279
2272663.750723;-5.6230996941801634E-06;3.268000074655896E-05;-89.58764597811023;-0.9095968173767893;0.3169003541296916;-0.32549280772434286
2275610.907795;6.918983897959473E-06;2.503281675435502E-05;-91.71008869026608;-0.90966191894306;0.31693728476580607;-0.32482889152537303
2278561.886696;-1.536051756511881E-05;1.9288087408245093E-05;-92.1611369589357;-0.9095659909525068;0.3173084889045122;-0.3245437823068417
2281516.692384;-1.769326630787478E-05;3.06381500967894E-05;-89.0248312366887;-0.9090971264701746;0.3175944872103886;-0.3276857334758865
2284475.329821;3.556617357173614E-05;2.0916285776583452E-05;-87.68927237970797;-0.9090535398659304;0.3181019512339577;-0.3265462180082387
2287437.803975;-8.777658822523079E-06;2.2803932473256293E-05;-92.239772003469;-0.909348994577298;0.3189089366785602;-0.32162666747649826
2290404.119822;4.692466402130234E-06;1.7292718520224526E-05;-94.93417376852125;-0.9093232682543649;0.3187960914873408;-0.32218206923895853
2293374.282345;1.8288141124221743E-05;2.092961635440298E-05;-91.12098731009526;-0.9083124998443792;0.31889970882838486;-0.33047423750283167
2296348.29653;9.476579997689735E-06;1.932532167709961E-05;-93.34162422968436;-0.9080888912338291;0.3197838411158195;-0.32973143644739344
2299326.167374;8.941012594010373E-06;1.986575228986427E-05;-93.23681581452261;-0.9086034120440268;0.32007867244727567;-0.3244710199194275
2302307.899877;-5.055798812154471E-07;-2.280295805960571E-06;-112.63176586648027;-0.9080726913105787;0.32068903986431774;-0.32715360472396904
2305293.499047;2.5953371594928202E-05;1.3616674194975243E-05;-90.66011228037377;-0.9082300148384608;0.3205833911687788;-0.32613289969281234
2308282.969898;2.2834763292743605E-05;5.132481875812525E-05;-85.00909322330241;-0.9077938162108478;0.3209367477949375;-0.32878099250241133
2311276.317451;7.973251240089522E-06;3.998649533402718E-05;-87.79240293644507;-0.9075188533776416;0.32140218710657775;-0.329718805758359
2314273.546734;3.23081615861319E-06;5.0823613396299877E-05;-85.86117456528069;-0.907856487526196;0.32204317334063187;-0.3249170764315318
2317274.66278;-1.5161355409992775E-06;2.7784861147855194E-05;-91.1109232469189;-0.9073883686980212;0.32242832539631366;-0.3277333489306504
2320279.670629;-1.1378256468577446E-05;2.6309887655538572E-05;-90.85299974769583;-0.9071844692344009;0.3225015708733179;-0.3292451772898794
2323288.575328;4.4341810176208886E-07;2.443514580197358E-05;-92.23827139121335;-0.9070921752259756;0.3230141313604317;-0.32847962820184895
2326301.38193;2.051037678767427E-05;2.652649244861846E-05;-89.49106062964246;-0.9072414397489359;0.32346205921590176;-0.32585545983670894
2329318.095497;1.2188849758587156E-05;1.0500549427787257E-05;-95.86986064330719;-0.907154345001899;0.3237318127385215;-0.32577794468928306
2332338.721093;-2.038488377016259E-05;4.858756862807167E-05;-85.56534340328768;-0.9067634490928851;0.3238004278141808;-0.3288903260219821
2335363.263792;9.901382235438756E-06;2.3793981612546757E-05;-91.77707058545212;-0.9065013388393597;0.3244960946829936;-0.32900405520702913
2338391.728674;1.0747790420472867E-05;1.8947204280351942E-05;-93.2375321297281;-0.906344963855845;0.32477152484835686;-0.32949436779592417
2341424.120825;2.220466982539803E-06;4.2061524945902186E-05;-87.51021327758657;-0.906085764025682;0.32550114871092894;-0.32947247492652587
2344460.445337;6.526493411427668E-06;2.592243540873494E-05;-91.45956573901412;-0.9059231404239865;0.325170340953039;-0.33186224046668866
2347500.707311;1.9667025810627595E-05;2.9182700583499135E-05;-89.07131370452598;-0.9058584808086153;0.3259483145171263;-0.3300371697998684
2350544.911852;-1.0068270676074237E-05;1.534308302411435E-05;-94.72653357810835;-0.9057900018925495;0.32636502407199974;-0.32934481869582144
2353593.064072;1.6125182150556352E-06;1.939051228180971E-05;-94.21828359064689;-0.9056170114483053;0.3269495735369944;-0.32902372045015665
2356645.169092;3.4834655232804956E-05;2.517701280109092E-05;-87.33454299423975;-0.9052323425217716;0.32712635288221226;-0.3317461824515062
2359701.232037;-1.0899133853167635E-05;1.629952143719274E-05;-94.15142605374547;-0.9049431121778285;0.32780566086773194;-0.33211491834992535
2362761.25804;-8.586620368008551E-06;2.392625943647881E-05;-91.89635774971897;-0.9051899037891937;0.32821627013239085;-0.32875910162346167
2365825.25224;1.0175396520031017E-06;2.4843553850483084E-05;-92.08844617235565;-0.9049535968132958;0.328581595990228;-0.3296389538313394
2368893.219782;-9.20971130553794E-06;1.1055644312746197E-05;-96.83933043156958;-0.9049456821826418;0.32858836571156286;-0.32968522644013987
2371965.16582;-6.853378438800132E-06;3.932769137426946E-06;-102.04568620829212;-0.9048825221919343;0.32881313749318336;-0.32952846961112275
2375041.095512;1.8942724689290608E-05;2.176165875791837E-05;-90.79669696867761;-0.9044486429630385;0.32980372444186923;-0.33014984981813666
2378121.014025;-1.8439118152604848E-05;2.223943690628237E-05;-90.7852493322463;-0.9044804038782459;0.32969616290154885;-0.33021303390666273
2381204.926531;-4.622520605404269E-06;3.0146319585131442E-05;-90.31438474006997;-0.9041019586252232;0.33040176144611977;-0.3312379218859839
2384292.83821;-7.391847949924869E-06;3.589346093622763E-05;-88.7193046975181;-0.9037951342988076;0.3311492940382474;-0.33151998371208025
2387384.754248;2.4981061459210453E-05;1.688335742028225E-05;-90.41387774031627;-0.9039303968875735;0.3310110533936801;-0.33080295660566583
2390480.679837;1.2034205760705468E-05;2.9263535949674883E-05;-89.99489290159651;-0.9035025593533932;0.33150403264533695;-0.33289691107935776
2393580.620176;7.655978494120875E-06;1.7052872174317508E-05;-94.56659131199474;-0.9034498394077016;0.3318516127212581;-0.3322625130585838
2396684.580474;2.4325546944271817E-05;3.182229271237121E-05;-87.94689905362165;-0.903405449132303;0.33208468871848656;-0.33191306131842135
2399792.565941;2.5387555817386866E-05;3.165576021626228E-05;-87.83407894348743;-0.9034205049158446;0.3325388985160703;-0.3303706426961379
2402904.581798;8.057573396663359E-06;3.0090763188618617E-05;-90.13058826197567;-0.9031515794751653;0.33289948136581055;-0.33152307518772134
2406020.633272;-5.373667391028743E-06;4.6039930943356275E-05;-86.67854223383779;-0.9027395184407996;0.33349120967179924;-0.3331631255880246
2409140.725596;1.0427119992917844E-05;3.404613647822661E-05;-88.96927247072551;-0.9027466112054506;0.3337846631409182;-0.3321849691961244
2412264.86401;-1.312941496598981E-05;4.4844581903947905E-05;-86.60863101082805;-0.9026545795710548;0.3341334154040795;-0.3318718865067457
2415393.053761;-1.7108665690587983E-05;2.4853908065603055E-05;-90.40756689629569;-0.9022310250426334;0.3345021825786472;-0.3343003746512726
2418525.300103;2.7723143113487832E-06;1.8462889342448796E-05;-94.57717457378294;-0.9019203367976761;0.33453421723012544;-0.33682971422192726
2421661.608295;1.1346181644905614E-05;2.3977417403977146E-05;-91.52641837031163;-0.901671370235731;0.33553273808318107;-0.33579714103202296
2424801.983607;2.2997665226890586E-06;2.564285443711677E-05;-91.78588074494692;-0.902177432162705;0.33578131382545245;-0.33073392278741287
2427946.431311;-1.4784148667572104E-06;2.065669109172133E-05;-93.67659550390142;-0.9016317366903888;0.3363282052023808;-0.33362538941527775
2431094.956688;1.4351160127188767E-06;2.030949019049199E-05;-93.82438847860723;-0.9013575568826845;0.33644488678707507;-0.3355760144854376
2434247.565028;1.928456994685785E-05;3.066999492711401E-05;-88.81886384775672;-0.9015536558572631;0.33714229414497005;-0.3317148866356585
2437404.261623;-7.38299773268897E-06;2.003540460892614E-05;-93.41105551733483;-0.9014611933122444;0.3371454192352118;-0.332486562852397
2440565.051777;-9.749613598373049E-06;3.9333921558826494E-05;-87.84570686014726;-0.9007123076954338;0.33810425239916614;-0.3357799282439685
2443729.940797;-1.6352232387893337E-05;3.0230442301379875E-05;-89.2764893355739;-0.9010023565959705;0.33803322514873285;-0.33355383579647707
2446898.933999;8.655081288195856E-06;2.4789758246883652E-05;-91.61501919445497;-0.9006696578146183;0.3386406582232074;-0.3344373603659937
2450072.036704;-1.0130901967973363E-05;3.3206995615291206E-05;-89.18890527242007;-0.9005275216202988;0.33862583429316906;-0.33568549657148905
2453249.254243;-5.592767973411319E-06;2.8378257026695414E-05;-90.77479790502895;-0.9004793399395667;0.3393582698593525;-0.33376314386049366
2456430.591951;1.0898421204212293E-05;1.3895007728073488E-05;-95.0605867394996;-0.9003110787134334;0.3393218348265965;-0.3353004307581539
2459616.055171;1.7860604514049738E-05;3.211258563353981E-05;-88.6959567252963;-0.9000861527539672;0.3400624894935847;-0.3348395918456338
2462805.649253;1.3655232580435265E-05;3.4476188339614486E-05;-88.61674264542428;-0.8998247792635716;0.3404701168414726;-0.33574526769852425
2465999.379554;1.752934629104838E-06;2.1661597376257173E-05;-93.25784279045713;-0.899882067828893;0.34128256127647355;-0.33266376384682556
2469197.251438;8.543948381952522E-06;2.8396181653381607E-05;-90.55842091062394;-0.8996030194492219;0.3411005323783246;-0.3356015446809858
2472399.270275;2.1150613853039606E-06;2.6547983937104385E-05;-91.49189060750841;-0.8992728833761149;0.34128740587392253;-0.33779015897958375
2475605.441444;-3.6209832039600258E-06;4.237588864247518E-05;-87.42602858117979;-0.8991756952301853;0.3420940206501057;-0.3360234375828124
2478815.770328;-9.606725783449436E-06;3.720492614963451E-05;-88.3076781052897;-0.8986998702984326;0.3425571633053029;-0.3385504316169386
2482030.26232;1.397647814487666E-05;1.8885072369991367E-05;-92.58070442429596;-0.8988275212176465;0.3429516491794027;-0.336204110668813
2485248.922817;-6.352063836182728E-06;4.0099034668623946E-05;-87.82968669446649;-0.8986773674976132;0.34319059433152976;-0.3367013179071185
2488471.757227;-6.6724636670148905E-06;3.600420969572091E-05;-88.72627937650412;-0.8984507917912986;0.34352081190307754;-0.3375481257139263
2491698.770961;6.8886546223960105E-06;3.849536201357618E-05;-88.15494118109781;-0.8990038841999723;0.343970176877168;-0.331435766758323
2494929.969439;-1.9015518107017363E-06;3.7176076758849654E-05;-88.5833812242224;-0.8979636478577382;0.344744981118561;-0.3377009570799661
2498165.358088;1.5575497000881577E-05;6.108654341862802E-06;-95.52978847751048;-0.897146426115909;0.345043406283048;-0.34362500104715205
2501404.942342;4.184892028595177E-06;3.7268873559822985E-05;-88.51865741940051;-0.8980016134472402;0.3451603623564133;-0.3360359959170678
2504648.727641;8.37141994159172E-06;2.0263628576439806E-05;-93.1813011068448;-0.8977401825655256;0.3458644703773572;-0.33595578718271213
2507896.719434;8.608757530845157E-06;3.662817504889582E-05;-88.4901836437082;-0.8975136352528063;0.3460900583143313;-0.33713188343670936
2511148.923174;4.119488677021207E-08;1.1651380265386864E-05;-98.67239818015025;-0.8973325118068849;0.34650644898116656;-0.337304129172488
2514405.344325;3.0102750151371227E-06;2.5384295947601447E-05;-91.84804760969854;-0.8974929027474955;0.3471901425066663;-0.3337283050526813
2517665.988355;-9.999278816070328E-06;2.7660886363196892E-05;-90.62928561802167;-0.8968644549180339;0.3474452926287888;-0.3381879198465693
2520930.86074;1.1478195995782857E-05;4.21455664519708E-05;-87.19422140662287;-0.8967251861081134;0.34770638540501153;-0.3385085386952209
2524199.966965;-1.3371718849802384E-05;2.799051947122644E-05;-90.1670213060671;-0.8966086932774667;0.3477296289512887;-0.33941357522172955
2527473.312518;1.1992603866748457E-05;2.4960885678807812E-05;-91.15279179512386;-0.8965624656949557;0.3484174304400122;-0.3375547571235316
2530750.902898;-1.0848270068828424E-05;1.8831321801231854E-05;-93.25778703419097;-0.8963040895596589;0.34867360094581573;-0.33889114552626787
2534032.743609;6.192405054801998E-06;4.058040698296322E-05;-87.73370375307239;-0.8960255207291277;0.34921403710715343;-0.33946460291594144
2537318.840163;3.406368046992798E-05;2.467749201140496E-05;-87.52195346447131;-0.8959107353923723;0.34959528902109543;-0.3391794018396765
2540609.198079;-1.5597241934506947E-05;1.2296932562959632E-05;-94.03965645611537;-0.8960055398332197;0.35017953795742285;-0.33646272398258065
2543903.822883;4.329203056259523E-06;3.517623944099567E-05;-89.00972389045666;-0.8954427774704717;0.35042354391796654;-0.34039334032930835
2547202.720108;2.2329637483206005E-06;3.336262402129018E-05;-89.51538459928014;-0.8953009204440745;0.35075359935211414;-0.34049950514740146
2550505.895294;4.318397193636696E-06;2.4610268959749275E-05;-92.04597000789616;-0.89566539206183;0.3510401470155639;-0.33649067834003316
2553813.35399;1.449452196239207E-05;2.4523826949198563E-05;-90.90706522740103;-0.8952564973192646;0.35182442575351397;-0.3373404274490056
2557125.10175;1.1019456545068276E-05;2.0533263305341656E-05;-92.65165520600337;-0.8947428859871025;0.35237811194456176;-0.3398262671918694
2560441.144136;-2.0026312667777433E-06;2.6783380300698682E-05;-91.41847947955242;-0.894523808208803;0.3523767584039946;-0.3416720823767458
2563761.486717;9.155320798399407E-06;4.097855913943763E-05;-87.53732363739728;-0.8950191216102447;0.3531454679642493;-0.33496451366975444
2567086.13507;1.0667091120968995E-05;4.235595738695771E-05;-87.19463977878456;-0.8943237498644001;0.3534465131027809;-0.3398063478700222
2570415.094778;-5.208668928753146E-06;1.822762311272068E-05;-94.44450353844424;-0.89394095732329;0.3539916583198469;-0.3412102242819939
2573748.371432;1.6160336949267564E-05;1.9661935990859055E-05;-91.88593773635841;-0.8938939939413428;0.35424477246674585;-0.3407625270221621
2577085.970631;-2.6514498515699535E-06;2.0627806116961693E-05;-93.63977166498812;-0.8935945263467525;0.3548848655859073;-0.3411448485681372
2580427.897979;3.3459826848438524E-06;1.6177780122694906E-05;-95.63970732347819;-0.8936860529429456;0.35494046925017003;-0.340191043437067
2583774.15909;-1.983336785520202E-05;4.245102709989479E-05;-86.58476017535934;-0.8933270564861995;0.3554328634204789;-0.3415615444474256
2587124.759583;2.6786038582525017E-05;2.0597318974101472E-05;-89.42432246454916;-0.8931922790332607;0.3561300590341997;-0.34036215957850446
2590479.705086;1.0237558926093329E-05;2.6380246992069638E-05;-90.96516587932909;-0.8931217622176522;0.3563039922583094;-0.34037178480464914
2593839.001233;5.4855254405869746E-06;4.0084270622807656E-05;-87.8599383929744;-0.892752835246075;0.356848392751536;-0.3416430606666572
2597202.653666;-1.4243782824273221E-05;5.338087653207092E-05;-85.15358081543181;-0.8927822849147629;0.35684910310721996;-0.3413936286965603
2600570.668034;5.580713875936336E-06;3.601355597123207E-05;-88.76762493258026;-0.8920149895429136;0.3576901978049651;-0.34500549781308565
2603943.049994;1.7380833575370106E-05;2.029256469004996E-05;-91.46373837526603;-0.8921858597902813;0.35757901676827664;-0.3439460613062797
2607319.80521;6.987290464169374E-06;2.2179537321027118E-05;-92.6700017599738;-0.8921897356348459;0.3581778683068451;-0.3418990857219151
2610700.939352;-5.238257033358958E-06;3.0362092814317414E-05;-90.22598341395467;-0.8919133369233808;0.35874573751491085;-0.3423032127287342
2614086.4581;1.0743254784543685E-05;3.125787243325605E-05;-89.61589640469194;-0.891581024766098;0.359570289682526;-0.3423050351412583
2617476.367139;1.2057241234691063E-05;4.747067091204726E-05;-86.1999841695135;-0.8914565832579859;0.3598021595148294;-0.34256388401941007
2620870.672162;-2.0295459715623487E-05;3.297651105504234E-05;-88.24095247802623;-0.8913284979439775;0.3601621105943185;-0.3424191298371094
2624269.37887;9.805321837887685E-06;2.822723344732651E-05;-90.4918694142772;-0.8911536678010106;0.36071087721214895;-0.3420246035683427
2627672.492971;2.653041060112894E-05;7.0708235831787195E-06;-91.22709741824835;-0.8908685333921448;0.3608787244947342;-0.34384341445115907
2631080.020181;3.5964923233109805E-06;3.114234775350278E-05;-90.07543433599977;-0.8905841977801895;0.36141200876317503;-0.34441386247533873
2634491.966222;1.7613745450661562E-05;3.5696118962263046E-05;-88.00119559530513;-0.8903448460334169;0.36210192509818145;-0.34407116579163255
2637908.336825;5.974878201479712E-06;1.9859765365747366E-05;-93.66421015486979;-0.8902873208967166;0.3621912352261586;-0.34424860629326753
2641329.137727;-8.586626017653619E-07;3.1198623607948803E-05;-90.11400283556767;-0.8900788810513229;0.36258520934244715;-0.3446508416528967
2644754.374673;1.788492960428811E-05;4.3300258160142164E-05;-86.5860839975006;-0.8901281547606812;0.36298711293935654;-0.3428677461650695
2648184.053417;1.0432821508980001E-05;3.11750782258619E-05;-89.66283087325381;-0.8897334049452118;0.36360779260648296;-0.3440504357782771
2651618.179718;1.3089853692698812E-05;2.7506520949265717E-05;-90.32474036503964;-0.8894946406665234;0.36391564543599475;-0.3449947132987035
2655056.759344;1.4088442644118514E-05;2.1024610134576252E-05;-91.9346835770805;-0.8898860583416086;0.364404513844891;-0.340048504005632
2658499.798069;-8.113407954221723E-06;2.6224931820706423E-05;-91.228738418812;-0.889313668256764;0.36437330329572104;-0.34494114860610237
2661947.301677;-5.832933082265909E-06;4.238593291528756E-05;-87.3740881536147;-0.8892305616514293;0.36516918816572047;-0.3429065109450918
2665399.275957;1.0644064343390245E-05;2.993968663412351E-05;-89.95815841305253;-0.8888630762774382;0.3654966267210118;-0.34485346833206465
2668855.726706;4.526085307396095E-05;1.1320917643608224E-05;-86.62199827126744;-0.8888105353752956;0.3662076125362713;-0.34284703357645246
2672316.65973;2.1557086167970173E-05;4.455498068770689E-05;-86.10859749279189;-0.8885710473359388;0.3660676897943776;-0.34532975915635505
2675782.080842;7.736441046952896E-06;2.3868949328638567E-05;-92.0094958575149;-0.8882417631331095;0.36668864180923666;-0.34594143957080015
2679251.99586;4.039919186222443E-06;4.301911686511018E-05;-87.2886373928036;-0.8881671260281216;0.36704763479513736;-0.34532623100944043
2682726.410614;6.45021718787876E-06;3.010004530486082E-05;-90.23366685100788;-0.8877336366280523;0.3675646873864336;-0.3471605476820133
2686205.330938;5.61040112604891E-06;2.4981761698660512E-05;-91.8338422889179;-0.8879781137424446;0.3679140748361505;-0.3439106389043001
2689688.762675;-6.834318031878758E-06;1.3035290022121766E-05;-96.64288038304518;-0.8874747281881784;0.3684859117190514;-0.34613299615593623
2693176.711675;1.0242988032011646E-05;3.6402558383285446E-05;-88.44644203899777;-0.8872375286486716;0.36885447597650967;-0.34683479403845036
2696669.183796;9.338301727967172E-06;3.4053209382305216E-05;-89.04194516274055;-0.887093961096721;0.3688302620854052;-0.3481172888258163
2700166.184904;6.516492698540705E-06;3.3143721205476596E-05;-89.42725419598645;-0.886913161150915;0.3700774070770218;-0.34529127990036906
2703667.720872;1.7956856606120043E-06;2.0399600674164006E-05;-93.77404509990617;-0.8866760425661208;0.3703439275025408;-0.34634103135688576
2707173.797581;-9.849502194234436E-06;4.0953992293430095E-05;-87.5098710068423;-0.8864072804965504;0.3705614841821334;-0.3478245176038607
2710684.420918;1.7368528176261588E-05;6.108654302835521E-05;-83.9434684848548;-0.8866668436611899;0.37062472071472785;-0.3454392526279482
2714199.59678;1.520645238332805E-05;4.5255214035573776E-05;-86.42204112987298;-0.885697396493068;0.37144617852156;-0.3506557267275368
2717719.331071;3.250790013246539E-05;3.0490323779004107E-05;-87.01928174132331;-0.885667587952725;0.3717283853632923;-0.34991695373592
2721243.629702;1.023126659391083E-05;1.726634178787939E-05;-93.94904743051902;-0.8857103832221307;0.372463588967788;-0.34698555360584415
2724772.498592;1.2246766173235577E-07;5.108312618706973E-05;-85.8344256909899;-0.885679492313034;0.37294584359192995;-0.3455521604867934
2728305.943667;-4.672746781920247E-06;9.64850041290871E-06;-99.39573687225311;-0.8849880111160824;0.37347757575746204;-0.34944525361361617
2731843.970862;2.194279403364476E-05;4.1931409103001295E-05;-86.49804472550977;-0.8848672462397598;0.3736485757161705;-0.3498499557074966
2735386.586119;9.181342025338322E-07;3.2817555654194315E-05;-89.67447746276892;-0.8845625470506265;0.3743483175672009;-0.34992404453145187
2738933.795387;2.7469902182842816E-06;4.256546637275952E-05;-87.40080192255655;-0.8847217534314793;0.3746758246350492;-0.3474440154547571
2742485.604624;1.7198884551564853E-06;2.583077062659561E-05;-91.73804177287232;-0.8842841298661396;0.3752459231669031;-0.34907509682594595
2746042.019796;7.162774802803461E-06;2.0322601332539047E-05;-93.33188719079702;-0.8842284075176658;0.3753272020295112;-0.34925177961733844
2749603.046875;2.6136731303507302E-05;2.1979867721929663E-05;-89.33210835142066;-0.884334863120293;0.37600746711146127;-0.34596130690346
2753168.691841;1.3267581505812222E-05;2.1003525933465312E-05;-92.09590393127922;-0.8840305100639041;0.3761396100437685;-0.3480255773101732
2756738.960684;3.738071836190543E-06;2.5172851712396637E-05;-91.88662550890292;-0.8839138465542086;0.37616122642166194;-0.34891964046782903
2760313.859399;3.883187920832321E-06;8.59139367312043E-06;-100.51141261839449;-0.8833629307121245;0.37740787557214195;-0.3490805246933215
2763893.39399;1.779338048915074E-06;3.873117618734629E-05;-88.229629942082;-0.8833395380384025;0.37753820361887996;-0.34881197067188563
2767477.57047;-5.724856340657909E-06;2.6589245476111273E-05;-91.30908007584858;-0.8827653842270101;0.3776680090622844;-0.3531248764400444
2771066.394857;2.2244501415202974E-05;3.128902047479545E-05;-88.3155536411354;-0.8829508227022895;0.3785990414696424;-0.34826818654069996
2774659.873179;1.585334217249916E-05;3.4874779682614585E-05;-88.3339859537127;-0.8827516511201868;0.3788558694328017;-0.3490076910125131
2778258.011471;5.034768077904782E-06;3.969115974031669E-05;-87.95680002635575;-0.8824224850269426;0.3794733764182293;-0.34953842130592555
2781860.815776;1.957610871156529E-05;3.0615116081046E-05;-88.79258514465674;-0.8823156671439928;0.37955816752104143;-0.3501228099307125
2785468.292144;-1.292862241694261E-06;3.974034862099202E-05;-88.01077249717514;-0.8819864250004072;0.38046595409165024;-0.34960944662628307
2789080.446636;-1.8644301796987035E-05;4.205181719468487E-05;-86.74491454758689;-0.88175226224558;0.3810116311567614;-0.34959758994387646
2792697.285316;1.352967120978829E-05;3.6778151519090724E-05;-88.13698018309518;-0.8813186418078994;0.38056858270508365;-0.3547874279681252
2796318.81426;7.051584353572905E-06;3.454259676649276E-05;-89.05558279552118;-0.8813872310332309;0.38169333604588634;-0.35017970224719813
2799945.03955;2.4492298666105247E-05;3.874469583583697E-05;-86.77568955745383;-0.8808746939951796;0.38201806036541863;-0.3532653728510813
2803575.967275;3.565766130036014E-06;2.3211732365997737E-05;-92.58455107281534;-0.8812888338693677;0.382537749066307;-0.34795881346932517
2807211.603534;1.0995810111921118E-05;2.6736296800236328E-05;-90.7793015889569;-0.8805057361677957;0.3824941793282449;-0.3546123380687232
2810851.954434;3.466972813399217E-06;3.7387921463012765E-05;-88.50818906157913;-0.8804847712100826;0.38331564060812257;-0.35182269863094195
2814497.026086;-9.126445659545401E-07;4.8840527393040535E-05;-86.22287692011818;-0.8802856245736606;0.38377658100704365;-0.35180888928129234
2818146.824615;-4.461201269890666E-06;3.445202918298273E-05;-89.1834863709727;-0.8799092783815025;0.3842154153177101;-0.3533416980000864
2821801.356149;1.1038132676003723E-05;3.2898102605056046E-05;-89.1932823627597;-0.880040826664759;0.38453122995370387;-0.3511078183290494
2825460.626825;-3.041418683043353E-06;3.929067135491002E-05;-88.08826563488998;-0.8796318412417534;0.3852718441438768;-0.3518120678614922
2829124.642791;-4.966903278646505E-06;3.9359312682584815E-05;-88.03043388338658;-0.8793226229246417;0.3856484093237623;-0.35300653208252475
2832793.410198;9.5886983674577E-06;5.1745144142712435E-05;-85.57598147731362;-0.8794024737802456;0.38623296624088754;-0.3502203702757864
2836466.93521;-1.0937385802465762E-05;3.5698678673549084E-05;-88.55730351345572;-0.878756049636993;0.3862748315053301;-0.35542157853033696
2840145.223995;8.976227024150643E-06;3.510226553228059E-05;-88.81820719885579;-0.8792307855406974;0.38662801957364273;-0.3502044364308066
2843828.282731;-1.2165563118989777E-05;3.151083443554235E-05;-89.42739625013866;-0.8790047897974357;0.3871454796763307;-0.35019011030897546
2847516.117603;1.6971282275644008E-05;1.9382871990975207E-05;-91.78014998185003;-0.8780204869634375;0.3875335029925814;-0.356921844294755
2851208.734806;3.591023879132344E-06;2.872356710566951E-05;-90.76787720348139;-0.878422455829283;0.38821436924045416;-0.35110648115481735
2854906.140541;1.858978347808959E-05;1.9568067090215964E-05;-91.3757682308625;-0.8780680454122791;0.3885978246849409;-0.35263538795336336
2858608.341017;9.87035806652652E-06;4.803134506941944E-05;-86.1898712549534;-0.8776625075276352;0.38862530562001574;-0.35588980063678133
2862315.342453;1.2612022034083485E-05;3.529903359581423E-05;-88.52297441892154;-0.8776392291819795;0.38964361678592224;-0.3523480556105777
2866027.151074;8.707702149926424E-06;1.6183059688765043E-05;-94.71449009316413;-0.8771194141104605;0.3895793577330375;-0.35688246945198254
2869743.773114;2.2973518527625377E-05;3.0965079093294745E-05;-88.27800415339574;-0.8770322077462266;0.39033353525239606;-0.3548309369170293
2873465.214815;2.8919361965159735E-05;3.170810874804463E-05;-87.3477317529225;-0.8770842612320734;0.39075224952709164;-0.35285979165964165
2877191.482427;1.9715352281080467E-05;3.948503793996801E-05;-87.10463813275958;-0.8769367284421217;0.39133515422760357;-0.3519314122324403
2880922.582208;9.174920908908833E-06;4.7765109720148956E-05;-86.26043105810167;-0.8765900319199875;0.39156467964870967;-0.3539487185442928
2884658.520425;-3.093852847896178E-06;4.368894936517933E-05;-87.17084328510308;-0.8763837929026724;0.39220630470299755;-0.3532827425126629
2888399.303352;1.9718633959411795E-05;4.4697576802320095E-05;-86.22202549519255;-0.8760890831205556;0.3923816126767718;-0.3550682295411214
2892144.937271;5.1972384302941795E-06;3.4402782704727895E-05;-89.17012695559268;-0.8759646146436653;0.3928680673797198;-0.3542957877468873
2895895.428474;9.638495793947569E-06;3.375246802747665E-05;-89.09343574115142;-0.8756432479774502;0.3934921130236605;-0.35463593756455114
2899650.783259;2.2113704978953005E-05;2.670833110458508E-05;-89.19968767815242;-0.8752314642681144;0.3940574395868404;-0.3559356359711377
2903411.007932;7.506544640852569E-06;2.5485199466195857E-05;-91.51291516120702;-0.8748209944888903;0.39455732211785954;-0.35746380727776134
2907176.10881;-5.740423830419695E-06;1.6973410310158298E-05;-94.93428511675596;-0.875354917189161;0.39481465134268073;-0.3521027890684774
2910946.092216;9.172534507480741E-06;4.256165682494062E-05;-87.2224642202343;-0.8745553237450502;0.3952881586058307;-0.35693339047323497
2914720.964481;2.075321279279481E-05;4.182137576955769E-05;-86.61598630931525;-0.8743907934385639;0.3960986793234715;-0.35526612117626355
2918500.731945;-1.209006441550995E-05;2.422921290832416E-05;-91.34763081844804;-0.874491863301356;0.39608916100622543;-0.35446864032683134
2922285.400957;2.3187523925694347E-06;2.0651645154958708E-05;-93.64649919571315;-0.8739560287798813;0.39660439075991044;-0.3569596038883711
2926074.977871;1.5230054377330507E-05;3.544997324842445E-05;-88.27205892983544;-0.8734513603829794;0.39720362401231846;-0.35887518287622866
2929869.469054;-1.1550990609108456E-05;4.7746352109539146E-06;-98.062563457912;-0.8733832278478192;0.3974746730122577;-0.35842057367356195
2933668.880877;2.2099847091321904E-06;4.8576925014680254E-05;-86.26242006873713;-0.8733837616003924;0.39817557450285906;-0.35578667344967574
2937473.219721;-1.4481080527125958E-05;8.960898020923847E-06;-95.37602920747906;-0.8736477326988374;0.39842507827936946;-0.35267711132052404
2941282.491977;1.2286528597800147E-05;2.763537517096649E-05;-90.387342612389;-0.8728337988112345;0.398775074822991;-0.35806202402229237
2945096.704041;1.6474901589213533E-05;4.714042931999528E-05;-86.03165816006202;-0.8728131872366967;0.39913519382323703;-0.3568767164214093
2948915.862319;-5.34007306405817E-06;2.8206875066452907E-05;-90.83996803248974;-0.8725511117320943;0.40000838921185433;-0.3557434448462682
2952739.973226;1.717103525175668E-05;3.450048462571482E-05;-88.28236145689921;-0.8724244282896525;0.3999450148270311;-0.35702460066848996
2956569.043184;-8.661439635232235E-06;2.801080777321532E-05;-90.65690513685375;-0.8718674395891433;0.4004709117218281;-0.3596215551873014
2960403.078624;-1.575022972431572E-05;3.2819793800567425E-05;-88.77715753922445;-0.8717584350753308;0.40105496669297175;-0.35830984385729436
2964242.085984;5.064525119794758E-06;2.8022124726416793E-05;-90.91038650419799;-0.8716132411568858;0.401857442587992;-0.3564652031344171
2968086.071714;-1.3571677535036408E-05;4.213924209318776E-05;-87.07764723138253;-0.8712348341289163;0.40192460069567304;-0.3593208600471347
2971935.042267;1.386602184085065E-05;3.2181044913122364E-05;-89.10841876831563;-0.8711238265220097;0.40254171780939;-0.3578915135245383
2975789.00411;-3.683281343212529E-06;4.035319532815643E-05;-87.84640882760426;-0.8709207960441204;0.4031944459972101;-0.35707931308089713
2979647.963713;-3.5276235806788206E-06;4.169419635682365E-05;-87.5675102526934;-0.8704924550708149;0.40350676911224787;-0.359409049805453
2983511.927559;2.4683631513796176E-05;5.12364554082908E-05;-84.90198748724313;-0.870409385825408;0.4037823684442799;-0.35904168846909834
2987380.902137;7.1387804204803345E-06;4.089737861928039E-05;-87.63574156939434;-0.8698480048769511;0.40427600676255765;-0.36176939001854397
2991254.893944;4.887715168984987E-06;1.9908197931764054E-05;-93.76516972700459;-0.8697170998293406;0.4047763666349643;-0.3609335238155005
2995133.909487;1.657069768497893E-05;3.0252130056644336E-05;-89.2453355670209;-0.8695948568288926;0.4053566512254324;-0.35971852575919905
2999017.955281;1.5960622094587286E-05;3.0065961450022198E-05;-89.36027682859762;-0.8696612066060646;0.4059514345622605;-0.35689831665136
3002907.037848;1.194877804457278E-07;2.29388324293769E-05;-92.78845598588615;-0.8693576308633293;0.40606963379675;-0.3589353732802478
3006801.163721;2.5028498072628627E-05;4.870702750109001E-05;-85.23052462523422;-0.8690112717536982;0.4068647077857593;-0.3587266781007397
3010700.339439;2.4940349584308382E-05;2.1788318881001596E-05;-89.59891613644447;-0.868875650194712;0.40742920281014244;-0.3576703620690666
3014604.571551;1.0339047790558246E-05;2.243682177174532E-05;-92.1445173389884;-0.8682360214859253;0.40745450257390436;-0.36281589471594494
3018513.866614;1.3254661077885017E-05;1.7429763404433224E-05;-93.19227064475584;-0.8685091808275971;0.40822741023352743;-0.35760262149471167
3022428.231194;5.8909429494365E-06;2.927839899935818E-05;-90.49670271925584;-0.867808841236414;0.40875665047655085;-0.3612995516243488
3026347.671864;7.894130942359045E-06;3.526118899266706E-05;-88.8416698937277;-0.8680755756930074;0.40916037316263276;-0.3575573491325521
3030272.195208;-8.16522913157003E-06;3.465353495555606E-05;-88.97038857160558;-0.8674262326628109;0.4094018855145726;-0.36194153123739137
3034201.807816;1.536553008082912E-05;5.257240720082021E-05;-85.2288489586695;-0.8677494163944216;0.40972257158040076;-0.35805620110784836
3038136.516288;3.3554050069892654E-05;1.8931752805351966E-05;-88.28482543342238;-0.8669511998988871;0.4105058354168591;-0.36155801151879574
3042076.327232;6.639519090692113E-06;3.2779118338001215E-05;-89.51343117487863;-0.867191391374806;0.4109411627006173;-0.35790569565694064
3046021.247266;1.317020553746001E-05;2.870615272815557E-05;-90.01088176110136;-0.8666239747935368;0.411293754885682;-0.3611792847118521
3049971.283014;1.5421375204371956E-05;2.6349547427258043E-05;-90.30529355630878;-0.8663093670124724;0.4116792427940555;-0.3622552348695045
3053926.441111;2.5839805744252326E-05;3.5880816959243604E-05;-87.08824674279114;-0.8662274660796861;0.41228995135487995;-0.36054992645411865
3057886.728198;1.1041383984556096E-05;3.507910993252622E-05;-88.68876818478262;-0.8660246500352718;0.4128063468260298;-0.36019721613723493
3061852.150928;2.0687934616999917E-06;3.67688444680634E-05;-88.67667348109984;-0.865451500220692;0.41361869508956994;-0.361712356437372
3065822.715961;1.709078292058505E-06;3.748708235159261E-05;-88.51334953204696;-0.8653433860454943;0.4133432144311732;-0.36367135472991496
3069798.429963;-1.6306393632828873E-05;2.1121167714872284E-05;-91.47518665085425;-0.8654344574721204;0.4139098159994937;-0.3607145762438063
3073779.299614;1.2823067461324235E-05;3.3638238959051974E-05;-88.8740767248126;-0.8646308780745359;0.41396722443298234;-0.36705557263130606
3077765.331598;1.895521754394333E-06;4.105606536827817E-05;-87.72320596799034;-0.8639646494062398;0.4150659744640168;-0.36819344715439073
3081756.532609;2.5430060527066803E-05;3.1479598739080343E-05;-87.85778084331179;-0.8642864977270414;0.4156306462938189;-0.3633493281507091
3085752.909352;-4.657155235828287E-06;3.186962397903396E-05;-89.84069653362211;-0.8641259838206301;0.4163108292808003;-0.36198755763042545
3089754.468538;1.212238194295932E-06;4.975861032828615E-05;-86.06005826060013;-0.8639621556565458;0.41675558479067254;-0.3615750037448839
3093761.216887;1.4993764136124422E-05;3.616205210030809E-05;-88.14597540150659;-0.8635860690639979;0.4173970319104801;-0.3621161518633975
3097773.161128;1.054477355871787E-05;2.3379050443342253E-05;-91.81924453055157;-0.8629313885108411;0.41773356011685747;-0.36612706696331276
3101790.308001;1.8020337738943055E-05;3.524022484100831E-05;-88.0504020918366;-0.8632480292886757;0.4180303664035527;-0.3623740622437635
3105812.66425;2.508025580953369E-05;3.725105518133832E-05;-86.95367241759529;-0.8624824899149842;0.4181801561235728;-0.3680232250703435
3109840.236632;1.0117986189275425E-05;3.3957464339116535E-05;-89.01189153535267;-0.8628563213541713;0.41871247189910576;-0.362871584532741
3113873.031911;6.559345116604443E-06;2.7284638181432293E-05;-91.03762403669285;-0.862325009212841;0.4192696825103682;-0.3649952130666329
3117911.05686;1.2817998099209611E-05;3.9995804237170626E-05;-87.53509929920837;-0.8623515681454538;0.41991880624578964;-0.36220655206307684
3121954.31826;1.9399913888284762E-05;3.0137604345738166E-05;-88.91221313137888;-0.861942471317109;0.42021699462326817;-0.3643544492408451
3126002.822903;-2.661782711153984E-06;4.3188314744883064E-05;-87.27620940067084;-0.8612055603259862;0.42050976644218985;-0.3691919352957862
3130056.577587;3.1257264854245126E-05;2.08334517434311E-05;-88.50457806914059;-0.8611572215505174;0.4213885535229317;-0.36608848914705366
3134115.589121;-5.26471234672689E-07;2.0265350754710778E-05;-93.86198742518063;-0.8608560963841078;0.4215054151290103;-0.36807359034686843
3138179.864321;1.3440481485354737E-05;2.6516951021136867E-05;-90.53648344758716;-0.8606856151561997;0.42213189829250614;-0.3669627110605794
3142249.410015;3.822387417448023E-06;6.329126007677938E-05;-83.95731357066109;-0.8604180902479572;0.42285112891408083;-0.3662666501911311
3146324.233035;1.9484382954314934E-06;4.084380645614396E-05;-87.7676036642189;-0.8601269286722609;0.4233805252840439;-0.36651692057294183
3150404.340226;-8.671060420382065E-06;2.5088762151977347E-05;-91.52036851837197;-0.8596470490437211;0.42342885085802806;-0.37022490503898803
3154489.738441;6.947453136364091E-06;3.935055579181465E-05;-87.9676760480095;-0.8599431233868017;0.4239769361996962;-0.3656229000484422
3158580.43454;1.6333485393792472E-05;3.0105506992789175E-05;-89.3065597050876;-0.8594355463378102;0.4247284562100594;-0.36673279413083437
3162676.435394;1.7140874236301917E-05;4.8194449821045774E-05;-85.82276843697915;-0.8590426079732405;0.4248098659919531;-0.36959790696696027
3166777.747881;3.920957700996309E-06;3.45880627948384E-05;-89.16602025786018;-0.8586117264936959;0.4256866336970649;-0.36957150930011345
3170884.378891;2.04518002872577E-06;5.0939585617117504E-05;-85.8518968600829;-0.858657870732913;0.42642703116149516;-0.366214747043894
3174996.33532;-3.944633889899746E-06;2.4117570462831066E-05;-92.23867590042317;-0.8585211748075192;0.4263868609366139;-0.36748591820683796
3179113.624073;1.3067831980328005E-06;4.022576849095313E-05;-87.90533207417964;-0.8580165172220059;0.4269437676073324;-0.3693345251008668
3183236.252067;2.276433030880393E-05;3.75198956134245E-05;-87.15353345475663;-0.8579175972704045;0.4278329379366508;-0.36654421500862233
3187364.226224;1.67844379841419E-05;2.6503097176618718E-05;-90.0694685899015;-0.8574943732106728;0.42754402137358144;-0.37114511063183175
3191497.553477;5.591636798826457E-06;1.403597692660818E-05;-96.41541552709936;-0.856962711458378;0.42898942535679735;-0.3696007851516798
3195636.240769;1.3024856389592065E-05;3.76160428052866E-05;-88.00076631927242;-0.8571273256501589;0.4291849436288181;-0.3674736037962159
3199780.29505;1.485672135854545E-05;2.4957101913743488E-05;-90.73874185803678;-0.8569687500703396;0.42904619367072505;-0.3693215201363187
3203929.723279;-5.844566612667783E-06;2.111688237750055E-05;-93.18684866254546;-0.8567436928304998;0.4299725409031622;-0.3673829855945298
3208084.532427;6.1169828797312184E-06;2.8931099362293802E-05;-90.5827694268022;-0.8561868637502256;0.42993297845484646;-0.3720542898157181
3212244.72947;-8.119251660054117E-06;3.3269449297786865E-05;-89.30784002830404;-0.8561084359020917;0.43078138756483797;-0.3692355440695395
3216410.321395;1.5396499613250805E-05;2.7966011884769535E-05;-89.91761882203996;-0.8557500210432167;0.43108259240727353;-0.37090949673834495
3220581.3152;-1.7541551577862825E-05;2.4507909264646213E-05;-90.41749816326892;-0.8553452059168565;0.431977400156572;-0.37053301391704035
3224757.717888;1.283591509717408E-05;4.509203456548876E-05;-86.57961978743735;-0.8554705074566958;0.4321071283423726;-0.3689891974609514
3228939.536473;1.062422469520124E-05;2.6884101473386997E-05;-90.77986464068884;-0.854966824411049;0.43269899600268485;-0.37064276212932096
3233126.77798;3.2259575720602142E-06;2.4981282666144394E-05;-91.97588027873863;-0.8543264347296614;0.4334719651836939;-0.37265384672850815
3237319.449441;3.042299625993881E-05;1.6513053054485673E-05;-89.21456323539296;-0.8542463953347541;0.43358446893158914;-0.3728393757772416
3241517.557896;-9.766992901790614E-07;4.0489842349943986E-05;-87.85055196833326;-0.8540039479694741;0.434431414289983;-0.3713205813281378
3245721.110397;1.0895407848539932E-05;4.926302949749348E-05;-85.94217346563707;-0.8540713773045242;0.43484229381361983;-0.36908669817155215
3249930.114003;-3.737271653901906E-06;5.920634799580596E-05;-84.53536449181975;-0.8536026471359351;0.43523660650082735;-0.3712496892709704
3254144.575784;7.589460114281929E-06;4.8294398844922525E-05;-86.21611391123616;-0.8526892038789569;0.4354892420588086;-0.37758670600313604
3258364.502816;1.1353418311336446E-05;2.241434045233739E-05;-91.99762308349015;-0.8528250164632808;0.43633817062239816;-0.3729855471889512
3262589.902189;3.306279048971499E-07;2.149041131660587E-05;-93.3540776118389;-0.8528203324964797;0.4363503847261526;-0.37297291202537936
3266820.780997;1.6604114343613905E-05;3.91437159294165E-05;-87.42819082935279;-0.8523105740843173;0.4374462803411714;-0.37255465831976464
3271057.146347;1.8881487938741418E-05;3.367161368787527E-05;-88.26729750324719;-0.8523237435547325;0.4374900104326289;-0.3722673905517562
3275299.005354;1.7537312490990222E-05;3.941393532374231E-05;-87.30249980045221;-0.8514833139801634;0.43811243572979913;-0.37646605963809265
3279546.365141;1.2109985090754937E-05;2.7741815463913017E-05;-90.37981242066465;-0.8515967452910399;0.4388375115599254;-0.37254133667188555
3283799.232842;9.990624147490108E-06;3.3264823837187724E-05;-89.18522684114065;-0.8510797524164926;0.438822584429316;-0.3767707731868545
3288057.6156;9.566864431620885E-06;3.1480894100951944E-05;-89.6554337493756;-0.8511888743583333;0.43947744058670435;-0.3731681618405146
3292321.520567;-1.061152976035729E-05;1.8712898288883053E-05;-93.34628115147578;-0.8505502319134292;0.4403339920976873;-0.3747453506561602
3296590.954902;-1.1279763600729533E-05;2.464443980293203E-05;-91.33960025074143;-0.8503788195290855;0.4405952202488066;-0.37503622267201375
3300865.925778;6.429770553983562E-06;2.909213783913102E-05;-90.51736503493748;-0.8500493724169412;0.44101400643740196;-0.37594061326381734
3305146.440373;2.3579513745241314E-05;2.5255369112034362E-05;-89.23058553179656;-0.8499893043512406;0.4420789380882271;-0.37197246862119066
3309432.505877;3.0912499419957305E-05;2.431210402414714E-05;-88.10604859023415;-0.8496396816480762;0.4422245650824983;-0.37417521814906624
3313724.129488;7.423539034860558E-06;3.789212519707658E-05;-88.26545052375515;-0.8494600810011086;0.4430090943772267;-0.3723326219970901
3318021.318414;1.1398140311639116E-05;4.602917234237071E-05;-86.48087347695188;-0.8490155325305679;0.44302356729186704;-0.3758460614647569
3322324.079871;8.920602754787943E-06;1.6455628606054353E-05;-94.55479450233405;-0.84872191944271;0.44347530370972826;-0.3763102353809905
3326632.421086;1.7768066086521255E-05;4.08411322811043E-05;-87.02523512228476;-0.8484221776087182;0.44441726707473084;-0.374758715095023
3330946.349295;8.449401772699193E-06;5.713821458070672E-05;-84.7675209339535;-0.8480050831468314;0.44482526177650905;-0.3763912554995492
3335265.871743;-1.3792066920508264E-06;3.926730020481908E-05;-88.11402471690272;-0.847825733968167;0.44541911143313184;-0.37532800437456504
3339590.995685;2.7834739376270626E-06;5.236494081954439E-05;-85.60693403441432;-0.8478028518570384;0.4457026028186241;-0.37431566405651345
3343921.728384;2.823055179677706E-05;3.928012148917079E-05;-86.30804187607181;-0.8472599303816193;0.4462009762561835;-0.3765685499872301
3348258.077113;1.4927272738195351E-05;2.7413133535777183E-05;-90.11305798996028;-0.8467438585916874;0.44616656650564923;-0.38085672325254555
3352600.049156;1.5981287835172643E-05;2.879196537935208E-05;-89.6481896909742;-0.8468605473076751;0.4470005188188827;-0.37639070680398795
3356947.651805;2.1199925907854136E-05;4.564947478326428E-05;-85.96311421419074;-0.8463475549496152;0.4472224356187252;-0.3795658290428888
3361300.892362;1.2162079218910733E-05;3.065972535324013E-05;-89.63397079392728;-0.8461844301958001;0.44827081884359266;-0.3764259128465034
3365659.778137;1.910299495353388E-05;3.442545646418434E-05;-88.09658083711825;-0.8460566769982732;0.4487928844268344;-0.3752319149442596
3370024.316451;3.734630772016734E-06;6.414212302047168E-05;-83.84243540386265;-0.8455001123174805;0.4488767645629323;-0.3793350218029124
3374394.514634;1.768057943168013E-05;2.4357034005225123E-05;-90.4293508422826;-0.8453157592160636;0.44946492486931;-0.3783083094896188
3378770.380027;2.25588188464792E-05;4.7675314855846554E-05;-85.55668484056463;-0.8448238700240179;0.450047317532291;-0.379765518822269
3383151.919978;2.0750005709730248E-05;4.515622670420173E-05;-86.0736502215127;-0.8447545936640531;0.4508077950417156;-0.3770739887287766
3387539.141845;2.744978888751601E-06;3.902754530853532E-05;-88.15114400101805;-0.844414218622008;0.4508963910651825;-0.3794196748449535
3391932.052998;-4.838853505909971E-06;1.8461675305616407E-05;-94.38602873829583;-0.8443366857531549;0.4518731940482248;-0.37586231974778284
3396330.660813;2.0565138492375757E-06;4.505046272745529E-05;-86.91697428369977;-0.8438907217252956;0.4518491011789927;-0.3795323213973775
3400734.972679;7.800405171549205E-07;4.3050719703473266E-05;-87.31896611266268;-0.8434120716805433;0.4527784726381024;-0.37937540946783094
3405144.995992;-1.695412475743362E-05;3.1173625343037384E-05;-88.99892433163033;-0.8433948800134992;0.4527723893541425;-0.37953895799174586
3409560.738158;-8.061886373101965E-06;4.1393626874792745E-05;-87.49964113659695;-0.8436787142188887;0.4537203448247552;-0.3732012736192546
3413982.206595;6.18006514554607E-06;3.217225713565579E-05;-89.69300181492108;-0.842954574731743;0.4544252598218451;-0.3759527251216913
3418409.408727;1.691425332756797E-05;3.4427300811661036E-05;-88.32289612617333;-0.8421614837106641;0.45481473884414114;-0.38060714432464254
3422842.351989;8.403699906063843E-06;4.9963434457020614E-05;-85.90579722063939;-0.8423236225630629;0.45520884256784144;-0.3776131546021815
3427281.043828;1.1389419075127611E-05;2.4748551654371564E-05;-91.29473388246012;-0.8419456300372117;0.4555924605196637;-0.3789741629807339
3431725.491697;1.2013457409927308E-06;3.547404875639578E-05;-88.99680688535858;-0.8411789726138438;0.4564580987514591;-0.38134842717526674
3436175.703061;2.0405322033034024E-05;4.91833765066742E-05;-85.47388469217464;-0.8411975355412167;0.4564944000596921;-0.3810432194521385
3440631.685394;-8.627675020061027E-06;2.9211533317579547E-05;-90.32568823979102;-0.8410989772146379;0.4577128698702684;-0.3765502684211318
3445093.44618;1.2115916747077192E-05;3.22348512278413E-05;-89.2595886260099;-0.8403725966465853;0.4577424401300051;-0.38221060571810467
3449560.992911;6.608861135401411E-06;1.9666422703609885E-05;-93.66082103033727;-0.8400065586097076;0.4582015117311147;-0.38313358456179974
3454034.333092;1.7778760243238857E-05;3.9960507389967454E-05;-87.18301724035348;-0.8396465370454456;0.4586321879519045;-0.3841291328796016
3458513.474235;4.063907931564543E-05;3.178302048184008E-05;-85.74841685349278;-0.8396133502045812;0.45943168744162277;-0.3809122590355493
3462998.423863;-3.165003086832134E-07;2.486406597748883E-05;-92.08785336511497;-0.8393117190087678;0.45969408158504155;-0.3821699741588196
3467489.189507;1.4481762987861508E-05;4.3049885085309874E-05;-86.85497811109585;-0.8392853259875441;0.4600292745534063;-0.38091823942846936
3471985.778711;6.942901961839972E-06;5.4766549917204984E-05;-85.16045045147364;-0.8388413227051323;0.4608518661244839;-0.38085937793885666
3476488.199026;2.2164735083720866E-05;4.944650995289934E-05;-85.32209510117339;-0.8381907748048015;0.4609530813056509;-0.38559200264684723
3480996.458013;1.469259237844397E-05;4.470363351962683E-05;-86.54766066008399;-0.8379592319376414;0.46217124021899586;-0.3820982721564034
3485510.563245;7.244145932590186E-06;4.571352629945723E-05;-86.69139146315209;-0.8378708803509635;0.4619463431694083;-0.38378637413653227
3490030.522302;9.292958931831905E-06;4.647796731352692E-05;-86.4848187528684;-0.8376021663468619;0.46263284586454145;-0.3829111431225319
3494556.342776;7.97789130636812E-06;3.0004329270176943E-05;-90.15965079994771;-0.8374675584713938;0.46320716899649933;-0.3814587498336416
3499088.032268;2.2830550631452655E-05;4.343820220244996E-05;-86.18323416841315;-0.837358241261921;0.46343503166083494;-0.3813257015392504
3503625.598388;2.8989839044556124E-06;4.661991459547411E-05;-86.61180973137733;-0.8364494801719634;0.4641710517477036;-0.38530259056549826
3508169.048758;8.845353449503592E-06;3.308406433010599E-05;-89.3077767566318;-0.8355963409995097;0.46475537502347763;-0.3894985036091935
3512718.391007;1.902598015334248E-05;2.33157426478866E-05;-90.43057938821082;-0.8358812157464249;0.4651775385787859;-0.38537353659062856
3517273.632777;1.296905867055569E-05;3.108375740783611E-05;-89.45235138418576;-0.8358233813203447;0.46599169482591307;-0.3822355430800204
3521834.781718;1.030963151872943E-05;4.27520247684813E-05;-87.13538113090371;-0.8352265617152557;0.46646456171976936;-0.38487501673971136
3526401.84549;1.3648838925164048E-05;4.2725311823876414E-05;-86.96427485083507;-0.8350955044059373;0.4671130322433976;-0.3830413602541629
3530974.831763;2.1871991117968517E-05;4.804576220224484E-05;-85.54897430102835;-0.8350472341251113;0.46743451548477905;-0.3819987795647878
3535553.748218;3.258840847731832E-05;5.474315511054477E-05;-83.9160048664516;-0.8346718505304596;0.46782818997493997;-0.38322527929099437
3540138.602544;1.7871572144143544E-05;4.3959257469001696E-05;-86.47468370703714;-0.8343541474049037;0.4685869257872871;-0.3823703940464991
3544729.402443;9.972431817548025E-06;2.4366553829909095E-05;-91.59155015115087;-0.8337049856410105;0.46894697370690597;-0.3859064522320883
3549326.155624;2.9426732299018126E-05;4.4895686144260234E-05;-85.40373055287753;-0.833497329697013;0.469454031312779;-0.38529125763073374
3553928.869807;2.9574928891167758E-06;4.560775781438103E-05;-86.80100160297567;-0.8330093329609458;0.4698691032503995;-0.3873009378563048
3558537.552722;5.1826072975450266E-06;4.539925102486064E-05;-86.80279611865949;-0.8328531811989305;0.4704354500216799;-0.38600771160553626
3563152.21211;5.516389625553215E-06;3.1492399122315475E-05;-89.90463376906393;-0.8325251206779632;0.47093240689064486;-0.38638045955503186
3567772.85572;1.1844701221406279E-05;4.983536086765645E-05;-85.81059317969078;-0.8319495016344071;0.47178025938782664;-0.38713445847275274
3572399.491314;2.560095744547882E-06;6.077843724123104E-05;-84.31731080081163;-0.8318874201374163;0.4718292451200939;-0.38740542760440083
3577032.126661;-1.1007977938497903E-05;1.9322096590257506E-05;-93.05817022088661;-0.8314454612644956;0.4726379759899235;-0.3872691811039885
3581670.769541;2.0331672126501552E-05;4.3414752930565214E-05;-86.38608841804233;-0.8309702196104481;0.47326896773065397;-0.38818654381901857
3586315.427746;9.559162920469299E-06;4.534037826920294E-05;-86.68142166208929;-0.8309428008444344;0.4735611770083524;-0.38708916306241437
3590966.109075;3.047242792222257E-06;2.087367289159729E-05;-93.51643981989538;-0.8308604039054539;0.4735573902000203;-0.387756348178879
3595622.82134;2.621885963560026E-05;4.533651038193469E-05;-85.61801461466453;-0.8303264906317679;0.4745143226961024;-0.38765990217434515
3600285.572361;2.1623845473947105E-05;3.065540665470938E-05;-88.51599533431622;-0.8301120846291448;0.4751163920402513;-0.3866356172266959
3604954.369969;1.12660857564218E-05;1.9662886329375453E-05;-92.89414063837532;-0.8295278170893587;0.47569213864798626;-0.3886406278764762
3609629.222006;-9.045312249276329E-06;3.493179370822714E-05;-88.8537304344398;-0.8292531146621646;0.476425215995769;-0.38748995374607575
3614310.136323;3.3286862209687113E-06;3.5527541186773E-05;-88.95073921866896;-0.8295118916656312;0.47691201118431326;-0.3832502713126365
3618997.12078;-7.006526404412645E-06;3.749011451247933E-05;-88.37256387381323;-0.8285471592499372;0.4775783913970058;-0.3878232915009084
3623690.18325;1.8853609135634898E-05;5.5253392747659394E-05;-84.67449954625832;-0.828545612573259;0.47756237793789647;-0.38790809348136435
3628389.331615;5.574116265975011E-06;4.3155548646678656E-05;-87.22741078023535;-0.8277392264583291;0.4782954371360366;-0.39092411529090865
3633094.573767;4.644917315647749E-06;3.5497435475864755E-05;-88.9223286838741;-0.8278009016709619;0.4785324715118874;-0.389361429854242
3637805.917608;2.3791203593915682E-05;3.9154931494711265E-05;-86.7796065858652;-0.8272092112677873;0.47953458107331737;-0.3894524723095091
3642523.371051;8.077217488586344E-06;3.356579776715179E-05;-89.23758641813279;-0.8269163868340884;0.4797861588758706;-0.39060708812840067
3647246.942018;-9.32938951737264E-06;3.810931403367638E-05;-88.12660557418083;-0.8265876168901556;0.4804110780498937;-0.3903389925326617
3651976.638443;9.908583987198127E-06;1.1251616747484139E-06;-100.02412569705842;-0.8261856763666827;0.4810777682757424;-0.3904497070995761
3656712.468268;1.80128024383401E-05;4.6473881522499304E-05;-86.04798982258251;-0.8263378084274277;0.48144587925818844;-0.3875726040503973
3661454.439449;-3.113246506989927E-05;4.4909504219501485E-05;-85.24896532320234;-0.8253386078769557;0.4818696216313653;-0.3934748000096133
3666202.559949;2.3682805546276874E-05;3.526551899059591E-05;-87.43635386090918;-0.8252661858224293;0.4823050316792819;-0.3920473069354121
3670956.837741;8.37619029195101E-06;5.675792934984545E-05;-84.82589897498208;-0.8248982225524343;0.48297707217898067;-0.3918500105625683
3675717.280811;1.1470470406450789E-05;4.8193393932947905E-05;-86.10094488147881;-0.8251283427168716;0.483716853207139;-0.38664930375840467
3680483.897155;2.437356165771044E-05;4.6315058763031075E-05;-85.62383363796687;-0.8243782271916213;0.48430255665666966;-0.3898328329954308
3685256.694776;-4.142884294258355E-06;2.6747468847625142E-05;-91.3513866998374;-0.8241308725448918;0.4848854738036432;-0.3890861177911486
3690035.681692;9.556912159723015E-06;5.931570963398663E-05;-84.42530336785778;-0.8237359922939165;0.48512201706463715;-0.39108756713569026
3694820.865928;4.808408132173644E-06;5.253832203834176E-05;-85.55424990082977;-0.8231851926740009;0.4857330887041108;-0.39257935049561044
3699612.25552;1.7318123785476568E-05;3.3801726915765974E-05;-88.4089195973414;-0.8229937794066685;0.48631573258958216;-0.39138508167122
3704409.858517;5.219856009809625E-06;4.786901574556157E-05;-86.34757392431499;-0.8225136684485221;0.4867611943766796;-0.3930799549096231
3709213.682975;-1.433022213333579E-05;3.557837302433428E-05;-88.32335400020433;-0.8225583412613319;0.48721650347347034;-0.39062287804452633
3714023.736962;3.3655802554612435E-08;4.2075326917648097E-05;-87.51944724024825;-0.8218797215375095;0.48730243576386545;-0.3955303531088985
3718840.028556;1.246839500109235E-05;2.9645568876193695E-05;-89.85344813909944;-0.8215451478969477;0.4883997841027915;-0.393053406586794
3723662.565847;-1.4591856116224097E-05;2.662624336245978E-05;-90.35326030597814;-0.8211893422527168;0.4887168881764797;-0.3943593641314911
3728491.356934;1.7630172302035546E-05;1.6876199204993483E-05;-92.25024110774615;-0.8211842022925505;0.48941005928908443;-0.3911762257613774
3733326.409927;1.0907904896311083E-05;5.632254600536553E-05;-84.82644197894854;-0.8209463945083835;0.48984891895199223;-0.39098972264681386
3738167.732945;7.286396415493736E-06;1.6009480553643836E-05;-95.09486652428475;-0.8201562666940876;0.4906449589555604;-0.3934432870422003
3743015.33412;4.17687642295446E-06;3.924675298083724E-05;-88.07501148256017;-0.819747319160687;0.4911391833985313;-0.3943249700052319
3747869.221593;7.2233200305495295E-06;5.34634930849595E-05;-85.36029196427788;-0.8196038438946992;0.49177646826682647;-0.3924649715690481
3752729.403517;6.453619058351482E-06;4.212799730318997E-05;-87.4078435710093;-0.8191574831193696;0.4917381321998173;-0.39612296812726444
3757595.888053;2.2336587359083023E-05;2.4997719477554335E-05;-89.49307450161761;-0.8190022841198128;0.49254978986097436;-0.3935323953075032
3762468.683375;4.656259815001848E-06;3.7175066332295934E-05;-88.52736122948072;-0.8185833507536903;0.4936174616510455;-0.3917883607784418
3767347.797667;1.6066012313900217E-06;3.8498184782279304E-05;-88.28363807369463;-0.8182066523764185;0.4936980744208077;-0.39434137757883114
3772233.239122;1.0773499723323389E-05;2.0270344970281318E-05;-92.78226320752921;-0.8173636265147759;0.4943838388566003;-0.3976775602925481
3777125.015947;6.293635334058787E-06;3.7535356024818634E-05;-88.39077663446295;-0.8177272821222756;0.4945811119114269;-0.3939206596506767
3782023.136356;-4.491954033038995E-06;3.910254587980547E-05;-88.09896227449067;-0.8168135476314841;0.495441644923752;-0.39697266945155824
3786927.608576;1.1587908148953884E-05;3.6710210902764897E-05;-88.29175475196237;-0.8169114587986821;0.49599402289767985;-0.3936067363356569
3791838.440844;3.861602053949188E-05;3.70187668411245E-05;-85.43393176232368;-0.816751602205517;0.49670693678472483;-0.3914838966997787
3796755.641407;5.842084759202322E-06;1.9948212540892007E-05;-93.64454794901732;-0.8163071725510842;0.49665445691062804;-0.3951825843912681
3801679.218524;-4.408445253524624E-06;4.568283578805617E-05;-86.76468251585915;-0.8159149423038572;0.49758611652657786;-0.3938219779572302
3806609.180463;1.219039783433443E-05;2.4288687680970194E-05;-91.31622362280054;-0.8157096818471051;0.4978428703162294;-0.39419921215771414
3811545.535505;-1.4328035489186399E-05;3.2337841304122964E-05;-89.0273276823518;-0.8148679753021407;0.4982096381319491;-0.3989914356736762
3816488.29194;2.8605618379148038E-06;3.0728433047751366E-05;-90.21171761666699;-0.8145218370221086;0.4990008397247667;-0.3979203775033535
3821437.458069;-9.109110058792712E-06;3.0972264318741036E-05;-89.82025161429625;-0.8140868076078704;0.49952773097477526;-0.3987885161768439
3826393.042204;3.98133519335349E-06;4.1611403730036895E-05;-87.57617622590408;-0.813753554559952;0.5001350983085796;-0.3984806114642908
3831355.052669;8.930564707384403E-06;5.2108515488457716E-05;-85.53610050091405;-0.8133656655603481;0.5004568366141894;-0.3999528004817209
3836323.497795;6.057125711506814E-06;4.1180050376819614E-05;-87.61330436409898;-0.8131187643511506;0.5010119031378855;-0.399218098803239
3841298.385929;2.303049809156223E-05;5.979111101150035E-05;-83.86646553295952;-0.812764288513673;0.5017509622385083;-0.39843371025696456
3846279.725424;1.010043995099634E-06;4.194927108176287E-05;-87.54299458254239;-0.8124706989274249;0.5023195169898552;-0.3979876190780204
3851267.524648;-4.309885284964336E-06;3.5882761260481064E-05;-88.84007721015635;-0.8119349069846051;0.5028554442176488;-0.39956643897767646
3856261.791977;1.1660343846396697E-06;3.4052835024565707E-05;-89.35184535375294;-0.8114327870184367;0.5030922334801045;-0.4023143315556348
3861262.535798;3.1027076698253753E-06;5.671708550895226E-05;-84.91274443765593;-0.8114798214404361;0.5039463652363044;-0.397854796446006
3866269.764511;1.0764542412368238E-05;5.86196392414449E-05;-84.49510234097191;-0.810991395547748;0.5043187017076957;-0.39984020547624205
3871283.486525;4.961249982143932E-06;5.4798252289315855E-05;-85.1892123399364;-0.8107029763650846;0.5046971267548931;-0.40024921738187696
3876303.71026;2.9360411525274857E-06;3.7765014170854724E-05;-88.43203597449765;-0.8103510113002567;0.5054064708562679;-0.39955419564269923
3881330.444147;1.8941623331527525E-05;4.901213382238698E-05;-85.58937627039761;-0.8098933388870047;0.506106049191076;-0.39971565435035084
3886363.69663;9.2208883126519E-06;4.247556185619782E-05;-87.23722491533978;-0.8099220953564653;0.5065123178099376;-0.3975354918692102
3891403.476161;1.600503421636727E-05;4.132926961201192E-05;-87.06798894280622;-0.8093362494570002;0.5071701815072228;-0.3988767152877177
3896449.791203;-1.5492706399224039E-06;4.214174136955853E-05;-87.49988474075082;-0.8087746840670157;0.5075888461891447;-0.4011807083461474
3901502.650234;-1.7709186632013083E-05;4.43346952135257E-05;-86.42221281193639;-0.808211175561507;0.5079918246237737;-0.4035721705734773
3906562.061738;-7.045249013011567E-06;3.2954793141609054E-05;-89.44753993896316;-0.807969319060522;0.5089430923920883;-0.4008255496903316
3911628.034212;2.452442020910875E-05;4.5946591301516665E-05;-85.66624419015182;-0.8077505561060008;0.5089633310950181;-0.4024111943173217
3916700.576166;8.359718285129843E-06;5.8766113818476E-05;-84.5304531955022;-0.8073664834629183;0.5099231150655481;-0.40070776572828365
3921779.696118;-8.909175034435956E-06;3.9895096836025096E-05;-87.77025589982955;-0.8070811256856801;0.5105384566288995;-0.39991133455377886
3926865.402598;-9.428207013973182E-06;3.168686973621878E-05;-89.61400181953758;-0.8068579552847996;0.5108204962260375;-0.4002547714210505
3931957.704148;-4.026094991316156E-07;6.472118596208894E-05;-83.77890260989483;-0.8063343537163384;0.5116659417943299;-0.40016054420743213
3937056.60932;-3.782926346892999E-06;4.071984231217006E-05;-87.76655662920818;-0.8059036878827196;0.5120717382772766;-0.40148893456764334
3942162.126677;-1.2279776184079508E-06;5.0034844894196675E-05;-86.0119337371791;-0.8054015418904109;0.5124891969664935;-0.4033061363515521
3947274.264795;1.10447272749738E-05;3.386102973732701E-05;-88.96690583738477;-0.8050134283730694;0.5129711087525385;-0.403929719890014
3952393.032258;8.559014740290784E-07;6.431124806293936E-05;-83.83349207806596;-0.8042834107762938;0.5138311894199219;-0.4053201742516951
3957518.437664;1.534176181390431E-05;3.8194530697742764E-05;-87.71037416714617;-0.8045684366885949;0.5138780033391644;-0.4029051275826603
3962650.489621;2.543055794858346E-05;5.564782633269949E-05;-84.26734477122093;-0.8044692879638765;0.5143878956490406;-0.4011672945900593
3967789.196748;2.0671921921766615E-05;5.2369060845569386E-05;-84.98961714604556;-0.8033889000800652;0.5157237018409256;-0.402887545329303
3972934.567674;1.3359605838635624E-05;5.158471702867823E-05;-85.46763923869001;-0.8030225060538252;0.5156293540991597;-0.40615709602372546
3978086.611043;-3.4695263262052615E-06;4.550895169865423E-05;-86.81289402059409;-0.8027479282053278;0.51646266501085;-0.4041587811299608
3983245.335506;5.2167631393589226E-06;4.9263747131598626E-05;-86.1010218799224;-0.8022627802763912;0.5172937214501486;-0.4037753694023002
3988410.749727;1.3815733483329878E-06;4.7811367269674464E-05;-86.4057518925141;-0.8021246607337817;0.5172742875821903;-0.40492749903360165
3993582.862382;1.3064751278719266E-05;3.984223177924898E-05;-87.54958609990877;-0.8013526792805007;0.5180310350875958;-0.4070942759764361
3998761.682156;1.0509163946331068E-05;4.373068583424433E-05;-86.94043746447764;-0.8016069350009731;0.5185607980417086;-0.40253342575927
4003947.217749;1.7970404488913862E-05;5.567210951970661E-05;-84.65679484209033;-0.80081720132361;0.5195145044766508;-0.4038461586063525
4009139.477868;1.5368493920081514E-05;3.872276246902976E-05;-87.60539614265161;-0.8009017811032377;0.5198799036499648;-0.40139100648987397
4014338.471233;8.8805859386134E-06;5.1031798012685785E-05;-85.71361649163522;-0.8001726956730099;0.5201269142222843;-0.40572996661405464
4019544.206578;1.0377141536163417E-05;4.035674457809867E-05;-87.60362253536513;-0.7994253062388531;0.520662724949141;-0.4087724788744749
4024756.692643;2.521847027804804E-05;4.7772311501297036E-05;-85.3489015729005;-0.7994637232457176;0.5215065092174579;-0.4042857467319657
4029975.938185;-1.7170147905713234E-05;5.107979414318376E-05;-85.37009467417292;-0.7990936025743093;0.5224975972079468;-0.4021744413255566
4035201.951967;-1.0012280321697658E-05;4.201548444977195E-05;-87.29193876991211;-0.798744981982923;0.5227424758487248;-0.4036091342270603
4040434.742768;-5.78590057017495E-06;5.118925311607696E-05;-85.76129146033915;-0.7984022005742725;0.5229596845728981;-0.40513609650059657
4045674.319375;7.2093049194865394E-06;5.698598176410178E-05;-84.81568163352605;-0.7975167700413173;0.5234675381575665;-0.4093414374756779
4050920.690588;1.476384998526742E-05;4.5964260429878654E-05;-86.32516511451385;-0.7973234029612731;0.5242441624526848;-0.4069307685745668
4056173.865218;9.111555769532153E-06;4.6786026142422654E-05;-86.436007162551;-0.797135985783931;0.5247096616111433;-0.4060272329915142
4061433.852089;-1.325559151558299E-06;5.245715841464781E-05;-85.60113251090728;-0.7961369344851215;0.5255769787250423;-0.4092750232311445
4066700.660034;1.5207035786191895E-05;5.688758496031013E-05;-84.59989634841139;-0.7964342925427909;0.5258775642719642;-0.40550851107545605
4071974.297898;-7.94938030090934E-06;5.984821421346986E-05;-84.38302301526583;-0.7959057103466207;0.5262877001484094;-0.4074645506562458
4077254.774538;1.087720892701681E-05;4.603488048694294E-05;-86.50232317967964;-0.7959293160972174;0.5269935619113134;-0.4037404453328137
4082542.098823;2.6994131931500534E-05;4.3280474149093746E-05;-85.8471230299172;-0.7948333490475857;0.5275276494197394;-0.4093690606746397
4087836.279633;9.56715899380473E-06;3.6997210931441555E-05;-88.35550733238087;-0.7947783666650119;0.5282475747615432;-0.4061600701558936
4093137.325859;8.620421064980035E-06;3.163678675611756E-05;-89.68511578147117;-0.7942337747658876;0.5285687210367843;-0.4086689921798828
4098445.246404;-7.213968780857406E-06;4.053789396129808E-05;-87.70737506102664;-0.7935863344615596;0.529607503074484;-0.4083292979971848
4103760.050182;-3.7172685050344124E-06;4.595585369547119E-05;-86.724860605679;-0.7937809180951504;0.5294966960934965;-0.407415637880022
4109081.746121;2.4659903868535664E-05;5.584488132351174E-05;-84.28668384704986;-0.7931931744510556;0.5306581988526272;-0.405991339322282
4114410.343156;1.4771184542563308E-05;4.707938948388312E-05;-86.13562248964953;-0.7923395497229007;0.5307311095057468;-0.4120805374614675
4119745.850239;2.9309901699553884E-05;4.6320067021858505E-05;-85.22210598504972;-0.7921282480293012;0.5314301657128995;-0.4101340747609513
4125088.276329;5.689915127754844E-06;3.3636799841792456E-05;-89.34118125274983;-0.7913577530515017;0.5319064041786513;-0.4135417895812783
4130437.630398;1.649821849330504E-05;3.433465675433227E-05;-88.38314669052144;-0.7917828287011974;0.5328766820920212;-0.4053997489038735
4135793.921432;2.263193145197278E-06;4.249363507641304E-05;-87.42122063692014;-0.79129691869489;0.533547533156609;-0.40565637495504836
4141157.158426;-9.223547351912237E-08;4.1234742087235945E-05;-87.69471262022037;-0.7905911851496736;0.5335984688220693;-0.4107232755958779
4146527.350386;-5.321242307476134E-06;4.5028814694608924E-05;-86.8699594909642;-0.7901399960859474;0.5338541325282065;-0.4128256505589013
4151904.506333;3.594087100501949E-05;3.98820759404199E-05;-85.4025687207694;-0.789593378139623;0.5352490941142356;-0.40982806882710004
4157288.635297;1.1470755019090658E-06;4.9549655498626444E-05;-86.09686035095228;-0.7897432308196668;0.5355353667989443;-0.4072362740285212
4162679.746321;-6.120713988342023E-06;6.903495169967075E-05;-83.18461400243982;-0.7887585686893224;0.5362385915427381;-0.4110566906140296
4168077.848459;1.3844526263255877E-05;4.188143559611287E-05;-87.10918417066067;-0.7883486350073228;0.536474599718838;-0.41293493591474595
4173482.950776;1.0076610040995958E-05;5.842177096783648E-05;-84.5411898046317;-0.788363330061726;0.5366992878543896;-0.41167278664025503
4178895.062351;-1.3646251002689236E-05;4.338054970027814E-05;-86.84430091031585;-0.7876980316378577;0.5375131640723265;-0.41250498857281426
4184314.192273;3.3713672978360354E-06;4.7550711891084504E-05;-86.43508278305657;-0.7872821639636159;0.5381573547125048;-0.41232373861523464
4189740.349643;-2.809201951023338E-06;5.1263334997501974E-05;-85.79084064715246;-0.7866470125570209;0.5389431090133796;-0.41305610535237003
4195173.543575;1.0408465635419153E-05;3.335630260798822E-05;-89.13291776903154;-0.7866784928592119;0.5391259253147586;-0.41187835113011806
4200613.783193;5.941808685106385E-06;7.315047437754708E-05;-82.68709703936244;-0.7864345707189452;0.5399217325000041;-0.40961084000793735
4206061.077634;5.054377104726635E-06;3.1257525727975946E-05;-89.98881118012562;-0.7859958866730353;0.5407843280944626;-0.4084540836185057
4211515.436046;-5.685986661586246E-06;4.532119325276187E-05;-86.80614706812015;-0.7854584178451539;0.5408472453275085;-0.41216077942698987
4216976.867591;2.1572519406471056E-05;6.239273636334254E-05;-83.60690138704335;-0.7846955978460893;0.5414340257553453;-0.4148485914323538
4222445.38144;5.506524003531009E-07;7.133982605545547E-05;-82.93310033904973;-0.7839417889114974;0.5420943632784885;-0.4170804104385707
4227920.986778;8.239783061688453E-06;8.115667595051744E-05;-81.76897618478148;-0.7840364479355705;0.5425128607836798;-0.41420180609505797
4233403.692801;3.7107106719090855E-06;3.985193722224956E-05;-87.95352053340393;-0.7837692585136679;0.5434824721785044;-0.4111734594991267
4238893.508717;2.763459592678605E-05;3.432672004850282E-05;-87.11751981749337;-0.7830789583315804;0.5439797900051898;-0.413756031255508
4244390.443745;8.929584353572943E-06;6.176834882570536E-05;-84.09485135158678;-0.7829980667439175;0.5443819375366091;-0.41227062459215286
4249894.507119;1.4155396319853055E-05;4.767995657406758E-05;-86.06643577641171;-0.7823741770041371;0.5449419995861755;-0.4140213145627806
4255405.708081;1.3787439631627386E-05;3.904267839537601E-05;-87.6588170456511;-0.7819157788225904;0.545576624235015;-0.41414073866561274
4260924.055888;2.0764573594139237E-05;5.1306582019348535E-05;-85.13777454852777;-0.7812010405748558;0.5462459602316947;-0.415987258264254
4266449.559807;1.0368484355273172E-05;4.20605317491972E-05;-87.26629723121292;-0.7811553279018036;0.5465263305937534;-0.4148644035759186
4271982.229119;3.427263257289286E-05;4.893149824635336E-05;-84.47465028828594;-0.7804490976706479;0.5475036387298763;-0.4150251851566403
4277522.073116;2.3406350672226936E-05;4.5373920829204826E-05;-85.83917287950055;-0.7799669967487837;0.5476672374770826;-0.4177646224726455
4283069.101101;3.056827517372882E-06;4.143793978082422E-05;-87.62846737455023;-0.7798455326587544;0.5484808745723827;-0.41440739444804076
4288623.322391;-2.331675802026219E-06;5.7290206958480046E-05;-84.83120430417323;-0.7795583532545239;0.5495705510728028;-0.4108317894042571
4294184.746314;1.2403098901093937E-05;5.6733164928718415E-05;-84.72049475547561;-0.7791603292361855;0.5491549758188207;-0.4159763071992658
4299753.38221;-4.1067493489059135E-06;4.9998678626535397E-05;-85.99162812337235;-0.7787050339326091;0.5499734280091468;-0.41506688729579105
4305329.239431;4.786379119177352E-06;5.837371971401501E-05;-84.64655163106687;-0.777642511942214;0.5508458467136912;-0.4183809766766383
4310912.327342;1.6935623967542887E-05;5.3209507510886796E-05;-85.06114550283634;-0.7773150763974154;0.5512219598776277;-0.41883361165281763
4316502.65532;1.601611833683731E-05;4.5111311774307443E-05;-86.39871326286297;-0.7771667977348085;0.5518029166148066;-0.41687167444828077
4322100.232753;9.511114004527667E-06;5.117074876025478E-05;-85.67205933688686;-0.7766223998440395;0.5525306338109883;-0.41707359248760234
4327705.069043;1.4826267934591853E-05;3.975324546769041E-05;-87.44694020265628;-0.7760566741311085;0.5529491784917434;-0.4190613745262731
4333317.173603;2.357346117920282E-06;6.76732207627612E-05;-83.38639643005756;-0.7758565910450081;0.5536271167631894;-0.41695894777451925
4338936.555857;1.0283109345326045E-05;2.7345698846241106E-05;-90.68781421711913;-0.7754724384801593;0.5545739863926907;-0.41479209516041304
4344563.225244;8.351925113227018E-06;6.14909501810522E-05;-84.1443870548242;-0.7751404125976524;0.5548082952770573;-0.4160102530766014
4350197.191214;3.1960835639639766E-05;5.199714647488839E-05;-84.28850609000946;-0.7743141808000003;0.5553280798910227;-0.4193724101280622
4355838.463228;1.9969561880806586E-05;2.9531021124967253E-05;-88.95900713875919;-0.7739333267557236;0.555778117502671;-0.41980108907371205
4361487.050761;1.4847715990289125E-05;4.3963592916303686E-05;-86.66905105987644;-0.7737759918228965;0.5565828225260264;-0.41668507928413806
4367142.963299;-8.821768181371936E-06;4.893893034986644E-05;-86.06803544207386;-0.7729706412192286;0.5570129238319282;-0.42035173159914624
4372806.210343;4.182382772376204E-05;5.570644222577394E-05;-83.14039801672587;-0.7729167082838919;0.5572617560906393;-0.4194241849073096
4378476.801402;1.1192577369912235E-05;7.292527021147664E-05;-82.6413223841361;-0.7725481569150794;0.5581898339971767;-0.4171974512864025
4384154.746;2.1249087204746295E-05;4.970153014793801E-05;-85.34354597848238;-0.7719569940458246;0.5586741849215111;-0.41897676555701724
4389840.053674;2.165517779469295E-05;4.673380029462412E-05;-85.76263598751126;-0.7711524998764434;0.5597276585971315;-0.41927912392047473
4395532.733972;-2.828815522436857E-06;4.347830822344012E-05;-87.21620171218217;-0.7710856407411679;0.5598276764483925;-0.4192367321487319
4401232.796454;2.36579444301679E-05;5.548775383001018E-05;-84.39066978687377;-0.7706354689249717;0.5609602064890672;-0.4164859597205336
4406940.250693;2.564632861454221E-05;6.603413322894252E-05;-82.9944849230624;-0.7698688727741426;0.5610084613946688;-0.42187548874954234
4412655.106276;2.002887922413214E-05;5.097214823204071E-05;-85.22977790428783;-0.7697973429922569;0.5618270349436238;-0.4180053879944709
4418377.3728;3.398447130932205E-05;6.651819294482708E-05;-82.53395822681259;-0.7690491747191919;0.5627251466396295;-0.41868130278609794
4424107.059875;-8.738266384679731E-06;4.842200886707961E-05;-86.15996556661743;-0.7684879863466568;0.5624506598443356;-0.4242885142244526
4429844.177124;8.556273222338653E-06;4.283867989497229E-05;-87.19339170082947;-0.7684430409539524;0.563227149668398;-0.42043536307828533
4435588.734183;3.3723197935038766E-06;6.871778484952638E-05;-83.2481702259833;-0.7677269699158675;0.5639977501495688;-0.4215424564456216
4441340.7407;-8.157633602120828E-06;5.8911632180942915E-05;-84.51349298472734;-0.7668351677250708;0.5645718951261894;-0.42499217099298875
4447100.206334;2.0007212058611488E-05;4.8479623709201624E-05;-85.60578490289701;-0.7666877910738876;0.565059861455464;-0.42343484830701394
4452867.140759;1.1926557535468538E-05;5.436113447471644E-05;-85.09006110917163;-0.7664885160510615;0.5654162809714794;-0.42296855035392844
4458641.553661;2.0235787357807637E-06;3.861705876232573E-05;-88.25250726969033;-0.7659730506622684;0.566205264903296;-0.42247597434034756
4464423.454736;6.251985489912919E-06;4.228260215668176E-05;-87.38283853096613;-0.7652670526795127;0.5666282920125821;-0.4253576962627675
4470212.853696;1.4357504452318987E-05;4.2045608406077554E-05;-87.04659205450903;-0.7647368135403573;0.5669946039236307;-0.42725492326426895
4476009.760264;1.3110053685302616E-05;4.2032675817829575E-05;-87.12507458075982;-0.764576032987231;0.5677495186325915;-0.42432923610729456
4481814.184175;2.124548525250387E-05;5.08230324032544E-05;-85.17934145310905;-0.7639920141763231;0.5686303338507406;-0.42381099524260857
4487626.135178;8.987374455643915E-06;4.87152882452972E-05;-86.10133899562543;-0.7636036524529672;0.5691419896976261;-0.4238642003619608
4493445.623034;1.2791363632872764E-05;4.808664328164987E-05;-86.0625913916079;-0.7630544459357185;0.5697347376297714;-0.42464658211901496
4499272.657517;3.0132119303469124E-05;5.4926229493102794E-05;-84.06178563066834;-0.7627632426335391;0.5702391898940983;-0.4240205108802502
4505107.248413;2.4336138580971784E-05;4.773620653696141E-05;-85.41967857984349;-0.7623934707223188;0.571097802524567;-0.4220289818940806
4510949.40552;2.026236405418971E-06;5.684235690192824E-05;-84.90104346871601;-0.7618863651395026;0.571399080013548;-0.42408159146431806
4516799.138652;1.1795845368459138E-05;5.302843736132302E-05;-85.3000766549522;-0.7612242753608062;0.5720012505538822;-0.4256137450822519
4522656.457632;-3.4265441034664112E-06;4.158590246078589E-05;-87.59169178591007;-0.7608449636899673;0.572072589593044;-0.4279889560724695
4528521.372297;1.2852622721345579E-05;4.82834808566307E-05;-86.02671137421251;-0.7606285125589416;0.573100684741668;-0.42392651186299835
4534393.892498;2.302663725248407E-05;4.749901887658318E-05;-85.54959216676913;-0.7598110430759797;0.5741624338769019;-0.42404529714525346
4540274.028097;2.6304692095372834E-05;5.756102112533364E-05;-83.97374927299113;-0.7599720699831585;0.5746538096850279;-0.42017213876320575
4546161.78897;1.609411267882662E-05;4.543120042525025E-05;-86.33948091525417;-0.7588562907541005;0.5753212276859916;-0.42461005948405156
4552057.185004;9.467062450162359E-06;6.805180615323706E-05;-83.25996027534754;-0.7586512671002684;0.5755513498944403;-0.42483171757010973
4557960.226103;2.3370040341014195E-05;5.765156448040706E-05;-84.12304558471847;-0.75799059680795;0.5763642279426552;-0.42514606338713645
4563870.922178;1.9402046095377862E-05;5.035505268692278E-05;-85.35798081770152;-0.757693770768702;0.5769883625879318;-0.42385329123297866
4569789.283157;1.0054354149539996E-05;7.352759307670758E-05;-82.59053617825627;-0.756957936964306;0.5772273835534074;-0.4278707491418543
4575715.318981;1.2649197230249538E-05;4.770821061919005E-05;-86.13309246869466;-0.7565345554397422;0.5776533849185213;-0.4285839659656951
4581649.0396;2.7826864884595206E-06;6.145546274054316E-05;-84.21989511491205;-0.7560363992528537;0.5787139075338856;-0.4263179691001672
4587590.454982;1.6543365137078035E-05;7.70535126497249E-05;-82.06843593255557;-0.7553762821564491;0.579569703214729;-0.4263488955459148
4593539.575104;2.55365602854714E-05;5.740069911278813E-05;-84.03737696330055;-0.75508801394983;0.5799758983165119;-0.4261784239066416
4599496.409958;2.1368887591559654E-05;5.248060595581636E-05;-84.93380881056376;-0.75483832235291;0.5803567018194473;-0.4258677903382335
4605460.969549;1.5051803151211368E-05;7.104263837399507E-05;-82.77891723540804;-0.7545656121926272;0.5807449829524336;-0.42567999142960883
4611433.263892;3.09780763189269E-05;7.243090763023114E-05;-82.07196794881384;-0.7533028953509328;0.5812945842840757;-0.43174549784283844
4617413.30302;9.459952976739907E-06;6.0722991143960076E-05;-84.22879190477863;-0.7530983867540051;0.5820440633665024;-0.429041734091368
4623401.096975;1.3574675639005383E-05;5.6338205897204026E-05;-84.73885002821156;-0.7530588208248011;0.5826794934543379;-0.4257806756508652
4629396.655813;1.2589347442810314E-05;6.685951954705477E-05;-83.34542183817844;-0.7523612337180918;0.5831504624769001;-0.4281817175754931
4635399.989604;-3.75772468150527E-06;2.9473096075077937E-05;-90.54145602375606;-0.7518021942019045;0.5837066352479561;-0.4291016418517879
4641411.108431;2.118540354526619E-05;5.620305983196785E-05;-84.42780988789639;-0.7512716353811024;0.5848431898742261;-0.42655846352450155
4647430.022388;9.55159990299897E-06;4.5172929057312175E-05;-86.71248127165003;-0.7506486847237243;0.5846847418997423;-0.4319323430957487
4653456.741585;2.515552846131671E-05;4.510949771905798E-05;-85.7386831898752;-0.750249384025053;0.5858789199600417;-0.4281033095561235
4659491.276144;1.0067387173678789E-05;5.330932789431886E-05;-85.3117480611383;-0.7498521777766878;0.5861237106923367;-0.4295843365682556
4665533.636198;1.6590201154664942E-05;4.680505097883254E-05;-86.08016161178048;-0.7491904577463424;0.5867521062231708;-0.4308067046684896
4671583.831896;2.369623994088712E-05;5.269196718867654E-05;-84.76519497292834;-0.7484639236301458;0.5875714811621092;-0.43141047464902094
4677641.873399;1.1715791543597283E-05;5.919951746272622E-05;-84.38678823602778;-0.7484954415775044;0.5881866591206718;-0.427716423513129
4683707.770882;3.5313517073688295E-05;7.711152877782804E-05;-81.43075910724681;-0.747937317051626;0.5883699843851699;-0.4306863660232273
4689781.534532;1.91282227466796E-05;5.838348393347042E-05;-84.23138257399346;-0.747199928092151;0.5888829295592769;-0.43307831685199716
4695863.17455;6.745418981152963E-06;6.248030406921119E-05;-84.03481076299714;-0.7468824454671863;0.589417264855881;-0.43233337803798
4701952.701149;3.280668237767947E-05;5.203594550241013E-05;-84.22046802609502;-0.7462122060218083;0.5905352208878821;-0.4308060937283006
4708050.124558;7.636105331921634E-06;5.404634679716298E-05;-85.25883182271565;-0.7457754347369552;0.5912228654582251;-0.4300341651323539
4714155.455015;-7.160452743262715E-06;6.211531360118611E-05;-84.07869421640761;-0.7447349883736952;0.5913142640893244;-0.4369574795599901
4720268.702776;2.012935683590219E-05;4.705492806071229E-05;-85.81805262901895;-0.7448006418758822;0.5919917642633726;-0.432639732029004
4726389.878107;2.7593982526674632E-05;5.7259905688226105E-05;-83.93605233122463;-0.7438369005443637;0.5924526054282024;-0.4369062718700685
4732518.991289;2.023922132533026E-05;2.6428564585828747E-05;-89.55422963249293;-0.7439179971892669;0.593328621218549;-0.4313416507991527
4738656.052615;-7.458031572080345E-06;6.942362726244354E-05;-83.12002017136031;-0.7436022211633079;0.593879285486144;-0.43045905393437545
4744801.072392;-6.608143733010142E-06;5.54293406543022E-05;-85.06391489040125;-0.742789438601979;0.5945363353490712;-0.4325084688836114
4750954.06094;1.9779830272253406E-05;5.373792618142411E-05;-84.8425773621493;-0.7417722457353975;0.5953617443141209;-0.43504208406738154
4757115.028595;3.8483902470530886E-05;3.5631593536878336E-05;-85.6056921291435;-0.7415958871410862;0.5959209156483082;-0.43310057999536217
4763283.985701;1.4827999629176322E-05;3.666793592978424E-05;-88.05650222144088;-0.7411486806989865;0.5967249435371276;-0.4316813195194925
4769460.942621;2.5198391886507862E-05;5.955298055096052E-05;-83.78666190768121;-0.741097609331618;0.5966188195700837;-0.4326520274087892
4775645.909729;2.5808378318252354E-06;4.6716618765467064E-05;-86.5973376561165;-0.7399851492646282;0.5972325361855833;-0.4370441124310945
4781838.897411;-2.1965061421173596E-07;5.1736554326476174E-05;-85.72397169667164;-0.7396705962564954;0.5976449761689351;-0.43691259103597946
4788039.916069;2.4775464452675063E-05;4.862322868425835E-05;-85.26069180635417;-0.7391863693347622;0.5988620930928987;-0.43335923162874074
4794248.976117;3.267626273113299E-05;4.044759144194541E-05;-85.68034142261305;-0.7384123225723224;0.5991587638073517;-0.43714372730065737
4800466.087983;-1.4314472989148873E-06;4.723672024977064E-05;-86.51041892341318;-0.7379923774914087;0.5998671536414146;-0.4360422435325102
4806691.262109;8.320026245194332E-06;6.416166945396021E-05;-83.78206724623337;-0.7377736226777707;0.600040530742321;-0.43659347855447606
4812924.508949;1.4119088501722059E-05;5.61372282104567E-05;-84.74859652040027;-0.7369534722522441;0.6011679816675719;-0.4358981433272419
4819165.838973;1.4086107861610094E-05;4.708986986206969E-05;-86.16925670073451;-0.7364239064466984;0.6014402600188935;-0.43807282209051934
4825415.262662;1.7528027220567155E-05;7.303439020504377E-05;-82.48624353931497;-0.7364339005533553;0.6017995772290673;-0.43592571061465496
4831672.790512;1.91200438114513E-05;7.86500732331194E-05;-81.83665214430157;-0.7358649830512808;0.6026240646884412;-0.43517954687194216
4837938.433032;2.3767685980002926E-05;5.6145548542400534E-05;-84.2978109017159;-0.7348402980914194;0.6029965748982159;-0.44026116950882255
4844212.200746;2.2729237450455127E-05;3.97268066620118E-05;-86.78849680514699;-0.7345438623493731;0.6042246049913956;-0.43523224722334825
4850494.104191;2.1182738165840886E-05;5.019833369953176E-05;-85.2745108153701;-0.7337031760182872;0.6044663539144776;-0.43975754476494594
4856784.153915;2.4189586895593788E-05;6.755619361190274E-05;-82.88279182272653;-0.7330039126265118;0.6052833978116972;-0.43993630228825326
4863082.360484;1.0663728326530402E-05;6.051033526974322E-05;-84.23058220784704;-0.7328240467900651;0.6054557388969646;-0.44020059966010877
4869388.734475;3.883679429546335E-05;5.130963290715942E-05;-83.82897389303284;-0.7322884817524895;0.6058739432053164;-0.4415373200631111
4875703.28648;1.7683662047386453E-05;6.578191245639699E-05;-83.33484648635626;-0.7318293754080635;0.6070126667885122;-0.4381301999673044
4882026.027103;2.1484604469117873E-05;5.190229801466414E-05;-85.00940518202314;-0.7312193474681692;0.6074608366650975;-0.43980330197443185
4888356.966963;2.2397067482207054E-05;4.798823705285873E-05;-85.52144628863729;-0.7312575914434697;0.6080378179680177;-0.43616563815440496
4894696.116694;3.8396537447913786E-05;6.590014180257672E-05;-82.35291769781384;-0.7306712848739256;0.6089367094703074;-0.4350287792293136
4901043.486941;2.2810723124186392E-05;6.362275620681301E-05;-83.40256392931876;-0.7296326349846638;0.6097218809782058;-0.43771736044383236
4907399.088365;2.7008347334860797E-05;5.095021727682326E-05;-84.78159311641133;-0.7294980120836075;0.6101381377893933;-0.436222089526761
4913762.93164;2.2308070524420553E-05;3.327560159674229E-05;-87.94547782002466;-0.7287162682505259;0.6108604574835584;-0.43746113136162046
4920135.027453;3.0815040915005564E-05;5.350160574622786E-05;-84.1884841091703;-0.7285131094062434;0.6111849797072288;-0.4369782838166126
4926515.386507;2.2755712951268516E-05;4.352698456058036E-05;-86.17546925442761;-0.7276444363709209;0.6116504563602506;-0.44032089530081875
4932904.019517;1.2799304357218038E-05;5.24347144038448E-05;-85.35626498522248;-0.7272270010382165;0.6124629297268082;-0.43846005574501773
4939300.937213;2.8041990654801272E-05;3.5139294918026276E-05;-86.94407193992734;-0.7266287738770514;0.6129598749844641;-0.4397130445677416
4945706.150339;2.364121739576013E-05;4.260147693867853E-05;-86.2455715566177;-0.7264747035625353;0.6138457331678422;-0.4355682152485895
4952119.66965;2.330910832634344E-05;5.6004954554609185E-05;-84.3416758658755;-0.7261045331879269;0.614367787589974;-0.435071365394602
4958541.50592;3.126219793315896E-05;4.2663645805514014E-05;-85.53228089533143;-0.7251221805822401;0.6144166214401857;-0.441632004512134
4964971.669933;1.9771129836158674E-05;7.331072385864135E-05;-82.39173583839852;-0.7245475278525179;0.6153977416740675;-0.4398364698208756
4971410.172488;1.539862744132781E-05;5.7787556467630764E-05;-84.46539413720609;-0.7233885913675717;0.6160189128401874;-0.44422710592201825
4977857.0244;6.5327686321242005E-06;4.329377391302072E-05;-87.1737156064316;-0.7238342086981443;0.6165674686059491;-0.43787659468076884
4984312.236494;7.657686832520825E-06;6.810561849770632E-05;-83.28178012335569;-0.7227643019667849;0.6175872588688918;-0.4392657774341307
4990775.819613;1.2771403356341017E-05;6.601870758537043E-05;-83.4470992537341;-0.7221186624660273;0.6177937749438941;-0.44252370693807963
4997247.784612;5.15454700330764E-06;5.884133196936876E-05;-84.57315000691489;-0.721618186910752;0.6184170944243703;-0.44229289398084604
5003728.14236;1.0040644195435119E-06;6.393702900122504E-05;-83.8838800639074;-0.7214280835918978;0.6181354243761051;-0.44528785913256086
5010216.903742;9.500509385612782E-06;4.827159239292822E-05;-86.16111723400381;-0.720684573870732;0.6194699394312985;-0.4425008660024462
5016714.079654;1.6556995782893282E-05;4.729226473165927E-05;-86.00206489837562;-0.7196172696748666;0.6199808588165211;-0.44685008251564473
5023219.681008;2.401171112032113E-05;3.828646522388476E-05;-86.89855861849738;-0.7197067423381036;0.6207697338445985;-0.44152192647474214
5029733.718732;4.145659215283899E-06;4.294734327829988E-05;-87.30099449362365;-0.7191530624072151;0.6214394893770382;-0.4413521764780408
5036256.203764;1.2830494454653238E-05;6.202982610809599E-05;-83.96604338358793;-0.7187694469058039;0.6220190272914805;-0.4405396788220587
5042787.147059;3.311744605991316E-06;5.759237401175353E-05;-84.77836362233725;-0.7176645629049305;0.6229032508332272;-0.44287777546182805
5049326.559585;2.2525454047170605E-05;6.957627750055906E-05;-82.71787937112428;-0.7169059300331484;0.6235664057094182;-0.44413657096280007
5055874.452327;2.9565552637446454E-05;6.691080301048918E-05;-82.71550646184231;-0.7168414677758386;0.6240983722311007;-0.4413891847059431
5062430.836279;2.3460207410300058E-05;5.3490239390002075E-05;-84.67043543843974;-0.716385051172633;0.6240693497758014;-0.4447094531768232
5068995.722454;1.3537272567758934E-05;4.9428850149339925E-05;-85.80627724797813;-0.7157272227268224;0.6250612230242163;-0.44328126070399754
5075569.121878;4.065705914759691E-05;7.27876399912273E-05;-81.5795040013119;-0.7154542195839838;0.6257360088083163;-0.44110158343739814
5082151.045589;2.8849768209127178E-05;5.988611459921724E-05;-83.54709822684676;-0.7144444581059567;0.6263892186178543;-0.44411173843879714
5088741.504643;2.6129904880013137E-05;6.60396602651218E-05;-82.97224176723932;-0.7141033756308908;0.6265740936491964;-0.44534154416846683
5095340.510108;5.665989627354976E-06;7.994048335989113E-05;-81.92290185431543;-0.7132251154956748;0.6275746697303953;-0.4453352620118012
5101948.073066;4.409771911067331E-06;7.0035350178241E-05;-83.07646998126806;-0.7132031114637454;0.627884201576743;-0.44361670308907863
5108564.204615;2.9666655335415505E-05;4.397933392926942E-05;-85.50630805021535;-0.7123251673906317;0.6286392859179086;-0.4450731917466465
5115188.915867;1.3888657187946286E-05;6.743189389496266E-05;-83.24225771064124;-0.7119100859593521;0.6292440085251324;-0.44425771326089625
5121822.217947;1.644560453222401E-05;5.744675864343576E-05;-84.47260260495092;-0.7106665147151652;0.6300511948469274;-0.4478797205456314
5128464.121996;2.0418009571890667E-05;6.320829333796021E-05;-83.55346437597818;-0.7103156090167735;0.6306719797667442;-0.4465125166494024
5135114.63917;8.020913924533952E-06;7.601003510945943E-05;-82.33448818105029;-0.7100059684495513;0.6312685352647506;-0.4450061040312395
5141773.780636;-6.882139199031301E-07;6.135208344582854E-05;-84.24286724746209;-0.7096587341023344;0.6316881827109485;-0.44482788687443087
5148441.55758;2.4279458697482916E-05;5.516420115581614E-05;-84.39784668573232;-0.7090709586474954;0.6324291097799896;-0.4443336726016026
5155117.981199;2.461901932280057E-05;5.5472164758215006E-05;-84.33767956423765;-0.7085792728865635;0.6329058955716719;-0.44478468331925847
5161803.062706;1.713430144484489E-05;3.206262465428034E-05;-88.7890122344483;-0.7073657341903137;0.6336115393787254;-0.4487538681916379
5168496.813329;2.130909500875509E-05;5.8542295466112503E-05;-84.11025261888605;-0.7071796341573904;0.6341616280798202;-0.44666367830554055
5175199.24431;1.0708114090056294E-05;5.796916704719404E-05;-84.59034188814181;-0.7061976452499245;0.6344772660337147;-0.45141945278203677
5181910.366906;1.6436268555792384E-05;5.010895830979285E-05;-85.5578985576579;-0.7057310642062476;0.6352199651773905;-0.4500500905562218
5188630.192387;1.5476309894474257E-05;5.29485782692659E-05;-85.16688327334357;-0.7050870639701626;0.6359911418002618;-0.44970442109883796
5195358.732039;2.0037796319788032E-05;6.106781465033339E-05;-83.83966749747265;-0.704501093764378;0.6364349135323247;-0.45096327009656983
5202095.997163;3.6079791269478005E-05;7.939067663953668E-05;-81.18921861518515;-0.7041020739602696;0.6369955391132425;-0.4502316607634511
5208841.999073;1.1210960658424223E-05;4.8984149232042614E-05;-85.97715825875035;-0.7033238548390264;0.6379454104683072;-0.4496741175558212
5215596.7491;2.6106938227235233E-05;6.693741780896387E-05;-82.87166004173528;-0.7031933317460275;0.6380974327408919;-0.4496240048485216
5222360.258588;1.8542018402817867E-05;3.4895261107278265E-05;-88.06461990274889;-0.7024977774048276;0.6394252941764579;-0.44616393996369247
5229132.538896;1.9984419844445678E-05;4.745242781108906E-05;-85.76572261675666;-0.7017976232392426;0.6395467566960431;-0.45015019748371415
5235913.601398;2.987656210321006E-05;4.653478690855404E-05;-85.14548976797357;-0.7013628095173019;0.6399263705358013;-0.450749542048752
5242703.457483;3.201304561166425E-05;5.582633051003219E-05;-83.82851324650439;-0.7006063274819713;0.6409349186640968;-0.4496355620342407
5249502.118553;1.0941075166249707E-05;6.731939950275812E-05;-83.32396828197108;-0.6997603044902533;0.6412814986104618;-0.4532030655382613
5256309.596028;3.4588376226348315E-05;4.4649351004600947E-05;-84.96220165576472;-0.6990784321412081;0.641973118538424;-0.45352270972465913
5263125.90134;3.4883374925927054E-05;5.543690781024106E-05;-83.67532524408959;-0.6987963344125099;0.6428107024684622;-0.45023711018730295
5269951.045936;6.155108836506916E-06;6.08460773277278E-05;-84.27113245255214;-0.6982104482483624;0.6431228632302166;-0.45224674132944764
5276785.041281;7.160358342623611E-07;6.144639401471064E-05;-84.22948227198795;-0.6973969320565178;0.6439643024344409;-0.45249902270793263
5283627.89885;6.158997143427588E-06;3.723210368624224E-05;-88.46440365285703;-0.6971235687521229;0.644564334926462;-0.4506102983637419
5290479.630137;1.3468205946147027E-05;4.5080762653869143E-05;-86.54887565306248;-0.6962585376326325;0.6446947477789193;-0.4556100757284792
5297340.246648;3.939997571883578E-05;5.2453849328364455E-05;-83.66151511578306;-0.6959040299479053;0.6455370557836746;-0.4527496353733252
5304209.759907;1.8659737473566043E-05;4.967973911487802E-05;-85.50326901400597;-0.6947655923309201;0.6462250541412763;-0.4560983195106787
5311088.18145;3.974478326812429E-05;6.393305031668039E-05;-82.46640448113489;-0.6951109389653753;0.6468374310927506;-0.44996752272711404
5317975.522829;3.2074367774090585E-05;5.0453846423798766E-05;-84.46802232680119;-0.6937845705797723;0.6473426108026987;-0.45569584906560595
5324871.795611;1.998045016352388E-05;5.5709473308473874E-05;-84.5558914661727;-0.69317497380225;0.6479770967273301;-0.455809798465881
5331777.011379;2.773821362585536E-05;4.733298579578571E-05;-85.21459470582104;-0.6925326154351962;0.6485297288835076;-0.45664738693283946
5338691.18173;1.7634272514580754E-05;7.191920490803195E-05;-82.60954855961016;-0.6920504660581566;0.6493403987637333;-0.4547924470483078
5345614.318276;2.4379928063192297E-05;7.450671037731926E-05;-82.11433534781679;-0.6917345460786692;0.6497581563225545;-0.4542835063675771
5352546.432644;3.094553032338648E-05;5.636476787090912E-05;-83.83565144265401;-0.6911204530784154;0.6505793011740993;-0.45322975470715776
5359487.536476;2.0966527425380604E-05;6.886918692736169E-05;-82.85455646141573;-0.6903148694500499;0.6510673207090348;-0.4555328743010788
5366437.64143;1.6509441614612365E-05;7.752704455668005E-05;-82.0183264305063;-0.6896989648427194;0.651886301060672;-0.4544857020015103
5373396.759178;2.1792450850198226E-05;4.63610331655769E-05;-85.80993749827685;-0.6891989925551573;0.65233367172357;-0.4549965862865424
5380364.901408;2.4732796101778866E-05;6.542321545864282E-05;-83.10521690387037;-0.6887431445119578;0.6528975321436684;-0.4544765643182669
5387342.079824;2.945006794369127E-05;4.5504848118449605E-05;-85.31948547914779;-0.6880583169875893;0.6535980688505215;-0.45460976790729735
5394328.306141;-3.755077719394695E-06;4.4412362993955153E-05;-87.0189862050175;-0.687424613914447;0.6537259940950229;-0.45800789383638657
5401323.592095;1.7839413053198795E-05;5.3938464130434204E-05;-84.91119947283431;-0.6868947551898426;0.6548248194424191;-0.4545843757951942
5408327.949434;7.10721461724456E-06;5.549340129779592E-05;-85.04451487805589;-0.6855998937026982;0.6557655221780645;-0.4572099479533086
5415341.38992;6.443189415586866E-06;4.891821499169569E-05;-86.13589070882533;-0.6854988295937822;0.6556385502480402;-0.4586822373780829
5422363.925333;1.6333972397719353E-05;6.877400982101025E-05;-83.01319933513287;-0.6850438230826411;0.656946873721302;-0.45340654834575556
5429395.567467;3.304236280615665E-05;4.585876063412683E-05;-84.95553107047792;-0.6838028908532828;0.657148210747481;-0.4603255147463591
5436436.328132;1.4900727072151393E-05;5.799948322467361E-05;-84.45393139536259;-0.6833341887194433;0.6582358667502651;-0.4565130901115114
5443486.219152;3.5157306772704186E-05;6.202190720806383E-05;-82.93900978123021;-0.6830439002772579;0.6586487917421232;-0.45580334274811285
5450545.252368;3.1624996270407115E-05;6.204617048090731E-05;-83.14270111938117;-0.6820561006449262;0.6591427518363157;-0.45916909884447854
5457613.439635;3.385268730115163E-05;8.048131264945275E-05;-81.17860058419588;-0.6814308630004023;0.6591675689356962;-0.4631282314833302
5464690.792823;1.1525634063830997E-05;7.644421257252552E-05;-82.23548870473634;-0.6807684380567555;0.6601119663584955;-0.46146853520277425
5471777.323819;1.4931559911032757E-05;5.5982579049295086E-05;-84.7404857616394;-0.6800491111793269;0.6610029655393724;-0.46051117825758386
5478873.044525;1.6462998014624355E-05;4.916328635684614E-05;-85.70561198526474;-0.6797495334178554;0.6614979165397052;-0.4593176361493024
5485977.966857;3.484862456192429E-05;6.967390211777493E-05;-82.16891501958901;-0.6786494161073772;0.6617239216950657;-0.4650919101359127
5493092.102749;3.006238153964837E-05;5.047130112902176E-05;-84.62042579430475;-0.6781775820141003;0.6624898424384991;-0.46328420491953504
5500215.464148;3.1627070752556375E-05;5.471110035427649E-05;-83.98638034717548;-0.6776626622689047;0.6631857464389472;-0.4622001037105331
5507348.063018;1.0235829171247928E-05;6.939801814061213E-05;-83.07959244721343;-0.6772057536321879;0.6637568170590563;-0.46153001656809
5514489.911338;3.7568068180777806E-05;4.369575859199341E-05;-84.7877309570613;-0.6764005386395724;0.6644719533219096;-0.4622066380677384
5521641.021101;1.982890097551393E-05;6.084681738617129E-05;-83.87690895886632;-0.6759940722506372;0.6652817240619779;-0.4596611874887653
5528801.40432;2.8537276470762426E-05;5.29881670339759E-05;-84.41036926627113;-0.6752789422744186;0.6660869884100442;-0.45915058977984546
5535971.073018;4.012146577303518E-05;6.140442602174553E-05;-82.69198710172036;-0.6743120043010524;0.6665505597979877;-0.4624691311408706
5543150.039238;2.0553275159392675E-05;6.184243567394005E-05;-83.7192551385379;-0.6740863055724922;0.667108820833613;-0.46034308217968944
5550338.315036;5.785107100781846E-06;6.17826123802242E-05;-84.14476256486907;-0.6736055657567775;0.6677015533435284;-0.45965122063984587
5557535.912485;2.2062444260339037E-05;5.470328439893602E-05;-84.58520509130445;-0.6721997320421321;0.6680235370546399;-0.4667147093830076
5564742.843673;2.5691751452559685E-05;4.570570662644202E-05;-85.60812983347581;-0.6720103552364021;0.6690526677142877;-0.46129507396810454
5571959.120703;8.159127967462297E-07;7.281805102210042E-05;-82.75467376980076;-0.6710884352906332;0.6696202798041202;-0.46360609955111237
5579184.755696;1.1853362723051092E-05;3.971736780435805E-05;-87.64984041775995;-0.6703195705090806;0.6703996712289602;-0.46354309446865444
5586419.760787;1.7980084031992597E-05;6.536940576928161E-05;-83.37578155883635;-0.6698637387409673;0.6709880008086375;-0.46268170813742954
5593664.148126;2.0725443710201487E-05;7.927443710829482E-05;-81.73019931184355;-0.6696635703678295;0.6711487141311833;-0.4629350223243375
5600917.929881;2.7553211652768132E-05;6.69128879459457E-05;-82.80957727241446;-0.6682522778496068;0.6720957294614278;-0.4659127862913678
5608181.118234;3.5608711080853783E-06;6.31433421287594E-05;-83.97965908787066;-0.6683088007224635;0.6729323088347728;-0.46011122424190154
5615453.725383;1.9299374725889952E-05;7.091327046561024E-05;-82.67513134771815;-0.668095252481518;0.6732260833209409;-0.4595797548135486
5622735.763542;2.025135820872131E-05;6.700952906027373E-05;-83.09768956757573;-0.6669492674061178;0.6740255889724724;-0.46176632570286374
5630027.244942;4.199327180192115E-05;3.9441328385032854E-05;-84.78985778338868;-0.6658167286252523;0.6746996513275662;-0.4646667592298216
5637328.181828;1.575187176243835E-05;6.27412426451747E-05;-83.78347606804711;-0.6653777117182769;0.6750049448936677;-0.4654999241687405
5644638.586462;4.017760326772686E-05;5.75321841457572E-05;-83.07665020268965;-0.664478838431739;0.6754212907331746;-0.4685617397701358
5651958.471122;2.6209353593645286E-05;5.370621416853888E-05;-84.4717516732851;-0.6638439604362718;0.676082871020199;-0.46831596361754035
5659287.848101;1.8613312325447768E-05;5.995408751610495E-05;-84.04399294904539;-0.6634462390857848;0.6768482963460144;-0.4658608031243221
5666626.729709;3.12109589998539E-05;6.34218083872789E-05;-83.01338476791435;-0.6631501775154939;0.6771242743521608;-0.4659530869517905
5673975.128271;4.377615697728472E-05;6.399947658046859E-05;-82.20960446375345;-0.6620767215739947;0.6781148417478315;-0.46634045491886045
5681333.056129;1.1378406638770782E-05;7.67054726580846E-05;-82.20894519249698;-0.6613138373114202;0.6782799175243013;-0.470141100227866
5688700.52564;1.1193704903513006E-05;5.527666681189078E-05;-84.9746241893067;-0.6611471773565593;0.679653859721146;-0.4621858966048615
5696077.549177;3.0254223232640965E-05;5.388119030281182E-05;-84.1810712637336;-0.6601389806755459;0.6803578296916092;-0.46399635047749777
5703464.139131;1.4546094895039093E-05;5.61660323319833E-05;-84.72858527816491;-0.6593040741292946;0.680380016979115;-0.4691772234133021
5710860.307906;2.329854374140903E-05;5.987897246301911E-05;-83.84227331954796;-0.658949590102317;0.6813448745083405;-0.4650831038861583
5718266.067924;3.562301591118214E-05;6.652644127440514E-05;-82.44524066870716;-0.6583801135889379;0.6821071355179799;-0.4636857775223626
5725681.431624;3.041188655790642E-05;4.71486767874824E-05;-85.01981753490344;-0.6570560687434729;0.682361875768555;-0.47042775655719377
5733106.411459;1.9743656568368E-05;6.197574824711103E-05;-83.73576955602073;-0.6568886785280275;0.6830475572689626;-0.4669624199876777
5740541.019899;2.3590849460313986E-05;5.0055274520238634E-05;-85.1398649013392;-0.6565783740658773;0.683337212275423;-0.46701945780111864
5747985.26943;1.2420257463791235E-05;6.382260172986308E-05;-83.73907416755284;-0.6554273042510702;0.6841203652876301;-0.4691443432458625
5755439.172555;1.9827994543822902E-05;6.373181246013575E-05;-83.51162694631759;-0.6541385143696377;0.6847950983158179;-0.4728429264741095
5762902.741792;3.275402293414357E-05;7.046363365395158E-05;-82.19110510250496;-0.6539311197100112;0.6855616666877545;-0.469071367758334
5770375.989677;8.73835584342979E-06;7.166882507988257E-05;-82.82930657692249;-0.6533939597104419;0.6861402431339264;-0.46862921128560475
5777858.92876;3.199740560047647E-05;7.010770505627642E-05;-82.26292212329616;-0.6529044616009987;0.6865065533759347;-0.4692901815667504
5785351.571609;4.306744680968541E-06;7.875178484752812E-05;-82.06182269134096;-0.651718306003762;0.6875774480355313;-0.46965785941330085
5792853.930807;1.532677397880273E-05;3.7735073571071595E-05;-87.80193988220331;-0.6514193171411864;0.6879017765205696;-0.46938454804033575
5800366.018955;2.7306186686708816E-05;5.254514772417809E-05;-84.55111247372004;-0.650493912355949;0.6887896826614647;-0.469299504713204
5807887.848669;2.4016247178607594E-05;7.107592937083092E-05;-82.49602093190879;-0.6497891327057012;0.688915571545599;-0.4728959082645009
5815419.432582;2.3816603046237333E-05;6.090418002561866E-05;-83.68906473879612;-0.6485875185530562;0.6895652819231761;-0.4761151408112013
5822960.783342;1.4657722766993974E-05;6.0665865865660085E-05;-84.09470671291338;-0.6482901241847439;0.6909512870540001;-0.4687179065215988
5830511.913616;3.072727738241082E-05;3.468121667677556E-05;-86.68177591158803;-0.6475898067500949;0.6911869014345747;-0.471533870500944
5838072.836084;2.5748022716138305E-05;6.399750182717563E-05;-83.22517065739413;-0.6472271776387474;0.6921477093052064;-0.4673746087927846
5845643.563447;2.9097396598290883E-05;6.742800444210728E-05;-82.6815393541927;-0.6464095998755836;0.6924774939685664;-0.470282354621692
5853224.108417;2.2185529563095932E-05;7.038235185783939E-05;-82.63932476845395;-0.6455858933436184;0.6931981274569058;-0.47060014084849194
5860814.483727;1.2990706644417996E-05;5.495942338025627E-05;-84.96305079574917;-0.6449847586374748;0.6936709658963597;-0.4711811806012612
5868414.702125;3.3967466447885174E-05;5.484730763655704E-05;-83.80696261676333;-0.644461406936204;0.6943611799781023;-0.4698105022313984
5876024.776375;2.770106479895562E-05;5.5866879950777185E-05;-84.10222669514673;-0.6430987135873941;0.6950001197644802;-0.47400722050076916
5883644.719258;1.0472982896047402E-05;4.6712071865137724E-05;-86.39842040311068;-0.642899722702207;0.6956322748556637;-0.47098965310736896
5891274.54357;1.7939237314752504E-05;7.07450821186524E-05;-82.73543157884205;-0.6421221705240574;0.6956992969550014;-0.47537691177062574
5898914.262128;1.2928902357275742E-05;8.065563763584135E-05;-81.75712172643469;-0.64169145446239;0.6968393026075729;-0.4703671171701563
5906563.88776;2.595611312152122E-05;5.649968557825689E-05;-84.127455332844;-0.6407359918782514;0.6969890352916888;-0.47529002188569586
5914223.433315;1.775522606296672E-05;6.520735990035213E-05;-83.40345421142226;-0.6398977761983762;0.697896271876128;-0.4743596280891376
5921892.911657;2.719488322563102E-05;4.133882353205211E-05;-86.11106985741353;-0.6396463073240649;0.6987639653098581;-0.4700499266376553
5929572.335666;3.09074728354416E-05;7.204702413860074E-05;-82.11404224383669;-0.6386080853515685;0.6991155301998587;-0.47409591428136055
5937261.718239;3.560493036680028E-05;6.116847904854254E-05;-83.0022348748287;-0.6380239691016869;0.6997589751174604;-0.4733480964328351
5944961.072291;4.507207997548682E-05;5.303263661759666E-05;-83.14800084774998;-0.6373154057644712;0.7004941945033818;-0.47273871592455985
5952670.410753;1.3386479030462477E-05;5.797246425063018E-05;-84.5099619423251;-0.6364012766472198;0.7010691252830262;-0.4744752453766973
5960389.746572;4.4321617651633694E-05;5.5435925946888744E-05;-82.97780830539493;-0.6360220017253638;0.7013712634571504;-0.4747604269104119
5968119.092712;2.2913326526059516E-05;5.94867661969064E-05;-83.91078800818704;-0.6353264073886709;0.701760840284679;-0.4763968384088042
5975858.462156;2.0542649437082556E-05;8.466142141634646E-05;-81.19783588894282;-0.6344579877181108;0.7029467520185231;-0.47366839889351375
5983607.8679;1.086881182714176E-05;6.441695306915012E-05;-83.6980867002548;-0.6336005891268066;0.70337168168159;-0.4760405987448417
5991367.32296;3.345877262532074E-05;5.9504483308489744E-05;-83.31588641537117;-0.6329064808351947;0.704358625174265;-0.4735685677518412
5999136.840368;1.5008298501477972E-05;7.00158638774917E-05;-82.90096853438976;-0.631796704489809;0.7048526750968024;-0.4769956661530833
6006916.433173;3.844638345034357E-06;4.4620538793957336E-05;-86.97718061832205;-0.6315680546569825;0.7053048555556922;-0.47530542811384446
6014706.114439;3.0503707383873973E-05;4.456939873816964E-05;-85.35077347620035;-0.6305830062137616;0.705771339809972;-0.4781409862467715
6022505.89725;1.544627377173723E-05;6.555981716021552E-05;-83.43262140355546;-0.6295221455727836;0.7069631150416333;-0.4764595669208507
6030315.794705;2.5070716068303237E-05;3.949746010213968E-05;-86.59835557975542;-0.6290170499355293;0.7071185796891878;-0.47847542704720086
6038135.819921;3.452762566419991E-05;7.606160047664046E-05;-81.5629866096379;-0.6283615296308792;0.7079858252717992;-0.4765217826173765
6045965.986031;2.827773873325349E-05;5.8052319371719215E-05;-83.79894951603188;-0.6277701965961714;0.7082923742986116;-0.4780178609381433
6053806.306185;3.441710137731376E-05;4.808791643097254E-05;-84.5630628347282;-0.6268463354497793;0.7092735461721507;-0.4768942550381514
6061656.793553;2.1115330092700935E-05;4.551112417410061E-05;-85.99096150602607;-0.6263760069606481;0.7097852913588728;-0.47623137860479275
6069517.461317;3.813256234416704E-05;7.895080076699268E-05;-81.14224969411876;-0.62578030362483;0.7102339181634307;-0.4767589512300732
6077388.32268;2.2944759145701924E-05;6.627273095623649E-05;-83.0816407132549;-0.6245712351626889;0.7109541408311462;-0.4791257771443065
6085269.39086;3.7347009325625226E-05;5.864282529841844E-05;-83.15713113739214;-0.6243711293601487;0.7115570867068942;-0.4761793644236594
6093160.679095;1.637147462338294E-05;6.393276230046849E-05;-83.60969632204498;-0.6235358215703145;0.7123054745738998;-0.47606686078121085
6101062.200636;1.2753734349950613E-05;6.107566972196972E-05;-84.09727290835484;-0.6227475780511298;0.7126550440387452;-0.47841422184746896
6108973.968755;3.671355132570504E-05;7.075246163239583E-05;-81.96966755097277;-0.6217883844484365;0.7129688622812268;-0.4820346297912209
6116895.996739;4.195583175165504E-05;9.078447086064292E-05;-79.99908288104635;-0.6209044049008337;0.7141509646538265;-0.4791797903112929
6124828.297893;1.9608627727210692E-05;6.32559685008528E-05;-83.579496090206;-0.6207030511606896;0.7149021271761711;-0.47518826111673734
6132770.885539;4.1579363450997864E-05;6.711584663810416E-05;-82.05276373456748;-0.6192704910372472;0.7155121628650722;-0.47956915010757784
6140723.773016;1.6249230442963187E-05;6.123409101522378E-05;-83.96460351058883;-0.6191537491951767;0.716199364678328;-0.47550046205085905
6148686.973682;4.505343583931887E-05;4.601503621786862E-05;-83.82245476823144;-0.6185114829650211;0.716381260674996;-0.4780903043634991
6156660.500909;3.614035161853305E-05;5.657615589479728E-05;-83.4611374944515;-0.617392887113373;0.7167297091039264;-0.48237404741743073
6164644.36809;3.818946416520721E-05;5.487606811101836E-05;-83.49710157526268;-0.6165840105151742;0.7179691333541327;-0.4785899390180303
6172638.588632;3.6196405732979614E-05;8.318110161286103E-05;-80.84638400558333;-0.6156153539013028;0.7179437634049741;-0.4845582205861815
6180643.175963;3.6672158431179956E-05;4.868932642266758E-05;-84.29983001855604;-0.6150270678785427;0.7187233104486827;-0.4826359386473089
6188658.143525;1.947068784318804E-05;5.3877701463240486E-05;-84.8387275054411;-0.6143888168938666;0.7198169863929678;-0.4788101149951369
6196683.50478;4.3913072701597446E-05;5.9087623585003653E-05;-82.6602433467421;-0.6134047784940575;0.7202241472585614;-0.4818266898611894
6204719.273206;3.682193264072789E-05;5.291459785631016E-05;-83.81344380003881;-0.6129432209442277;0.72070696546931;-0.48119747279126046
6212765.462299;1.2905571249567253E-05;7.153590044826242E-05;-82.77042219317443;-0.6120591600593707;0.7212341314978725;-0.4827640871204563
6220822.085572;3.418700137791463E-05;7.422199974287222E-05;-81.7537593732217;-0.6114997451219498;0.7221842983349245;-0.479430914044198
6228889.156556;1.23079455222461E-05;5.138059229617308E-05;-85.54170024208183;-0.6106331044787457;0.7229653963905731;-0.47909311828621354
6236966.6888;4.1444285992782026E-05;5.2895715429652255E-05;-83.45285925166809;-0.6097519681880482;0.7233337495234745;-0.48172512140883467
6245054.695869;3.930322290071107E-05;9.01192457072345E-05;-80.14743244835499;-0.6087304743793419;0.7239066727776093;-0.48374183358908107
6253153.191347;3.303894474481899E-05;5.527915198720985E-05;-83.82228630291183;-0.60870590321928;0.7245909312432595;-0.47907788328726464
6261262.188835;2.6441877736370734E-05;6.246974408046744E-05;-83.37087188371098;-0.6075180586789539;0.7248974680920722;-0.48393180269397795
6269381.701953;1.0483398047153021E-05;4.184155915991667E-05;-87.3034285016731;-0.606763292015009;0.7258999735520131;-0.48132099218769675
6277511.744337;3.282455003458323E-05;8.253840634375742E-05;-81.02920816696096;-0.6058869975507358;0.7263128011453475;-0.48356863465844835
6285652.32964;3.092204771963741E-05;7.170341782485016E-05;-82.14844404499908;-0.6047188502296684;0.7273919554106426;-0.48281817183631753
6293803.471535;2.6976990674128805E-05;4.84497288689447E-05;-85.12135919173984;-0.6046094572360802;0.7278114691016752;-0.4804978581232242
6301965.183712;3.7496035628340096E-05;6.809188363904805E-05;-82.18786409536622;-0.6033711337942873;0.7283722339526291;-0.4837943857598567
6310137.479877;4.226864706236004E-05;9.382000674104337E-05;-79.7515193429082;-0.6028125390542874;0.7287460265091719;-0.48442121304478547
6318320.373757;2.8824323094778996E-05;8.510697016094758E-05;-80.92909212452884;-0.6021574459765286;0.7296621109125632;-0.4817677745402526
6326513.879093;1.4975082007895722E-05;5.715000405512687E-05;-84.5712778068664;-0.6014382869405746;0.7298841624155747;-0.4843960856163865
6334718.009647;2.3957578369318744E-05;7.500144020591054E-05;-82.0766564155779;-0.6003377864289773;0.7312105265180127;-0.48140916387500465
6342932.779198;3.4060696667725525E-05;4.373424378245112E-05;-85.12463566499275;-0.5993696488264004;0.7316810787805573;-0.48370534784555663
6351158.201541;1.6395477800832043E-05;6.122805350251746E-05;-83.96023983655084;-0.5989329344332397;0.7325326755964487;-0.4801939495454809
6359394.290492;1.687305874977456E-05;5.696991108900741E-05;-84.52191969502464;-0.5980747897000298;0.7328247411262011;-0.4831015809740201
6367641.059882;5.320215667943537E-05;6.453013674473846E-05;-81.5523661826164;-0.5970066401140698;0.7333099331654013;-0.48584574392584334
6375898.523562;1.5007104294819536E-05;7.483746290155005E-05;-82.34640028117765;-0.5963697942109024;0.7337834348924235;-0.4861630427684705
6384166.695399;3.925374822438732E-05;8.146679224867398E-05;-80.87369091762275;-0.5954087818739476;0.734994411495373;-0.4830877609499739
6392445.589282;1.1881184492015171E-05;5.5281659299818625E-05;-84.9522688133633;-0.5950033388253259;0.7353048429262616;-0.4832150192316281
6400735.219112;3.2970298474650483E-05;7.590933386317129E-05;-81.64355868859448;-0.5940922020704554;0.7357564902396861;-0.48524948469121093
6409035.598813;2.6631181229767954E-05;7.46726413537083E-05;-82.01679296449093;-0.5935594745565416;0.7364509202053022;-0.48335762212116745
6417346.742325;2.6260666797678602E-05;4.717797310029872E-05;-85.35304268792437;-0.5923400290400777;0.7367177443236705;-0.4884724391557801
6425668.663606;3.107959037665487E-05;8.641056011085557E-05;-80.74032019151673;-0.5926093362371925;0.7378738908814287;-0.47864722543696636
6434001.376632;2.0657560250510662E-05;8.436355315032663E-05;-81.22401550108955;-0.5912198877555344;0.7378887250536679;-0.4865241276237578
6442344.895399;3.523825485069976E-05;6.338416109315382E-05;-82.79073171772721;-0.5904099109863453;0.7386846931698604;-0.48546423052818927
6450699.233919;2.099076038870296E-05;7.176137013453913E-05;-82.5256439861115;-0.5892492736307937;0.7395110356639518;-0.4861814154281486
6459064.406223;2.4674773852690293E-05;7.842552353634241E-05;-81.70091389587614;-0.5888328749036942;0.740447773283372;-0.4818324403197893
6467440.42636;2.1146639553904885E-05;7.216880778330444E-05;-82.47527673902354;-0.587716974567147;0.7407177823450929;-0.48626497813536096
6475827.308397;3.83625774275614E-05;5.34098195702493E-05;-83.64084568633234;-0.5864633715878224;0.7414846288857402;-0.4878941619971484
6484225.066419;3.1776868189164585E-05;6.88154277017101E-05;-82.40684836704085;-0.5861138796316647;0.7417395872199563;-0.48804794185050693
6492633.714532;1.5403329295349785E-05;7.449938545728516E-05;-82.37514925164507;-0.5853077283900641;0.7426326565354997;-0.48619539926259886
6501053.266856;2.7051859654714444E-05;7.299613723011859E-05;-82.17510236496764;-0.5839743803667968;0.7432494702172702;-0.4893176317211764
6509483.737532;2.6422765654475922E-05;8.157294596868783E-05;-81.33576304471207;-0.5834975101611463;0.7432049090931218;-0.4923468816509925
6517925.140719;3.711697153286084E-05;7.033858020899416E-05;-81.989267373335;-0.5827936095489933;0.744307999985607;-0.4883604413214937
6526377.490594;3.611041076393727E-05;6.186597242547718E-05;-82.89767489336765;-0.5821761995492553;0.7449453056051376;-0.4872435767892977
6534840.801353;4.1920194005560225E-05;7.676353703010254E-05;-81.16341784721256;-0.5812403630381144;0.7456253195142412;-0.4876087572822727
6543315.087209;1.8224052022543032E-05;6.914703903569465E-05;-82.91287763101536;-0.5798924632061893;0.7462066005910903;-0.49100124766446374
6551800.362395;1.8498586290581965E-05;6.126798438272054E-05;-83.8764391096457;-0.5797080771718663;0.7464897841686143;-0.48998556638136936
6560296.641162;3.6167345624396644E-05;9.148058273886291E-05;-80.14269405871576;-0.5789445988732249;0.7475465480540745;-0.48661174401301444
6568803.937779;2.3436114622183168E-05;4.87318468929225E-05;-85.34016041571275;-0.5779264568338589;0.7481575660183836;-0.4878942008175625
6577322.266533;2.080598221544665E-05;8.281090061478361E-05;-81.37240651002037;-0.5771055026577696;0.7486767997142403;-0.48872532501034804
6585851.641731;3.9760476982230486E-05;6.708820588683573E-05;-82.1597337146421;-0.5760303498401307;0.7496131499791162;-0.4879325629295151
6594392.077698;4.158362297085879E-05;6.92420375653342E-05;-81.85508850316177;-0.5753666358259484;0.7493575864181913;-0.493511174505507
6602943.588777;3.810595724079217E-05;4.7321507421960986E-05;-84.32810181339973;-0.5746705179845831;0.7506555060582468;-0.48793715764655515
6611506.189331;2.8892501816446812E-05;5.59990843525796E-05;-84.0113575590668;-0.5738923425157043;0.7506438502826652;-0.4923676546244039
6620079.89374;3.153387688201108E-05;6.812538131544423E-05;-82.4907117017352;-0.5732813227228218;0.7520027766177274;-0.4858493157508349
6628664.716403;3.809253163281467E-05;5.0059984124750445E-05;-84.0262923291024;-0.5723199238899572;0.7520474495930755;-0.490875293468098
6637260.671738;4.717781990791272E-05;6.913099659312126E-05;-81.54601694502423;-0.5711994338359764;0.7534561847345729;-0.4867947657305115
6645867.774182;2.5651770055289895E-05;8.718797508151575E-05;-80.83032765829051;-0.5700358464665142;0.7530130049606563;-0.49650019054242855
6654486.038191;2.7448204350669194E-05;6.36265267169342E-05;-83.18601465753561;-0.5692391504276195;0.7541403149286777;-0.4926487515847733
6663115.478238;2.9051485126294337E-05;6.900296543432369E-05;-82.51393543694499;-0.5690811820110386;0.7544414643433615;-0.49131366714219704
6671756.108817;1.536205273426312E-05;5.854988460530191E-05;-84.36034856946678;-0.5679339598360604;0.7554291442890542;-0.4904050384570738
6680407.944439;5.330062633012381E-05;6.686547433544854E-05;-81.35966880552645;-0.5666517400027409;0.7563236831264318;-0.49090327129775796
6689070.999635;4.215953614997988E-05;6.667482655942987E-05;-82.06003061396768;-0.5662337621190495;0.7565346182761272;-0.4916541618060426
6697745.288953;1.8878376426838008E-05;6.241831756598504E-05;-83.71361860082379;-0.5655595827526996;0.7577919264514503;-0.4861087151053084
6706430.826964;2.319692178794804E-05;6.0471592416469604E-05;-83.7727728299199;-0.5645193385512693;0.7573778642366681;-0.4948749461584061
6715127.628252;3.732778478197023E-05;9.237491411191795E-05;-80.03204366107187;-0.5632428279765848;0.7580260444811815;-0.49710147074438815
6723835.707426;4.28129664980998E-05;7.666100811087311E-05;-81.12953493118204;-0.5623674272785475;0.7590998014370741;-0.4939682045467998
6732555.079108;3.551222797940425E-05;7.780260894324741E-05;-81.35823413272809;-0.5616690357626454;0.7593162720907214;-0.49618929606176676
6741285.757945;2.4306609175556164E-05;8.795589674802448E-05;-80.79508774279789;-0.5609697108312409;0.7605038350348099;-0.49122717857436615
6750027.758598;3.241435232145563E-05;7.029729068848578E-05;-82.22399254331931;-0.5604707666840048;0.7610305062037498;-0.49005139800014086
6758781.095749;5.167396285602529E-05;6.581528417830745E-05;-81.54787193060548;-0.5595726096538456;0.7608706013114017;-0.496129555856883
6767545.784099;5.248359127980463E-05;6.954032552559784E-05;-81.19736239413668;-0.5581858315763405;0.7616811325540763;-0.4976683166649335
6776321.83837;2.2387939167094013E-05;6.790476063573882E-05;-82.91385679017444;-0.5574353492953308;0.7624675560015609;-0.49590870000917103
6785109.273298;4.107423232849647E-05;6.460335841363891E-05;-82.32051510793733;-0.5565396647529645;0.7634714274170921;-0.49330944709166513
6793908.103644;1.6370217029963307E-05;6.226443593311991E-05;-83.8249181169171;-0.5554736876687039;0.7637409722716832;-0.49707554967674933
6802718.344184;3.471311209322017E-05;9.99946393970518E-05;-79.50629688453495;-0.5549153648305029;0.7643348415265707;-0.4956756643417631
6811540.009715;1.052909794951096E-05;7.93937982688998E-05;-81.92854990082303;-0.5540850122080441;0.7650362554013039;-0.49493646696564364
6820373.115053;4.474943144373934E-05;6.590561283935687E-05;-81.974957290389;-0.55301373344151;0.7657748259739948;-0.4952061143429679
6829217.675032;3.211550532807331E-05;8.153875735340912E-05;-81.14640214431076;-0.5522650188717925;0.765980758012643;-0.4976994744187566
6838073.704507;4.5856122136169027E-05;6.51875777248891E-05;-81.97075547540055;-0.5513299603566582;0.7670089489117259;-0.49504948418010686
6846941.218352;2.1714521099029672E-05;7.197058733810287E-05;-82.47852723509469;-0.5507030621414606;0.767210547846975;-0.4969070801355391
6855820.231459;3.9980576265819467E-05;5.070594625466899E-05;-83.79911911269181;-0.5499292812809435;0.7679759123745957;-0.49533294869317873
6864710.758739;2.44608689015195E-05;7.130530530185119E-05;-82.45439105339875;-0.5487625520602143;0.7687176855669114;-0.4960241962882843
6873612.815126;4.4528745249841E-05;6.207318864832174E-05;-82.33892909922821;-0.5481261273779663;0.7689112345017884;-0.4979743359088589
6882526.415569;2.3256190567644034E-05;6.147034682499293E-05;-83.64571152834236;-0.5467635410821841;0.7700600941416785;-0.49662938221473246
6891451.575038;2.1503528818719216E-05;7.798243106103864E-05;-81.84179187455358;-0.546313215952893;0.7701935278418814;-0.498025661550964
6900388.308523;3.75823838185884E-05;5.8292545081663843E-05;-83.17813718566114;-0.5453266964947023;0.7711025567193629;-0.4964470853873693
6909336.631034;4.3287769814333977E-05;9.574768120742242E-05;-79.56973910627404;-0.5447518289209239;0.7717806230435019;-0.49440494247843164
6918296.557598;7.049497067017081E-05;6.02511399361E-05;-80.65514640741338;-0.5435820541861541;0.7721933864342946;-0.49750026991504426
6927268.103264;2.293555864060468E-05;5.9638182138032176E-05;-83.89046933941238;-0.5424891010524705;0.7726387385044784;-0.49993125970726815
6936251.283098;1.3219663038690161E-05;8.056562031773886E-05;-81.76162141609923;-0.5412729213907719;0.773240297253817;-0.5018228600643797
6945246.112189;3.4056554868890174E-05;7.784772167910644E-05;-81.4145578278656;-0.5405540409628804;0.7740790908999113;-0.4992877819170145
6954252.605642;3.545947680592864E-05;7.702669325138282E-05;-81.43241756856887;-0.5399910311853283;0.7744224475934884;-0.4996613346998896
6963270.778585;3.174040980974084E-05;6.429902472584208E-05;-82.88883283206614;-0.5389660578537243;0.7753088682406061;-0.4983566229265585
6972300.646161;2.2814104759315055E-05;7.92751528196866E-05;-81.67169749694908;-0.5382802343284657;0.775447881722728;-0.5009060096460698
6981342.223538;2.961741168906689E-05;6.801496375707525E-05;-82.59382622526755;-0.5368712808457708;0.7766905222456341;-0.49888912217424647
6990395.5259;3.047983697827374E-05;5.4324118190254753E-05;-84.11153692276406;-0.5363030190424783;0.7771859200023946;-0.49811001115905806
6999460.568452;1.8453644647439523E-05;6.909859076006106E-05;-82.91141435553581;-0.5355651942533641;0.7776176173485932;-0.4986928171487648
7008537.366419;1.8650202699976554E-05;7.096244383172897E-05;-82.68935403995616;-0.5344095756917713;0.778333374449094;-0.4992910647029081
7017625.935044;2.3218198821989E-05;7.853687805335861E-05;-81.73463536814948;-0.5331456691771024;0.7786902533960152;-0.5031593634863809
7026726.289592;2.5602930836157214E-05;5.5347039098581954E-05;-84.29596616641022;-0.53282760705685;0.7791564306934674;-0.5012716908995782
7035838.445346;3.4191568370715054E-05;8.562948573188323E-05;-80.70505862304735;-0.5320930271755573;0.7803349013862814;-0.49612969959713504
7044962.41761;2.7013660557791537E-05;7.926895147488623E-05;-81.5407730319335;-0.5309970996858916;0.7806457972750906;-0.49944042392467736
7054098.221708;2.6923938525522658E-05;5.211484892237624E-05;-84.63333509322305;-0.5298200989213264;0.7813543802481284;-0.5001312446862228
7063245.872983;3.0603550191808384E-05;5.021299673461827E-05;-84.61184766418734;-0.5287925434408925;0.7814958521405222;-0.5043566598787086
7072405.386799;3.2199099123373525E-05;6.041202530680633E-05;-83.29161128848065;-0.5277205198689096;0.7824278259039115;-0.5027720253283856
7081576.778537;2.3350633532033087E-05;8.025415229306566E-05;-81.55772596963038;-0.5266924138199648;0.7830215744519238;-0.5035257459134135
7090760.063602;3.164416985279188E-05;6.476219991925143E-05;-82.84372983193299;-0.526398149141021;0.7834344806649447;-0.5018829964641868
7099955.257417;3.5688426695434785E-05;6.218628157511873E-05;-82.88969510077344;-0.5257278980767393;0.7844723567396922;-0.4973900831849969
7109162.375424;4.521734298514111E-05;6.912444101259753E-05;-81.66037585061572;-0.5239488556860841;0.7848072861884609;-0.5039295899343433
7118381.433088;2.2181800837502754E-05;5.779830936332483E-05;-84.16497796083866;-0.5234176666680223;0.7851486586712055;-0.5040291354635354
7127612.44589;1.4039889856590046E-05;6.405067735264449E-05;-83.66571160295594;-0.5229016809391507;0.7857097575009288;-0.5023637248651234
7136855.429334;3.0266449110138264E-05;7.422765303061456E-05;-81.92072632486085;-0.5215354867317827;0.7865451682825462;-0.5029167670269323
7146110.398944;2.1159530108116615E-05;7.065056435067223E-05;-82.64462739567901;-0.5206811844730255;0.7869456927158305;-0.5041854626556151
7155377.370263;4.187356666842891E-05;6.595204373179016E-05;-82.14451815475967;-0.5199303476205596;0.7874380673085;-0.5042154252598605
7164656.358855;1.2287466933727983E-05;8.775816624573958E-05;-81.04993294546092;-0.519004031514839;0.7880932788153446;-0.5038743745866852
7173947.380303;2.717115723905601E-05;4.439572279573789E-05;-85.67150599240117;-0.5178464774133054;0.788815687331675;-0.5041720805871132
7183250.450212;2.7891447748929897E-05;5.7458026912690356E-05;-83.89408210224722;-0.5171896835329836;0.7895657764135381;-0.5017139008156716
7192565.584206;4.4448649517996474E-05;6.612639700646703E-05;-81.97336891969918;-0.5159379242938846;0.78955959450294;-0.5080703451426647
7201892.797929;4.043920300193725E-05;6.274132013676747E-05;-82.54004294547697;-0.5151598297009523;0.7901832486932713;-0.507177426634368
7211232.107046;2.5096440834278557E-05;5.436449187166256E-05;-84.45470947426773;-0.5139206434092015;0.7908822819221036;-0.5080072877703217
7220583.527243;3.8253035655501834E-05;7.039840359216198E-05;-81.92517065689401;-0.5131935444349452;0.7911474673920028;-0.5096053274214486
7229947.074224;3.094978648364544E-05;4.9831837240057974E-05;-84.63302544075324;-0.5124093242586313;0.7923707927607764;-0.5040763546112197
7239322.763716;3.1419437508478094E-05;6.109967117696884E-05;-83.26025718357756;-0.5112501479371324;0.7925476405005019;-0.5084990911823282
7248710.611464;3.0149266866875246E-05;6.378918464800832E-05;-83.02941760177194;-0.5107824520566757;0.7934657289362819;-0.5037262294047912
7258110.633237;5.1885989001276825E-05;7.585336665644642E-05;-80.73354626071304;-0.5095583347561017;0.7945518822529843;-0.5014062829974042
7267522.844819;3.152583826581265E-05;7.014030396620799E-05;-82.28152408423614;-0.5087398712345658;0.7944494024792607;-0.5062653117274983
7276947.26202;4.176129625831065E-05;6.659410051594246E-05;-82.09097261649458;-0.5073282888118397;0.7950820478236371;-0.508357605298676
7286383.900667;3.603788085743973E-05;6.298944089852699E-05;-82.78486279848636;-0.5062674113251586;0.7955497086898826;-0.5099760049429946
7295832.776609;3.784496656331539E-05;7.139491179893703E-05;-81.8512174159823;-0.5054369623902418;0.7963366284611687;-0.507961705141978
7305293.905715;5.0903613027000084E-05;7.615404799815477E-05;-80.7620611034655;-0.5046981601054011;0.7969050822921038;-0.5071836432580762
7314767.303875;1.780422148183154E-05;8.177048835010936E-05;-81.54690877936956;-0.5034060693159568;0.7978815704610133;-0.5059405108497359
7324252.986999;2.1134745088269675E-05;6.376822310370125E-05;-83.45528533881901;-0.5023157241439492;0.7979092789365605;-0.511078609646598
7333750.971017;3.7702985522471274E-05;6.85367128897258E-05;-82.13334016592681;-0.5019681145154653;0.7984484976210008;-0.5085795778917056
7343261.271882;3.5240627103531065E-05;7.294870925872396E-05;-81.828700698252;-0.5005808442536472;0.7993833286161939;-0.5080772154514467
7352783.905566;4.3655629171263274E-05;7.262794269088124E-05;-81.43837328768242;-0.4998081431613449;0.8001194879966007;-0.5061029831661659
7362318.888062;2.7644560426530203E-05;6.816387023753018E-05;-82.6675979509095;-0.49879320996033677;0.8004428901815706;-0.5085234519552294
7371866.235384;3.450116940478788E-05;7.419230222395413E-05;-81.7426055025271;-0.49826090477125196;0.8011949180699848;-0.5052352077514061
7381425.963566;3.845263702285273E-05;5.604553041173098E-05;-83.3538558956231;-0.4965554278742467;0.8014634431586541;-0.5114174702706721
7390998.088663;3.9214471379365094E-05;7.860264994634539E-05;-81.12599262717508;-0.49591611796839874;0.8024337322449152;-0.5069164316861258
7400582.626752;2.769677889595776E-05;5.1078496128961815E-05;-84.71581568570797;-0.4942905170009284;0.8024196396056616;-0.5148903889249999
7410179.59393;4.1905952596255525E-05;7.971211656527501E-05;-80.90972163379554;-0.4941832076603142;0.8035121558176891;-0.5068376757361981
7419789.006314;4.003881020060027E-05;7.627162363215941E-05;-81.29568768170199;-0.4927927542060909;0.8036595730188234;-0.5123826763831945
7429410.880043;4.882529266391977E-05;7.319124533448707E-05;-81.11210360813635;-0.49212876227630925;0.8047406592435413;-0.5070845404872296
7439045.231277;2.577632035120468E-05;6.204818351699373E-05;-83.45400369806889;-0.49080191548772784;0.8053101774319192;-0.5089750257849834
7448692.076197;3.2849782890945964E-05;7.672709721566834E-05;-81.57006823939432;-0.489668792521559;0.8056665933412142;-0.5115970606541415
7458351.431005;2.9633004202976884E-05;6.002246748382159E-05;-83.4864332175332;-0.4887637363647436;0.8062272293261655;-0.5115083860247728
7468023.311922;4.428238303052016E-05;6.286142621842574E-05;-82.28229701763593;-0.48786191334288737;0.8061048847095073;-0.5167784860634681
7477707.735192;3.46106705696635E-05;7.504889496113193E-05;-81.6556434411769;-0.48683300757408543;0.8069528954124893;-0.5149932699902098
7487404.717081;4.864637380263251E-05;6.569241592734326E-05;-81.75095920865263;-0.485791445737235;0.8078515646219588;-0.5128514838598344
7497114.273874;4.607901377266582E-05;8.315431105767784E-05;-80.43931749479549;-0.4849838717673172;0.8082449449831218;-0.5135760005278786
7506836.421878;4.3820222601621446E-05;7.5190176631861E-05;-81.20687625558028;-0.48449509243303746;0.8092005802730312;-0.5083399398591043
7516571.177421;2.183957348086594E-05;9.101196637933063E-05;-80.57488705521598;-0.48361566719341614;0.8098036944303464;-0.5077293945803675
7526318.556853;4.941317562753585E-05;6.895427121749958E-05;-81.42887514680552;-0.48197287482330875;0.8100571559024174;-0.5134723690669007
7536078.576543;4.604130536070175E-05;8.058511592656529E-05;-80.64807096345433;-0.48074001599538935;0.8106124737262649;-0.514874975377943
7545851.252885;3.393127956701574E-05;4.8044699250623966E-05;-84.60970990929522;-0.4797063444959555;0.8112901352919167;-0.5143551703312175
7555636.602289;3.648198072106545E-05;6.371773119741085E-05;-82.68339998128849;-0.4787790741976974;0.8117865428285863;-0.5147613064480514
7565434.641192;1.971643627181012E-05;6.314807304124094E-05;-83.58881304820099;-0.47799998096393925;0.8126927488765049;-0.5112096271371911
7575245.386048;3.842721563523415E-05;7.816122593319485E-05;-81.19997000589603;-0.47706515723856885;0.8130672768921159;-0.5125969517152047
7585068.853334;4.9886509420962956E-05;7.001165811537229E-05;-81.31338161127204;-0.4761210408215662;0.8133874599413747;-0.5144502871581988
7594905.059549;3.625167681175242E-05;8.124238357382086E-05;-81.01576024881922;-0.47541340832607565;0.8139817724531517;-0.513013962972431
7604754.021211;3.298107875719756E-05;6.488953512984749E-05;-82.7585498539145;-0.4738382257890924;0.814715194053069;-0.5144839921071974
7614615.754864;3.0455601316203813E-05;7.957693281318424E-05;-81.39061471789077;-0.4727500570889833;0.8151466559485367;-0.5160821775376166
7624490.277067;3.663876234799208E-05;5.8563134082055126E-05;-83.21295962892889;-0.47182631279144477;0.8159310094071259;-0.5140930253840047
7634377.604407;4.8503773419534505E-05;7.438887224240766E-05;-81.03125585471732;-0.4711662175091657;0.8163349710407852;-0.5139125973306267
7644277.753488;2.9465131543753195E-05;9.14840169092848E-05;-80.34444639964732;-0.47017269143203205;0.8169476670635386;-0.5135926029447979
7654190.740937;3.075197501111571E-05;7.178526397008851E-05;-82.14755032262538;-0.46909560017953744;0.8176014010949375;-0.513314561328301
7664116.583404;3.482913430714743E-05;7.501292608190705E-05;-81.64943410908097;-0.4675464557282527;0.8182493073162614;-0.5152266892566683
7674055.297557;4.867960450485891E-05;4.996008143131995E-05;-83.12853454791549;-0.46701131514024713;0.8187107436193767;-0.5139787845941424
7684006.90009;4.233436455870523E-05;6.386015726017552E-05;-82.31338364041093;-0.4656082167468451;0.8192514082972349;-0.5160469906894061
7693971.407715;2.426521285821716E-05;6.790792710668901E-05;-82.83972677375365;-0.4646540997615071;0.8200288403225541;-0.5141553576129475
7703948.837167;2.5999966139013427E-05;6.99397718528551E-05;-82.54334319725272;-0.4636831873622293;0.8199192266305115;-0.519443803675174
7713939.205204;3.540464540477652E-05;8.662446931919385E-05;-80.57630387244859;-0.4631545479637487;0.8211186149289459;-0.5122140507432829
7723942.528604;3.2366260742218325E-05;6.934683122993319E-05;-82.32357563509245;-0.4618185390003413;0.8214235153554192;-0.5158069858444208
7733958.824167;2.2421036798125163E-05;7.946207336879053E-05;-81.66411548111314;-0.4603718732757167;0.8215407552680476;-0.5213931371934716
7743988.108715;2.6268350222854396E-05;8.531188965738892E-05;-80.98642785608175;-0.4596038825318501;0.8225607959293711;-0.5166431820636336
7754030.399093;3.117720995082881E-05;7.257735307010562E-05;-82.04850865298702;-0.45829926740137705;0.822973939869156;-0.5191761301171041
7764085.712166;5.480039485512937E-05;0.0001017131347699363;-78.74562814628416;-0.45750360752374986;0.8234973952409899;-0.5185243065392914
7774154.064822;2.721605474768288E-05;4.5441334591217546E-05;-85.5196983153387;-0.4563904588344792;0.8239352736184655;-0.5199727134187528
7784235.47397;5.285077973171875E-05;7.806387693929028E-05;-80.51236326516103;-0.45544002465470435;0.8249782625811607;-0.5157982059670028
7794329.956542;3.176041830960057E-05;7.491757912811602E-05;-81.79052285298954;-0.45432990840142656;0.8252975647560579;-0.518161086396799
7804437.529491;3.7211312807578105E-05;5.5675515553517966E-05;-83.48291314243623;-0.45294418390898833;0.8258785839735798;-0.5196188781551057
7814558.209792;5.6666851291214736E-05;6.670828799228593E-05;-81.157072972804;-0.4521294963822075;0.8265727898500054;-0.5176134530407182
7824692.014444;4.60209797571314E-05;6.293052647977656E-05;-82.16226318428701;-0.4513637485298491;0.8274327537187489;-0.5140406488299754
7834838.960465;5.154050962676618E-05;6.817945202725853E-05;-81.3638799535557;-0.45036720689469845;0.8270900149704825;-0.5212117605687718
7844999.064897;2.7786760434032747E-05;8.804721178720238E-05;-80.69335386908767;-0.44908505497467127;0.8280180029098861;-0.5193382584200191
7855172.344804;3.827968703189057E-05;7.068255901748E-05;-81.89676156082007;-0.4484583487468943;0.8284853061771061;-0.5183027147704675
7865358.817271;3.005491909058502E-05;5.9092247689590486E-05;-83.57022158437366;-0.44686957176033526;0.8292411610119702;-0.5191321143726
7875558.499406;5.0202895663971434E-05;7.62522002718091E-05;-80.7910852799586;-0.4454998937376116;0.82946675110498;-0.5232848782742018
7885771.40834;3.6126340391743695E-05;5.907534321544832E-05;-83.19210605394217;-0.44473187738222697;0.8299201896664186;-0.5229482402961723
7895997.561224;4.326689547194522E-05;9.761505954467569E-05;-79.43067564461104;-0.4441533031152799;0.8309453042092728;-0.5171310783446245
7906236.975234;1.700140924907734E-05;8.108665971614031E-05;-81.63416758689144;-0.44230933708397885;0.831503250670418;-0.5205914310915581
7916489.667566;4.903422451252591E-05;7.784248526607456E-05;-80.72434213206131;-0.44163475458531787;0.8315342623728658;-0.5232592099738769
7926755.65544;2.687165822611716E-05;7.882970311181603E-05;-81.5887788510721;-0.44073921520878107;0.8320068765723965;-0.5232787447639249
7937034.956096;4.028397745250234E-05;7.713462756007755E-05;-81.2075787289665;-0.4396607103592302;0.8327429808985526;-0.521927237703306
7947327.586798;5.354417544679558E-05;5.379234657478753E-05;-82.39532636197352;-0.4385902078166842;0.8328099497799734;-0.52598737277312
7957633.564834;3.657696318238422E-05;7.373759386692181E-05;-81.69083842505617;-0.4377216465144672;0.8340020051676844;-0.5199825118000805
7967952.907511;6.183223250118553E-05;8.56207467822028E-05;-79.52564015663643;-0.43655963471711057;0.834303139718307;-0.5224971949987729
7978285.63216;4.505576663613923E-05;8.405272223764522E-05;-80.41202920608205;-0.43510794676866205;0.8347255110361316;-0.5252431919736354
7988631.756135;4.578389068414742E-05;7.412471468205923E-05;-81.1972172127773;-0.43383949176742026;0.8356218343984414;-0.5233078635922973
7998991.296812;3.766487273782882E-05;7.147802022630088E-05;-81.85236485641104;-0.4333348613899641;0.8360319579626804;-0.5220931478020318
8009364.27159;4.425725911308574E-05;7.05732375943843E-05;-81.58685159741722;-0.4321186961384122;0.8364752668592325;-0.5236170810295794
8019750.69789;4.095699985718727E-05;8.009736848530095E-05;-80.91887010402546;-0.4310335734461697;0.8372529775217886;-0.5218289094696038
8030150.593155;4.416837111335844E-05;6.088593732831404E-05;-82.47341480353215;-0.42983984122865215;0.8372840213507315;-0.526609795765878
8040563.974853;5.346261194403442E-05;7.095069082723788E-05;-81.02799088909889;-0.42838166565581215;0.8379824688209699;-0.5270086676678231
8050990.860471;3.1246704205879114E-05;7.52873897508863E-05;-81.77534584402554;-0.42796362782104286;0.8389119552729608;-0.5211254736961788
8061431.267521;5.778602123495139E-05;8.734540521381598E-05;-79.59854975265443;-0.4267124317142634;0.8387335307705209;-0.5278326631738666
8071885.213539;2.2373910668121063E-05;7.086005567331803E-05;-82.57924096328676;-0.42507266866785764;0.8397527544932394;-0.5262928855497383
8082352.716081;3.2973304983747456E-05;8.525034824528478E-05;-80.78060785761993;-0.4243917338180914;0.840426550819927;-0.523579397497639
8092833.792727;3.917338244647489E-05;6.512701560626826E-05;-82.38366645878222;-0.4230142720884436;0.8408990819495543;-0.5254062294180031
8103328.461079;5.8242715659573834E-05;7.509560384648735E-05;-80.44237053299263;-0.4218612732097289;0.8411920709134244;-0.5277659716426566
8113836.738764;4.4138380023367345E-05;7.649688605442533E-05;-81.07907058371555;-0.42125099549836403;0.8416744729802625;-0.5263082922886235
8124358.643429;4.399013005632808E-05;7.284054599468828E-05;-81.40208848772964;-0.4196926571879902;0.8422435945825929;-0.5280348967322317
8134894.192746;4.1994012983263544E-05;7.236368162674842E-05;-81.54901988213899;-0.41891091003054837;0.8427677606047929;-0.5269185498862895
8145443.40441;6.037809711519542E-05;8.012375990719944E-05;-79.97171916566664;-0.41795645641449475;0.8434658155411648;-0.5250639203056683
8156006.296136;5.5096223755307884E-05;7.996168435375817E-05;-80.25512954667384;-0.4166652627750921;0.8442900748077641;-0.5235277554318872
8166582.885666;4.486208565910198E-05;7.223448486411382E-05;-81.40836022228325;-0.41617788386935683;0.84439114232289;-0.5246804247179653
8177173.190762;2.1094978893628437E-05;7.675476220595825E-05;-81.98164840636329;-0.414442837540507;0.8450778255727348;-0.5260578950105099
8187777.229211;2.761820330169185E-05;9.503820437441285E-05;-80.08994431510375;-0.41344845395819474;0.8455921880355821;-0.5258305585674325
8198395.018821;4.249098950271728E-05;6.0903834402912496E-05;-82.58473285951906;-0.41216882369235797;0.846614026020949;-0.5225343983850308
8209026.577426;6.98581984197845E-05;7.436224804879178E-05;-79.8255294922845;-0.4111181264541509;0.8465849320508698;-0.5270150833301547
8219671.92288;1.3434612403030997E-05;7.184105303387291E-05;-82.72326546332076;-0.4099614574009936;0.8471025899566209;-0.5273728730628748
8230331.073063;2.7830594078597266E-05;7.12293899449922E-05;-82.32980162984089;-0.40928063352967176;0.8477082477987372;-0.5250750510202864
8241004.045875;3.444028925922291E-05;7.750461282417919E-05;-81.43083990558549;-0.4079200687067861;0.8480372200354691;-0.5277911052342087
8251690.859242;3.229206575806664E-05;7.851750791080974E-05;-81.42198684917885;-0.4067989828374293;0.8484639258319885;-0.5287203596258702
8262391.531112;3.231716056410514E-05;8.109294724071981E-05;-81.18018529576888;-0.4055805411945385;0.848627985856188;-0.5322113780044174
8273106.079456;3.3159721616257606E-05;6.55000951191753E-05;-82.68424964997445;-0.40464462092356923;0.8495516994470245;-0.528235197133033
8283834.52227;3.921667383289396E-05;7.978165994404047E-05;-81.02204678575889;-0.4031390561965172;0.8499791714441183;-0.5306375142478514
8294576.877572;4.3368302082965E-05;8.394546371831425E-05;-80.49262819634451;-0.40210316913018745;0.8505201846642702;-0.5302162247995288
8305333.163403;3.788318867675072E-05;6.336368289845359E-05;-82.63596143086349;-0.40140721487885467;0.8506763566283175;-0.5316567683867326
8316103.397827;4.260612684916561E-05;6.0159708937081434E-05;-82.64842594611787;-0.3993999265703803;0.8516173852949409;-0.5316839793181645
8326887.598934;6.980934483622371E-05;6.603466938139244E-05;-80.34613789520384;-0.3986939979396061;0.8521103988538987;-0.5303266670379713
8337685.784835;6.462515298492697E-05;7.992001995401878E-05;-79.76187230352316;-0.39787681464651986;0.8529352267265703;-0.5266213707940315
8348497.973665;2.6706190487514466E-05;5.3508648771146414E-05;-84.46554386936761;-0.39644293538718167;0.8538044634666073;-0.5249321746989395
8359324.183584;5.3073699289829233E-05;9.377235163485635E-05;-79.35165106143904;-0.395120960505007;0.8533544900158445;-0.5338345189508364
8370164.432772;3.4579633157065205E-05;5.560162398132035E-05;-83.67816975071675;-0.3942106739022086;0.8542243034778837;-0.5300706255923632
8381018.739438;4.2476856872787654E-05;9.354662369957907E-05;-79.7653130421926;-0.39348024979184576;0.8548600250539792;-0.5275632626476493
8391887.121809;5.104855471967747E-05;7.699477681487351E-05;-80.68839697740843;-0.3922357025398448;0.8553021585667598;-0.5286507901831197
8402769.598139;5.0230282558738335E-05;5.819967362594921E-05;-82.28391701693491;-0.3911940583308961;0.8558936055058317;-0.5276893640253062
8413666.186706;4.252654096785647E-05;6.619211541379611E-05;-82.08316168569641;-0.3901319199515113;0.8561011052795862;-0.5300176266778447
8424576.905808;2.07732180580306E-05;7.011966955297355E-05;-82.71784674724744;-0.38829801985209733;0.8565632263762047;-0.5331398976743927
8435501.773772;3.053323492715611E-05;7.406705456849601E-05;-81.92586279637632;-0.3875839801285657;0.8570647703104586;-0.531640343175012
8446440.808944;4.6022502011383575E-05;6.993275699385388E-05;-81.54364933872424;-0.3866646342690186;0.8578841749070142;-0.5282379551420942
8457394.029697;4.8279829755337596E-05;8.949905665347025E-05;-79.85436491606204;-0.3851572510970146;0.857796692598943;-0.534685110283362
8468361.454426;2.9992830967344478E-05;7.942453336878735E-05;-81.42195681235849;-0.3844263338580115;0.8588698502669805;-0.5284035937057872
8479343.101551;2.6830719688843912E-05;7.5573036946449E-05;-81.91709913504948;-0.3828587279755672;0.8595935808820634;-0.5282029707488447
8490338.989516;3.640970717480826E-05;7.151570571478817E-05;-81.91103144559669;-0.3819312183291979;0.8597265263269396;-0.5305616221474146
8501349.136786;3.2004195037007676E-05;5.9879515957312005E-05;-83.36315567633413;-0.38076852254671656;0.8598257632410325;-0.5340773644655776
8512373.561855;3.4407009502136157E-05;7.788490977069816E-05;-81.39667895508963;-0.37927594931060044;0.8609280829488694;-0.5303346462983205
8523412.283236;4.6466840394870155E-05;8.065141686964359E-05;-80.62290664463453;-0.37805596702672223;0.8612840015923064;-0.5318608214594962
8534465.31947;3.180143304361626E-05;8.449020334995444E-05;-80.88846355574405;-0.37698280518180904;0.8618569147246994;-0.5309923980191688
8545532.689119;5.843411017430013E-05;9.541743992034172E-05;-79.02429213246816;-0.37599907827581736;0.8623732157693863;-0.5302587824523972
8556614.410771;2.6417569668019315E-05;7.92655286959505E-05;-81.56087834934043;-0.37488387974194165;0.8627417133017911;-0.531248540234061
8567710.503038;3.862702640567461E-05;7.250793886291368E-05;-81.70731720638231;-0.37374158923829;0.8632370929474726;-0.5312491929781167
8578820.984554;2.8185259616196002E-05;7.963436317715974E-05;-81.46542684191147;-0.3728889356491705;0.8636263763455472;-0.5310743614334392
8589945.87398;4.1250748687661394E-05;7.815261113246337E-05;-81.07379279149598;-0.3715131255164694;0.8639425406679191;-0.5334207548675253
8601085.19;3.595054871915831E-05;8.518804298796112E-05;-80.68062096467963;-0.3699315498326282;0.8645154081961411;-0.5343168845114157
8612238.951322;4.562758941137799E-05;6.230560604534255E-05;-82.24472162429726;-0.36869751457324207;0.865297473635513;-0.5321498111516705
8623407.176678;3.165274292175147E-05;8.334026823791045E-05;-80.9976965770845;-0.3676973470389225;0.8656250160476181;-0.5329823108034502
8634589.884825;4.112701368673555E-05;9.20901408921391E-05;-79.9259256812726;-0.3666937135144411;0.8662935217281126;-0.5309169739320101
8645787.094544;4.108282959620981E-05;8.064808742949063E-05;-80.86614674288329;-0.36532207410503453;0.865960524168233;-0.5386824501630454
8656998.824641;6.349226559878237E-05;7.379909760494885E-05;-80.23302788547895;-0.3638491616329391;0.866854467975029;-0.5363475928708816
8668225.093945;4.861395288202911E-05;9.460595527001696E-05;-79.4639905774678;-0.3625811089908523;0.8673917054305861;-0.5362957515274841
8679465.921311;3.475662231618311E-05;6.329715427189517E-05;-82.82782952905896;-0.3622056385318191;0.8682578917278386;-0.530249846978428
8690721.325618;4.207534955754956E-05;6.28999966491131E-05;-82.42092183587889;-0.3607593313371905;0.8680507273301087;-0.5371511781968857
8701991.325767;3.586880573559807E-05;6.959090606175633E-05;-82.1257739992189;-0.3591778353798341;0.8691327423659381;-0.5335104939757958
8713275.940688;4.830032475500404E-05;5.9215264230121196E-05;-82.33634088283715;-0.3582564801330534;0.869150562073546;-0.536605457841156
8724575.189333;6.0428620003493226E-05;9.069410247758551E-05;-79.2529184159909;-0.356828550575406;0.8698058613198105;-0.5360234412628958
8735889.090677;4.606217730139152E-05;9.11279231575201E-05;-79.81881339809875;-0.3554207290881759;0.8701985859851729;-0.53759296903855
8747217.663723;5.0908410838993774E-05;9.282839396776875E-05;-79.50441770286234;-0.35453197850299584;0.8707464789074809;-0.5360062274184751
8758560.927497;6.085200701250473E-05;8.681660100347412E-05;-79.49230251237488;-0.3535898170202239;0.8714591157234675;-0.533184894511677
8769918.901049;5.95279259153605E-05;8.016567154706961E-05;-80.01300099829321;-0.3518732554100303;0.871398336152329;-0.5396560141553257
8781291.603455;5.061932729425771E-05;6.527794756654548E-05;-81.65991102567774;-0.35128492768217084;0.8722202479230653;-0.5346458768649078
8792679.053815;5.333207529002457E-05;7.384140804160104E-05;-80.81086039352775;-0.3498031386662102;0.8731296264558793;-0.5319534268256337
8804081.271253;3.336828789429902E-05;5.8745364227213596E-05;-83.40610551138329;-0.3488195306430248;0.8730156724496119;-0.5363055886203051
8815498.274921;5.123360135442284E-05;6.447762855529664E-05;-81.68626430407423;-0.3473172334694343;0.8736074715834976;-0.53636531212452
8826930.083991;2.4366622962715657E-05;0.00010025799118773299;-79.72838133177027;-0.3459081338932239;0.8738444555963499;-0.5391312359500589
8838376.717664;5.7929203012114695E-05;8.959430768290015E-05;-79.43745838303371;-0.34503169552972307;0.8743663816629249;-0.5376226247398361
8849838.195164;2.2938000918065682E-05;8.581405776763038E-05;-81.02911746195745;-0.34373693531177624;0.8751769628432569;-0.5350362146175551
8861314.53574;3.3406074392047256E-05;7.13234549721722E-05;-82.07398146339125;-0.3427262364386869;0.8757239618466861;-0.533739878436461
8872805.758667;4.014990652862021E-05;6.457786171262744E-05;-82.37898236853053;-0.34127807380880526;0.8761183608550615;-0.5352115447743
8884311.883243;7.210961527813486E-05;5.594601840354457E-05;-80.79367845622208;-0.3402458479529896;0.8762517217694813;-0.5375200117669764
8895832.928793;2.993689026933506E-05;7.144716507690171E-05;-82.21782539483203;-0.33903436930874414;0.8764026258362975;-0.5402657461081652
8907368.914666;5.879737599669071E-05;7.647352535071826E-05;-80.31268150459368;-0.3379306778934011;0.8770009499738258;-0.5387809669704617
8918919.860237;4.508243922456918E-05;7.385265482233196E-05;-81.25712994553268;-0.3364289136534983;0.8774688398386082;-0.5397242178055063
8930485.784904;5.1534754819262085E-05;8.526974589141692E-05;-80.0319245527123;-0.3351374518307065;0.8783259191960987;-0.5365900922274909
8942066.708094;6.217365673413794E-05;8.579938280630633E-05;-79.49732498748023;-0.33433967227784406;0.8789376121794182;-0.5339333117027613
8953662.649255;5.318984705353198E-05;9.232573468251098E-05;-79.44881668846057;-0.3327858217946255;0.8791093153202256;-0.5375432382616087
8965273.627863;5.0768830625881816E-05;7.578396751153973E-05;-80.79840976644483;-0.33191200250064573;0.8801210542688905;-0.5316536677380663
8976899.663418;4.120656507236679E-05;7.191021803527533E-05;-81.63102660853528;-0.33044432922386724;0.8798443735382762;-0.538821445067253
8988540.775445;2.6375755974726928E-05;6.469111631669795E-05;-83.11524912776264;-0.32915340877730387;0.8799973267755827;-0.5416854081505101
9000196.983496;4.3910820200877585E-05;7.623416245534937E-05;-81.11269831950625;-0.32817594283634177;0.8809001308316001;-0.537027674867639
9011868.307147;2.716569057156828E-05;8.066355568447573E-05;-81.39986550028678;-0.32693482134366403;0.881525310925679;-0.5356087642110735
9023554.766;5.688163235725206E-05;9.371345026844994E-05;-79.20177526313765;-0.3257179923453222;0.8818566236851997;-0.5366402982094223
9035256.379681;3.293224529593511E-05;9.100536116427743E-05;-80.28422266530558;-0.3236408315124464;0.8819574423579594;-0.5423985695373481
9046973.167844;3.640842966196282E-05;6.98388304477746E-05;-82.07395699138775;-0.3227795453472783;0.882885346926388;-0.5370833046385669
9058705.150166;4.255269801328282E-05;7.916152091775083E-05;-80.92734942512676;-0.32154106835629725;0.8829800675094326;-0.5401841426598111
9070452.34635;5.396839713544475E-05;8.406438545847742E-05;-80.00895186771679;-0.32029348754493575;0.8830344730756962;-0.543651154686401
9082214.776127;5.085898455030726E-05;9.443708595059521E-05;-79.39113395404121;-0.31876605123980456;0.8845292290287466;-0.5354589148484628
9093992.459251;5.979529280868345E-05;9.867799293555026E-05;-78.75729831270563;-0.3185117685382427;0.8843779226811996;-0.5375704420836904
9105785.415501;3.897866685986182E-05;0.00010342971084728727;-79.1303394887278;-0.31683514422910336;0.88494418686798;-0.5378817542713425
9117593.664684;4.972565679141935E-05;8.11131138939101E-05;-80.4325650116559;-0.3156111510967399;0.8848690254777534;-0.5423430992179432
9129417.226632;5.497605380948861E-05;8.044296793998221E-05;-80.22576500618106;-0.3139760013325278;0.8851248506925126;-0.5451815445182031
9141256.121202;3.805371370777408E-05;8.93580232115704E-05;-80.25352861702167;-0.3131592875619812;0.8862031316692252;-0.5383044757509698
9153110.368278;6.153442880171871E-05;8.73045530563871E-05;-79.42768753807927;-0.31149130921945006;0.8868514862390259;-0.5377752263095962
9164979.987767;5.0039900911596457E-05;7.585696553355319E-05;-80.83110874690233;-0.3102074292052347;0.8870856942619164;-0.5396568502572942
9176864.999605;4.0929549608709205E-05;7.12096674910279E-05;-81.70950780605331;-0.308635155061846;0.887036159999428;-0.5448768820112582
9188765.423752;5.429342881424532E-05;6.551002764123595E-05;-81.40301017951883;-0.3081051689845109;0.8873808186373304;-0.5434753725600612
9200681.280195;5.738031445129221E-05;6.606327224566718E-05;-81.15949496282755;-0.3067908124573352;0.8881510706825048;-0.540722868600048
9212612.588946;3.656091409858321E-05;0.00011021698018410256;-78.70165694727541;-0.3056750513324656;0.8888625668844047;-0.5378661359846362
9224559.370044;1.635255403888477E-05;7.4320611167079E-05;-82.37249489774504;-0.3040473978715331;0.8892386199694602;-0.5394578641277229
9236521.643552;5.8374452262839647E-05;6.695454911046632E-05;-81.02896118505372;-0.30260463440702473;0.8892176951501805;-0.5439471037272615
9248499.429561;5.1516666600159185E-05;8.669069487019583E-05;-79.92711352841691;-0.30144438946656416;0.8897352936824839;-0.5428646074391905
9260492.748188;3.87493471619613E-05;9.116334047852011E-05;-80.08230662586928;-0.2999002542431209;0.8903726818030427;-0.5418506529295879
9272501.619575;5.200222081616481E-05;6.34529486080575E-05;-81.71952177341788;-0.2992323179275361;0.8910345886605943;-0.5380199042268392
9284526.063891;4.761371980534386E-05;5.208253854345835E-05;-83.02800558761645;-0.2976099889133686;0.8905585593319167;-0.5469578206446095
9296566.10133;5.177837656524426E-05;8.792697704017758E-05;-79.82459435010186;-0.29649208921649717;0.8911454260503943;-0.5450791370322119
9308621.752113;4.3336633871173425E-05;5.303346565996511E-05;-83.28770460536346;-0.29479363738728664;0.8919596473206924;-0.5428759836511374
9320693.036487;1.3525105560118335E-05;6.746541699844087E-05;-83.24724872729053;-0.29378559313543;0.8920781905154974;-0.5447554478934427
9332779.974726;4.774166650892136E-05;6.200436994898093E-05;-82.12978390681332;-0.2928554747629691;0.8928643195560468;-0.5405354907246014
9344882.58713;4.7955459630449374E-05;9.127002939755158E-05;-79.73469008088982;-0.2910354330984982;0.8930944010897434;-0.5437425402625541
9357000.894024;5.097412461129E-05;9.788958271847076E-05;-79.14326619707799;-0.2900021924359924;0.8935118252034864;-0.5430268100239174
9369134.915762;5.492346496883674E-05;0.00010223467657048957;-78.70680250312643;-0.2890566737729526;0.8938584230978869;-0.5426725450810693
9381284.67272;4.0418314918442735E-05;8.273580562782782E-05;-80.71662857584174;-0.2876379896109859;0.8941314982115329;-0.5442962405436584
9393450.185306;4.1023781156603497E-05;6.526694526617159E-05;-82.26014383474413;-0.28641745755011555;0.8946645219772474;-0.5430518428085236
9405631.473951;5.506028814079425E-05;0.00010239538360476315;-78.69137360564554;-0.2851569066868234;0.8952715972687981;-0.5412503535005104
9417828.559112;2.1912849327532505E-05;7.258089150036802E-05;-82.40471244214577;-0.28341071716877975;0.895564396609659;-0.5435555477255662
9430041.461274;4.397881169138778E-05;8.448260286378784E-05;-80.42323477246097;-0.28242810531488827;0.8958189181525701;-0.5440480408834323
9442270.20095;4.9003967870964633E-05;8.339169820106E-05;-80.28930016843648;-0.2812972830500866;0.8968961255954822;-0.5376846495960813
9454514.798675;4.4407727129997744E-05;0.00010097171524171151;-79.14804587733269;-0.28008945880024094;0.8967054117233887;-0.5427017799846472
9466775.275016;5.560312175691019E-05;8.3670251279107E-05;-79.96004766280717;-0.2783109288777529;0.8971081018818495;-0.5440344999707931
9479051.650563;5.157263413073646E-05;6.956444897542037E-05;-81.24999591178069;-0.2769801117243987;0.8977154052960876;-0.5423069808864104
9491343.945934;4.0510820365742016E-05;7.884883810986504E-05;-81.04673283488651;-0.2753469919202018;0.8975892224292926;-0.5478636531062406
9503652.181774;3.2300007120120085E-05;8.848548951258431E-05;-80.51930873579776;-0.27403043862073095;0.8980620580457493;-0.5472440789189228
9515976.378753;5.736901966836507E-05;6.4702469385696E-05;-81.26236959396222;-0.2733563720122254;0.8986503264599034;-0.5438563291057695
9528316.557571;5.027610820110333E-05;7.025446343921038E-05;-81.27064638264761;-0.2714795167611538;0.8991584211680426;-0.5443934908695035
9540672.738952;4.4613329207625923E-05;5.2991587463035935E-05;-83.18898348767041;-0.2708066189161738;0.8995078045845585;-0.5430963892574922
9553044.943648;7.137873484569919E-05;8.381479529010047E-05;-79.16502980967313;-0.26892416915215867;0.8997271139924733;-0.5461557944203588
9565433.192438;4.129780534364468E-05;9.057964313975022E-05;-80.03918436364374;-0.26835155987902903;0.8999696884751817;-0.5455209611736227
9577837.506128;5.609592141717252E-05;7.246249833886212E-05;-80.75846570800648;-0.2665714024169139;0.9006189567315449;-0.5444534356728288
9590257.90555;6.336928472181313E-05;6.552163561164002E-05;-80.80464257026136;-0.2650899458125501;0.9008924067321088;-0.5459060118574623
9602694.411564;4.679066645003106E-05;9.186666838108814E-05;-79.73513671793555;-0.26403711792933215;0.9016540754828472;-0.5418900307991323
9615147.045056;2.1590613610517186E-05;8.476203988425292E-05;-81.16295534843098;-0.2621761524013716;0.9020472777364293;-0.5432188821729522
9627615.826942;4.061118503246232E-05;0.00010604225669181655;-78.89604636057899;-0.2615596433089935;0.9019801693150078;-0.545404392046678
9640100.778161;6.915929581024364E-05;5.954857712174109E-05;-80.79404987868602;-0.2599595956578178;0.9024367578432866;-0.5454564869375645
9652601.919683;6.77799125561525E-05;8.288572117042475E-05;-79.40657787078385;-0.25844063208282836;0.9029410701946037;-0.5448506474908904
9665119.272501;4.5891067360917366E-05;8.907275695837802E-05;-79.98268618904844;-0.25738892892492377;0.9031125296371469;-0.5459971480824679
9677652.85764;3.37729380532484E-05;6.303795915778515E-05;-82.91205678848341;-0.25555801010597584;0.9035837908587686;-0.5464292585539542
9690202.696148;6.249726219427287E-05;7.824255265660109E-05;-79.98794127341183;-0.25479781422879183;0.9037943017037277;-0.5464661866895777
9702768.809103;5.4507538326700035E-05;8.376514781511473E-05;-80.00535740576328;-0.25322504746966035;0.9041547400909554;-0.5471919737202712
9715351.217609;3.92361034929047E-05;8.197039954493575E-05;-80.83092610079497;-0.2518463561486199;0.9042852611226813;-0.5494600418442778
9727949.942798;5.5464890466984155E-05;8.396956990707358E-05;-79.94508780076463;-0.25058455572191923;0.9048576916985944;-0.5474809332900006
9740565.005829;4.8893808049469344E-05;0.00010412693277838762;-78.7834094594258;-0.24913066070102988;0.905419610293263;-0.5460490804324912
9753196.42789;4.686565584728647E-05;9.219608318732078E-05;-79.70758001889993;-0.2479696999163036;0.9057448096339373;-0.5459905965241834
9765844.230194;5.28490980359571E-05;6.579438282076337E-05;-81.47402422779356;-0.24637047118235988;0.9059515795793341;-0.5480395682602632
9778508.433982;5.75549972033651E-05;7.180022921538033E-05;-80.72226811983582;-0.2450333056674116;0.9067330626185275;-0.5442991028176123
9791189.060525;5.549062917715888E-05;7.427497146889365E-05;-80.65704537293065;-0.24364541497222325;0.9067359474185529;-0.5476134327295004
9803886.131118;5.3527786629117724E-05;0.00010489142546624836;-78.58003858651885;-0.2424898041475556;0.9070964181437947;-0.547159962887095
9816599.667087;5.931313124994863E-05;9.397783015432065E-05;-79.08337258802194;-0.24095736953206476;0.9070923898027617;-0.5508470105992698
9829329.689783;4.7041813298350405E-05;8.067338282010246E-05;-80.59427394397589;-0.23964703629666256;0.9081475362162866;-0.544513340450546
9842076.220585;5.9955031080727765E-05;8.06541427436671E-05;-79.95691677022533;-0.23840531171800883;0.9079612629809307;-0.5491035793957132
9854839.280903;5.7017696704191036E-05;7.629491910964352E-05;-80.42300193679539;-0.23715978442134322;0.9083280137781296;-0.5487399067209662
9867618.89217;4.57764824075737E-05;9.543898441868562E-05;-79.50623562860909;-0.23602129623512288;0.9086629399420284;-0.5483957254517722
9880415.07585;5.5516554229077415E-05;7.829456136503588E-05;-80.3564012428902;-0.2345090920809333;0.9094981089252104;-0.5444214038301166
9893227.853433;4.393158214503059E-05;7.723388795644924E-05;-81.0264471043743;-0.23284653178678555;0.9096224947846057;-0.5471334929516724
9906057.246439;6.468643224175612E-05;7.407361471218153E-05;-80.14518067641178;-0.23175023518851057;0.9097880316334213;-0.548158999978581
9918903.276414;5.211252875835814E-05;8.955167992171558E-05;-79.69189090238422;-0.23028733431105156;0.9098797042667072;-0.5506681693812414
9931765.964932;6.081376301721974E-05;8.464078536955386E-05;-79.64075155419835;-0.22915065712729135;0.911094253447627;-0.542347176529724
9944645.333596;5.240695936747279E-05;7.277154095233995E-05;-80.94625856348637;-0.22760598062617712;0.9106209521043733;-0.5500683805260391
9957541.404037;6.560641565798887E-05;8.637740433509721E-05;-79.2939855379043;-0.22697034468018137;0.9108554503211093;-0.5493872549961177
9970454.197914;3.6395637157174535E-05;9.5206262604706E-05;-79.83431485728251;-0.22486536545246422;0.9114108850832308;-0.5490863980000512
9983383.736912;4.968960247234209E-05;7.650274196465085E-05;-80.79786581462406;-0.2236751990819759;0.9118609040852829;-0.5476738502520905
9996330.042747;4.669043836160727E-05;9.550867745457045E-05;-79.46848366633716;-0.22229709289806132;0.9115439289141054;-0.5535532089892783
10009293.137163;5.058715186759904E-05;5.9592451342743264E-05;-82.13936031395754;-0.2203089442353466;0.9125356125626536;-0.5489728472395144
10022273.041929;5.0591199953926386E-05;8.33216451440534E-05;-80.22186525062534;-0.21933606455747004;0.9124216606131492;-0.5521066830154457
10035269.778845;5.406356924469793E-05;8.26661129955378E-05;-80.10703469178311;-0.21787475357629904;0.9127428534227309;-0.5523664485953973
10048283.36974;5.889689774850643E-05;8.556903688357616E-05;-79.66942145433786;-0.21602409004144962;0.9128390630979052;-0.555461686281548
10061313.836468;4.073193260478651E-05;8.706217242740077E-05;-80.34379160024162;-0.21523432822110164;0.9136497477894239;-0.5498382992880653
10074361.200916;2.6181383580226063E-05;9.640689138275382E-05;-80.00880183383437;-0.21410652288448445;0.914070888861182;-0.5484311920163777
10087425.484994;5.605569077572639E-05;5.812690412609402E-05;-81.85687301502475;-0.21219376083924235;0.9140615529139509;-0.5525351750962278
10100506.710644;5.799825272901972E-05;9.815999097045722E-05;-78.86084004198261;-0.21100262625749033;0.913990484906979;-0.5556632950017076
10113604.899837;5.117377630891377E-05;9.384095669001913E-05;-79.42148332492548;-0.20984635153307635;0.9146308545206215;-0.5522867161786336
10126720.074569;8.051504266535516E-05;0.00010611739977569371;-77.50958882478483;-0.20821711986320857;0.9152980666624214;-0.5496251593379274
10139852.256868;4.27897231400323E-05;7.740896658393747E-05;-81.06620645632557;-0.20632414932336013;0.915403485887573;-0.552542662554537
10153001.468789;4.4994290445575566E-05;9.586749501592737E-05;-79.50198291226408;-0.2049627846751227;0.9151830567756907;-0.557297051023233
10166167.732415;5.096303177605353E-05;8.462600701714138E-05;-80.10603953122136;-0.2044862772133087;0.9159065817277982;-0.551722482361698
10179351.069859;4.746914786318149E-05;6.638915707144758E-05;-81.76470986959431;-0.2023391304332307;0.9168191765744821;-0.5477840945283111
10192551.503262;7.187647585994116E-05;8.614788921097944E-05;-79.00054078489052;-0.2012838399000609;0.9166781324221662;-0.551157996829399
10205769.054793;5.043718481093718E-05;9.235275698393594E-05;-79.55737001024492;-0.1997168307407242;0.9168821957140285;-0.5524115834223138
10219003.746652;6.033428312762382E-05;8.677252725686755E-05;-79.51958599765489;-0.19823570962005185;0.9174664791599488;-0.5500332041023611
10232255.601066;6.126221623129418E-05;8.967074307116439E-05;-79.28342511018579;-0.19674055739288038;0.9174059987856656;-0.5534926199057121
10245524.64029;5.5470627683172415E-05;8.291972871691706E-05;-80.0206031064649;-0.19516995702852985;0.9175761854165965;-0.5549888643442908
10258810.88661;6.804700967311472E-05;8.725361045553726E-05;-79.1209129071995;-0.19414618131468178;0.9179602251976028;-0.5534773207605317
10272114.36234;6.95177159604468E-05;8.908428878044249E-05;-78.93852522796452;-0.19292442532404683;0.9180997675745701;-0.5545464734066635
10285435.089822;6.119198888233277E-05;8.560171197825527E-05;-79.55769506341069;-0.19137388027870836;0.9186148149273463;-0.5528191509607858
10298773.091428;4.734120549195778E-05;9.078822055666654E-05;-79.79485799300146;-0.19020347405247884;0.9189504079080631;-0.5519803462102698
10312128.38956;5.0716791128266895E-05;7.730145597086055E-05;-80.68150322400938;-0.18862195230136936;0.9192508332693371;-0.5522115348541333
10325501.006647;6.171620090284482E-05;8.267681845448305E-05;-79.72881026567082;-0.18711769176264745;0.919107977499015;-0.5562961495356937
10338890.965147;6.618249087547816E-05;8.435096918714604E-05;-79.39483162156736;-0.18578062442449159;0.9195100530727109;-0.555108242827285
10352298.28755;5.8052218138463557E-05;9.978167881643014E-05;-78.75285739000203;-0.18441801614626985;0.9195683574953855;-0.5570689494025067
10365722.996372;5.6112719834655635E-05;6.86733584460238E-05;-81.04319634311794;-0.18308412627679413;0.9202692222754527;-0.5531244902080946
10379165.11416;7.498907516603084E-05;8.037324437311449E-05;-79.17817324211767;-0.18152673169291605;0.9202794134813116;-0.5558338847397073
10392624.66349;4.963673102566817E-05;7.779899777723916E-05;-80.69739403961003;-0.18020987780341594;0.9207868371263773;-0.5535745820164321
10406101.666966;7.640314425882263E-05;8.737528370584222E-05;-78.70571773155108;-0.17894139631297634;0.9209145596232698;-0.5546617815742162
10419596.147223;5.688107981134233E-05;5.421403700220691E-05;-82.09389831623396;-0.1769015477411501;0.921244421989534;-0.5552451220595891
10433108.126924;8.116870458013186E-05;8.715052531114155E-05;-78.48214362004617;-0.1756710347702396;0.9213830242482285;-0.5561259199252143
10446637.628762;5.35090404160571E-05;8.918303292287581E-05;-79.65899964901347;-0.17423859080950616;0.9213538305067868;-0.5588665118191758
10460184.675461;6.126672254054727E-05;9.519735649315762E-05;-78.92242486904036;-0.1729954923025353;0.9220920134482755;-0.5542795054616765
10473749.289771;4.387179408632706E-05;7.977626286880392E-05;-80.8149857115994;-0.17184210863819532;0.9217917093536234;-0.5589766698202638
10487331.494474;5.874753241934247E-05;8.441219902229615E-05;-79.75650146124978;-0.17003396997542533;0.9222024282496653;-0.5582891282780689
10500931.312382;4.2101714321030544E-05;0.00010643237370095359;-78.82715293790007;-0.1689648781276777;0.9223020025850136;-0.5591720394867952
10514548.766334;3.5729844604143083E-05;8.914745987280011E-05;-80.35085819099159;-0.1671854141477348;0.9228189253953281;-0.5574157458095758
10528183.879201;5.534468031256767E-05;8.226788789875409E-05;-80.07400580231497;-0.16578647039185546;0.9233277044748333;-0.5550785065283493
10541836.673883;4.8327917435244494E-05;8.487594541440368E-05;-80.20473763333187;-0.1643116993143336;0.9233323308935368;-0.5574394664854155
10555507.173309;6.290079355469683E-05;9.469531772003264E-05;-78.88612694091371;-0.16285094979512632;0.9237781774101241;-0.5557331946574592
10569195.400438;4.186775886079297E-05;8.595087527698025E-05;-80.39031843352278;-0.16174436279347534;0.9240103570990106;-0.5553885610340347
10582901.37826;5.1904597843737694E-05;7.885507885960078E-05;-80.50014552666113;-0.15997163754114208;0.923845111036071;-0.5597124775131417
10596625.129794;6.373634812566359E-05;9.861146917827739E-05;-78.60544591114252;-0.1585280455279422;0.9244457044329738;-0.5565010325014933
10610366.678087;6.806925594386483E-05;9.840009171815215E-05;-78.4417826007873;-0.15680838137993777;0.9244088843523676;-0.5595151657047537
10624126.046219;6.952326983298868E-05;7.033798655462773E-05;-80.0962040866512;-0.1563099093809412;0.9249086679214252;-0.5557219466801564
10637903.257298;6.008919470846469E-05;0.00010272611761556919;-78.48833504759126;-0.1543188536980415;0.9250541610714241;-0.5574464696025362
10651698.334463;5.19754199120088E-05;8.40303962427387E-05;-80.10436650181502;-0.15243237063250126;0.9254580662737906;-0.5566133018862714
10665511.300881;6.877396727166474E-05;8.600938212202685E-05;-79.16229705533749;-0.1511482477282457;0.9254175196847398;-0.5589089361480106
10679342.179752;5.019693365595604E-05;8.888816076902574E-05;-79.82097385778134;-0.14967426420818664;0.9254291874785651;-0.5609929397375123
10693190.994305;8.506408747514133E-05;9.259155982309467E-05;-78.01092965267725;-0.14838354932796705;0.9259724555652132;-0.5579246840065917
10707057.767797;7.892849905677544E-05;9.1791059343867E-05;-78.34005093177251;-0.14671303437380387;0.92602942802463;-0.5598384476596842
10720942.523518;6.933259567192462E-05;0.00010005959137804743;-78.29183134402783;-0.14549885961326234;0.9261344507885645;-0.5606303630519467
10734845.284787;6.405265187107444E-05;7.570194219621165E-05;-80.07290717938103;-0.1436313663827392;0.9259344231307652;-0.5651313855338014
10748766.074954;6.998325001232108E-05;8.573306475261821E-05;-79.11941429176065;-0.14221969635185125;0.9265430640559915;-0.5615517668419248
10762704.917397;4.703852141582183E-05;9.770238969399801E-05;-79.29652529016266;-0.14036867809237794;0.9271894338622951;-0.558216320302493
10776661.835527;6.642828482040753E-05;8.476560944778443E-05;-79.35619682704032;-0.13944404559199897;0.9267930027503826;-0.5631266068492321
10790636.852783;7.569061064190285E-05;9.425845787247358E-05;-78.35239056958515;-0.13794481761538224;0.9269682832741315;-0.5635762610743277
10804629.992638;4.581685040674874E-05;8.672185954595631E-05;-80.16831035923501;-0.136408689061804;0.9275814093592858;-0.5600391073694873
10818641.278592;6.933195193738088E-05;0.00010882662122341378;-77.78581770152825;-0.13514606044333236;0.9275804662345803;-0.5617421163250738
10832670.734176;4.421825573081961E-05;9.537649835767196E-05;-79.56561851706874;-0.1338667252989822;0.9277986000871948;-0.5614427835128293
10846718.382952;4.672430647555843E-05;8.532590331513569E-05;-80.23940384873623;-0.13232881760837134;0.9280305302239856;-0.5613388061468342
10860784.248514;5.55518863375717E-05;0.00010094640727881293;-78.76926566460916;-0.1305429618607739;0.9280401279746331;-0.5635714492713269
10874868.354484;6.316480317011259E-05;9.303688311604612E-05;-78.98058705874348;-0.12924161745134566;0.9285854632247962;-0.5602379416098249
10888970.724516;7.076874405401913E-05;9.017568597761206E-05;-78.81408948772457;-0.12696980307637187;0.9283192886061817;-0.5655592429656059
10903091.382296;6.536527399791051E-05;8.493538419055757E-05;-79.39807045324709;-0.12633845601287363;0.9289623669772116;-0.560444840119812
10917230.351538;6.457029232018496E-05;8.259341211707842E-05;-79.5896301437928;-0.1244645013882116;0.9288713940258676;-0.5636034183561196
10931387.655988;5.333508173421768E-05;9.248960884299937E-05;-79.43134820322886;-0.12328422492595777;0.9291270490951753;-0.5627006262502579
10945563.319423;3.637311649709083E-05;8.233283786226032E-05;-80.91423853494254;-0.12189047227445197;0.9294159647968865;-0.5617354741342819
10959757.365651;6.763253770473851E-05;7.91232297981965E-05;-79.65185287826485;-0.12004922915463404;0.928849646045717;-0.5691450584787437
10973969.81851;6.075239360986501E-05;9.686510914407391E-05;-78.8360139528638;-0.119112614173122;0.9295303414388765;-0.5639941121803378
10988200.70187;2.5981297511394864E-05;9.244664240041187E-05;-80.3520269106414;-0.1170929275550879;0.930284079912168;-0.5594234335386541
11002450.039631;5.450061196198839E-05;9.893857237374965E-05;-78.94177991099869;-0.11594380566230675;0.9299279832444957;-0.5640210656624818
11016717.855724;7.663304612743711E-05;9.471486992640024E-05;-78.28462795380918;-0.11458917406860372;0.9300541230221945;-0.5644051762614215
11031004.174113;4.935097803585905E-05;8.396939514950963E-05;-80.22899557930455;-0.11331406595087617;0.9303036331119466;-0.5635468083269317
11045309.01879;5.6175921178723284E-05;9.680178557539526E-05;-79.0217650447249;-0.11141516459469251;0.9306154512513501;-0.5627877181031763
11059632.41378;6.25398849623026E-05;8.199865117005035E-05;-79.73261852184051;-0.10983599471712886;0.9299906395914365;-0.5702688332849007
11073974.383139;5.0879181379255065E-05;6.384482199876744E-05;-81.76209464439827;-0.1086287332577031;0.930927453579754;-0.5629475622796619
11088334.950954;5.087733688849283E-05;8.297166988140103E-05;-80.23521567168052;-0.10686486826121361;0.93064976980423;-0.5673847577397807
11102714.141343;4.541023295614506E-05;8.589648907236817E-05;-80.25014383970516;-0.10555681446264834;0.9304687183937457;-0.5704285914290332
11117111.978455;5.531480440896164E-05;8.340554902576465E-05;-79.9929644007752;-0.10399755665924412;0.9312417916621701;-0.5649224458146762
11131528.486472;6.614337026308799E-05;8.660280848670657E-05;-79.25366679124694;-0.1020903923926613;0.9311235199638379;-0.5679570873006711
11145963.689605;6.670959304250265E-05;8.66750105721696E-05;-79.22169798639258;-0.10044145773886914;0.9309549383789482;-0.5711650618148456
11160417.612099;6.330117092289484E-05;9.814600728986829E-05;-78.65195914456545;-0.09920088056597928;0.9317104471614723;-0.5654249861386389
11174890.278227;8.778854345695551E-05;8.557810363329167E-05;-78.23028300412395;-0.0974200539426066;0.931676066463549;-0.567474506786087
11189381.712297;5.603753451936484E-05;7.071720948020917E-05;-80.89315364047415;-0.09571105767895839;0.931953048098166;-0.5665534133349369
11203891.938646;5.96095452582067E-05;7.554221086781937E-05;-80.33392600779382;-0.09444157506871557;0.9321061375957479;-0.5663358382422544
11218420.981644;6.377625530332356E-05;4.963483749037157E-05;-81.85018465407228;-0.09311248703129958;0.9322432997189688;-0.5663039628881793
11232968.865693;6.58487820876128E-05;8.812611720923828E-05;-79.17132995851394;-0.09146927490010405;0.9322768487422592;-0.5674953367726441
11247535.615225;7.093673401201194E-05;7.287062674732373E-05;-79.85389231663515;-0.08979583246763195;0.9324713032430855;-0.5672019987331377
11262121.254704;7.520918272374768E-05;7.333983099796023E-05;-79.5722168133115;-0.08832022511136992;0.9327054676804594;-0.5663413365137735
11276725.808626;6.678295763508791E-05;0.00010134238973557185;-78.31790077250508;-0.08685929981875613;0.9326178889100328;-0.5684164101553558
11291349.301521;5.520619444536043E-05;7.532593213849553E-05;-80.59397862032026;-0.08602403768009714;0.933280215498805;-0.5630169263473934
11305991.757946;7.51206198099014E-05;8.849317263531745E-05;-78.70498650449545;-0.08400796009104307;0.9328188110633293;-0.5689728179694227
11320653.202495;4.43218644886443E-05;0.00010176558878006722;-79.09365930735406;-0.08225029318941965;0.9327777037117736;-0.5707996593806112
11335333.659791;6.399503393888367E-05;6.108717307897859E-05;-81.06404273133526;-0.08099464604227877;0.933075062233751;-0.5690672181511456
11350033.154488;6.450065793990638E-05;7.833542568965214E-05;-79.87298828064148;-0.07953024694222927;0.9331980989016468;-0.5690942133344219
11364751.711275;5.461526634991467E-05;0.00010576759567152052;-78.48642053550249;-0.07790474500459824;0.9334231062409778;-0.5682818654101768
11379489.354871;7.340297580625634E-05;8.139351480870047E-05;-79.20352098011688;-0.07627162334640573;0.9329160331293317;-0.5742169064833635
11394246.110028;4.174787521946281E-05;8.054585807637819E-05;-80.84572707553319;-0.07468414817134843;0.9338833508004583;-0.5664606645658519
11409022.001528;7.110873490840258E-05;8.174166962830676E-05;-79.30400243854903;-0.07343241521097799;0.9339637036726206;-0.566635409495128
11423817.054188;5.119476463749485E-05;9.780582261154784E-05;-79.1410736316831;-0.07167552924781995;0.9338337491432276;-0.5690986664748305
11438631.292855;5.519878153267131E-05;6.590511113224007E-05;-81.31332692339558;-0.07045015674767802;0.9340961431646446;-0.5675345428766266
11453464.742411;5.912685279270398E-05;0.00011096878511194701;-78.01066592036479;-0.06889553388909943;0.9339575809949944;-0.5698883995223323
11468317.427766;7.339017250923896E-05;9.250617869687942E-05;-78.5562787138341;-0.06717816792371825;0.9340366981657064;-0.5703137795330107
11483189.373867;6.560366187910013E-05;0.0001004213107589326;-78.41991116063522;-0.06552324860234579;0.9339512971113597;-0.57219182986297
11498080.605689;6.128295356676571E-05;7.710692631844047E-05;-80.13179981849606;-0.06431700810153307;0.9341351124778907;-0.5712665963473793
11512991.148243;7.829855416853356E-05;8.352738608951184E-05;-78.82480537448517;-0.0629353896855374;0.9343334898163393;-0.5703015287923592
11527921.02657;5.585602451133648E-05;8.075749884918216E-05;-80.15847777733856;-0.06099077536389552;0.9344490907084043;-0.5704251206154773
11542870.265745;5.499281465535987E-05;9.200516274577099E-05;-79.39711736235238;-0.05965216803123721;0.9344095461235163;-0.5715910858878425
11557838.890874;6.099543038418316E-05;9.15029217867264E-05;-79.17457786961846;-0.058264822289163305;0.9346875357564545;-0.5698278809758228
11572826.927096;5.6698667575669506E-05;8.930072298328322E-05;-79.51194829641655;-0.05679876310483888;0.934731172104116;-0.570259284522861
11587834.399585;6.282804260284613E-05;9.067431589931442E-05;-79.14738167480613;-0.0547912394953112;0.9353288891588798;-0.5658354004866653
11602861.333544;4.634353025257881E-05;8.665640736528921E-05;-80.15155262145328;-0.0532774574607329;0.9353877981866073;-0.5660995463614
11617907.754212;6.358097267306031E-05;7.003077254891646E-05;-80.48329883162762;-0.05153900140711763;0.934992309909152;-0.5706632919250727
11632973.686857;5.830306972701842E-05;7.405719054627162E-05;-80.51405362474414;-0.05017435412673649;0.9351772555084625;-0.5696378035014947
11648059.156783;5.669167714447418E-05;6.294268987400269E-05;-81.44134003622936;-0.04856134900316279;0.9354008168581541;-0.5683558785109609
11663164.189325;6.143396852511664E-05;7.691826750900027E-05;-80.1365146728584;-0.04726364991838468;0.934816138774666;-0.5743885135345227
11678288.809853;6.596800397210417E-05;7.346684596653766E-05;-80.11033024594583;-0.04513250270197978;0.9346868795787076;-0.576563022285089
11693433.043767;5.27247995494483E-05;8.690494316337724E-05;-79.85799897490398;-0.0437457965206369;0.9358294705181138;-0.5665860602101817
11708596.916502;4.231149868439878E-05;9.779478351333449E-05;-79.44847950515381;-0.0422248670582144;0.935410108142895;-0.5711183711535808
11723780.453525;5.762390436339247E-05;7.207439693216276E-05;-80.69803461649109;-0.040356328181654105;0.9353577388592291;-0.5723681587233103
11738983.680336;6.18804219715592E-05;8.715601181240631E-05;-79.42130220255197;-0.039338370573940025;0.9355391089899708;-0.5710890375333987
11754206.622469;6.376940838734539E-05;7.689069803084667E-05;-80.0092529874565;-0.03769241441734746;0.9357433147824418;-0.5698244629667961
11769449.305491;4.800165211196213E-05;9.212321336287275E-05;-79.66944543792677;-0.03592126392205705;0.9353616285055066;-0.57400858545219
11784711.755;6.678691882985846E-05;6.914859503282763E-05;-80.34233062072092;-0.03475997022353616;0.9358958856134895;-0.5694625233070192
11799993.996631;6.030602761057515E-05;8.56321509593432E-05;-79.59805952337456;-0.03291905326669555;0.9354346897836431;-0.5743555145814362
11815296.056049;4.733303379227172E-05;9.76774257133511E-05;-79.28806947820537;-0.03141931279064649;0.9356495478612356;-0.5728412793971481
11830617.958954;5.956144838191241E-05;7.531002823603277E-05;-80.35308342154605;-0.029718641337783482;0.9361737889934837;-0.5684961286975652
11845959.731077;8.963804645555912E-05;8.507678723459804E-05;-78.160745364605;-0.028117786686974684;0.9355504030380302;-0.5747350218925591
11861321.398187;4.289799111636126E-05;9.044431879143444E-05;-79.99114402397417;-0.026888821694045942;0.9359804341944561;-0.5710818548925294
11876702.986081;6.0996746238606E-05;6.675317470842449E-05;-80.8742781124314;-0.024873828589002053;0.9358454960629077;-0.5728499500567923
11892104.520593;7.796170880071258E-05;7.426559630365925E-05;-79.35788923694675;-0.023477055067487995;0.935713254613395;-0.5744113107793026
11907526.02759;5.2391603900036105E-05;9.190467354797658E-05;-79.51117553708322;-0.02158662479790905;0.9362316025425268;-0.5700258753583045
11922967.532971;6.486762885017788E-05;8.765400569389597E-05;-79.24780379590709;-0.02024442711865024;0.9359519209413388;-0.5728978417710213
11938429.06267;6.20929639925979E-05;8.216667204700812E-05;-79.74411600400825;-0.018655701068289145;0.9359818448620457;-0.5729265137499651
11953910.642654;7.088523212517929E-05;6.969008269267425E-05;-80.05180475837943;-0.016820802203072666;0.9365208409290451;-0.5682502823982785
11969412.298925;6.943818303816528E-05;0.00010575259607450785;-77.957369180861;-0.015216134263127856;0.9361287614513094;-0.5721409605186165
11984934.057516;5.624303236443841E-05;8.759941943435819E-05;-79.6509345238506;-0.01383663696191606;0.9359687302613104;-0.5738241871021443
12000475.944497;7.90837705184795E-05;7.574193199742482E-05;-79.21141590104656;-0.012474963342871468;0.9360648648040769;-0.5731098332922847
12016037.985969;6.841555383730302E-05;0.00010222580824849543;-78.2013799789181;-0.010245877367216992;0.936281112613592;-0.5713547002229877
12031620.208068;8.165542200182285E-05;8.974563309993416E-05;-78.3203653179975;-0.009144040308840102;0.9365669894133339;-0.5688091081364574
12047222.636965;5.386825084073051E-05;9.38395080201881E-05;-79.31530576635026;-0.007748303730201849;0.9363068845524524;-0.5713382621177272
12062845.298864;5.964088305468319E-05;9.240631762340836E-05;-79.17359569383592;-0.005762241437084277;0.9361021126019611;-0.5733709371933087
12078488.220001;6.0676872706936725E-05;8.982959745204758E-05;-79.29923715372841;-0.004188382841984175;0.9364175041609689;-0.5705226525878813
12094151.42665;8.064367651037174E-05;8.279296655478345E-05;-78.74256029107289;-0.0027768168412093393;0.9359987428226539;-0.5744564684578031
12109834.945116;6.606230004957131E-05;9.246211446091093E-05;-78.88957038748893;-0.0013152894032167322;0.9362184270843019;-0.5724477309874589
12125538.801738;6.598868373867335E-05;7.754721955265878E-05;-79.84301759223557;0.0001428546715095051;0.9363848080630303;-0.5709127174356244
12141263.022892;4.41395856388713E-05;8.76240013517315E-05;-80.16542022950122;0.0018572561196875598;0.935937734558033;-0.5750437536376077
12157007.634986;6.182352486504858E-05;8.201110037180639E-05;-79.76831163032887;0.0031735971341034066;0.936050629960084;-0.573963280815497
12172772.664462;4.314051390517174E-05;9.315802541869724E-05;-79.77179100115946;0.004886135972624477;0.936196418474717;-0.5725421954677195
12188558.137798;7.50662106459297E-05;7.752191948213281E-05;-79.3387602263058;0.00676795865676345;0.9366415525982716;-0.568304839998559
12204364.081504;3.7860363606179786E-05;8.59064541673738E-05;-80.54860165270597;0.008642474021540192;0.9361186811360406;-0.5730116062112445
12220190.522126;7.130952701575309E-05;0.00010000520076265898;-78.21423339604691;0.010600517908761532;0.9358959678972538;-0.5748913470255195
12236037.486245;7.243451525944666E-05;7.211904001904173E-05;-79.8097037203611;0.011706350852584865;0.9354122915343138;-0.579258430556389
12251905.000475;5.3546596408693264E-05;6.710054135673016E-05;-81.32548974551955;0.0134579618231196;0.9359354374641257;-0.5741843180761594
12267793.091465;7.355368971577091E-05;0.00010769947994556707;-77.69312965285215;0.014717355648433279;0.9358701809530061;-0.5746139152007713
12283701.785899;6.751420897156307E-05;7.047929019507812E-05;-80.21112275199911;0.016854852290870446;0.936177016561081;-0.5714330045400333
12299631.110495;7.22592098898901E-05;9.322237705379048E-05;-78.56616518492129;0.01791276121062618;0.9358496011998237;-0.5742879998191275
12315581.092005;8.047598759943798E-05;9.243104731132922E-05;-78.2333344781073;0.01968172401748843;0.9353675759612456;-0.5784313483346916
12331551.757218;7.039920643161007E-05;9.404013425683963E-05;-78.60133655694844;0.021155605737341335;0.9354407474070875;-0.5774536176944719
12347543.132956;4.511084642337691E-05;8.070157732330082E-05;-80.68149049658074;0.022833685094189687;0.9357522571840083;-0.5741971851831916
12363555.246076;7.685951232903937E-05;9.977864261176573E-05;-77.99610236286509;0.02432447094672544;0.9356935653181778;-0.574393162517291
12379588.123469;6.998932292546748E-05;8.73067258712963E-05;-79.02362035212916;0.025888748424395997;0.935764852256071;-0.5733426026525223
12395641.792063;5.1751937059632606E-05;9.519898427049348E-05;-79.30290858075067;0.027759916017722836;0.935680358433569;-0.5736287627240417
12411716.27882;6.610876926222881E-05;8.353420835959605E-05;-79.45067915964292;0.029680536539250686;0.9357468967888023;-0.5724649941543979
12427811.610736;7.12682972266051E-05;7.122961604899466E-05;-79.93412954405663;0.03152091331270482;0.935542896936185;-0.5737985951086431
12443927.814842;7.991682652616301E-05;6.096411809684915E-05;-79.95535768665671;0.03285833929424979;0.9357820071343282;-0.5711548994289724
12460064.918206;6.827864281904783E-05;8.902184883855028E-05;-79.00082507361363;0.034348195013596865;0.9355237623042009;-0.5730530797513634
12476222.947929;7.792115165890844E-05;8.858022107054672E-05;-78.56418130305185;0.03609019345952896;0.9353507168643725;-0.5740494662153659
12492401.931148;8.264226868135867E-05;8.970384480067231E-05;-78.27498522700071;0.03808770608102241;0.9350803720229699;-0.575821785229995
12508601.895036;7.695406985919447E-05;8.01032542402243E-05;-79.08739035197027;0.03907893592146059;0.9345088642955386;-0.580743562527516
12524822.8668;5.323938224212308E-05;8.288898170138712E-05;-80.13003784154334;0.040766085412956336;0.9351022155514322;-0.5745721198874234
12541064.873682;4.782117944332538E-05;8.590650483702414E-05;-80.14717591111858;0.042191310563939904;0.9346892379458539;-0.5778151244783724
12557327.942962;7.46847053988604E-05;9.389629364565218E-05;-78.41808871457548;0.043702139356948166;0.9349475560922917;-0.5747764510798613
12573612.101951;7.10771782584374E-05;8.771231868349004E-05;-78.94645980923787;0.0457216494810758;0.9350430275957717;-0.5729964664739449
12589917.377999;5.006242775751731E-05;9.494331659249488E-05;-79.3852942423278;0.04770366133145831;0.9347460969207687;-0.5748305109462348
12606243.79849;8.10854521458809E-05;7.466488715454567E-05;-79.15434591234168;0.049260115535706625;0.934404956767627;-0.5772441355680384
12622591.390845;5.7128900947322185E-05;8.566681151402574E-05;-79.74591148748681;0.050396812230134244;0.9348512001765122;-0.5725471659468192
12638960.182518;4.382270644468186E-05;7.790336789140629E-05;-80.97487773803292;0.052780937835063456;0.9341983477379356;-0.5773770833040378
12655350.201;8.764868465125775E-05;8.65001626418427E-05;-78.19169898179905;0.05374560578545103;0.9340202309929266;-0.5785181305827424
12671761.473818;8.396306451171591E-05;8.39837816867123E-05;-78.50686283405462;0.05565409836819951;0.9342177471465017;-0.5756521903618327
12688194.028534;5.670358614588067E-05;9.315274686960175E-05;-79.24718406765092;0.05671559569720483;0.9342734386677096;-0.5745449058844504
12704647.892747;5.774562954590155E-05;9.146952230855658E-05;-79.31768437919595;0.05896440555673004;0.9338569627110855;-0.5771129586472465
12721123.09409;6.165806390321113E-05;0.00010048124057769546;-78.57041550694659;0.060535528842634155;0.9336928629112735;-0.5777018459565197
12737619.660232;4.970191256517535E-05;0.00010647644857163474;-78.59884501053608;0.062064966021255205;0.9338486205442229;-0.5753292640253894
12754137.618881;8.406598268482425E-05;9.920298140320386E-05;-77.71899516722331;0.06309496151612877;0.9328810004734682;-0.5836538472831507
12770676.997775;6.350676040150019E-05;8.933488397418139E-05;-79.20318513741626;0.065295924429875;0.9332396122346298;-0.5789282420142136
12787237.824695;5.795661206671118E-05;9.065862031662035E-05;-79.36368168245336;0.06717214244381392;0.9332375667689543;-0.577714048401218
12803820.127452;6.416714247240236E-05;7.67970296141458E-05;-79.99340116403695;0.0686196498869022;0.9329553498352338;-0.5793519899995363
12820423.933897;7.133022178659522E-05;6.535110134858106E-05;-80.28781365552099;0.07024768132211864;0.9334586936753728;-0.573571650873153
12837049.271914;6.711834024703564E-05;7.845383172064684E-05;-79.72247875314777;0.07214778668948658;0.9329836044685665;-0.5766264865218121
12853696.169427;5.939406168667405E-05;8.044924626005274E-05;-80.00011474756795;0.0735933239753343;0.9326967326579682;-0.5782363591516723
12870364.654392;4.2992887661905925E-05;6.118187291385589E-05;-82.52463129989542;0.07532092543705855;0.932899553845591;-0.575083778092041
12887054.754805;6.516111747102953E-05;8.140994270324783E-05;-79.63628644124269;0.07722810629492514;0.932425054751093;-0.5780305103900854
12903766.498695;5.766769286815516E-05;8.36340895756841E-05;-79.86310887210159;0.07925971314773347;0.9324796158918179;-0.5759489243692226
12920499.91413;7.340827208214699E-05;7.67271638304358E-05;-79.4785140029496;0.08032338395209511;0.9327405422233015;-0.5726950242748932
12937255.029214;6.310870351154422E-05;7.880147548629162E-05;-79.91724350499622;0.08177530362369095;0.9323323577742884;-0.575301897576216
12954031.872085;8.438459526507189E-05;0.0001006598743902139;-77.63131092647151;0.08409921841506351;0.9320314436527167;-0.5761723040077513
12970830.47092;8.313857119701678E-05;8.516240118215096E-05;-78.48793949937107;0.0855070912633283;0.9322229870274026;-0.5732183404068015
12987650.853932;6.552755321433351E-05;7.299497818962676E-05;-80.16728912041664;0.0870439898100538;0.9320380047170125;-0.5736131393656746
13004493.049371;6.0130188516332904E-05;8.108461405462759E-05;-79.91810720051993;0.08892267488188998;0.9312712273983462;-0.5790591998074971
13021357.085522;6.645549084014612E-05;6.228239307755886E-05;-80.8116116249492;0.09071899057096232;0.9313799837937273;-0.5764533991609712
13038242.990708;6.73336576068951E-05;9.474838064542015E-05;-78.6931002833011;0.09217543051791263;0.931270986618836;-0.576139226969179
13055150.793289;8.648843074309294E-05;6.188380327581834E-05;-79.46543010592913;0.09422411755605188;0.9304206319471515;-0.5821002416134999
13072080.521661;5.926808330752438E-05;8.149610901052167E-05;-79.93349091079436;0.09511301327861284;0.9310495014202008;-0.5754564254116747
13089032.204256;5.147808309678258E-05;8.887161509951628E-05;-79.76823414340711;0.09719626471444902;0.9301046258618356;-0.5821946324754494
13106005.869545;5.760814270595554E-05;9.107777746642786E-05;-79.35023426430072;0.0985040645462327;0.9308170574147734;-0.5743469776862007
13123001.546035;6.051873809587252E-05;9.831694601879761E-05;-78.752109187631;0.10053623811940943;0.9305330775283431;-0.5749621928044144
13140019.262269;7.99311096006422E-05;8.75078190902644E-05;-78.52428763505118;0.10245910985820167;0.930603953643758;-0.5723738325905725
13157059.046828;8.076825204589682E-05;8.590947126639831E-05;-78.56861871632344;0.10382669492160201;0.9301174253284943;-0.5754626327291689
13174120.928331;7.525466872926364E-05;0.0001052439035384831;-77.76256366433229;0.10542643352890865;0.929800093311518;-0.5767294636068556
13191204.935431;9.020516628448714E-05;7.347285017431675E-05;-78.68534304259654;0.10668730335092645;0.9292891952585113;-0.580115084782158
13208311.096822;7.465192595394082E-05;0.00010539941304921152;-77.77753280639777;0.10865755665199114;0.9294114152381053;-0.5768827366540475
13225439.441232;6.707797791405683E-05;7.511574295322053E-05;-79.93883675178013;0.10984440397924569;0.9290065454136146;-0.579329095209606
13242589.997429;6.0206919464348334E-05;9.352714455865782E-05;-79.07553070907157;0.11187701998801397;0.9291616304374611;-0.575663965157956
13259762.794216;5.736307997269684E-05;9.340072162282231E-05;-79.20304501238772;0.1140023823487928;0.9288617338520504;-0.5760464774799527
13276957.860434;6.603407957483954E-05;0.0001048485410898068;-78.13786490247693;0.11563814906746932;0.9288454625189855;-0.5743339425010778
13294175.224962;7.900057974645703E-05;8.548108962400993E-05;-78.68121340904347;0.1169782256674484;0.9287213260284951;-0.5739317912251053
13311414.916716;7.459318986991395E-05;9.850821582602789E-05;-78.1621749145141;0.11902968528471554;0.9280720817388481;-0.5775086636670869
13328676.96465;8.230578428144E-05;9.289987777350897E-05;-78.12348744883431;0.12035462849309779;0.9280754925376812;-0.57590419463183
13345961.397755;7.221334094297468E-05;8.484909358497167E-05;-79.06083525875425;0.12285482327315336;0.9278588382421088;-0.574882930977832
13363268.24506;6.918118143983699E-05;7.793248546451747E-05;-79.64189844170167;0.12347510717355505;0.9275990595209281;-0.5765153532259244
13380597.535631;8.7738436546811E-05;8.034053453291096E-05;-78.4916270182883;0.12576843528054663;0.9271261683218948;-0.5780306683019557
13397949.298572;8.611694831502565E-05;6.354584446206188E-05;-79.41035119123875;0.12665723506168894;0.9270227997657333;-0.5778684637697453
13415323.563026;6.942400516782026E-05;8.719917704534574E-05;-79.05759916992989;0.12893205313733141;0.9265768952524317;-0.5790846268632133
13432720.358171;7.648121245780337E-05;7.653998799304833E-05;-79.31526722230713;0.13076268808135413;0.9266003322440008;-0.5765106963129963
13450139.713225;6.529963939830825E-05;8.189802783131078E-05;-79.59740727081707;0.13234652004740205;0.9266667149243528;-0.5738346680862292
13467581.657444;7.892013214651435E-05;6.869834869301595E-05;-79.60671146904869;0.13382086582287547;0.925681045450318;-0.5809449127728041
13485046.220121;8.726680324278332E-05;6.708604456440123E-05;-79.16639576713897;0.13583917497099066;0.9261226996722819;-0.5741879044947683
13502533.430586;7.752889465864787E-05;8.43284971867756E-05;-78.81999140990666;0.13750828723494024;0.9253916235182768;-0.5786381876316564
13520043.318211;8.657491695503576E-05;9.127313814621427E-05;-78.00628783921621;0.13902852086488662;0.9249588725107157;-0.5805258097811529
13537575.912401;8.651832608721398E-05;7.280594626985726E-05;-78.93261001094764;0.14079223781142958;0.9243218021852928;-0.5839255207973394
13555131.242602;8.930509872331116E-05;7.943074064141241E-05;-78.45130602386577;0.14269258076870886;0.9249719321886481;-0.5752849294969256
13572709.338299;7.610141547204515E-05;6.970217286489136E-05;-79.72657800213086;0.14403556667909223;0.9241810478570552;-0.5806300153733809
13590310.229012;6.602901070463541E-05;8.845718572269255E-05;-79.14192146541149;0.14581211399190158;0.924796788784037;-0.572429893951527
13607933.944304;6.859680096534645E-05;7.752924516866049E-05;-79.69954935958702;0.14770618461928084;0.9236537630031526;-0.5801508140138617
13625580.51377;7.83222344831263E-05;9.59982810320318E-05;-78.13890421265914;0.14931415980743343;0.9242613178907259;-0.5722147170093167
13643249.96705;7.517727614635194E-05;9.874631296455197E-05;-78.1240999010531;0.15071290509376611;0.9235986734998395;-0.576204047438947
13660942.333818;5.36058837821243E-05;9.199137616299856E-05;-79.45540007048088;0.15265871515481924;0.923497423127891;-0.5742045716760721
13678657.643789;6.593303039682406E-05;0.0001017106963038946;-78.32912274503961;0.1546994737583429;0.9234659985857776;-0.5713840360322034
13696395.926713;5.416561758317428E-05;7.802522094378325E-05;-80.44704434883819;0.1556812335575136;0.9223486810415354;-0.5800994654847176
13714157.212384;6.229206491069351E-05;6.683440304819949E-05;-80.78462365748484;0.1577971032586808;0.9222632193315058;-0.5775904319426726
13731941.530629;4.829935089458416E-05;0.00010114465877072027;-79.00904244762782;0.1598341693576195;0.9220170633801751;-0.5766328470836255
13749748.911318;7.819686333708403E-05;7.913117667406816E-05;-79.0740241498558;0.16142510303693727;0.9217436022314085;-0.5765985996848582
13767579.384358;7.733802856085496E-05;0.00010208743201883058;-77.8507633284037;0.16286280306151416;0.9216450601491948;-0.5751874470909618
13785432.979693;6.326304237822655E-05;8.734135110045931E-05;-79.34393244728146;0.16499558874511489;0.9215229786683685;-0.572836844966451
13803309.72731;9.721482695063752E-05;8.325423755183661E-05;-77.85633326292775;0.16671300135362202;0.9208610606185892;-0.5760581112306685
13821209.657231;6.912650892602333E-05;0.00010783725703996443;-77.84961604007114;0.16835464325393698;0.9207671641206936;-0.574188300430906
13839132.79952;6.701779813473868E-05;8.963099227998719E-05;-79.02218796530538;0.17016563367378987;0.9203959496521545;-0.5745373212127939
13857079.184277;7.175393397802819E-05;7.71990841594197E-05;-79.54351397556235;0.17197137281979244;0.9202622769187476;-0.57269479498847
13875048.841642;5.749839799458398E-05;8.656539587816309E-05;-79.66590981199735;0.17340855632595442;0.9198504581803378;-0.5739903474310246
13893041.801796;6.719603612170865E-05;8.19437115984195E-05;-79.49617183152944;0.17492352968545372;0.9198685553164648;-0.5712105509710999
13911058.094958;5.466813450915313E-05;7.752496925489612E-05;-80.45818981907448;0.17671664966614872;0.9187473740780826;-0.578304136951806
13929097.751385;6.789269013093529E-05;9.837472289187175E-05;-78.45058849568125;0.1783327961032551;0.9189103618013797;-0.5739732652062073
13947160.801374;7.569255089724242E-05;0.00010253079288958546;-77.89362479168742;0.17970891347292198;0.9179110119538434;-0.5806346531041225
13965247.275261;6.822104175566645E-05;9.818006708038398E-05;-78.44863355233764;0.18199400151901457;0.9183986197378972;-0.5720951190673075
13983357.203423;6.604950472249206E-05;0.00010710145875164183;-78.00429669163704;0.18294764781423703;0.9175532259211994;-0.5780647373490371
14001490.616275;7.171681017163964E-05;8.852217621107524E-05;-78.86742822124054;0.18503258920588886;0.9171165274676114;-0.5782333248442667
14019647.544271;6.399383270967387E-05;0.00011117412217529034;-77.83704856485147;0.18727231429735255;0.9168769392762205;-0.5762766891220407
14037828.017905;6.096142792491305E-05;7.563919414406233E-05;-80.25139198153497;0.1888727254136842;0.916506823972745;-0.5766564651350126
14056032.067712;5.3434893065592124E-05;0.000105937255072231;-78.51459353511429;0.1904999569408933;0.9163623522010964;-0.5749083991991775
14074259.724263;6.791449692851925E-05;7.331691301303199E-05;-80.00532396573115;0.19190166468898204;0.916354958541729;-0.5723189777959956
14092511.018173;7.882705041619429E-05;8.008618002417243E-05;-78.98682619094957;0.19425132348592844;0.9154534042153384;-0.5760075590424889
14110785.980093;6.701967196312741E-05;7.967346176518777E-05;-79.64990872906913;0.19542530203461875;0.9155140211606738;-0.5731895407801981
14129084.640716;6.240868002882915E-05;9.829580280451527E-05;-78.67839345003603;0.19745948989627965;0.9150720305752517;-0.5732386039055227
14147407.030775;7.101579842922575E-05;9.436512158145716E-05;-78.55487444864129;0.19916218272784467;0.9141316042131318;-0.578419974078318
14165753.18104;7.431352494647158E-05;9.545182578340211E-05;-78.34650273469568;0.2004004246303247;0.9141487131014556;-0.5758107553445556
14184123.122325;6.487847746515237E-05;9.252203389158381E-05;-78.93824624922138;0.20289588212834786;0.9139810931718885;-0.5723411812615802
14202516.88548;7.63429703031613E-05;8.302350051161397E-05;-78.95473600747343;0.20418829989891402;0.9135355909533903;-0.5737685706299934
14220934.501398;5.9528848493666885E-05;6.553931736910109E-05;-81.0573457522683;0.20601492168818777;0.9136151649338621;-0.5693364948408975
14239376.001011;5.8900082670262714E-05;9.920803985474569E-05;-78.7577447457641;0.20790781980913203;0.9125041560464476;-0.575506816824173
14257841.41529;8.725116826866759E-05;8.806828823962096E-05;-78.13360330434213;0.20932008796096327;0.9122028774942893;-0.5753110041258604
14276330.775249;8.402533904200985E-05;8.203056221883469E-05;-78.6045870136408;0.2111347934466706;0.9117282711697837;-0.5758199705656073
14294844.111938;8.158388439885533E-05;8.463079982576471E-05;-78.595453051526;0.21288339708041817;0.9115471744307748;-0.5737811884461297
14313381.456451;9.609178898382762E-05;7.608248290649488E-05;-78.23267150792275;0.21425036103489728;0.9109091752028002;-0.5766511192517498
14331942.839922;8.576516550395574E-05;0.00010273524373678425;-77.468997118759;0.21596450923040747;0.9107173226014277;-0.5747273657187896
14350528.293522;8.411532961482429E-05;6.468308009486042E-05;-79.48489013067157;0.21837705430554938;0.9107143700525452;-0.5695623579941675
14369137.848467;7.516933799059515E-05;6.96624818323763E-05;-79.78674612337406;0.21941894821899138;0.9096915463185783;-0.5765289076683404
14387771.53601;7.653874472130602E-05;9.138107593639058E-05;-78.47446251815288;0.2219077426657647;0.9094492121188862;-0.5732691096039307
14406429.387446;7.365630235314309E-05;8.187562864194437E-05;-79.16179678774658;0.22331457670958002;0.9093508636141258;-0.5710520788743837
14425111.43411;8.970193962813962E-05;8.769564686794007E-05;-78.03079036183344;0.22466394215944094;0.9088599057822768;-0.5724797291897497
14443817.70738;8.893995899798326E-05;6.965738609636721E-05;-78.94065342532636;0.22602026941332518;0.9084995598338308;-0.572695780983574
14462548.23867;9.895828234226042E-05;8.761322707262854E-05;-77.57736449985332;0.2282917695610301;0.9080684998059149;-0.5714625285199967
14481303.059439;0.00010312539301827264;6.836958512407005E-05;-78.15046174074537;0.2302929095889651;0.9070288803466122;-0.5762669070486481
14500082.201185;7.461088847736822E-05;7.352025494317572E-05;-79.59713703667938;0.23234072783495285;0.9069007926566777;-0.5727222952586158
14518885.695447;6.432821428023463E-05;9.241847964651114E-05;-78.96904909632342;0.23373305431358815;0.9064002992923453;-0.5740039760319572
14537713.573805;8.713327586230146E-05;9.342643719074232E-05;-77.87261033782939;0.23509309996497002;0.9068286992580685;-0.5669989394480088
14556565.86788;7.402289060147532E-05;7.609209528995324E-05;-79.48099387016998;0.23672441327028232;0.9059970336226291;-0.5706524724721089
14575442.609334;9.22670441906643E-05;7.159762572355133E-05;-78.65203859829923;0.23859879847725743;0.9054338712104951;-0.5712923749870501
14594343.82987;6.098875824437541E-05;7.336936044491818E-05;-80.40830166933796;0.24017122890662204;0.9049320058187041;-0.5720638417343289
14613269.561231;9.616711768517968E-05;9.156224236035203E-05;-77.5370436510885;0.24244928270403163;0.9045636397799537;-0.5699197184762127
14632219.835204;8.830301519095017E-05;7.838995382159558E-05;-78.55662232736636;0.2437872130402814;0.9035909730032501;-0.5754108475445053
14651194.683615;8.870159096165409E-05;9.277625120221655E-05;-77.83163900041393;0.24579640732228475;0.9032157831705951;-0.5738950232645909
14670194.138332;6.007463381138943E-05;0.00010009815490390176;-78.65548683372512;0.24777904643816598;0.9030020949432559;-0.5709587310898542
14689218.231263;8.082535511875019E-05;7.08297209967535E-05;-79.3743353007999;0.24926210934791876;0.9029527297571704;-0.5677503244760225
14708266.994359;7.181516377543552E-05;0.00010157543865667228;-78.10369693493294;0.2501113969066508;0.9019122733995808;-0.5749517012172066
14727340.459612;8.432553581853217E-05;8.870128432978284E-05;-78.24525476308318;0.2528793220190195;0.9020626487922353;-0.5667123326791051
14746438.659056;9.832620752079084E-05;9.636686318736511E-05;-77.22285023094528;0.2544047104817002;0.9008661057148571;-0.5735635842471986
14765561.624765;8.370569978896004E-05;8.814557100440147E-05;-78.3043471554246;0.25633757510184696;0.9008505264881909;-0.5688126510889959
14784709.388856;7.936904904767996E-05;8.906127581588061E-05;-78.46753692942872;0.2584982878440973;0.9002084797592856;-0.569030247378112
14803881.983486;7.166767413662526E-05;7.59706173701622E-05;-79.62263223066122;0.26005097833546437;0.8998443650914428;-0.5682890521386351
14823079.440857;6.971883602935874E-05;9.661777647601908E-05;-78.47842855963206;0.26113491923803617;0.8994594461975102;-0.5689209838143875
14842301.79321;6.179134229930311E-05;8.665041896254256E-05;-79.45905609258044;0.2632680605948576;0.8985702892161574;-0.5712985439940882
14861549.072827;7.642749093135997E-05;0.00011031871859859462;-77.44452985876244;0.26506087969273256;0.8987357996709333;-0.565137409347385
14880821.312035;5.684916470284478E-05;9.227664701972933E-05;-79.3008016248229;0.26695205487749923;0.897845505681701;-0.568073436677844
14900118.543201;9.00463595506685E-05;7.073127384031693E-05;-78.82355571422272;0.26858780091639917;0.8971728392074281;-0.5697143307083192
14919440.798733;5.20276764183823E-05;0.00010164051405504962;-78.84799908745615;0.2703291351086577;0.8965596354054532;-0.5705140524542761
14938788.111084;7.046281587381057E-05;9.990608648195177E-05;-78.25468207057222;0.27225413413065785;0.8960649475661832;-0.5697331789845022
14958160.512745;8.863985424694498E-05;9.252325686723948E-05;-77.84690942855369;0.2732455629861712;0.8953666344518508;-0.5732511097728867
14977558.036254;6.619610232349768E-05;0.00010066541469506438;-78.38169505482406;0.27519668513892603;0.8952104606449552;-0.5693356689453386
14996980.714186;6.6371426645509E-05;7.5525195200841E-05;-79.95282292597206;0.2772323701220348;0.8948748177471287;-0.5667432466132956
15016428.579164;9.489304403017382E-05;7.143964830401674E-05;-78.50524909081905;0.2782275141522265;0.8941378091822912;-0.5705341090908113
15035901.663847;5.9063550375890194E-05;8.2426308006106E-05;-79.87897090542572;0.2808378721296917;0.8938298535756442;-0.5660357372066317
15055400.000942;7.849128127161791E-05;8.590268260344136E-05;-78.68376456629068;0.28213481410433455;0.8932024923978228;-0.5679705104153255
15074923.623195;9.808774337938824E-05;8.631432791947012E-05;-77.67731660257914;0.28404086841212356;0.8925593987654066;-0.568313295116867
15094472.563395;8.161904644451843E-05;8.694957115855654E-05;-78.47042481162013;0.28560590842470207;0.8917163251305806;-0.5713475690872425
15114046.854375;7.67822816479622E-05;8.291299011459792E-05;-78.93806290040698;0.28726611289203796;0.891219598192246;-0.5710233576404651
15133646.529008;7.403929589749454E-05;0.00010780783279285434;-77.66893523029975;0.28910569285266097;0.8913789782450219;-0.5643693997902903
15153271.620213;8.013240512209714E-05;0.00010810844666691735;-77.42114198745769;0.2904005850606028;0.8900377744440787;-0.5724820852523903
15172922.160948;9.705517821797641E-05;8.448348002676828E-05;-77.81013996584038;0.292274837337658;0.8898049581369838;-0.5691254439494093
15192598.184217;0.00010030895740990665;0.00010401026753287114;-76.802690337508;0.2947531758720193;0.8888215458696737;-0.5705826272731808
15212299.723065;8.543207164442617E-05;9.624638164597794E-05;-77.80887092636056;0.2956900452665165;0.8882319107108454;-0.5730331499750214
15232026.81058;7.956141298755895E-05;9.40950181127299E-05;-78.18616926270518;0.2977099781931414;0.8874445722203174;-0.5740215391043471
15251779.479893;8.667518044839805E-05;7.72594042138798E-05;-78.7025848378242;0.29956005358601046;0.8875320942037445;-0.5677789691083724
15271557.764178;6.567465669776828E-05;7.944326787518874E-05;-79.73695858951432;0.3014720211497482;0.8864518464071369;-0.5715778368330106
15291361.696653;8.094399093132258E-05;0.00010215628307967414;-77.69861944401993;0.3028943543066629;0.8862353124717628;-0.5692216196691444
15311191.310577;5.2144152685421036E-05;9.719737557166316E-05;-79.14839962498455;0.3044103925946347;0.885316426159663;-0.5727242772407977
15331046.639255;7.118187890261751E-05;8.857500980968446E-05;-78.88993289617547;0.30666457442686745;0.884106688869424;-0.5765070153795184
15350927.716031;6.330397216599533E-05;7.126198165791784E-05;-80.41643379552531;0.30825007731701065;0.8843581088026873;-0.5694723740239062
15370834.574297;7.945967822635125E-05;8.726884828622136E-05;-78.56058475415769;0.3098225718879378;0.8838983339865181;-0.5686855816915493
15390767.247486;7.10141132881966E-05;9.753962510605924E-05;-78.36928632576245;0.31164482422473816;0.8836138593880616;-0.5655695501254155
15410725.769073;7.495872123661672E-05;7.879952357236175E-05;-79.27082265804842;0.31317572167077934;0.882598011050783;-0.5697154619667193
15430710.172578;7.367787263799632E-05;9.430778412506489E-05;-78.43984593626553;0.3150163355904103;0.8821333571904462;-0.5680506680379
15450720.491566;7.529977949900904E-05;8.313338031119725E-05;-79.00277391274099;0.31652935471743404;0.8811757697467418;-0.5716803129475196
15470756.759642;7.710453329745693E-05;7.9454296182937E-05;-79.11577044231447;0.3186152647275382;0.8812921531076039;-0.5641074796842805
15490819.010457;9.66378242349992E-05;8.572480454731784E-05;-77.77605827629702;0.3201155301651541;0.8797120417398597;-0.5731387085956453
15510907.277705;0.00011083165635023314;9.341064588928074E-05;-76.77590385056436;0.32153756969462294;0.879632796611263;-0.5693095201041427
15531021.595124;8.465433093000862E-05;9.160085919487795E-05;-78.08072106200699;0.32352582622069465;0.879163289429819;-0.5670484543287351
15551161.996495;8.152541280356847E-05;9.87049213568261E-05;-77.85446102344198;0.3253810165964436;0.8786490806194571;-0.565564287191212
15571328.515644;8.060890161374278E-05;9.183696078168297E-05;-78.25887184676441;0.3270450514386054;0.8774282331291241;-0.5708025583899078
15591521.186439;8.256129121335338E-05;8.963125293811937E-05;-78.28269793881041;0.32894125552717307;0.8772637636763696;-0.5660736201551237
15611740.042795;7.457001992216463E-05;9.56506984681661E-05;-78.3239488575571;0.33066896521397193;0.8759505823894466;-0.5718298370909005
15631985.118667;6.399999060603056E-05;0.00010487787788137747;-78.21156293221244;0.33181931070707193;0.8753284153623978;-0.5734526057536401
15652256.448057;9.981751023888079E-05;6.935271657846738E-05;-78.30521464378177;0.3338893744333758;0.8754447598219323;-0.5656205396200275
15672554.06501;8.200627878503418E-05;9.325281035546766E-05;-78.11884184746029;0.33564981619631196;0.873916394707049;-0.5730225750681059
15692878.003615;8.909887750792055E-05;9.327642101701536E-05;-77.78870150132289;0.33778544534746446;0.8733514927234138;-0.5707873678544101
15713228.298007;9.4465614149967E-05;8.972406983743463E-05;-77.70211683752007;0.33968060485676194;0.8726279852921351;-0.5706849566303497
15733604.982362;6.854579328472673E-05;7.520487301441516E-05;-79.8487931059012;0.3410800540997216;0.8727280288599196;-0.5651052171038776
15754008.090903;7.752517319372652E-05;9.608833659512356E-05;-78.16926105535399;0.34317762961425513;0.871388138432977;-0.5695674501541033
15774437.657897;7.752117038216159E-05;0.00010462520595090652;-77.70677473764266;0.34486030560720693;0.8708405626832654;-0.568558725263509
15794893.717654;8.965669845718689E-05;8.861405396705896E-05;-77.98854945084327;0.3461366251361475;0.8701967687981517;-0.5697417163859956
15815376.304529;7.874703221526512E-05;7.910610558007292E-05;-79.04521310068571;0.34782076365108944;0.8692981263302271;-0.571695439977178
15835885.452924;8.443474769637322E-05;8.751810881031819E-05;-78.30071587107584;0.349777365128668;0.868684782486735;-0.5702147489390769
15856421.197281;8.72101213904637E-05;9.935711014281486E-05;-77.57522164998323;0.3515187846777411;0.8682289216335083;-0.5680884611383121
15876983.572092;7.789298643026072E-05;0.00010495653697116057;-77.67430978304111;0.353431713480014;0.8675690042115132;-0.5670835730126982
15897572.611888;9.250901524051804E-05;0.0001228633396190809;-76.26107927167925;0.3553795521423832;0.8670101798449559;-0.5650485192595923
15918188.35125;9.154344853196351E-05;8.669624487150564E-05;-77.98700074451334;0.3566111612814971;0.8659354656905198;-0.5699260669033184
15938830.824801;9.734626101793189E-05;9.747566203538785E-05;-77.21754152316875;0.35833404168940564;0.8655631969417719;-0.5670193382847458
15959500.06721;9.217445757154958E-05;8.525672122752234E-05;-78.02310456227875;0.35975143413290145;0.8648717971287196;-0.5679033229566511
15980196.113189;8.98825559502326E-05;8.146406378974018E-05;-78.32231837141728;0.36199847123029066;0.8642934541653543;-0.5648269754407538
16000918.997498;9.472199022143652E-05;9.093347294387232E-05;-77.63433721023198;0.3636117627155979;0.8637565108007458;-0.5636264353032858
16021668.754939;9.195864545909915E-05;8.795994990298054E-05;-77.9066342434226;0.365306969829421;0.8624605241081637;-0.5685813889765028
16042445.420362;7.53443736850169E-05;0.00010103722976621586;-77.99004676137584;0.36688823706844365;0.8620837802454449;-0.5660668815047796
16063249.028661;9.985833657688708E-05;6.636694831948869E-05;-78.42354105221327;0.36829443405468254;0.8606296642605549;-0.5733519040680037
16084079.614774;8.709882570844958E-05;7.971054375346057E-05;-78.5573796692996;0.37016285034373525;0.860573646799867;-0.5669965547487146
16104937.213686;8.300084788215744E-05;8.244938320387664E-05;-78.63690414668409;0.37178811931261135;0.859565552346048;-0.5696111667429814
16125821.860427;8.401046047801491E-05;0.0001045980840952944;-77.44763285466567;0.37366829887371145;0.8588624449579759;-0.5686538682949965
16146733.590072;9.44617602789881E-05;8.991134253631787E-05;-77.69370406997058;0.3755317791069202;0.8579947840891707;-0.5691169153993315
16167672.437742;7.591437457858202E-05;9.107906265084705E-05;-78.52064477121863;0.37757335836390127;0.8575354237220055;-0.5654078116298349
16188638.438603;0.00010184718170466229;7.870086830998593E-05;-77.80764645066073;0.3790613005088661;0.8567859794844704;-0.5661942260096056
16209631.627867;8.235298564773792E-05;9.394276837303543E-05;-78.06673391048167;0.3804492007857765;0.8553127236785919;-0.5734646985306047
16230652.040791;8.470350260712192E-05;9.411347980344047E-05;-77.95011471363114;0.3825612185475117;0.8547362349490073;-0.5703650000018908
16251699.712679;8.111504905743669E-05;8.23541648315676E-05;-78.74133094333348;0.3845263172490636;0.8544029488673425;-0.5657232127601832
16272774.678879;6.522324586113554E-05;0.00010979170989831237;-77.87591538068688;0.38579795642080605;0.8534788145513252;-0.5686862787726334
16293876.974788;6.976648993203621E-05;7.936461359009585E-05;-79.52098292295321;0.38762228557935263;0.8527561813043042;-0.5678052160219886
16315006.635844;7.878483201497024E-05;9.927916821811383E-05;-77.94162444949617;0.38926510980979034;0.8515450442029036;-0.5717064776780951
16336163.697536;8.012313578452947E-05;0.00010299067688831085;-77.6886705671512;0.39125403852729557;0.8506508982697796;-0.5715559515285601
16357348.195395;9.739213106223414E-05;8.118858305981474E-05;-77.93800034042773;0.3929336013753213;0.8508186707565116;-0.5636244491744231
16378560.165001;9.945926389794203E-05;8.708150628201733E-05;-77.57574517183342;0.3942156284428316;0.8496700063214365;-0.5682955435409005
16399799.641978;8.127393200689171E-05;0.0001175269947668247;-76.89985810973846;0.39630962839763545;0.848880817783586;-0.5667371211783266
16421066.661998;8.574916924313628E-05;9.211796153305587E-05;-78.00282143436809;0.39805224856221877;0.8481725555310652;-0.565835075345868
16442361.260778;8.763453510744193E-05;8.779199669720315E-05;-78.12839090909401;0.39967578532708764;0.8475238664562977;-0.5648696633528382
16463683.474083;8.341926552152264E-05;8.433209955646895E-05;-78.51685010146385;0.40150231832144606;0.84651418493805;-0.5660918456869484
16485033.337721;0.0001003289975871046;9.854113983220024E-05;-77.03855749091542;0.40296664141419075;0.84535601679;-0.5699599477129326
16506410.887549;9.168219635477483E-05;9.597819904800806E-05;-77.54057203326121;0.4052642555063075;0.8450684396446558;-0.5631766787597963
16527816.159472;8.963713591501111E-05;8.216256830011158E-05;-78.3016387380885;0.4067363587802921;0.844177508391621;-0.5647079572369743
16549249.189437;9.108640368367922E-05;9.458662548530155E-05;-77.63378037765706;0.4084910758838631;0.8427323871257726;-0.5696929137229066
16570710.013442;9.963583451504542E-05;8.786645095828691E-05;-77.53309113560717;0.4100871213713353;0.8422603180925083;-0.5671630630805181
16592198.667529;9.997986589319459E-05;9.281410976095804E-05;-77.30243532621317;0.4116436936799687;0.8410764969778736;-0.5706963962589704
16613715.187788;9.327607340963416E-05;8.928766425964413E-05;-77.77993729258736;0.41349383328921346;0.8405001321623689;-0.5679364733568172
16635259.610355;0.00011469697827271682;0.00010136033141665128;-76.30240434401291;0.41485577272206803;0.840005741166096;-0.5664650066306618
16656831.971414;7.093362320078387E-05;0.00010497152635997706;-77.9450872157874;0.41658314113818096;0.8393903441031321;-0.5644728696606677
16678432.307195;6.244280652729067E-05;0.0001049549072013373;-78.26387322949527;0.41841408959847415;0.8377260980924448;-0.570720360698259
16700060.653975;0.00010022299110381862;9.009615210882112E-05;-77.4083717585738;0.4203746977526899;0.8374363273912394;-0.5649831733190833
16721717.048079;6.285766786856136E-05;9.301870248139031E-05;-78.99506579984744;0.4224094050489895;0.8364227683619896;-0.5648928347660807
16743401.525877;0.00010158686321707697;9.879474725720501E-05;-76.9722995745091;0.42373385413749415;0.8352815911528046;-0.5687874413773751
16765114.123789;7.959522996447665E-05;9.535562299060398E-05;-78.1168768238429;0.4250459805951772;0.8343017126956015;-0.5713738528779915
16786854.878279;6.9960474681832E-05;0.00010197825546523216;-78.15477988271104;0.42714174489906404;0.8343871040284638;-0.5618314276338079
16808623.825862;6.574508021464176E-05;7.219254274811528E-05;-80.20716707716062;0.42848753485206514;0.8328887565073668;-0.5684927258507239
16830421.003097;9.390327360369723E-05;7.132747243949913E-05;-78.56815479444866;0.43027854996489934;0.8320858695468565;-0.5674964557448393
16852246.446592;9.408511605077118E-05;9.889799206594346E-05;-77.29721367246941;0.43200981688153484;0.8315233325416349;-0.5647405851327628
16874100.193003;8.802407183177634E-05;9.379252885756179E-05;-77.8132599186278;0.4339512592565531;0.8303206213308852;-0.5663112633887788
16895982.279032;8.537007004105053E-05;9.487566253225335E-05;-77.88093840328563;0.4354800764693396;0.8292181088307783;-0.5687881673735388
16917892.74143;9.641136532376342E-05;8.097644272241674E-05;-77.99906740976407;0.4365541281690232;0.8282870280595352;-0.5717925805719675
16939831.616995;8.87762587194457E-05;9.322514771285353E-05;-77.80621084707326;0.4384469056171277;0.8274395137100226;-0.570539723155702
16961798.942572;9.701005587124008E-05;0.00010824474627374576;-76.7514415993798;0.44103140057657425;0.8267227190505261;-0.565157972318973
16983794.755055;9.103081535664148E-05;9.158645940748373E-05;-77.7794226020331;0.44232706840657676;0.8258489062213334;-0.5666397046866664
17005819.091386;8.30536153026828E-05;9.76546342139516E-05;-77.84247980866338;0.4437651266097773;0.8245026473123183;-0.571330907318689
17027871.988554;9.621629851383732E-05;7.09037064202187E-05;-78.45122440289606;0.44623697381193506;0.8234983738910083;-0.5686325234652623
17049953.483596;9.267722826029622E-05;9.831152754959631E-05;-77.38636598623296;0.44800327875870577;0.822976114683259;-0.5650715444032992
17072063.613597;8.1363832009315E-05;9.764362847265306E-05;-77.91710475893164;0.449333610730766;0.8221005075818548;-0.5662919239127996
17094202.415691;9.65165048291362E-05;7.991932701023399E-05;-78.04030242789572;0.4511622320514546;0.8214541864486798;-0.5634013739060577
17116369.927059;8.769632980504662E-05;7.161393494135417E-05;-78.92139011030216;0.45232779150951086;0.8200419992995425;-0.5696608456970593
17138566.184932;9.048135609488969E-05;8.933712205172494E-05;-77.9134377531553;0.4547047718274027;0.8186882899345153;-0.5699696715486903
17160791.226587;9.847226716175904E-05;9.128118381851158E-05;-77.44027351492957;0.4564842391580497;0.8189714280159452;-0.5596564224557686
17183045.08935;8.592844752279476E-05;9.830194080722548E-05;-77.6835281179433;0.457995112943597;0.8175822432684;-0.564064445946372
17205327.810596;7.358085348436476E-05;9.54287694973251E-05;-78.3800969407853;0.45943791332379585;0.8166404608596471;-0.5651298364658862
17227639.42775;9.150509855070949E-05;9.365500987965495E-05;-77.65876596247394;0.4613867700699674;0.8149397183691741;-0.5699818011474892
17249979.978281;9.911187460962079E-05;8.594987798240569E-05;-77.64205371415352;0.4629529903706496;0.8146976396960174;-0.5647693664018898
17272349.499712;7.328979266613691E-05;8.842277416387092E-05;-78.79755839930635;0.4642120370534595;0.8134440746511492;-0.5690925995134345
17294748.02961;7.321099530894111E-05;6.632419968722163E-05;-80.1060583885613;0.4667095834629631;0.8118736057395891;-0.5702190548931843
17317175.605593;8.088246692541062E-05;7.20997590157843E-05;-79.30319003695317;0.46815447114152003;0.8112681173532647;-0.5683970923769164
17339632.265329;0.00010491871094928062;8.845408714228945E-05;-77.2510213761641;0.47012513587885973;0.8109008709095624;-0.5621974219325794
17362118.046533;8.750687280850051E-05;0.00010439611629196111;-77.3151559202245;0.47157295411994526;0.8095083557463214;-0.5666140842654241
17384632.986968;8.38712841235358E-05;9.133873349180802E-05;-78.13123964580858;0.4726428956746388;0.8085868891900504;-0.568993648464247
17407177.124448;8.524556112775635E-05;7.727326691759567E-05;-78.78178821607503;0.4750395507561606;0.8077587437889866;-0.5643784084883409
17429750.496836;8.011319919447351E-05;6.896047273931357E-05;-79.51804101374562;0.476149484433653;0.8069147881349644;-0.5658967670909242
17452353.142042;8.137962809614479E-05;0.00010051300833049269;-77.76620664127311;0.47836381104408704;0.8059892606671124;-0.5628264431678793
17474985.098028;8.34462921681111E-05;8.09435898697887E-05;-78.69179180701697;0.4800285981426411;0.8045262345173134;-0.5665889080798682
17497646.402802;9.23407341102834E-05;0.00010225060413929885;-77.21658094477655;0.48112262921598486;0.8044664069223669;-0.5618646696117657
17520337.094425;7.409818018468615E-05;8.387869009656502E-05;-79.02181526596338;0.48285421232306724;0.8026278689100241;-0.5682232481561937
17543057.211005;0.00010595937873138063;8.732261232416024E-05;-77.246280888871;0.4847904665955886;0.8015917050528022;-0.5671770802879382
17565806.790699;7.668780552906406E-05;7.401212135044526E-05;-79.44667026336755;0.48693732160512077;0.8005678708268824;-0.5649713910555854
17588585.871715;7.005018058555505E-05;0.00010509200672349434;-77.97202346673262;0.4882708482874168;0.7999825431856483;-0.5631731870473624
17611394.492309;7.88330372739869E-05;8.350312642476934E-05;-78.79840165619095;0.48997133486410066;0.7988287210588898;-0.5640694575484995
17634232.690789;9.79108348618881E-05;8.846271263939726E-05;-77.59146774341234;0.49163887580681365;0.7979807636698724;-0.5626709149759755
17657100.50551;9.353718671135105E-05;8.646458936625987E-05;-77.89806447800873;0.4931941395578258;0.7968142672300603;-0.5642959516439946
17679997.974878;9.519464943540431E-05;9.276352904226267E-05;-77.52834890031869;0.49576184738476814;0.7960260131665409;-0.5579515642829195
17702925.137349;9.046174068237931E-05;8.720128850088054E-05;-78.01689628202921;0.49703884316202895;0.7945075122421072;-0.5636216157024525
17725882.031429;0.00010539049695633594;9.905329412141557E-05;-76.79465060774365;0.49813152883095424;0.7931424424824753;-0.5689644883834978
17748868.695673;9.138406451181812E-05;9.363750317134737E-05;-77.6652086610065;0.5003818929624325;0.7925046886242083;-0.5628506866408677
17771885.168686;9.726815060539855E-05;9.872269669607656E-05;-77.16534495079455;0.501517562748957;0.7914248947490904;-0.5656819432681109
17794931.489125;8.880877690591335E-05;8.991600262705924E-05;-77.96643787821395;0.5033925828888282;0.7904370110689378;-0.5640915808382789
17818007.695694;9.053593375449914E-05;9.483107905994659E-05;-77.64731984228587;0.5049209649887512;0.7894526732198679;-0.564161096797619
17841113.827151;8.125819478470152E-05;6.387154212820719E-05;-79.71328394850573;0.5067684075805784;0.7874981112503702;-0.5701650398314573
17864249.9223;7.404573937945911E-05;7.825562405018009E-05;-79.35290708766446;0.5091673275785196;0.7869604881181292;-0.5622947462635053
17887416.019998;7.803925167070007E-05;9.506639519511517E-05;-78.20225824952513;0.5104814922530945;0.7856562416695851;-0.5658112914589196
17910612.159153;9.131838925863148E-05;8.978708531294359E-05;-77.85135790750377;0.5121931285921413;0.7853740562916836;-0.5593494021368575
17933838.378722;8.91290098447708E-05;0.00010236411881361847;-77.34653952143402;0.5135905253796283;0.7839193366895575;-0.5635476643915922
17957094.717711;8.823304601302044E-05;7.600464498012366E-05;-78.67683418182158;0.5145042747886384;0.7832387618971666;-0.564176413806632
17980381.215181;9.998824321529638E-05;8.445322588118909E-05;-77.66242734819961;0.5173676313385365;0.7822243682399374;-0.5574231698968619
18003697.910239;0.00011646880798530591;9.745826044868585E-05;-76.37082397707519;0.5189753729311317;0.7807058277527961;-0.560916536538685
18027044.842047;0.00010008598016378916;8.820994411954706E-05;-77.49623974260885;0.5202608409924985;0.7799437591659742;-0.560192228733483
18050422.049813;0.00010383417932496149;9.069319889801936E-05;-77.21091152293559;0.5218933066362298;0.7782916230211564;-0.5645084261295737
18073829.5728;9.705029979874636E-05;8.858147159119924E-05;-77.62822404755069;0.5236071745304908;0.7773367387901481;-0.5629932788865755
18097267.450321;8.900961356517909E-05;0.00011608753600995542;-76.69605966719489;0.5251634796918367;0.776160395215315;-0.5639586602360637
18120735.721737;7.699571312488026E-05;0.00011093286239482274;-77.39107574607557;0.5265402010929237;0.7754169638519084;-0.5625029918599632
18144234.426465;0.00010807903986079974;9.78412462352144E-05;-76.72559562378319;0.5289049257130145;0.7744431455044083;-0.5576286934264452
18167763.603968;8.33602070159747E-05;7.645193884871805E-05;-78.9299965966433;0.5300069327417408;0.773081903854319;-0.5622710113029165
18191323.293764;8.623933496845693E-05;7.210725273769108E-05;-78.98367053531831;0.5318897991444284;0.7719415701996309;-0.5610968180696465
18214913.535421;0.00011059712087287424;7.666005617506943E-05;-77.42117825746253;0.5339307513292737;0.7705191754905287;-0.5611892287491136
18238534.368558;7.768353980897368E-05;9.960519207507883E-05;-77.97077968946508;0.5351389856010434;0.7697450080331312;-0.5606986917830741
18262185.832846;9.463948146966572E-05;8.691519656579652E-05;-77.82229704127028;0.5369488117490888;0.7683116552575314;-0.562004839892082
18285867.968006;0.000107830028047;0.00010903490264842256;-76.2863793461945;0.5380955098132767;0.7669891118248048;-0.5659498600589795
18309580.813812;8.430561679345938E-05;0.00010869565211069159;-77.23028788985248;0.5401448204056164;0.7664271566164949;-0.5592861512807467
18333324.410089;0.00010448573227891443;9.234153094663738E-05;-77.11209326648255;0.5418003652060335;0.764734002068191;-0.563246170098346
18357098.796715;8.384265847995423E-05;7.343816829173439E-05;-79.05782046826249;0.5432238392966076;0.7637898025233127;-0.5627454732784871
18380904.013616;9.976154253054635E-05;8.67757714651722E-05;-77.5739895020675;0.5451253032299083;0.7627438605366583;-0.5604087288980519
18404740.100775;0.00010523749650456866;0.00010219443859630773;-76.67185302083845;0.5466292315090092;0.7618951594032423;-0.5586897694637026
18428607.098222;9.38666483566295E-05;6.16920857360377E-05;-78.9904867753915;0.5486143087337988;0.7601653791913819;-0.5609558910320805
18452505.046042;7.99605867333917E-05;9.93684299572439E-05;-77.88671701393807;0.5499921057393741;0.759098430052023;-0.5614862738579403
18476433.98437;9.242410962017807E-05;9.237608937407543E-05;-77.67625097267793;0.5515643544904398;0.7587133904972811;-0.5558186186334151
18500393.953396;8.754613564580392E-05;7.457876654350137E-05;-78.7856103039628;0.5531597301706498;0.7571523972625752;-0.5587999680121665
18524384.993358;0.00010354321666297706;9.448629487560453E-05;-77.06662693975619;0.5547420718784926;0.7560106900195669;-0.5586740675315328
18548407.14455;8.940699606623587E-05;0.00011470976000218383;-76.74649794421657;0.5568338457824771;0.7549684683080441;-0.5549693625409086
18572460.447316;9.322681661889461E-05;7.460223593881825E-05;-78.45979985491775;0.558612115873932;0.7528842425555127;-0.5606934173470439
18596544.942052;0.0001050277118178588;8.652922861588719E-05;-77.32402926423067;0.5598843824415344;0.7521514950807252;-0.5591113840117367
18620660.669209;9.457108303575035E-05;9.020616593604218E-05;-77.67490721538802;0.56146075173046;0.7512312176034388;-0.5572143595924927
18644807.669287;0.00010582541145562536;9.77650653828306E-05;-76.82834876562492;0.563444011452494;0.749695509164626;-0.557579786011754
18668985.982842;7.633660477649289E-05;9.355392026152165E-05;-78.36253997035337;0.5650308505720516;0.7481428272933822;-0.5602221606515616
18693195.650479;0.00010282715347590195;6.806809458441955E-05;-78.17965336170747;0.5659978409721407;0.7469256645903433;-0.5638109760664238
18717436.712859;8.616915621893339E-05;7.781910577328584E-05;-78.70279930317255;0.5682570293099207;0.7459551019560293;-0.5583079157551972
18741709.210694;0.00010688254408768453;8.380385985343198E-05;-77.34075072539342;0.5694979868568474;0.7451322624330599;-0.5573944456468328
18766013.184748;9.00271866788639E-05;8.729281969616413E-05;-78.03411259494229;0.571066619492075;0.7436682832726463;-0.559322775247001
18790348.67584;0.00011708894285326778;7.573097311807493E-05;-77.1119203402564;0.5727568268051643;0.7428911898217043;-0.5554807374671373
18814715.72484;9.091364194043804E-05;8.268070046858154E-05;-78.2098311898372;0.5741933235030446;0.7407817387306074;-0.5628020543154135
18839114.372673;0.00010259758688463198;7.855504411515217E-05;-77.77357396650238;0.5760404229481237;0.7403583157852639;-0.5554052146126439
18863544.660315;0.00010314505497148822;8.468415497838026E-05;-77.49328558614796;0.5779486182514709;0.7387355787923221;-0.5563832497615028
18888006.628797;0.00010023316417116149;7.382379300510825E-05;-78.09762466705055;0.5789009136384949;0.7375424593778254;-0.559641173424265
18912500.3192;0.0001119464159430936;8.697247962616694E-05;-76.9688579092987;0.5809185942454257;0.7363936417576128;-0.556446694393024
18937025.772663;7.719888224277519E-05;9.962854048560984E-05;-77.98998742051663;0.5824733001089344;0.7349332528271465;-0.5581253547900321
18961583.030375;0.00010596916719004671;9.480028423342095E-05;-76.94292777763724;0.5840118351818406;0.7341165486910283;-0.555188426052538
18986172.133579;9.777664193140282E-05;7.81488473808517E-05;-78.04999907049664;0.586011461428689;0.7322493720862198;-0.5571548247464922
19010793.123572;7.887429399855482E-05;8.055272960860163E-05;-78.95857985964882;0.5874501936505068;0.7314530742542752;-0.5545745369665633
19035446.041704;9.025778784637146E-05;9.710598683844089E-05;-77.55078944313343;0.5895520019352596;0.7297484001346641;-0.5546586182882668
19060130.929379;9.116049422596095E-05;7.713194657646676E-05;-78.45893482493187;0.5907492734354277;0.7289178476050798;-0.5536637130492924
19084847.828056;7.702082007004791E-05;8.782261416138536E-05;-78.6502587810027;0.5920023309420245;0.7276012795637946;-0.5558130124474532
19109596.779244;0.00010678311797052611;9.186822001749521E-05;-77.02405709283343;0.5938647774400215;0.7258350617770175;-0.5575827473432496
19134377.82451;9.243671560671781E-05;0.00010415991272900706;-77.1233633023233;0.595712712705571;0.7248288201043042;-0.553937420021144
19159191.005473;0.00010990466619950387;7.888913020135047E-05;-77.37488860361904;0.5968687157550778;0.7233467495090506;-0.5577265756227429
19184036.363805;0.00012131947418908467;8.396419573690379E-05;-76.62173471264421;0.5985779138454639;0.7225760050177404;-0.5531424299422529
19208913.941234;0.0001063274674865632;8.606380360230142E-05;-77.27867986296698;0.6001584314398596;0.7211906479996174;-0.5536629189181592
19233823.779541;0.00012225093996882057;7.310745804404999E-05;-76.92718108256975;0.6024677402922932;0.7198874442602577;-0.5492289428073117
19258765.920562;8.084680268915956E-05;0.00010353001606220084;-77.63093349059868;0.6038512412141476;0.7177646999864857;-0.5560494273640622
19283740.406186;8.936251263393745E-05;7.456578229095105E-05;-78.68198080464583;0.6053833371699038;0.7174580679318637;-0.5490823068859833
19308747.278358;0.00010710087201347736;9.460883166538315E-05;-76.89913896404025;0.6070621839831843;0.7154022219625684;-0.5535704630263885
19333786.579075;0.00010071063454945588;9.301794815239921E-05;-77.25958349528872;0.6078529335927142;0.7142317130481828;-0.5570879086759714
19358858.35039;8.219567663182313E-05;6.37137421590208E-05;-79.65950579615897;0.6100354470704633;0.7128823115752848;-0.5534737585920259
19383962.634411;0.00010666989377994526;9.705092330893865E-05;-76.8199204207159;0.6112924954520312;0.7115957797671234;-0.5549409925432881
19409099.4733;9.822264576615634E-05;9.722597265800276E-05;-77.1895349268713;0.6128950939752503;0.7102852350581059;-0.554455215353572
19434268.909274;0.00010854566574624783;8.585634869181071E-05;-77.17752439817153;0.61426800940774;0.7089965123860419;-0.5551671492388887
19459470.984604;9.295056300706002E-05;0.00010208608010536861;-77.19845776505038;0.6162312430198773;0.7074446401010829;-0.5540932845083891
19484705.741616;9.455463950660131E-05;9.407339889404898E-05;-77.49814672045022;0.6175377818425426;0.7063336501201422;-0.5538896478552434
19509973.222691;8.925229599334617E-05;9.358672387846462E-05;-77.76648227550977;0.6189019536715679;0.704875911423961;-0.555717766082585
19535273.470266;0.00010846967226739049;7.171362526266252E-05;-77.71894562423587;0.6210168804622354;0.7036347774674281;-0.551405109874056
19560606.526832;9.607461959020977E-05;8.857047136160166E-05;-77.67637738009675;0.6216300775035197;0.70215927852806;-0.5578805383512443
19585972.434934;0.00012123146744459221;6.83532088631173E-05;-77.12887646906985;0.6241476365203067;0.7008623146841535;-0.5513834611875272
19611371.237174;9.849305335693663E-05;8.794877609008456E-05;-77.58556408200495;0.6251091350213807;0.6995051269692097;-0.5548334892104925
19636802.976209;0.00010409381974106093;9.679724408997556E-05;-76.94536206443135;0.6269816226655663;0.6978485192125884;-0.5546871380690053
19662267.694751;0.00012047084433042391;9.144855282278237E-05;-76.40618732282238;0.6286431499757953;0.696804910283551;-0.5515755880651926
19687765.435567;9.792313543480733E-05;7.104373183488552E-05;-78.3457308040955;0.6304013433290764;0.6948719348802652;-0.5539255542325277
19713296.24148;9.422451234734826E-05;9.356087972641035E-05;-77.53700961254575;0.6314800178964727;0.6939399824916693;-0.553595732219928
19738860.155368;9.71169084408412E-05;8.584185316731636E-05;-77.74677336515165;0.633471435683972;0.6922602454720518;-0.5526555579853851
19764457.220165;7.611329642318528E-05;7.647204946900953E-05;-79.3400194187061;0.6351538647614954;0.690861653583773;-0.5516694604962427
19790087.478862;0.00010966758376036744;8.253457370561762E-05;-77.24943657288719;0.6364794847605598;0.6896745535173583;-0.5514383520035614
19815750.974502;9.319814637335565E-05;9.290370754069665E-05;-77.61527509520693;0.6380476892267506;0.688494929126593;-0.549599522812528
19841447.750187;8.832014606596532E-05;6.069837550529147E-05;-79.39878794795555;0.639162042756186;0.6869313523995789;-0.5531858499647001
19867177.849075;7.469636438705057E-05;9.514005491736478E-05;-78.3472073869855;0.6412423726612746;0.6853498989658163;-0.5507523166061342
19892941.314379;8.482519937673519E-05;7.908279242174415E-05;-78.71297008887122;0.6426599179852495;0.6842408011101948;-0.5492686975882015
19918738.189367;9.568208855881878E-05;8.787986427689588E-05;-77.72680751331121;0.6445684037345083;0.6827646634130953;-0.5471067825093341
19944568.517365;8.89994171744114E-05;8.982530766209135E-05;-77.96165601376545;0.6455915094027261;0.6811323675329798;-0.5515735855193128
19970432.341753;9.355572588356724E-05;8.829087235725276E-05;-77.81255747851569;0.6472145338713985;0.6800938878558517;-0.548198835885746
19996329.705971;8.118042312511483E-05;8.241367719308329E-05;-78.73470040477544;0.6487245934476649;0.6784849719409616;-0.5493267985748904
20022260.653511;8.931839258242908E-05;8.889431275023425E-05;-77.99150210431812;0.6503844596372313;0.6770335084636289;-0.5483960890024746
20048225.227924;9.675067559496849E-05;9.91411993814289E-05;-77.16932479105652;0.6522492508013021;0.6752595707942007;-0.5482470050678854
20074223.472818;0.00011099517775742363;8.33779702244745E-05;-77.15077372896629;0.6539054304317756;0.6742212542979522;-0.5444938345503413
20100255.431854;0.00010853025433890076;9.071943054786327E-05;-76.98778279898784;0.6550300889575799;0.6727735141593901;-0.5468476522655205
20126321.148754;9.259793092344396E-05;9.185685000729991E-05;-77.6924315283714;0.6564557665978736;0.6711063099706254;-0.5486743232179843
20152420.667293;0.00012055968986945892;9.50602896397414E-05;-76.27620195931162;0.658220079700291;0.6692886006830205;-0.5492506583004271
20178554.031306;9.711637411977217E-05;8.329006531169843E-05;-77.85982491639818;0.6589655640032296;0.6680999832010713;-0.5522467148138328
20204721.284683;9.502392114646497E-05;8.744961432890362E-05;-77.77882575501698;0.6609348565250884;0.6669403592177814;-0.547065824805153
20230922.471371;0.00010297467107275733;9.185387424862273E-05;-77.20312137853584;0.6621808753710039;0.6654378426787186;-0.5488064815507189
20257157.635374;9.532574575183679E-05;7.468117780462112E-05;-78.33739370407811;0.6638814983290802;0.6637828085971083;-0.5485343368088051
20283426.820754;7.75400803391667E-05;8.187040899767321E-05;-78.95675850417003;0.6655959964388762;0.6617494968123925;-0.5505838938602488
20309730.071628;9.99024573342207E-05;6.77694360121408E-05;-78.36445151202702;0.6667001433536388;0.6605694821779331;-0.5510241859179124
20336067.432173;6.482417104187432E-05;8.86069493441823E-05;-79.18891705505106;0.6680215874392534;0.6593474267351019;-0.5502809913046933
20362438.946622;9.65418387609019E-05;0.00010318186663329929;-76.99691005116554;0.67007600667751;0.6576336554703717;-0.5478562561562573
20388844.659264;0.00010287932165768818;0.00010358327467199927;-76.71342178037798;0.6710995597219763;0.6566295149132253;-0.5475948480482608
20415284.614448;9.938867869342496E-05;9.253045593141885E-05;-77.34239207463753;0.673031435499439;0.6544422463326165;-0.5489300129385857
20441758.856578;0.00010991605175635;9.20523544988122E-05;-76.87078834052048;0.6745559576428388;0.6537273252671738;-0.5434180656476738
20468267.430118;9.68665479945092E-05;0.00011161086253849919;-76.60745123769533;0.6760071419614773;0.6518916391892828;-0.5455684043854583
20494810.379588;9.416805953852373E-05;9.266935167821337E-05;-77.58074370119454;0.6768409153807918;0.6506578917956369;-0.5479280048039425
20521387.749566;0.00010384153257346635;7.775032458053174E-05;-77.73962932313592;0.6784785977972175;0.6493043203004573;-0.5456622480357317
20547999.584688;9.895477377165903E-05;7.704036661071234E-05;-78.03346786030286;0.6801541786085586;0.6477275241949227;-0.5445231731195387
20574645.929649;7.995740112625829E-05;9.057852876375064E-05;-78.35716878830922;0.6819481027505133;0.6458933662119445;-0.5441746180762186
20601326.829199;9.270113155968775E-05;9.074583784250605E-05;-77.73959576861415;0.6830532052895073;0.6444732283522723;-0.5457700177505105
20628042.328149;7.781118215240514E-05;9.69483422764674E-05;-78.10971425338273;0.6844399759555008;0.6428565733498723;-0.5466800049738809
20654792.471367;9.910497984574022E-05;8.543386671598921E-05;-77.6647740172566;0.68607169637193;0.6415010086244255;-0.5442412654625847
20681577.303779;0.00010303915154620939;7.878273953032628E-05;-77.74076243917136;0.6878523972378984;0.6396882034025648;-0.5436308798900615
20708396.87037;0.00010503303331375981;9.545529815209272E-05;-76.95861789307116;0.6888488632802535;0.638404019239625;-0.5449574301822695
20735251.216181;9.99934236692533E-05;9.652461925502584E-05;-77.14089842977293;0.6910644401171255;0.6369356299237211;-0.539128839465707
20762140.386315;8.339732372313731E-05;0.00010599842542833453;-77.40148683318132;0.691972934009224;0.6353189665954878;-0.543065800720496
20789064.425931;9.962606986225381E-05;9.31966051040792E-05;-77.30231200977708;0.6931133133213173;0.6333213128382256;-0.5477672244994523
20816023.380248;8.490138188847105E-05;8.732477859479219E-05;-78.28745777181194;0.6947357481401875;0.6317072691752912;-0.5467333039484773
20843017.294541;0.00011644866715418675;7.740449800173949E-05;-77.0881440024091;0.6961562925250687;0.630450108366964;-0.5448172360824243
20870046.214148;0.00010355308401713086;8.189361249428374E-05;-77.5870747221092;0.6977703016572822;0.6288454097526308;-0.5436898206302899
20897110.184461;8.235108113765753E-05;9.876841524006956E-05;-77.81545888944792;0.6988588761328499;0.627229552157186;-0.5461974031621343
20924209.250935;0.00011308903114610805;8.451242702815797E-05;-77.00460467347287;0.6999787925390818;0.6263071679167971;-0.5441769650796151
20951343.459081;0.0001162314302305943;9.129115108827762E-05;-76.60671417993984;0.7021622847211098;0.6244800846279683;-0.5403573050964708
20978512.854472;9.283065386304656E-05;8.550909929287965E-05;-77.97802317220605;0.7033928518393183;0.6220505516955108;-0.5467502518756738
21005717.482736;8.738633127597881E-05;8.002253313741315E-05;-78.52633612826216;0.7049577380079505;0.6210930875493925;-0.5417603179292708
21032957.389564;9.319466251821481E-05;6.584462851101548E-05;-78.85363658459005;0.7065349461804639;0.619494055254999;-0.5405674986802222
21060232.620704;9.843599785604648E-05;8.04755450636319E-05;-77.91398526260075;0.7074932387960696;0.6178544345436107;-0.5438825658400039
21087543.221964;9.931835047999919E-05;8.801320266034986E-05;-77.54229334653505;0.7085251424164342;0.6157413269260887;-0.5495249109476693
21114889.239213;9.118490594208754E-05;0.00010363405202544267;-77.19997797576693;0.7106181300906327;0.6146683884225917;-0.5413996085604951
21142270.718376;0.00011198507517683239;8.665482420362774E-05;-76.97891782918487;0.7119488112538604;0.6122510468808122;-0.5466809917170811
21169687.70544;0.00010883216694679461;8.46966533785728E-05;-77.20835986892106;0.7132725781566371;0.6116485898530615;-0.5410237048680642
21197140.246451;0.00011496797259390469;7.568051939302096E-05;-77.22501361797377;0.7149599070876052;0.6097314305187648;-0.5406876545609336
21224628.387516;0.00010795880812509382;0.0001011596629168724;-76.59786347388079;0.7161531830730739;0.6075723017352862;-0.5452182136885102
21252152.174799;9.030658857571E-05;7.310627252477041E-05;-78.69672439623355;0.7180635931941443;0.6066136377032502;-0.5374653932267984
21279711.654527;9.980706027251279E-05;7.578485791900966E-05;-78.03967756703189;0.7188697018683716;0.604754662256025;-0.542843756280096
21307306.872985;0.00011400961646898567;0.00011542436398569578;-75.79698003412703;0.7207283305312934;0.6029964422085946;-0.5401272030853332
21334937.876517;0.00012281396088648073;9.305320777655145E-05;-76.24479617737491;0.7212743053576268;0.6010902070594678;-0.5475499097861645
21362604.711531;0.00010098703143666679;7.546471844196482E-05;-77.98785802763999;0.7230472827198884;0.5996323039511063;-0.5435602240553382
21390307.424491;9.20306488997791E-05;8.505834246932392E-05;-78.03974172654335;0.7245379189207808;0.5982614429746049;-0.5410228101572138
21418046.061923;0.00010522934071622634;8.658119208821966E-05;-77.31199392951791;0.7264358167557706;0.5963751369810356;-0.5385622314435439
21445820.670414;0.0001056383789198596;0.00010486356641381074;-76.54511884440622;0.7275537573322497;0.5949603541781044;-0.5388572554560775
21473631.296611;0.0001145915104882091;0.00012034329656629422;-75.58875031189756;0.7289230441409857;0.5934348724302106;-0.537965173963971
21501477.987221;0.00010399001577540576;7.6124416474886E-05;-77.79660432837575;0.7295151214789181;0.5918283995983626;-0.5430833391392597
21529360.789011;9.817725888825456E-05;7.384861097089839E-05;-78.21241937481268;0.7309163841976339;0.5901333070868268;-0.5428721464411126
21557279.74881;9.778951177149924E-05;8.817124430642719E-05;-77.61027129598783;0.7326607966925827;0.5880713558393497;-0.5422635257594278
21585234.913508;0.00010445765083165308;8.125817197818464E-05;-77.56607430568852;0.7338955129326492;0.5866985485369057;-0.5412891357575998
21613226.330054;0.00012092867129184716;9.56704438441347E-05;-76.23850661834695;0.7355863308799242;0.5855818840440482;-0.5355098086002443
21641254.045458;0.00010505165071411854;0.00010269272581890381;-76.65915450411022;0.7363385033813229;0.5825968575851292;-0.547217730740404
21669318.106794;0.0001054217249475206;9.464897348758971E-05;-76.97405710810587;0.7379312289420452;0.58150825835888;-0.5418965169220777
21697418.561194;0.00011690144354036702;0.0001036848060264747;-76.12316830248956;0.739703061737461;0.5799056604375701;-0.5381743769373979
21725555.455851;0.0001031287183973483;8.171915246805796E-05;-77.61613813343816;0.7402173367542996;0.5780008623677337;-0.5452811457282386
21753728.838021;0.00011068025705096994;7.524835199797228E-05;-77.46845402140818;0.7420812612733063;0.576205284929208;-0.5418828610778393
21781938.755021;0.00010349384468606866;6.758859394242881E-05;-78.15899557131826;0.7433454310526469;0.5748445446134722;-0.540350271079628
21810185.254228;0.00010758885761367059;7.113668107944599E-05;-77.78956578955655;0.7447048417451393;0.572952689280155;-0.5410811739875814
21838468.383081;0.00010885026672462304;7.624459045175103E-05;-77.52969509324595;0.7462350935219594;0.5712413019718068;-0.5394908277069393
21866788.189082;0.0001024761520819804;8.40474387293713E-05;-77.5534359515882;0.7474701804257101;0.5697405083824902;-0.538839434250148
21895144.719792;0.00011073671370963717;9.560892635286536E-05;-76.69511417517563;0.7485112896353686;0.5677912649329871;-0.5420848720022401
21923538.022836;0.00010046935592831963;8.429988572668919E-05;-77.6445735759667;0.7503111511860113;0.5664366663490462;-0.536374916195693
21951968.1459;0.00010691918260357534;8.377728467820441E-05;-77.33995507763971;0.7512917947296978;0.5640958722214668;-0.5421466585946968
21980435.136731;0.0001103800463517926;9.112819840419735E-05;-76.88498247449769;0.7524827011409325;0.5624205226190381;-0.542621275745701
22008939.043139;0.00013082036522258877;8.678612153477136E-05;-76.0825710042814;0.7544825942886777;0.5613257886591898;-0.5338533425747346
22037479.912996;8.836705966084296E-05;8.271961201845338E-05;-78.34124685354772;0.7555957121667286;0.5591538645296643;-0.5375514318944389
22066057.794234;0.00010846372494984371;8.28692497901823E-05;-77.29747699277405;0.756797946305208;0.5575357563542879;-0.5374957595662878
22094672.734851;0.00010868211830662987;6.787016577383445E-05;-77.84675457016799;0.758236273030387;0.55611303425831;-0.5345737153344413
22123324.782903;0.00011481146153419111;8.724427598666215E-05;-76.820779299281;0.7592370655227051;0.5539011953043781;-0.5391760486799314
22152013.986512;9.583109338211088E-05;6.986594653389492E-05;-78.51864927785181;0.7610483299700966;0.551739757558788;-0.5373872868576658
22180740.393859;0.00010998379037452765;8.007288513562575E-05;-77.32638137334467;0.761906420076767;0.5505980825818654;-0.5371497965107942
22209504.053191;0.00010422615200741889;7.46196851172042E-05;-77.84331030801238;0.7631007902734264;0.5487292730298209;-0.5382951292567201
22238305.012816;0.00010723736336084868;9.111964464677119E-05;-77.03276869482404;0.7646831179992132;0.5468774383348319;-0.536385319150866
22267143.321103;9.796501162379455E-05;7.28511660340984E-05;-78.26684456554153;0.765875813826765;0.5447956350756517;-0.5385831439278286
22296019.026486;8.15782916869464E-05;8.49683182171555E-05;-78.57778502678039;0.7675528180854639;0.5429212509644664;-0.5359646649529466
22324932.177461;0.00011361865643896164;7.780998645102506E-05;-77.22079372268887;0.7684387437471196;0.5413460623549263;-0.5376706873291582
22353882.822586;0.00010396879381107749;8.255474974047479E-05;-77.53875881596178;0.7698994039392721;0.5398885618776926;-0.5343733238415611
22382871.010485;0.00010122287363240227;9.110222813585393E-05;-77.31757094844026;0.7705418516064964;0.5384904458513448;-0.5369184967371161
22411896.789841;0.00010445636905259169;7.77890162324138E-05;-77.70516179631274;0.7725866765031459;0.5357503005482169;-0.5358774829840329
22440960.209402;0.00010108139332454966;9.180843592848362E-05;-77.29408800420953;0.7733720092802887;0.5341607845911122;-0.5382686942275245
22470061.31798;7.111913560163931E-05;0.00010013717742545107;-78.21443579914664;0.7750073825605995;0.5325703821754953;-0.5341626044742399
22499200.16445;0.00011351939360350895;9.74656997890004E-05;-76.50019322563436;0.7764957880569069;0.5307279695616277;-0.5324428365360176
22528376.797749;0.00011910283704500239;8.656958527998315E-05;-76.6394515148486;0.7779774741471103;0.5292910540109323;-0.5286147801970211
22557591.266879;0.00011190222683798526;9.075344500235464E-05;-76.82808296418236;0.7786372212653812;0.5274704783640558;-0.5330165805699111
22586843.620905;0.0001047595079397318;8.625589063771079E-05;-77.34836928034723;0.7801289981396943;0.5258409365704543;-0.53002779875905
22616133.908955;0.00013059529323514475;8.78658847623018E-05;-76.0597679526134;0.7814972694436356;0.523391872455069;-0.5321524661380157
22645462.180222;0.00011357101164050205;8.697395214864282E-05;-76.89034027042345;0.7825969982924189;0.5219922411608506;-0.5308913743384449
22674828.483961;0.00012632514954598594;8.36869976397549E-05;-76.38998666549938;0.7836498785846918;0.5198490943573394;-0.5337571518903667
22704232.869493;8.861157514595135E-05;0.00010481716360803593;-77.24950244693451;0.7848863456825729;0.5182527177533711;-0.5323713142438549
22733675.386202;0.00012990189485534954;7.292529994961863E-05;-76.53791782029248;0.7863188939231041;0.5165961607080958;-0.5297380601408012
22763156.083535;0.00013433679154409138;9.299881360977979E-05;-75.73567587398469;0.7875131798350404;0.514697801834362;-0.5301215598331884
22792675.011005;0.00010988525567973527;7.429631893084192E-05;-77.54617827115419;0.7889460862735403;0.5126265599616892;-0.5294784200532763
22822232.218188;0.00011819676283213133;8.156371500450907E-05;-76.85645750177682;0.7897303186468503;0.510762809447992;-0.5327632498718108
22851827.754724;8.642026387099506E-05;8.409972288125047E-05;-78.37398993724646;0.790779120298578;0.5088386063887363;-0.5342574462727403
22881461.670318;0.00011317833381524433;7.722311788151186E-05;-77.26472214880815;0.7927107184502631;0.5068770052757449;-0.5290238264996108
22911134.01474;0.00010417734349554741;9.98159676193121E-05;-76.81599668681737;0.7931577077614028;0.5050205324745685;-0.5347655995288729
22940844.837824;8.223207576723767E-05;9.501402174325266E-05;-78.0162395915614;0.7944676373225681;0.5027111978049555;-0.535981557931695
22970594.189469;0.00013411059893134004;8.830631093726223E-05;-75.88655479873167;0.7958147770443538;0.5009917281958884;-0.5339356271810682
23000382.119636;0.00011378975456213388;8.682523520161498E-05;-76.88527362329134;0.7970389681330514;0.4991792438883727;-0.5332620587805336
23030208.678356;0.00012666560494850563;8.933472110850212E-05;-76.19338992104781;0.798198507645504;0.4972650093920581;-0.5335453305040012
23060073.91572;0.0001258812243523848;9.955196200057997E-05;-75.89110188766557;0.799422282001702;0.49569319955480595;-0.5316090718257036
23089977.881887;0.00011755817627098076;0.00011077262520043795;-75.83517609592411;0.8007707206440289;0.4932574078788634;-0.5328418374331324
23119920.627078;0.000111694016648885;6.688239082357767E-05;-77.70860851410237;0.8016632085599069;0.49151752888442574;-0.5342327087879413
23149902.201584;9.677992735130595E-05;7.436458302414694E-05;-78.26917346601479;0.8032413134409255;0.4900562649343187;-0.5288414973628042
23179922.655756;0.00011507374636680903;0.00010574239742627804;-76.1219349156116;0.8044651564359511;0.48821453022118816;-0.5280279504794015
23209982.040014;0.0001098501390157036;7.41294506928492E-05;-77.55420376549255;0.8052610034463822;0.4862371259602043;-0.5311963229362202
23240080.404841;0.00012743152250051663;8.705349476100728E-05;-76.2311104918186;0.8064922040912537;0.48438367482877753;-0.5302865088758053
23270217.800786;0.00012335319503184382;7.532154013987616E-05;-76.80075174635236;0.8074866986593828;0.4825606418160043;-0.5310602990158356
23300394.278466;0.0001219059746361999;7.930707387514841E-05;-76.74675693745081;0.8088803472418331;0.48006458554793063;-0.5317971219003803
23330609.888559;0.00011633975393106496;9.355261740796034E-05;-76.51947791258186;0.8100312905622439;0.47851440546725915;-0.5299454478197942
23360864.681814;0.00010176994712044169;7.65714534466685E-05;-77.89940860056953;0.811032107463639;0.47625827166238194;-0.5325550957905674
23391158.709041;0.00011476517954154648;7.267334763819013E-05;-77.33945682900807;0.8123634555735316;0.4751068187902922;-0.5273254119020694
23421492.021119;0.00014592197426704142;8.937839922472717E-05;-75.3340340433756;0.8135390693009239;0.4724768062456141;-0.5301739935347468
23451864.668992;0.0001310463340184717;5.82676587739618E-05;-76.86802410195648;0.8148425959205333;0.4709485104303738;-0.5268346735657102
23482276.70367;0.00011756554969805428;9.478643712349831E-05;-76.41948458924955;0.8158557731123331;0.46887543298445156;-0.5282869174363327
23512728.17623;0.00010277527931297178;8.271016721839453E-05;-77.59357667946965;0.8166684882145204;0.4665373686468699;-0.5325083802896101
23543219.137813;9.62823979522795E-05;9.401472030179877E-05;-77.4210390554301;0.8184691230739503;0.46457571638595313;-0.5270242004497203
23573749.639628;8.748171391614331E-05;7.36397102834129E-05;-78.83529830937105;0.8187781877202279;0.46301923217168567;-0.5316247936423767
23604319.732951;0.00011073297371055734;9.898957617784713E-05;-76.56380166740536;0.8208911804700859;0.46092063683129275;-0.5241427045947187
23634929.469124;0.00012401402295631316;7.83385997783533E-05;-76.67230105875412;0.8213575481483945;0.4588772487701775;-0.5296028672089816
23665578.899554;8.878058144222323E-05;9.290577615871936E-05;-77.82161529733314;0.8222688629892391;0.45718937114646013;-0.5298400744052433
23696268.075716;0.00010757074326483254;8.600097565437794E-05;-77.21986870703672;0.8243434698812332;0.4552552579750965;-0.5217455736296841
23726997.049153;0.0001541243006299085;7.359959798036089E-05;-75.3504569225617;0.8246749498015835;0.4533214846328659;-0.5276771724200173
23757765.871473;0.00010756109627157527;8.264181537229546E-05;-77.35204386075911;0.8259461401750626;0.4514858447806363;-0.5255329137896115
23788574.594351;0.00010840257238770559;6.783490349632065E-05;-77.8641074747882;0.8271364806894076;0.4489514281790093;-0.5270740137972921
23819423.269529;0.00013861964536321684;7.811444721175904E-05;-75.96583076270535;0.827898928315886;0.4474054461701338;-0.5276814511319602
23850311.948818;0.00010481277687840816;9.339700722130416E-05;-77.05341599061593;0.8288588395121875;0.4452946796219714;-0.5291231848366292
23881240.684094;0.00012305650814924636;8.58966428540721E-05;-76.47409678810536;0.8304598764260075;0.443056208276341;-0.5258470413557124
23912209.527301;0.00010709295126833659;0.00010849789500242389;-76.33750918067302;0.8312483484139253;0.4410979439283816;-0.5279122204103222
23943218.53045;0.00012638454662569184;8.620438990025069E-05;-76.30705262873377;0.8325748563605616;0.43957609597769465;-0.5236631556645797
23974267.74562;0.00012189419221077207;9.150661433953054E-05;-76.33919858567462;0.8337451935072507;0.43757305754666276;-0.522716713206867
24005357.224958;9.634094700301125E-05;9.575589593625438E-05;-77.33985512482481;0.8344857696122827;0.43519126967302624;-0.5268494549539071
24036487.020677;0.00011762150373164802;0.00010194286258578837;-76.15697396229523;0.8356626239568696;0.43363264778213256;-0.5238529723050049
24067657.18506;0.00012852495626312563;9.980273113206727E-05;-75.77094327852652;0.8371700792976479;0.4314059368959117;-0.5209360341454723
24098867.770455;0.00011382534368734914;8.209570418840822E-05;-77.05623871473037;0.8377551722900706;0.42877515135926647;-0.5272225061849627
24130118.829281;0.00012060709905090149;8.35502631523135E-05;-76.67022161975976;0.8387150763721305;0.4271227446382292;-0.526266628111476
24161410.414022;0.00013725144423462035;8.934780529990785E-05;-75.71525207816553;0.8397306366593325;0.42544879091178633;-0.5249069204410016
24192742.577231;0.00013483516002419112;0.00010158306502515221;-75.4516063379576;0.8414395166477414;0.4234456981131023;-0.5191644068895053
24224115.371531;0.00013647075027890338;8.094840154287386E-05;-75.98997583024703;0.8422625377396181;0.4214342953100325;-0.5206999175662897
24255528.849612;0.00014096402697052728;8.626332197696704E-05;-75.63643035844589;0.8435178692890251;0.41903581032190995;-0.5202085760517592
24286983.064231;0.00014211859421337135;8.114252094597938E-05;-75.7216018030011;0.8442147346425052;0.4170880558226606;-0.5224241105317302
24318478.068214;0.00010883922340457486;0.00010787856615066435;-76.29232337355664;0.844832567894728;0.4145190480785579;-0.5277803162417822
24350013.914458;0.00012865171857972925;9.402039682413262E-05;-75.95318489015162;0.8465150643596897;0.41269596514416895;-0.5212254717845959
24381590.655925;0.00012009892344081408;8.320980054770909E-05;-76.70650489318801;0.8476024735527801;0.41088373506239584;-0.5195135028771726
24413208.345648;0.00012458502675100213;8.762810290492824E-05;-76.34509894011333;0.8483357041430922;0.4091863424249091;-0.5202402819320215
24444867.036729;0.000140092020384137;8.594283611203769E-05;-75.68444139145245;0.8494149188715597;0.40747529271344796;-0.518111750076984
24476566.782336;0.00012006903568457355;9.35854777115696E-05;-76.34983724643317;0.8505942668394971;0.40487961293374136;-0.518619260476542
24508307.635709;0.0001246530141884923;9.100303619417088E-05;-76.23059582151772;0.8512480587764635;0.40280084691058965;-0.5213916408260554
24540089.650156;0.00014339336871214763;9.186773899983379E-05;-75.37581940262547;0.8523007484165412;0.4013170868796432;-0.5184535486814781
24571912.879054;0.00011607867306363756;0.00010529855822909205;-76.09735482511172;0.8536040815398922;0.39903449881026504;-0.5165137166297621
24603777.375849;0.0001567812494805744;9.327084379694886E-05;-74.77819155422887;0.8547156238592508;0.3965283021775801;-0.5169782665452927
24635683.194057;0.00015148118232198712;7.82082313513097E-05;-75.3665842168609;0.8554242836250596;0.39478337296329663;-0.5178044759412751
24667630.387262;0.000147001405294998;0.00010563741869175907;-74.84541087311845;0.8563397173526555;0.39227967928995405;-0.5197794880959578
24699619.009121;0.00012548188182654228;9.614975502544557E-05;-76.02225435908552;0.8569454778308874;0.3909485189158559;-0.5198027980849397
24731649.113355;0.00015581442664105;8.187081258423365E-05;-75.0890505184624;0.8582097159360219;0.38801665606841984;-0.5203680001370926
24763720.75376;0.0001112057170253763;0.00010593406629320235;-76.27295295125172;0.8590132893585201;0.38609262335112604;-0.5209041045650948
24795833.984198;0.0001199995621954946;0.00010604152963836519;-75.91002361249014;0.8603706088087278;0.3841145589247243;-0.5169387065761929
24827988.858603;0.0001250786142997719;9.63033708394318E-05;-76.03469407509225;0.8608800382604616;0.3822679526630579;-0.5195730682193216
24860185.430978;0.00012351688528623774;8.502500213687198E-05;-76.48094129882938;0.8623948969592522;0.38014320988288164;-0.5147269566270287
24892423.755397;0.00014990647554607696;8.216423670516322E-05;-75.34276491846208;0.8628710960750648;0.377539275556792;-0.5203602104031205
24924703.886003;0.00015470337093967707;6.623685160201355E-05;-75.47899796648413;0.8644277337821845;0.3756787615279579;-0.5140619468374404
24957025.87701;0.0001409620318590081;8.519151084506768E-05;-75.66584017117621;0.8652940937301048;0.37301440864702834;-0.5164884845633326
24989389.782701;0.00015408989764130487;0.00010442396701606843;-74.60321059129672;0.8659206153729502;0.3713622715970045;-0.5171986212994113
25021795.657432;0.00012768750146048365;8.74706599083745E-05;-76.20599938308627;0.8672778308443999;0.36907974002500377;-0.5139600116098777
25054243.555626;0.0001612316856247661;7.928851116723474E-05;-74.91035201937632;0.8677400133350401;0.36715606970292725;-0.5169644802386036
25086733.531779;0.00014075191203498204;8.300794417696379E-05;-75.7346564945461;0.869087671520057;0.36473135808088336;-0.514196360091166
25119265.640458;0.00013213017744483194;7.831784356255503E-05;-76.27233981094443;0.8696919759114455;0.3629244894619155;-0.5154873288993611
25151839.936299;0.00014611781304072345;8.652925732994633E-05;-75.40038963882861;0.8704237241249613;0.36112832235329567;-0.5156203135321387
25184456.474009;0.00014967421580787253;7.239713158905701E-05;-75.58403584666792;0.8711079395242495;0.35868949113053633;-0.5183790519985503
25217115.308368;0.00014020711344781036;9.619131428732697E-05;-75.38939836497224;0.8720911710105443;0.3564361745192048;-0.5178771824467409
25249816.494225;0.0001547728536756213;8.657575249310642E-05;-75.0237938951038;0.8732211845508856;0.35434523682384944;-0.5154997209049806
25282560.086501;0.00015899808419975962;8.028432667769766E-05;-74.9858517442038;0.8738583005622983;0.3523797248244938;-0.5168495718149584
25315346.140189;0.00015471172762106795;9.097034074286488E-05;-74.9199145668503;0.8748812297130227;0.35014989089081106;-0.5157621993680913
25348174.71035;0.00014404197509102607;0.00010284716971675161;-75.04100173434753;0.8759686856509784;0.34793342456253773;-0.5140181085485771
25381045.85212;0.00014885672851889592;8.91959791592356E-05;-75.21227972706593;0.8762763335240287;0.34563617402545876;-0.5191748904327703
25413959.620706;0.00014895846957452968;7.84813789735515E-05;-75.47478303561573;0.8775693869580472;0.34348231491253556;-0.5153415446620562
25446916.071385;0.00015546564865445432;0.00011617334777635753;-74.24052635106403;0.8789325660481734;0.3418857339370532;-0.5089881677241338
25479915.259507;0.00013434836553609435;8.991007516778622E-05;-75.82805663905903;0.8794233430779026;0.33901131929914924;-0.5143344880058092
25512957.240492;0.0001623835157988326;7.448821948252467E-05;-74.95979282874247;0.8802340435813789;0.3376307987281628;-0.5119276443345155
25546042.069835;0.00014197370269963737;9.611113972405507E-05;-75.31743032369897;0.8815475721386555;0.3348342369884383;-0.5098096692109884
25579169.803099;0.000144246653978523;9.509824686505401E-05;-75.25044407348426;0.8819932393217946;0.3334407149132763;-0.5105193731780711
25612340.495924;0.00014883225997485512;6.526071596923545E-05;-75.78231555083417;0.8829621725689837;0.33107342242560517;-0.5098501029657563
25645554.204016;0.00015460287611527586;8.675259602061489E-05;-75.02682395735589;0.8833935352890254;0.32857058782161014;-0.5141942822644374
25678810.983159;0.0001545195732730522;9.597075805183635E-05;-74.8034674419319;0.8846669576486027;0.3262998887606103;-0.5104585163877594
25712110.889207;0.0001782467689456799;7.891758842437196E-05;-74.20217587382498;0.8849652803846675;0.32377491508091;-0.5159009428578911
25745453.978085;0.00016325791839660552;9.046923412305795E-05;-74.57948901404558;0.8862025948098842;0.32176282505282416;-0.5115376063879862
25778840.305792;0.00017820208248039507;9.39572838269814E-05;-73.91645649529329;0.8870453612540066;0.3193079392935543;-0.5119251753603671
25812269.9284;0.00017723258886343145;7.863627217481697E-05;-74.24869288689445;0.8877927112709192;0.3177219453411341;-0.5103809036249153
25845742.902053;0.00016524974113175513;6.875322637975753E-05;-74.9438227952478;0.8885719520787705;0.31545144123173885;-0.5106417790368157
25879259.282968;0.00014856550751128755;9.171696515627867E-05;-75.15932154091514;0.8890556008580373;0.3128439355211869;-0.5144464545587337
25912819.127435;0.00016573881911875556;0.00011090309706963059;-74.00456933490534;0.8899152429649535;0.31090748025089043;-0.5128753255503125
25946422.491817;0.00017296190986473516;8.743052406074553E-05;-74.25275355278612;0.8908308111356968;0.3084613440122654;-0.5123116871563496
25980069.43255;0.00018278956133941434;8.247695419452361E-05;-73.95617632192517;0.8917214318831497;0.30565295456951597;-0.5129816762750077
26013760.006143;0.00019134317150850552;0.00011019591460859258;-73.11977731527315;0.8922323146006644;0.30422188266529454;-0.5127929446188418
26047494.269178;0.0001960522944433038;9.44267608011789E-05;-73.24653278225851;0.8927922227664387;0.30241385615075594;-0.5132688103220973
26081272.278312;0.0001824456504599047;9.668564819194074E-05;-73.70238520916722;0.8937040240875844;0.2996201714180519;-0.5135276923525866
26115094.090273;0.00017106729775994263;8.650732179444422E-05;-74.34771763121195;0.8948298088926578;0.2981872382503731;-0.5078764347039718
26148959.761865;0.00017783076539565543;8.792184864563493E-05;-74.05010759059505;0.8957431473521443;0.2949815386883599;-0.5091757581597661
26182869.349964;0.00019315104421970556;9.092151942330609E-05;-73.41282389088693;0.8962222400363068;0.2926962473152879;-0.5115422865514007
26216822.91152;0.00019839525882743057;8.993111560616442E-05;-73.23779486955817;0.8967736564052815;0.29053768936791097;-0.5128629174706395
26250820.503557;0.00017802755167196902;7.593070698501105E-05;-74.26440557964041;0.897675107325167;0.28851151265450253;-0.5106917732543659
26284862.183174;0.00018409425913948468;8.131296698635913E-05;-73.92518224551924;0.8986999589785446;0.28661631103968377;-0.5070246106690539
26318948.007543;0.00020326719528280995;7.226100597486271E-05;-73.32181033582091;0.8988985612840206;0.2845800183249964;-0.5109608451029996
26353078.033909;0.0001917653686308889;7.627002087618534E-05;-73.70681421730916;0.8999639476834441;0.2821211237912883;-0.5084065246562353
26387252.319594;0.00022101425519399488;7.571657875644795E-05;-72.62964071240383;0.9008383065505049;0.28013011366015594;-0.5061851579547382
26421470.921992;0.00017570122866921066;7.782077918601277E-05;-74.32656027352942;0.9011173118636289;0.2772898726020944;-0.5114607600750766
26455733.898573;0.000168931192745931;7.920796146220465E-05;-74.58275403527333;0.9019271495235013;0.27470968304168775;-0.5112853175779196
26490041.30688;0.00018442416251970514;8.020156785057506E-05;-73.93139850516145;0.9025708407086029;0.27305616560059254;-0.510035780009189
26524393.204531;0.00019172245942566645;7.898219728519844E-05;-73.66575087794125;0.9028773292097139;0.27056502804081495;-0.5139491804064176
26558789.649221;0.00020083517286113118;0.00011374764196124087;-72.7349045955931;0.9041924668165959;0.26847373127338436;-0.5078464342921144
26593230.698716;0.00019052299145130266;9.302054059609014E-05;-73.47252611314221;0.9049315930832642;0.26614354665004636;-0.5074002029429185
26627716.41086;0.00021687572287572255;8.906243421448253E-05;-72.59896413952328;0.9049757354962175;0.26437218753671504;-0.5115992623150831
26662246.84357;0.0002376366806838375;7.67121088493469E-05;-72.05122171943319;0.9060007222983847;0.26128980803887747;-0.5104466505566159
26696822.05484;0.00021214310829856045;9.367925753614806E-05;-72.6937515078026;0.9063632354160746;0.2585903406446443;-0.5140940166462601
26731442.102737;0.00021702766713651344;7.453371224863334E-05;-72.78549804531279;0.9078223411863828;0.2569635856603854;-0.505262228512937
26766107.045406;0.00021281387139965101;8.484231755557693E-05;-72.79940283808553;0.9083040008085075;0.25452669055366284;-0.5070760147304987
26800816.941065;0.00023453649990626098;8.030653007784449E-05;-72.11432116314899;0.9086558944434681;0.2527775319961328;-0.5082865213424071
26835571.848008;0.0002326794325516554;9.906863381967004E-05;-71.94130165040829;0.9086895676876119;0.24985652732787733;-0.5151611763323228
26870371.824605;0.00023960916184089697;8.1916550938699E-05;-71.92987035916074;0.9103817127496675;0.24709059913628137;-0.506838652770518
26905216.929303;0.0002335865074525442;9.626055653398624E-05;-71.94983652338675;0.910677012435979;0.24533500153985643;-0.5084336296385799
26940107.220622;0.00024865220085921677;9.617073754621141E-05;-71.48272574561526;0.911584342263569;0.24274433470825654;-0.5065351033301181
26975042.757159;0.00024144794598573877;8.856802115919397E-05;-71.79526583928909;0.9119606207455364;0.24054668303085835;-0.5083701765871845
27010023.597589;0.0002222253326922396;9.098577805669478E-05;-72.3910645481691;0.9131987701393439;0.23912946491795128;-0.5006629714126175
27045049.800661;0.00026209961834140164;7.087483790168632E-05;-71.32417898376589;0.912964631813303;0.23590824613948147;-0.510214897391374
27080121.4252;0.000243738882355365;7.594004281669777E-05;-71.85915409355515;0.9138378221896903;0.2339071765135826;-0.5070167699089414
27115238.530108;0.0002384012630718265;6.892185036798887E-05;-72.1052234846794;0.9147051243698118;0.23152319911652175;-0.5046925776781637
27150401.174363;0.0002694256065683967;6.274899582086235E-05;-71.1618194079456;0.915480809911257;0.2288261004951233;-0.5038241554749696
27185609.417021;0.00025601010592050125;8.970566999367414E-05;-71.33191338623939;0.9156427785114307;0.22660434646203118;-0.5073140408570299
27220863.317212;0.000264686202389099;7.516775855857658E-05;-71.20852618282804;0.9163709126272108;0.22440650053257122;-0.5056416209517867
27256162.934144;0.00024745110060586217;5.662002129309288E-05;-71.90858796687151;0.9168395168993527;0.22214774348028857;-0.5063716460394309
27291508.327103;0.0002746428427629523;7.131639542479029E-05;-70.94124716618406;0.9176305097109003;0.21985377446850726;-0.5042390412945503
27326899.55545;0.0002738288699551349;6.80215462898936E-05;-70.99036845171526;0.9181727502105356;0.21777700507210174;-0.5038167149699023
27362336.678624;0.00024246982409266917;5.149813839270679E-05;-72.11522824770539;0.9187476603341322;0.2148079973017761;-0.5049302331404841
27397819.75614;0.00028589987625099575;5.4630979457430814E-05;-70.71997222999018;0.9187089338591168;0.21292054887629602;-0.5092178947976423
27433348.847591;0.0002836794011911994;3.454178535178279E-05;-70.8795266601393;0.9195681742227616;0.21078623452040463;-0.5059220047620709
27468924.012648;0.0002908922147215926;5.919266595468941E-05;-70.549153970504;0.9202535902116525;0.2076592289699623;-0.5061534854461609
27504545.311058;0.00028704928888612763;5.493235071267626E-05;-70.6846657980603;0.9208788816505594;0.2054099495691239;-0.5050696455002728
27540212.802646;0.0002879732341111853;5.479965727417076E-05;-70.65847172549624;0.9213090988208228;0.20355055910149095;-0.5049129314135407
27575926.547314;0.00030547062549618806;7.143635586779083E-05;-70.06936690999406;0.9210451260825349;0.20186768703925714;-0.5106175428069799
27611686.605044;0.00031440822141951387;3.110135849189584E-05;-70.00783199353461;0.9225411113943819;0.19896344144379105;-0.5028388101058077
27647493.035893;0.00031787587442780356;5.52702409652532E-05;-69.8254980833244;0.9229753958000295;0.196191081481451;-0.5042727594334407
27683345.899998;0.0003320942021637353;3.337230439858647E-05;-69.53113757299054;0.9232631360799451;0.1939474809013763;-0.5059513791147052
27719245.257571;0.00034315064874683264;2.776547062368156E-05;-69.261963050852;0.9241563202135282;0.19171149192997206;-0.5021091846608249
27755191.168906;0.00032468058687970086;1.2431632040608312E-05;-69.76451131729573;0.9251269106885921;0.18941689179752227;-0.49762453570163395
27791183.694372;0.00035102198877008146;2.6005782936862992E-05;-69.06954151435791;0.9250427591496837;0.18597118277690247;-0.5046880371093994
27827222.894418;0.00035117122073866184;3.90874720579298E-05;-69.03614734459107;0.9253193874967711;0.18431781501415734;-0.5051776397393586
27863308.82957;0.00036980299234516385;-1.4516042269914293E-06;-68.64052466238084;0.9260556249178;0.18186602730106094;-0.502908445130149
27899441.560436;0.0003645365653963704;1.8286635973261085E-05;-68.75426304800995;0.9271976050762352;0.1793171173066819;-0.49708169996809926
27935621.147697;0.0003915906340529034;2.145369082078809E-05;-68.1303382234777;0.9270976143650287;0.17717688691626304;-0.5017024363919778
27971847.652117;0.0003736722906787344;-2.362269129943054E-07;-68.55018037755096;0.9277848250611682;0.17399621149128336;-0.5009336188550699
28008121.134538;0.000386404127968183;-2.0618225024020686E-05;-68.24681716018998;0.9279046649614316;0.17259393292824168;-0.502218719755523
28044441.65588;0.00040070925629743723;-1.5575181884547963E-05;-67.93685612928076;0.927919423832284;0.1695516275006747;-0.507162808972682
28080809.277142;0.0004337855856631115;-1.06723319568451E-05;-67.25186969101644;0.9284933063399785;0.16740701792141327;-0.5054903558636734
28117224.059402;0.00040550002934165225;-1.5214114104793836E-05;-67.8340729157783;0.9289808153245004;0.16543404739594994;-0.50427638073856
28153686.063819;0.00042832124799713445;-4.335449466723821E-05;-67.32033878871034;0.9296207900027754;0.16265829439274584;-0.5029169217420878
28190195.351629;0.0004368045962857051;-4.156555980273991E-05;-67.15510722472074;0.9305286082687901;0.1602116629858941;-0.49853678101031296
28226751.984149;0.0004268524193416954;-3.2375823871193246E-05;-67.36953215717583;0.93061942268293;0.15814930559433543;-0.5009124197901367
28263356.022775;0.00044634358987598256;-4.938646643219504E-05;-66.95376741247502;0.9309162639391625;0.1559914901984228;-0.5015230500323511
28300007.528982;0.00044716969013020946;-9.00498265952431E-05;-66.81791152657308;0.9314532990102568;0.15320290724831934;-0.5008506861403791
28336706.564326;0.0004773708160958858;-8.851333985603261E-05;-66.27608160022999;0.931540905651642;0.15094335135337217;-0.503405439373732
28373453.190441;0.000492227988716858;-0.00010540116313076865;-65.96197163296819;0.9322788584849789;0.1480442489410188;-0.5009257894321879
28410247.469043;0.0004983505673145387;-8.501720979980152E-05;-65.9247107147331;0.9324022695370667;0.1457596156556379;-0.5030762580687194
28447089.461926;0.00048771355193612405;-9.510893930549959E-05;-66.07460935190268;0.9329955948410855;0.14327227410760227;-0.5011853086522162
28483979.230967;0.000511534489495356;-0.00013985813202945502;-65.5094170261326;0.9335207159008077;0.14119256966704358;-0.49929188139440855
28520916.83812;0.0005134668080020898;-0.0001416585522270478;-65.47117230479243;0.9338909082873508;0.13819751157036164;-0.5000007667342041
28557902.34542;0.0005328993377563183;-0.00017969032162658142;-64.99941567679471;0.9342745996049067;0.13623557792468174;-0.49913163508563374
28594935.814985;0.0005312182696914238;-0.0001841775582665358;-65.00155963377662;0.9341414811402857;0.13367459039083254;-0.5037134194809461
28632017.309011;0.0005549393106687453;-0.0001976653673352042;-64.596339359144;0.9346495682324678;0.13129966616574265;-0.5021520020604869
28669146.889776;0.0005543602263264523;-0.00019561360623663194;-64.61451470735268;0.9344917541578708;0.12848468064767737;-0.5071582197659801
28706324.619637;0.000548920091090135;-0.00023090544450539216;-64.50223804546718;0.9356532899201119;0.12625489880927096;-0.4993351959354076
28743550.561033;0.00059192455739625;-0.0002770062285320579;-63.69463176196226;0.9357967446900037;0.12355423397352525;-0.5013146152308877
28780824.776486;0.0005887659001250456;-0.00028258199369386977;-63.7008313514943;0.9361369730619006;0.12128120134894828;-0.5009229015891441
28818147.328595;0.0006011305049258754;-0.0002978410638705712;-63.46722652558075;0.9367181474032857;0.11940626056382472;-0.49781845697481847
28855518.280043;0.0006015892326667399;-0.0003287664421389126;-63.27904934182757;0.9370462485793264;0.11608847798255949;-0.498629632703487
28892937.693594;0.0006294001988121962;-0.0003636847078052475;-62.77028004761004;0.9368574654895737;0.11456405638546166;-0.5020670953816716
28930405.632092;0.0006169669096137565;-0.0003938457068245566;-62.71027599718454;0.9370678080423968;0.11185617237710019;-0.503134665162245
28967922.158465;0.0006301460618494335;-0.0004287354551323453;-62.35900006814913;0.9371377159503351;0.10912218448244874;-0.5054424429207278
29005487.335719;0.0006363403637314449;-0.0004834402924623704;-61.94741452710696;0.937523714812964;0.10641570114857532;-0.504758135342826
29043101.226945;0.0006596998951249723;-0.0005310199076985588;-61.44368139853828;0.9380860267370824;0.10434981429662109;-0.501738307646137
29080763.895314;0.000659056191886456;-0.0005564672942058111;-61.284206939234586;0.9382345723124975;0.10136821496467506;-0.5033699690965237
29118475.404081;0.0006375550794731296;-0.0006139392447894678;-61.06017610465858;0.9386116767633143;0.0992831796791606;-0.501958887803413
29156235.816579;0.0006537340890540039;-0.0006495598153698234;-60.70940812457441;0.9393288388168909;0.09652939836401912;-0.4980237526109147
29194045.196228;0.0006462930963912459;-0.000689190872518606;-60.493047667891304;0.9392809402848666;0.09437018839811985;-0.5004703586773243
29231903.606526;0.0006198831624239592;-0.0007486193692829284;-60.24712476997028;0.9388583796797512;0.09178294040037656;-0.5066896125482698
29269811.111056;0.0006154944348942901;-0.0007907854052022005;-59.981906138757964;0.9392107603743605;0.08919764236727591;-0.5057433787214722
29307767.773484;0.000599638477935529;-0.0008539877134312294;-59.63027429947074;0.9397887967608121;0.08640377448365938;-0.5028386076608755
29345773.657555;0.000567367305166346;-0.0008943111752744843;-59.50124001359663;0.9393604508097367;0.08397880178657013;-0.5087821851292735
29383828.8271;0.0005357128791481367;-0.0009807889468310084;-59.03460077679786;0.940288252566353;0.08214493765551434;-0.501760188827189
29421933.346032;0.0005065972078061522;-0.00101292667638886;-58.9188804815959;0.9404097079665927;0.07902949201053507;-0.5030946825340614
29460087.278346;0.0004620829918614194;-0.001088499402748966;-58.54383603548194;0.9404987374467377;0.07670285760661169;-0.5040450674263077
29498290.68812;0.0004470519086147894;-0.0011165659743160748;-58.396590495432065;0.9402438622978124;0.07430813403043213;-0.5081488258889346
29536543.639517;0.00037874619110444825;-0.001167598908976861;-58.21962866979519;0.9409935437110808;0.07110374363029806;-0.5035408307711067
29574846.196781;0.0003304506055157628;-0.0012371305960388968;-57.852383276222774;0.9408238386261588;0.06941698017711644;-0.5062550503817091
29613198.424241;0.00027321570531942;-0.0012958711279791198;-57.55988040127417;0.9411203251252862;0.0661684454301881;-0.5056816181494077
29651600.386307;0.00020449575146817438;-0.0013243057985632932;-57.45789348620822;0.9409036298339811;0.06426578605557653;-0.5088835703138795
29690052.147476;0.00013120714371090092;-0.0013788697918399836;-57.17038826366383;0.9411276099210079;0.06130658779551056;-0.508639708644803
29728553.772325;4.650725582000207E-05;-0.0014174265157520702;-56.965315995118644;0.9411235032657849;0.059344562686183905;-0.5098334180547218
29767105.325518;-4.2419103418695125E-05;-0.0014418924796633884;-56.817585357600244;0.941210207142722;0.05633520189387999;-0.5107366276005516
29805706.8718;-9.278131223407191E-05;-0.0014602050776183141;-56.69422435046307;0.9414440331192289;0.05391294753955068;-0.5098908146888735
29844358.476002;-0.0001871176296387025;-0.0014680150818817534;-56.59539765408897;0.941570562180508;0.05196644253270033;-0.5097337425280585
29883060.203039;-0.0002995141199250106;-0.0015002548728726248;-56.30696291918102;0.9419492110731714;0.048626807586287187;-0.5078917304986108
29921812.117908;-0.0003987627118333631;-0.0014954161314202619;-56.20643511134317;0.9413937787952954;0.0465741336407153;-0.5139565587883727
29960614.285693;-0.00047553274354961476;-0.0015149925787029254;-55.98369636299988;0.9417610695502336;0.044453087296933834;-0.5115198490972632
29999466.771561;-0.0005798394365781821;-0.0014981113543166102;-55.88287485772479;0.9415190655122575;0.040879267272287245;-0.515238190364236
30038369.640764;-0.0006744389192421175;-0.0014839650829945254;-55.75605140038516;0.9419845338052222;0.038974701905020386;-0.5116962292018744
30077322.958638;-0.0007706237331092604;-0.0014507414025859344;-55.68875717916559;0.9418252823650969;0.036499389161153147;-0.5140754927880984
30116326.790604;-0.0008318783163733613;-0.0013988162757264339;-55.769658336955374;0.9417898356158679;0.03420881066877561;-0.5151938286784445
30155381.202168;-0.0009394703439713747;-0.0013348462041709642;-55.74397491738835;0.9416681983533194;0.03149089284044048;-0.5171877448361986
30194486.258922;-0.0010320679085906229;-0.0013307249998190552;-55.472948158756836;0.9416913020718873;0.029007149192121873;-0.5177100124487305
30233642.02654;-0.0011030466834048439;-0.001295113620119272;-55.38496779922289;0.9412191262901118;0.0267330385940171;-0.5226830579636789
30272848.570784;-0.0012020103014507967;-0.0012500233955889495;-55.21810645200853;0.9416942505166643;0.024495145071234587;-0.5188641245701023
30312105.957501;-0.0012799051073547015;-0.0011768741897636012;-55.19534565912064;0.9413318457682789;0.021427824898523726;-0.5228951802585573
30351414.252622;-0.0013287402366921712;-0.001107413148707132;-55.24050821685037;0.941851109198404;0.0187823268535707;-0.518628167443362
30390773.522164;-0.0013811298670032652;-0.0009889978983283134;-55.397583694364045;0.941613028347407;0.016465183879149106;-0.5212231037248408
30430183.832231;-0.0014368650468678974;-0.0009404842757584238;-55.30311703139613;0.941242824062085;0.01414625949427363;-0.5249855575420898
30469645.24901;-0.0014712496618261948;-0.0008513897567672926;-55.391863065171364;0.9410341944299773;0.011290403594853397;-0.5272667890859559
30509157.838778;-0.0015427939223156108;-0.0007765113454304565;-55.253201108746154;0.940920249646228;0.009432591178959828;-0.5285072630625205
30548721.667893;-0.0016316359982041357;-0.0007104231240107553;-54.993605697031434;0.9405853489134697;0.006706155074276338;-0.5318150451918728
30588336.802802;-0.0016594794935887362;-0.0006695542878391583;-54.94554919246159;0.9407592867045665;0.003735285594805684;-0.5303612515330023
30628003.310038;-0.001695194786298684;-0.0005980778418802517;-54.906116355745695;0.9401710936938468;0.0012733640581950544;-0.53585414677586
30667721.25622;-0.0017146091981585373;-0.0004562279565883563;-55.019613237017325;0.9408213011155102;-0.0008142615793154786;-0.5298539129832788
30707490.708052;-0.001720359241721334;-0.0003570798380784966;-55.104434033718064;0.9404998795923305;-0.0029741216160865448;-0.5327816850577061
30747311.732328;-0.0017304468604417205;-0.0002870770220886321;-55.11892327140609;0.9399891246892744;-0.005581538524835409;-0.5373902973660545
30787184.395924;-0.0017420579780794091;-0.0001956800966751049;-55.12429426748719;0.9394534901583972;-0.007720353182629501;-0.5422010284937493
30827108.765807;-0.0017661747714502417;-0.00011434214087703447;-55.041162062151436;0.9393865418206433;-0.010142094111408416;-0.5426071170606923
30867084.909028;-0.0018039519480923573;-3.2171412806479843E-05;-54.874119661142544;0.9393431358237397;-0.012796742947904527;-0.5427087525523905
30907112.892727;-0.0017994149252178993;6.641686206123842E-05;-54.891460974481745;0.9390534035741877;-0.015084840454098239;-0.5450736331321069
30947192.784128;-0.0018036115972910507;0.00016712433294849342;-54.84001005284202;0.9385468388384274;-0.017425594825134866;-0.5493841435527095
30987324.650546;-0.001771249367594792;0.0002522311630738561;-54.94721804057349;0.9387709605198048;-0.01979079669284242;-0.5468773388745536
31027508.55938;-0.0017539346463329758;0.000318748374850879;-54.978615126829915;0.9383836773746691;-0.021668552273888662;-0.5500760146799568
31067744.578119;-0.001721554768568531;0.0004202275826324131;-55.03023046502967;0.9373432486163539;-0.02405753036378514;-0.5591670183684273
31108032.774337;-0.0017068429453895423;0.000483636729906685;-55.020732664463324;0.9379920432602246;-0.02616527590859756;-0.5526388493712959
31148373.215699;-0.0016981033214887378;0.0006079814789038139;-54.87689721083203;0.937530149028459;-0.02856457170314015;-0.5562654932560712
31188765.969954;-0.00166693400140642;0.0006872707622651325;-54.879816858483075;0.9371859032461618;-0.030817012163901217;-0.5587917405543693
31229211.104942;-0.001618651534347604;0.0007573431091256163;-54.95719293464195;0.9369976957948469;-0.03237863262984136;-0.560046734155705
31269708.688588;-0.0015589653267966503;0.0008387350002757235;-55.03921892911977;0.9369456472626324;-0.034958469073444604;-0.559670354123885
31310258.788907;-0.0015198738314909554;0.0009150690496965257;-55.02052498609562;0.937282871745266;-0.03758827038246336;-0.5556072998530238
31350861.474003;-0.0014301235736586958;0.0009653407805706048;-55.262012879634426;0.9368234486622463;-0.03947380385851109;-0.5591412101629444
31391516.812067;-0.0013715803903677987;0.0010223661176008635;-55.336566291468685;0.9368982257443874;-0.04194013789812948;-0.5574575743775795
31432224.871377;-0.0013189912038058624;0.0011159939258818083;-55.25029442040243;0.9363159705562314;-0.04401596084367086;-0.5619644292021849
31472985.720303;-0.0012665810990897313;0.001148914959139205;-55.33987986985647;0.9364712112430381;-0.046085645764081265;-0.559606250800033
31513799.4273;-0.001176080192959543;0.0012064217755867032;-55.468930291540175;0.9362482811203731;-0.04833492536737287;-0.560619641158041
31554666.060916;-0.0011111096396932488;0.0012493787744451241;-55.53538646382346;0.9365724335517055;-0.05003714283969107;-0.556794096717912
31595585.689783;-0.0010516177391805485;0.0012761139708385213;-55.631432378630194;0.9361742719063108;-0.05235888112567884;-0.559302421161084
31636558.382625;-0.0009463382589961842;0.0013078390330246582;-55.840257491519694;0.9367830553605287;-0.05520716390935647;-0.5521622743356441
31677584.208256;-0.0008717814673129179;0.0013079061230338324;-56.071938093211564;0.9361503521601395;-0.05729688374638993;-0.5568495111012146
31718663.235577;-0.0008217719252001728;0.0013338185826704998;-56.100580005013256;0.9361183582692999;-0.059279563534568744;-0.5560042060573798
31759795.533579;-0.0007465852581224352;0.0013348793812032677;-56.30915469708856;0.9362368381418246;-0.061929295170649844;-0.5533246894118423
31800981.171342;-0.0006754251346508459;0.0013814308999252935;-56.262514165927506;0.9369273800912185;-0.06391938957396182;-0.5457149592954001
31842220.218038;-0.0006114508376276072;0.0013675392410218363;-56.48970237743046;0.9363013968446454;-0.06603206933939851;-0.5501396642616804
31883512.742925;-0.0005159548984977126;0.001349768076697032;-56.80252176219256;0.9363547673621802;-0.06845495891997502;-0.5480412525791002
31924858.815354;-0.00042769263829294787;0.001364036718376974;-56.89621710631387;0.9366964706069285;-0.07094561207944644;-0.5431798454031679
31966258.504764;-0.00039797929213046166;0.001363100598346077;-56.954166865541254;0.9364870266910701;-0.07379808757051087;-0.5430787038679025
32007711.880685;-0.0003371080186488547;0.0013215508903335863;-57.30454701586333;0.9367860989491907;-0.07587842597761922;-0.5387911865848953
32049219.012737;-0.0002894435215730138;0.0013195309031488018;-57.38751562744679;0.936947613282856;-0.07792309450395908;-0.5357581829307344
32090779.97063;-0.00022781615596050343;0.001305265591154366;-57.555698601971706;0.9370356881181572;-0.08089408861273766;-0.5326301448930577
32132394.824164;-0.00015905429585571482;0.001298747531451827;-57.66485225288256;0.9367378639428713;-0.0828570053016967;-0.5337920391658509
32174063.643232;-0.00010924861046425633;0.0012748052621673845;-57.859344173008125;0.9372646537678119;-0.08517725625956953;-0.5270345242922312
32215786.497813;-7.429768356580948E-05;0.0012557873306803691;-58.00650253185705;0.9372786324022784;-0.08774693972777475;-0.5247278242406868
32257563.457982;-4.61332058035662E-05;0.0012069025476767717;-58.36021503081749;0.937318533205456;-0.09077512048228557;-0.5217130117398927
32299394.5939;7.717035983568107E-06;0.0011871811169241269;-58.509476893700345;0.9370418475737372;-0.09294123953036952;-0.5223039443632709
32341279.975823;2.315287662857004E-05;0.0011669730884333446;-58.65707400491633;0.9372640044348766;-0.09556822123266621;-0.517841259145479
32383219.674097;8.161157367569063E-05;0.0011260159278388012;-58.94635517806908;0.9372309807592176;-0.09775538057542292;-0.5160756307982453
32425213.759156;9.025051985630595E-05;0.001095117847897879;-59.1813866468664;0.9368932121757222;-0.10068767153366688;-0.5163256992990652
32467262.30153;0.00011359588109557625;0.0010913618635497275;-59.19382624191308;0.9368529204435193;-0.10295257310983047;-0.5144394267560966
32509365.371838;0.0001375014101138004;0.0010633298135571032;-59.39461960248654;0.9365409910197613;-0.105558792351037;-0.5146395925298661
32551523.040792;0.00018543034703938287;0.0010386080479802184;-59.53469293283861;0.9366635392433712;-0.10866479487926085;-0.5102661644223452
32593735.379193;0.00020575547590216832;0.0009923015210996247;-59.88430560888388;0.9369370987000069;-0.11082751052715452;-0.5054467646834322
32636002.457936;0.00019980821391538489;0.000963589816894078;-60.139323674744446;0.9367587484646249;-0.11330966591548258;-0.5043629409518974
32678324.348008;0.00023669998100558077;0.0009352430334022384;-60.31187293802654;0.9364115990481756;-0.11601051218784231;-0.5045137222401298
32720701.120487;0.0002479484477259131;0.0009187609844178351;-60.43063500208993;0.9364662323798205;-0.11874379941633952;-0.5008861907832144
32763132.846544;0.0002489659475841848;0.0008873445927372313;-60.7090591040742;0.9360173687112763;-0.12136182946552516;-0.5019190165224675
32805619.597442;0.000252379646542157;0.0008658340520521994;-60.89715004698397;0.9359765241983252;-0.1235006434573168;-0.4997391894740349
32848161.444537;0.00029077772122279696;0.0008591138917064126;-60.84796321226591;0.9361674151822995;-0.12637407780141305;-0.4945025110681009
32890758.459276;0.00030412003036409346;0.0008260034205013153;-61.10826843278712;0.9357596889004701;-0.12961835153970266;-0.49417511307301565
32933410.7132;0.00030624878248388694;0.0007935998813033305;-61.40507990863027;0.9362157320055351;-0.13139151269670965;-0.4877732381716212
32976118.277942;0.0003052459956066765;0.0008026081593605363;-61.32323385001044;0.9353746421464326;-0.13434062916088796;-0.49161611084967294
33018881.225229;0.0003149296433688879;0.0007425952897179789;-61.86666953879652;0.9348365276027096;-0.1372810103660485;-0.4926264513972849
33061699.62688;0.00029171676387427413;0.0007443294391365034;-61.944142049402075;0.9349523284381543;-0.13963858575458724;-0.48839931564961026
33104573.554806;0.00034356628512211495;0.0007151632762480101;-62.01006815471465;0.9343192829242208;-0.14239273038677555;-0.49037568436862977
33147503.081015;0.0003711144807913967;0.0007030765724330562;-61.99253632183119;0.9344111070528759;-0.14509041912245255;-0.485773082295788
33190488.277605;0.0003525029183228277;0.0007022762743029006;-62.09398013105802;0.9340405935918757;-0.14762816408217216;-0.4855275297700174
33233529.216768;0.00034545855266823186;0.0006757160766923957;-62.39627412103641;0.9340052424847994;-0.1503261333525945;-0.4819456034422356
33276625.970791;0.000353169463938623;0.0006496590129602578;-62.621830081603264;0.9333661067561194;-0.15313456038981801;-0.48360191737977076
33319778.612053;0.00037105346686751507;0.0006460258373315336;-62.55683496927691;0.9328330718413232;-0.1557238697065963;-0.48454874181591695
33362987.213029;0.0003305281128247757;0.0006078528231238686;-63.199058291974985;0.9328496017662671;-0.15849209070369483;-0.48017774066894503
33406251.846285;0.0003379604727699768;0.0006127398040319377;-63.10098854110456;0.932349412151309;-0.16082981590764772;-0.48108232213250174
33449572.584485;0.00035686317851671206;0.0005659410062472258;-63.490705786183035;0.9318779155660102;-0.16365367694367905;-0.48090126360104246
33492949.500383;0.0003517922191110842;0.0005590300456293184;-63.602423034778525;0.9319004122211506;-0.16615922748458922;-0.4766908036871176
33536382.66683;0.00034526287166406237;0.0005466945964432784;-63.78739119738958;0.9314934429126496;-0.16847603540917067;-0.47660869262595595
33579872.156772;0.0003554974788116661;0.0005280440497182295;-63.92320943040687;0.9313567732265329;-0.17142947561739277;-0.4729786079257539
33623418.043248;0.0003620717772463007;0.0005406320457527854;-63.732707069232106;0.9301397904015412;-0.17388936026796126;-0.47984103462469396
33667020.399391;0.0003601627683439303;0.0005217614382624569;-63.958255703565584;0.930170054676446;-0.17649024084429935;-0.47515043764050247
33710679.298432;0.0003469396605075792;0.000500408235831367;-64.30888935019377;0.9302287604734645;-0.1795677234471058;-0.46931616304712465
33754394.813693;0.00037092029580265164;0.0005016503461167184;-64.09788186758676;0.9290459495258012;-0.1820731407869002;-0.47557745785742467
33798167.018594;0.00034073502413301253;0.0004871839023354421;-64.51673843135565;0.9292564849433272;-0.18450682680440106;-0.46936324328833234
33841995.98665;0.0003593690639187153;0.0004602973205067188;-64.67220471669046;0.9288329001191109;-0.18709751420642481;-0.46851341382350925
33885881.79147;0.00035405807892893406;0.00048291494604817836;-64.4543335427082;0.9280512055031631;-0.19004362355956342;-0.47016055034592064
33929824.506759;0.00036928775730147374;0.0004573884442149548;-64.61454369833237;0.9274980627474636;-0.19269525019054232;-0.47021621967371297
33973824.206317;0.0003219982364426636;0.00045380455775037484;-65.09168972584541;0.9277495128085379;-0.19594491930416602;-0.4618544767352195
34017880.964041;0.0003511936587888691;0.00045878641184466827;-64.76485100311349;0.9264375621282687;-0.19766742067348705;-0.47033793695015946
34061994.853924;0.00032586663829346264;0.00045503679319848375;-65.04112318287869;0.9259130272906357;-0.20104409590462857;-0.46852489632937616
34106165.950053;0.00035027576028804746;0.0004214317194137389;-65.22447846024802;0.9256227998816553;-0.20396279584346383;-0.46540703458112676
34150394.326613;0.0003356450712100956;0.0004276171850312779;-65.29421835565537;0.92525025856282;-0.20527940745062756;-0.4661356763261931
34194680.057884;0.0003479420239068774;0.0004014086435058752;-65.49454454319573;0.9244747502231986;-0.20876497910715847;-0.4660935915486487
34239023.218243;0.0003508670167072684;0.00042580586913948593;-65.16529241363139;0.9244161500310217;-0.2108531117740949;-0.46238253617676717
34283423.882162;0.0003351227599627374;0.00039166354065923943;-65.75596034250634;0.9235935921257646;-0.21341710437185155;-0.4644712619167447
34327882.124212;0.0003451682951279371;0.0003753996909008987;-65.8491628862398;0.9233656100448092;-0.21580735036856838;-0.46154876942463646
34372398.01906;0.0003430335529526507;0.0003666123280925912;-65.98467437287803;0.9227771243797376;-0.21883985331698158;-0.4604301108781458
34416971.641468;0.0003258166281320743;0.00036840424695898974;-66.1640333598953;0.9222623557670618;-0.2221028550874304;-0.45806939682987435
34461603.066297;0.00033299961129707345;0.0003662685849835593;-66.10760503968548;0.9214614745478746;-0.2242589214179893;-0.4605517455958662
34506292.368504;0.00033015833234297106;0.0003566178864391486;-66.26755334648522;0.9209421715341919;-0.2267307665416521;-0.45978880913226294
34551039.623144;0.0003257202453746852;0.000366162621857312;-66.19483513329165;0.9206177852365294;-0.22923145478621001;-0.45716878032427677
34595844.905369;0.00034039191572391716;0.00033570213575091095;-66.40994869856823;0.9190194028313986;-0.23208421991054315;-0.46501375039436804
34640708.290427;0.00031908956090652695;0.00034083536820953263;-66.61569612457869;0.9191091305258332;-0.2346210544705667;-0.4584984440718553
34685629.853666;0.00033825731004493727;0.00033564609291336997;-66.43828176500196;0.9183831544941798;-0.23755381156486743;-0.4582532693937129
34730609.67053;0.0003542790976411463;0.0003349369446314172;-66.23977330171833;0.9181241950321118;-0.24010156880138436;-0.45467671183785996
34775647.816563;0.0003153081292495728;0.0003597967898888491;-66.4040553947925;0.917404641517003;-0.24201457943031554;-0.4565986589326144
34820744.367403;0.00032714942886276366;0.00033680597584804996;-66.56660319382026;0.9165243579995226;-0.2455492293243768;-0.4560728788625408
34865899.39879;0.0003087442856610716;0.0003089081552094333;-67.19541641041714;0.9161021187324943;-0.2477682917541307;-0.4545252106491207
34911112.986561;0.00029667582359651704;0.00029551375776503785;-67.56106798535609;0.9148920391020215;-0.2505802146646916;-0.4584537788273244
34956385.20665;0.00031023464868639816;0.0003020309645884098;-67.27072295972106;0.9142681146715442;-0.25335382594890643;-0.45721616119854197
35001716.135091;0.00033230046724064944;0.00030995423699394664;-66.85089976938316;0.9133650431166872;-0.2553583863093816;-0.4602606049267044
35047105.848017;0.00033319232995999043;0.00026841421759709065;-67.37398663364581;0.9131536497607838;-0.2584467155285852;-0.45446698653865336
35092554.421657;0.0002856472120935538;0.00028843030493004085;-67.83078711493116;0.9125913620197037;-0.2612729926775847;-0.45233482731602004
35138061.932343;0.0002933478864547186;0.0002944020554216331;-67.62643408894061;0.9116158798455765;-0.2635818833817743;-0.45507157386620195
35183628.456501;0.0003078541916382559;0.00030394037657996745;-67.27800988882274;0.9111043556918541;-0.2665774587483402;-0.45191014918368805
35229254.070661;0.00031040174779700766;0.0002851180845136822;-67.5045540413974;0.9108690870082542;-0.268776888911799;-0.4483029253824955
35274938.851449;0.00031089360344308973;0.0002603138856942125;-67.84050238083002;0.9094148102639577;-0.2710175272655941;-0.4552313263994401
35320682.875592;0.0003009952843205649;0.00025708115008188115;-68.04961826755006;0.9083790165572657;-0.2741364076393883;-0.456112024930157
35366486.219916;0.00030268273075804845;0.0002686063896277543;-67.85775653763666;0.9081855468213776;-0.27671526445777883;-0.45095780264685814
35412348.961346;0.0003057663129610577;0.0002709536759808631;-67.77520420030206;0.9076087601113038;-0.2793730950117075;-0.44888330222015327
35458271.176907;0.00028775075138285803;0.0002820220728904169;-67.8958263251644;0.9062286167812299;-0.28205740518205313;-0.453683991933903
35504252.943725;0.0002935351850571737;0.00026314556335196995;-68.08525252637466;0.9057933193940633;-0.2848984389001197;-0.44972292846720247
35550294.339025;0.0002787172117470217;0.00025526159460943613;-68.45144789707788;0.9054861402185472;-0.287638126717609;-0.44485019714477425
35596395.440132;0.0002792747359735308;0.0002575589056666105;-68.406404755144;0.9042832280385263;-0.2897619392201615;-0.44942680313831856
35642556.324472;0.00031098273516156396;0.00024625652799787137;-68.03126244616064;0.9030127705249964;-0.29214047567149537;-0.45382170819590056
35688777.069571;0.0003136940113100618;0.00023081669533258403;-68.19070879516657;0.9025879997165802;-0.29499721498609976;-0.4494349133262973
35735057.753055;0.0002804903278399818;0.00023045861873337333;-68.80130727050692;0.90199065825081;-0.29722562405598757;-0.44827061796126283
35781398.452651;0.00031188789551581347;0.0002378211715405805;-68.1295057792012;0.9005520410996803;-0.299902527102915;-0.45306297862224254
35827799.246189;0.00027980314192286367;0.00024840128336421234;-68.53893692596843;0.9000963968272814;-0.30303225959228197;-0.4479246390205326
35874260.211596;0.000274923774453845;0.0002523204006164395;-68.56208955648066;0.898672371928602;-0.305527446419085;-0.4529494669162954
35920781.426902;0.00027504141498253896;0.0002325762304803683;-68.86927837226885;0.8982390155552336;-0.3081970420918741;-0.4488074139417472
35967362.970239;0.00026387822221307785;0.00022911141264261113;-69.13199848702516;0.8973051124563179;-0.3101510376315315;-0.45106473819420617
36014004.91984;0.0002828228222524509;0.00022735852778199748;-68.80478041858021;0.8969897823580768;-0.3130093834764122;-0.4452125005757509
36060707.354038;0.00029526675565013104;0.00022715254683761514;-68.57670811983726;0.8953245843339612;-0.31582126825592216;-0.4510692971851032
36107470.351268;0.0002657215792780803;0.00020861154535883457;-69.42612608798544;0.8948120477090776;-0.31872735869580215;-0.446607244559419
36154293.990069;0.00029667448321364865;0.00020642400260835285;-68.83968317667092;0.8939230062397066;-0.3208331694802686;-0.4477792841543962
36201178.349078;0.0002958144779076802;0.00019941119410024714;-68.95270442264031;0.8935770780098407;-0.3237412006945173;-0.441735864610322
36248123.507038;0.0002733415557925928;0.0001991030992562976;-69.41734776810777;0.8916481639920484;-0.32643748401079287;-0.44987118481148386
36295129.542791;0.00025739109222760233;0.0002177336018415714;-69.44399624565314;0.8914957699664448;-0.32869264517679625;-0.44406735673157566
36342196.535283;0.00026537300911664066;0.00019025423242596435;-69.7216333026021;0.8908942612234247;-0.33165097037330643;-0.43982950015151173
36389324.563562;0.00028625135310565936;0.00021379354118697958;-68.93987634091677;0.8896997261351259;-0.3331813845104151;-0.4451648937323783
36436513.706778;0.00026608521898003826;0.00022684484120597917;-69.12715872329169;0.8885507956138117;-0.3368130641412751;-0.4432881544538563
36483764.044183;0.00026927419494596265;0.0002033467546553758;-69.43634562233487;0.8875113425004336;-0.3391397715134447;-0.4446032572919629
36531075.655134;0.00027342320668513994;0.00020531256941616507;-69.32135333826598;0.8867063072423985;-0.34189987949297657;-0.4424318989809447
36578448.61909;0.0002421312619401182;0.00019776540894713457;-70.09933419571267;0.8853457452749639;-0.3444373171721383;-0.44565226958387555
36625883.015611;0.00025946203641393086;0.0002021408816350438;-69.658470638579;0.8843723119489334;-0.34726515281685105;-0.4445296248840644
36673378.924363;0.00025433552321570737;0.00020791394173596173;-69.66919128507317;0.8838171430834767;-0.349122699211325;-0.4430291870150006
36720936.425114;0.0002778495985881939;0.00020676517494712214;-69.2099164840032;0.8828317586947837;-0.35194563515273103;-0.4418835431319672
36768555.597736;0.0002537525673078468;0.0002045877529780142;-69.73685310114872;0.8821048042215129;-0.35507608487380515;-0.4374130345719032
36816236.522203;0.00027812428237297237;0.00018939766982179013;-69.46059228778628;0.8808555738855038;-0.35724827088164035;-0.44056043871063677
36863979.278595;0.00025479071729145146;0.00018066060943490152;-70.1074349787973;0.8793932256030665;-0.3598098557497765;-0.44410577040534865
36911783.947094;0.0002734945150179751;0.00017485139379986886;-69.77273706607689;0.879163663626552;-0.36267336196199285;-0.43610291894076414
36959650.607988;0.0002481615594956694;0.00021867740899940717;-69.60966922934033;0.8776696816973517;-0.3648381232954929;-0.4411466113120447
37007579.341666;0.0002462212804692413;0.0001722672020951799;-70.44307883324159;0.8766338904291826;-0.3678009068604508;-0.43944729058379867
37055570.228624;0.00026352571217311504;0.00019488041899054498;-69.68897958054748;0.8755457385719035;-0.3699651531675029;-0.44093688213204363
37103623.349462;0.00026617486499414645;0.0001921201812128796;-69.67545549633542;0.8745957424455397;-0.3729049112953087;-0.43843202636690165
37151738.784883;0.00026411213084547047;0.00020062032798541906;-69.585925741079;0.8732153648459563;-0.37464804827882414;-0.4437658895988893
37199916.615696;0.0002689268410514318;0.0001579962335200971;-70.11956546855474;0.8728931387634159;-0.3780382148068294;-0.4342085417018573
37248156.922815;0.0002526402118974822;0.00016501784800157583;-70.40682050994809;0.8710679050793647;-0.38007425360638314;-0.44208505849794016
37296459.787257;0.0002560100820389024;0.00019461640411538059;-69.85409295773763;0.8701141332149827;-0.38294074423252666;-0.4395542913252978
37344825.290147;0.00023979383253441237;0.00018023794459431046;-70.45821197580852;0.868945753370726;-0.3856577360179758;-0.43928330135313787
37393253.512713;0.0002415284558928931;0.00018960817162399913;-70.2554701350934;0.8674878551996166;-0.3878627078104596;-0.44325399423643524
37441744.536288;0.000259241020304776;0.0001689072845025936;-70.1892663920629;0.8665322015686362;-0.3906139163490231;-0.4409237439689102
37490298.442313;0.000245258836229504;0.00018501942357998036;-70.25101235348924;0.8654219077977129;-0.39315255982749725;-0.4406030030268501
37538915.312332;0.00024033185593958216;0.0001734646492020174;-70.56261272005474;0.8643544386061627;-0.3956758841039983;-0.43991095966730515
37587595.227996;0.0002446314729643413;0.00014773156395342537;-70.8794184452857;0.8628231020850599;-0.3979359827632073;-0.44400391135095973
37636338.271062;0.0002291619458695417;0.00016976410475450155;-70.89722268969395;0.8618575291630014;-0.40112263354835936;-0.4397679049591101
37685144.523393;0.0002478752633858179;0.00016209884612518425;-70.56910377292822;0.8608686128484168;-0.4033251538126372;-0.4394402586195431
37734014.066957;0.0002596114939334521;0.00016351913196778378;-70.2624133322574;0.8610195149810821;-0.4065807404228572;-0.4255434477500256
37782946.983829;0.0002304658698397423;0.00017060184281949393;-70.85025137268757;0.8592280510970085;-0.4081530176435965;-0.4341777953295764
37831943.356191;0.0002324961013644088;0.000164110792230262;-70.91585818311627;0.8580043669346353;-0.41094797223075924;-0.43327557060092503
37881003.266332;0.0002274385084292038;0.00016828856736886367;-70.96642369105857;0.8560170585001365;-0.41379550232757034;-0.4383545023712583
37930126.796645;0.00024156422311659822;0.00015778773670930798;-70.7961448626262;0.8554392499298664;-0.4160963247439969;-0.43393430962816715
37979314.029633;0.00024266672105811857;0.00016252289469774044;-70.69046749068414;0.853612308306527;-0.4186737927530616;-0.4385957010803077
38028565.047905;0.00026305164676052766;0.00017602490909876601;-69.9921490852816;0.852768453951008;-0.4208116054043344;-0.4368917728612959
38077879.934176;0.0002234229156624799;0.00016131886358565923;-71.19520400044419;0.8512733336858885;-0.42408934943260235;-0.43582755030381676
38127258.771269;0.00025916142244990936;0.0001526400504909365;-70.43525999550342;0.8500161402947376;-0.42615738148784615;-0.43765492342618234
38176701.642116;0.00022733890348267422;0.00017454028380228643;-70.85406771286154;0.8495000341274868;-0.42833356848902104;-0.43293860734327194
38226208.629753;0.00023462353680508795;0.00015871698378881974;-70.95612950086422;0.8477829304502216;-0.4307835795618971;-0.43682479539636715
38275779.817326;0.00024380416615578225;0.00015968844434181443;-70.70883291562241;0.8463977414298922;-0.4340066083564749;-0.4347098926453222
38325415.28809;0.000250914448142095;0.00017510932779276733;-70.28625161189544;0.8453529940391381;-0.4357318120093618;-0.4359916093388674
38375115.125405;0.00023768346372529228;0.00015757891421259974;-70.8977836783005;0.8438334742396306;-0.43864173914695337;-0.4360991128732552
38424879.412742;0.00023172318536722515;0.00017912480717354056;-70.66607218526215;0.8426562664362295;-0.44115869310002714;-0.43499933693980836
38474708.233678;0.00020972734944452125;0.00015038384356497053;-71.7652015301;0.84164471511274;-0.4437556793975985;-0.4321470938803741
38524601.671899;0.00022073136172179436;0.00016518154525192776;-71.19144826359677;0.8404524237915352;-0.44629661471373683;-0.4309190783580233
38574559.8112;0.00022815248027366485;0.0001661174762146664;-70.9882201619241;0.8384906553355862;-0.44899895700725323;-0.43511423007624106
38624582.735485;0.00023130729876335839;0.00014984820049414882;-71.19429053802673;0.8374064918699402;-0.4518894279098836;-0.431337581585814
38674670.528765;0.00022586563195028852;0.00016641492292441385;-71.03974445091582;0.8365665542937984;-0.4539568803610709;-0.4290993707093177
38724823.275162;0.00023800787304736158;0.00016518971644318307;-70.76054887046665;0.8352715000047346;-0.4568863963348904;-0.42668767806029295
38775041.058906;0.00021595316357276293;0.00016211203547050984;-71.37176681879414;0.8339172981822356;-0.45948085601310007;-0.42612684806304973
38825323.964337;0.0002261044916438561;0.00016828718546608572;-70.99939892563262;0.8330845880277623;-0.4615920635227375;-0.42346190897222447
38875672.075903;0.00025906170940256137;0.00016224106406463717;-70.29489795837318;0.8310396984724668;-0.4639516327883532;-0.42930240431415606
38926085.478163;0.00021500522387095323;0.0001509813923345212;-71.6100851471508;0.8301162565658615;-0.4662982043339768;-0.42619249268337334
38976564.255785;0.00023103841678697294;0.0001465588877218917;-71.25760285727736;0.828226545959452;-0.4692575787826254;-0.4279420827250505
39027108.493546;0.00022746683478049208;0.000146525988617385;-71.35423505204241;0.8264972896126049;-0.4708501225880213;-0.4344855637344739
39077718.276335;0.00021930724279536017;0.00014557512165806435;-71.59343335884502;0.8255706506493338;-0.47387358199660423;-0.4281281182106203
39128393.689149;0.0002531845601598197;0.00014364914852049016;-70.71924356290947;0.8238809902526302;-0.4764880727133885;-0.42957725613499526
39179134.817096;0.00024547612935805173;0.00015347049144672002;-70.76695237099261;0.8224664116930979;-0.47908566550530013;-0.4288423058254236
39229941.745395;0.00020391498014059453;0.000148082067705517;-71.97160500135921;0.8211004764575209;-0.4812962571026733;-0.42942714336909427
39280814.559375;0.0002104317753536586;0.00012702239624835893;-72.1884644145119;0.8203803421871241;-0.4836648254005897;-0.42413988060038954
39331753.344475;0.00023006053811781127;0.0001456818728514437;-71.2988264052664;0.8182787422414771;-0.4861349485694929;-0.4291624633266283
39382758.186245;0.0002220509042521877;0.00014177278062719572;-71.58602199392048;0.8167049482732927;-0.48824966406787007;-0.43162048750580023
39433829.170347;0.00020681023843951304;0.00017492664411680883;-71.34482631949919;0.8155999425856434;-0.4912156307827913;-0.4263407809651742
39484966.382554;0.00023574790526916057;0.00012914461840903563;-71.4112964651051;0.81438710919135;-0.4934655677963324;-0.4251979727855292
39536169.908748;0.00021023305547533737;0.00015836326555061176;-71.59411795764056;0.8122882473928916;-0.4960945741381246;-0.4290918233393084
39587439.834926;0.0002158832506029494;0.00014903652101195427;-71.62301345207388;0.8114180594008038;-0.49848284948714816;-0.42448059874218114
39638776.247193;0.00021563792151417987;0.00016059182098650374;-71.40925102537543;0.8097560730713791;-0.500957114942051;-0.425541410903285
39690179.231767;0.00023225948996942187;0.0001563492598551717;-71.05741763608248;0.8081062888835254;-0.5030135972433719;-0.42843783493871085
39741648.874979;0.00024551052395473;0.00013996648535563166;-70.97637879145597;0.8066926527347796;-0.5059841331894793;-0.42501429920890316
39793185.263271;0.00023793057303877937;0.00015630335829266062;-70.91291471352265;0.8049199904487548;-0.5080684403767014;-0.42857550828476043
39844788.483197;0.00022803522682317458;0.0001432948291357842;-71.39461529058464;0.8040679362896299;-0.5107907482106921;-0.4218570167607062
39896458.621422;0.00024379113003197188;0.0001497724051792891;-70.86897020708929;0.8022759345404916;-0.5134110979163126;-0.422789443133888
39948195.764726;0.00022809636489096746;0.00014298679489426332;-71.3982271097989;0.801059979341463;-0.5156232863119609;-0.4212251745739388
40000000;0.0002185660276482597;0.00015047889396790616;-71.5233477954734;0.7993406605974321;-0.5180553324775499;-0.4223625185248528

