!Keysight Technologies,E4990A,MY54302543,A.03.06
!Date: Tue Mar 24 14:07:18 2026

BEGIN CH1_DATA
DCV(V), -5.838e-005, DCI(A), +2.609e-006
Frequency(Hz), |Z|(Ohm)-data, theta-z(deg)-data, Ls(H)-data, Rs(Ohm)-data
+1.00000000000e+003, +1.56172890118e-001, +8.73778522747e+001, +2.48296625418e-005, +7.14477502865e-003
+1.00733600000e+003, +1.57904027802e-001, +8.75037517161e+001, +2.49245127192e-005, +6.87734725750e-003
+1.01472600000e+003, +1.59559365625e-001, +8.76015468075e+001, +2.50042031273e-005, +6.67734891448e-003
+1.02217100000e+003, +1.61530406855e-001, +8.76320777259e+001, +2.51292697650e-005, +6.67383492945e-003
+1.02967000000e+003, +1.63380032661e-001, +8.76198964399e+001, +2.52316834876e-005, +6.78495994244e-003
+1.03722400000e+003, +1.65836273914e-001, +8.74448928705e+001, +2.54211456012e-005, +7.39302296013e-003
+1.04483300000e+003, +1.68025709105e-001, +8.73291371838e+001, +2.55668343536e-005, +7.82974086277e-003
+1.05249800000e+003, +1.69910372133e-001, +8.71926402839e+001, +2.56623966758e-005, +8.32188164421e-003
+1.06022000000e+003, +1.71487303821e-001, +8.70385641499e+001, +2.57084408406e-005, +8.85968499046e-003
+1.06799800000e+003, +1.72897541738e-001, +8.69140670357e+001, +2.57281341086e-005, +9.30770653256e-003
+1.07583300000e+003, +1.72993667080e-001, +8.66932883727e+001, +2.55494644325e-005, +9.97844292220e-003
+1.08372600000e+003, +1.73051581360e-001, +8.65689185771e+001, +2.53686317096e-005, +1.03567708190e-002
+1.09167600000e+003, +1.73325077070e-001, +8.63956716581e+001, +2.52190009502e-005, +1.08962394063e-002
+1.09968500000e+003, +1.73789373582e-001, +8.63425887273e+001, +2.51009190549e-005, +1.10861156108e-002
+1.10775300000e+003, +1.74359035217e-001, +8.63053117244e+001, +2.49987374623e-005, +1.12356603347e-002
+1.11588000000e+003, +1.75594490870e-001, +8.63588062113e+001, +2.49940099889e-005, +1.11516640159e-002
+1.12406600000e+003, +1.77060696538e-001, +8.65801923116e+001, +2.50251353850e-005, +1.05619309866e-002
+1.13231200000e+003, +1.78628327230e-001, +8.67534570822e+001, +2.50672555972e-005, +1.01161771439e-002
+1.14061900000e+003, +1.80158741976e-001, +8.68961769894e+001, +2.51013638405e-005, +9.75477423657e-003
+1.14898700000e+003, +1.81760484748e-001, +8.70510350282e+001, +2.51436889745e-005, +9.35092751671e-003
+1.15741700000e+003, +1.83356361188e-001, +8.72089260638e+001, +2.51831911704e-005, +8.92838508740e-003
+1.16590800000e+003, +1.84960615880e-001, +8.74176350559e+001, +2.52228324785e-005, +8.33349544134e-003
+1.17446100000e+003, +1.86444802989e-001, +8.76026420216e+001, +2.52436142856e-005, +7.79890820438e-003
+1.18307800000e+003, +1.88197385305e-001, +8.77573878489e+001, +2.52980811076e-005, +7.36434671911e-003
+1.19175700000e+003, +1.89743786926e-001, +8.78638548813e+001, +2.53220043194e-005, +7.07253439436e-003
+1.20050000000e+003, +1.91352220204e-001, +8.79074265761e+001, +2.53513890696e-005, +6.98706888505e-003
+1.20930700000e+003, +1.92773015370e-001, +8.78479854808e+001, +2.53526520781e-005, +7.23880184220e-003
+1.21817900000e+003, +1.94298643372e-001, +8.77395071253e+001, +2.53653409782e-005, +7.66368430278e-003
+1.22711600000e+003, +1.95848613597e-001, +8.76819603718e+001, +2.53804600618e-005, +7.92136897568e-003
+1.23611900000e+003, +1.97307981975e-001, +8.76216616460e+001, +2.53822570447e-005, +8.18786992994e-003
+1.24518700000e+003, +1.98718246263e-001, +8.75686565019e+001, +2.53765255280e-005, +8.43006813229e-003
+1.25432200000e+003, +1.99827443533e-001, +8.76140119753e+001, +2.53331704738e-005, +8.31907862621e-003
+1.26352400000e+003, +2.00884155008e-001, +8.76244449076e+001, +2.52818545110e-005, +8.32652368641e-003
+1.27279400000e+003, +2.01880275489e-001, +8.76777601327e+001, +2.52231363030e-005, +8.18011521908e-003
+1.28213200000e+003, +2.03012599694e-001, +8.76807232904e+001, +2.51799278109e-005, +8.21550602118e-003
+1.29153800000e+003, +2.04246589155e-001, +8.76965100873e+001, +2.51487661003e-005, +8.20921245912e-003
+1.30101300000e+003, +2.05602657895e-001, +8.76809752060e+001, +2.51310939365e-005, +8.31941715156e-003
+1.31055700000e+003, +2.07528980406e-001, +8.75044979462e+001, +2.51785611209e-005, +9.03601061523e-003
+1.32017200000e+003, +2.09264338858e-001, +8.74294156272e+001, +2.52027308402e-005, +9.38552885465e-003
+1.32985700000e+003, +2.10957518007e-001, +8.73447107052e+001, +2.52199171686e-005, +9.77301917225e-003
+1.33961400000e+003, +2.12779947091e-001, +8.73145817755e+001, +2.52518941319e-005, +9.96921538649e-003
+1.34944100000e+003, +2.14498227535e-001, +8.72959248435e+001, +2.52700494352e-005, +1.01194893855e-002
+1.35934100000e+003, +2.16045208903e-001, +8.75135154545e+001, +2.52712815901e-005, +9.37284517162e-003
+1.36931400000e+003, +2.17783155710e-001, +8.77699429180e+001, +2.52936979589e-005, +8.47438080212e-003
+1.37936000000e+003, +2.19277681769e-001, +8.79462793668e+001, +2.52847045472e-005, +7.85814727181e-003
+1.38947900000e+003, +2.20762168704e-001, +8.81073131531e+001, +2.52729418164e-005, +7.29124674266e-003
+1.39967300000e+003, +2.22153206142e-001, +8.82291085223e+001, +2.52486788727e-005, +6.86519301578e-003
+1.40994100000e+003, +2.23376831895e-001, +8.82563281673e+001, +2.52032284367e-005, +6.79693641661e-003
+1.42028500000e+003, +2.24251796795e-001, +8.82462881218e+001, +2.51175396227e-005, +6.86283770795e-003
+1.43070400000e+003, +2.25186920191e-001, +8.81795317071e+001, +2.50376893724e-005, +7.15369752302e-003
+1.44120100000e+003, +2.26377766232e-001, +8.81485392445e+001, +2.49863352312e-005, +7.31391762087e-003
+1.45177400000e+003, +2.27742687517e-001, +8.81410933400e+001, +2.49538147058e-005, +7.38759704230e-003
+1.46242400000e+003, +2.29095079454e-001, +8.81549402442e+001, +2.49193877815e-005, +7.37612898611e-003
+1.47315300000e+003, +2.31131560428e-001, +8.81506594977e+001, +2.49577403979e-005, +7.45895674769e-003
+1.48396100000e+003, +2.32796676899e-001, +8.82158228077e+001, +2.49553590290e-005, +7.24806262532e-003
+1.49484700000e+003, +2.34732341855e-001, +8.82253410590e+001, +2.49797427738e-005, +7.26935297438e-003
+1.50581400000e+003, +2.36543108980e-001, +8.82336622960e+001, +2.49892196394e-005, +7.29109259809e-003
+1.51686100000e+003, +2.38460621432e-001, +8.82707615373e+001, +2.50088194427e-005, +7.19586474375e-003
+1.52798900000e+003, +2.40496391916e-001, +8.82984305865e+001, +2.50389967297e-005, +7.14120930269e-003
+1.53919900000e+003, +2.42510139143e-001, +8.82877463298e+001, +2.50646301675e-005, +7.24620687749e-003
+1.55049100000e+003, +2.44493374755e-001, +8.83205114720e+001, +2.50859973039e-005, +7.16571134558e-003
+1.56186600000e+003, +2.46438249325e-001, +8.82948166832e+001, +2.51010630978e-005, +7.33318168280e-003
+1.57332400000e+003, +2.48444068959e-001, +8.82819252579e+001, +2.51209070884e-005, +7.44874262771e-003
+1.58486700000e+003, +2.50170300273e-001, +8.82295747747e+001, +2.51105193325e-005, +7.72896950448e-003
+1.59649400000e+003, +2.51842171898e-001, +8.81425821872e+001, +2.50930267974e-005, +8.16280380562e-003
+1.60820600000e+003, +2.53401857138e-001, +8.80661594918e+001, +2.50634486396e-005, +8.55116632420e-003
+1.62000500000e+003, +2.55240788194e-001, +8.80100710803e+001, +2.50606234902e-005, +8.86293766929e-003
+1.63188900000e+003, +2.57153336657e-001, +8.79853105133e+001, +2.50641589963e-005, +9.04041051589e-003
+1.64386100000e+003, +2.59060027406e-001, +8.79428411620e+001, +2.50654473252e-005, +9.29934344855e-003
+1.65592100000e+003, +2.61289546388e-001, +8.79485885104e+001, +2.50971339300e-005, +9.35318218528e-003
+1.66807000000e+003, +2.63526470918e-001, +8.79689754669e+001, +2.51279575189e-005, +9.33954730185e-003
+1.68030700000e+003, +2.65702100683e-001, +8.79922024647e+001, +2.51512615770e-005, +9.30900757985e-003
+1.69263400000e+003, +2.67712953255e-001, +8.80208208278e+001, +2.51574893597e-005, +9.24582123279e-003
+1.70505200000e+003, +2.69733655262e-001, +8.80575196160e+001, +2.51633237841e-005, +9.14294165099e-003
+1.71756100000e+003, +2.71501268998e-001, +8.80882620822e+001, +2.51442120635e-005, +9.05726342983e-003
+1.73016100000e+003, +2.73218430702e-001, +8.81555474978e+001, +2.51199363821e-005, +8.79386557870e-003
+1.74285400000e+003, +2.74895136199e-001, +8.82017672309e+001, +2.50906694919e-005, +8.62619020955e-003
+1.75564100000e+003, +2.76606297760e-001, +8.82748037076e+001, +2.50639536246e-005, +8.32745551347e-003
+1.76852000000e+003, +2.78401035433e-001, +8.83293392834e+001, +2.50435766242e-005, +8.11661473073e-003
+1.78149500000e+003, +2.80467197298e-001, +8.83665335226e+001, +2.50461559709e-005, +7.99485949181e-003
+1.79456400000e+003, +2.82417100998e-001, +8.84425921920e+001, +2.50375431557e-005, +7.67568643069e-003
+1.80773000000e+003, +2.84545226350e-001, +8.84779232139e+001, +2.50428993940e-005, +7.55812641787e-003
+1.82099200000e+003, +2.86647452501e-001, +8.85398261630e+001, +2.50448902453e-005, +7.30437405036e-003
+1.83435100000e+003, +2.88851335086e-001, +8.85307412080e+001, +2.50535493796e-005, +7.40631955750e-003
+1.84780900000e+003, +2.91014829324e-001, +8.85454659165e+001, +2.50575273886e-005, +7.38702792333e-003
+1.86136500000e+003, +2.93256565250e-001, +8.85166620664e+001, +2.50663311753e-005, +7.59130951846e-003
+1.87502000000e+003, +2.95485672590e-001, +8.84559949971e+001, +2.50722289530e-005, +7.96177561362e-003
+1.88877600000e+003, +2.97690642224e-001, +8.84351074809e+001, +2.50751103307e-005, +8.12967283092e-003
+1.90263300000e+003, +3.00104465184e-001, +8.83765624086e+001, +2.50936136549e-005, +8.50212156343e-003
+1.91659100000e+003, +3.02472648990e-001, +8.83503093354e+001, +2.51071117090e-005, +8.70775069863e-003
+1.93065200000e+003, +3.04987002700e-001, +8.83101677885e+001, +2.51309295341e-005, +8.99371912820e-003
+1.94481600000e+003, +3.07672005289e-001, +8.82909202756e+001, +2.51672842630e-005, +9.17620834931e-003
+1.95908300000e+003, +3.10312476626e-001, +8.82666066445e+001, +2.51980976429e-005, +9.38658205749e-003
+1.97345600000e+003, +3.12692701042e-001, +8.82696587296e+001, +2.52064885032e-005, +9.44193180703e-003
+1.98793400000e+003, +3.15232496206e-001, +8.82466431613e+001, +2.52258475471e-005, +9.64519192503e-003
+2.00251800000e+003, +3.17335979950e-001, +8.82429695848e+001, +2.52091836007e-005, +9.72988914158e-003
+2.01720900000e+003, +3.19385630000e-001, +8.82412286440e+001, +2.51872042555e-005, +9.80243380145e-003
+2.03200800000e+003, +3.21451028542e-001, +8.82392177113e+001, +2.51654341408e-005, +9.87710081737e-003
+2.04691500000e+003, +3.23530103668e-001, +8.82446217598e+001, +2.51438146373e-005, +9.91048326034e-003
+2.06193200000e+003, +3.25704323408e-001, +8.82822417291e+001, +2.51289364560e-005, +9.76332795522e-003
+2.07705900000e+003, +3.27959714739e-001, +8.83162970892e+001, +2.51191104093e-005, +9.63608945226e-003
+2.09229700000e+003, +3.30424696637e-001, +8.83963705160e+001, +2.51246009128e-005, +9.24692205582e-003
+2.10764700000e+003, +3.33072189204e-001, +8.85082299188e+001, +2.51427866522e-005, +8.67098756802e-003
+2.12310900000e+003, +3.35525580100e-001, +8.85492551991e+001, +2.51439928613e-005, +8.49469166611e-003
+2.13868500000e+003, +3.38026805079e-001, +8.85933473190e+001, +2.51474268075e-005, +8.29796804420e-003
+2.15437500000e+003, +3.40554203091e-001, +8.86249195921e+001, +2.51512740922e-005, +8.17240751734e-003
+2.17018000000e+003, +3.43128445066e-001, +8.86253748398e+001, +2.51568403925e-005, +8.23145700506e-003
+2.18610100000e+003, +3.45747639000e-001, +8.85922598088e+001, +2.51639047919e-005, +8.49406157037e-003
+2.20213900000e+003, +3.48405432411e-001, +8.85699613630e+001, +2.51724238810e-005, +8.69490749275e-003
+2.21829500000e+003, +3.51030935112e-001, +8.85709383300e+001, +2.51774140526e-005, +8.75444663527e-003
+2.23456900000e+003, +3.53592579111e-001, +8.85412623893e+001, +2.51761161703e-005, +9.00141470695e-003
+2.25096200000e+003, +3.56306851022e-001, +8.85247210537e+001, +2.51844319851e-005, +9.17334433700e-003
+2.26747600000e+003, +3.58994278857e-001, +8.85385059373e+001, +2.51897384109e-005, +9.15619121211e-003
+2.28411100000e+003, +3.61513292860e-001, +8.85398345082e+001, +2.51817641153e-005, +9.21205893768e-003
+2.30086800000e+003, +3.64212415476e-001, +8.85297465510e+001, +2.51848965969e-005, +9.34494301917e-003
+2.31774800000e+003, +3.66765968488e-001, +8.85284111944e+001, +2.51767511079e-005, +9.41900711448e-003
+2.33475100000e+003, +3.69248912739e-001, +8.85396571819e+001, +2.51627270498e-005, +9.41031994313e-003
+2.35188000000e+003, +3.71467023909e-001, +8.85408216196e+001, +2.51295310336e-005, +9.45930159963e-003
+2.36913400000e+003, +3.73767622560e-001, +8.85602773222e+001, +2.51012333250e-005, +9.39100749496e-003
+2.38651500000e+003, +3.76084560649e-001, +8.85529733038e+001, +2.50728065191e-005, +9.49714889491e-003
+2.40402300000e+003, +3.78651010466e-001, +8.85756071586e+001, +2.50603085921e-005, +9.41242511887e-003
+2.42166000000e+003, +3.81342791809e-001, +8.86105691346e+001, +2.50550223707e-005, +9.24671101255e-003
+2.43942600000e+003, +3.84258727720e-001, +8.87003871102e+001, +2.50636601223e-005, +8.71521041647e-003
+2.45732200000e+003, +3.87174039069e-001, +8.87915858704e+001, +2.50707711677e-005, +8.16520689541e-003
+2.47535000000e+003, +3.90285271253e-001, +8.88756616379e+001, +2.50889251207e-005, +7.65823493520e-003
+2.49351000000e+003, +3.93219221581e-001, +8.89124201655e+001, +2.50937467875e-005, +7.46357966392e-003
+2.51180300000e+003, +3.96276813431e-001, +8.89530241257e+001, +2.51050278473e-005, +7.24083305503e-003
+2.53023000000e+003, +3.99316603977e-001, +8.89033332644e+001, +2.51129621285e-005, +7.64263095435e-003
+2.54879300000e+003, +4.02248083802e-001, +8.87985747793e+001, +2.51121597252e-005, +8.43405190939e-003
+2.56749100000e+003, +4.05286802170e-001, +8.87153867083e+001, +2.51168109386e-005, +9.08606530502e-003
+2.58632700000e+003, +4.08017490827e-001, +8.86440670793e+001, +2.51011635173e-005, +9.65503415644e-003
+2.60530100000e+003, +4.11072577099e-001, +8.86094975422e+001, +2.51045721319e-005, +9.97527785987e-003
+2.62441500000e+003, +4.13949729255e-001, +8.85780985016e+001, +2.50958247858e-005, +1.02718791872e-002
+2.64366800000e+003, +4.16913276766e-001, +8.86219472734e+001, +2.50918866035e-005, +1.00264468401e-002
+2.66306300000e+003, +4.19748180203e-001, +8.86548027993e+001, +2.50788608389e-005, +9.85399289734e-003
+2.68260000000e+003, +4.22671229219e-001, +8.86796687655e+001, +2.50698407931e-005, +9.73922756833e-003
+2.70228000000e+003, +4.25673981185e-001, +8.87241473696e+001, +2.50645093338e-005, +9.47805215833e-003
+2.72210500000e+003, +4.28713806751e-001, +8.87449645483e+001, +2.50598537119e-005, +9.39001100794e-003
+2.74207500000e+003, +4.31686835929e-001, +8.87749408030e+001, +2.50501498937e-005, +9.22932962409e-003
+2.76219200000e+003, +4.34643435206e-001, +8.88045319066e+001, +2.50383008145e-005, +9.06811397368e-003
+2.78245600000e+003, +4.37654741061e-001, +8.88339396815e+001, +2.50284248215e-005, +8.90635580808e-003
+2.80286900000e+003, +4.40913328940e-001, +8.88517438227e+001, +2.50312962000e-005, +8.83568682487e-003
+2.82343200000e+003, +4.43970320697e-001, +8.88883416186e+001, +2.50215949428e-005, +8.61341564517e-003
+2.84414600000e+003, +4.47433241912e-001, +8.88902372287e+001, +2.50331223566e-005, +8.66579898427e-003
+2.86501100000e+003, +4.50984384251e-001, +8.88995234735e+001, +2.50481254797e-005, +8.66149686595e-003
+2.88603000000e+003, +4.54528482655e-001, +8.89113609681e+001, +2.50612077041e-005, +8.63567403256e-003
+2.90720300000e+003, +4.57989178728e-001, +8.89140751851e+001, +2.50681325872e-005, +8.67973249469e-003
+2.92853100000e+003, +4.61418606131e-001, +8.89309763754e+001, +2.50720480361e-005, +8.60864056754e-003
+2.95001500000e+003, +4.64802859386e-001, +8.89286637398e+001, +2.50719881166e-005, +8.69053785536e-003
+2.97165800000e+003, +4.67721007234e-001, +8.89345789538e+001, +2.50456952941e-005, +8.69682010730e-003
+2.99345900000e+003, +4.70768552566e-001, +8.89490567748e+001, +2.50254098940e-005, +8.63455009976e-003
+3.01541900000e+003, +4.73904385140e-001, +8.89479999887e+001, +2.50086347031e-005, +8.70080504018e-003
+3.03754100000e+003, +4.77211336561e-001, +8.89270402276e+001, +2.49995723543e-005, +8.93606204271e-003
+3.05982600000e+003, +4.80499200003e-001, +8.89210138836e+001, +2.49884349418e-005, +9.04815898873e-003
+3.08227400000e+003, +4.84028761043e-001, +8.88702329475e+001, +2.49882374092e-005, +9.54353560261e-003
+3.10488600000e+003, +4.87750978185e-001, +8.88004429800e+001, +2.49963981429e-005, +1.02109155839e-002
+3.12766500000e+003, +4.91348810933e-001, +8.87414031120e+001, +2.49968348827e-005, +1.07924240991e-002
+3.15061000000e+003, +4.95191114729e-001, +8.86958774623e+001, +2.50083949853e-005, +1.12701867226e-002
+3.17372400000e+003, +4.98970401199e-001, +8.86749022296e+001, +2.50155239276e-005, +1.15388189447e-002
+3.19700700000e+003, +5.02722186177e-001, +8.86623729592e+001, +2.50199382045e-005, +1.17354840500e-002
+3.22046200000e+003, +5.06812365174e-001, +8.86976051033e+001, +2.50401510738e-005, +1.15193998897e-002
+3.24408800000e+003, +5.10780705824e-001, +8.87215234193e+001, +2.50526610661e-005, +1.13964237423e-002
+3.26788800000e+003, +5.14743452202e-001, +8.87486076243e+001, +2.50634127308e-005, +1.12415753109e-002
+3.29186200000e+003, +5.18778180437e-001, +8.87723710810e+001, +2.50761302445e-005, +1.11145772775e-002
+3.31601200000e+003, +5.22807460885e-001, +8.87838126872e+001, +2.50869560474e-005, +1.10965250907e-002
+3.34033900000e+003, +5.27118176857e-001, +8.88156572073e+001, +2.51098889071e-005, +1.08951158798e-002
+3.36484500000e+003, +5.31276313686e-001, +8.88397733622e+001, +2.51238663236e-005, +1.07574905354e-002
+3.38953000000e+003, +5.35465861265e-001, +8.88574438136e+001, +2.51377313729e-005, +1.06772137585e-002
+3.41439700000e+003, +5.39491201749e-001, +8.88708683054e+001, +2.51423659501e-005, +1.06311004279e-002
+3.43944600000e+003, +5.43624029195e-001, +8.88816248464e+001, +2.51505532071e-005, +1.06105023120e-002
+3.46467900000e+003, +5.47510208655e-001, +8.88780849370e+001, +2.51458363756e-005, +1.07201735098e-002
+3.49009700000e+003, +5.51364968769e-001, +8.88886200382e+001, +2.51385426210e-005, +1.06942877365e-002
+3.51570100000e+003, +5.55126613568e-001, +8.88686145594e+001, +2.51255496972e-005, +1.09610403887e-002
+3.54149400000e+003, +5.59065965894e-001, +8.88674931847e+001, +2.51195486875e-005, +1.10497630907e-002
+3.56747500000e+003, +5.62892333308e-001, +8.88729617537e+001, +2.51073282588e-005, +1.10716754866e-002
+3.59364700000e+003, +5.66869158968e-001, +8.88534738319e+001, +2.51003969225e-005, +1.13426670547e-002
+3.62001100000e+003, +5.70725265215e-001, +8.88433233792e+001, +2.50870061400e-005, +1.15209137154e-002
+3.64656900000e+003, +5.74678989011e-001, +8.88090107731e+001, +2.50765150894e-005, +1.19448099399e-002
+3.67332100000e+003, +5.78623868333e-001, +8.88062311959e+001, +2.50647468577e-005, +1.20548695625e-002
+3.70027000000e+003, +5.82732671785e-001, +8.88108862231e+001, +2.50589314066e-005, +1.20931368938e-002
+3.72741600000e+003, +5.86898522295e-001, +8.88170332842e+001, +2.50543251582e-005, +1.21166357710e-002
+3.75476200000e+003, +5.91220567223e-001, +8.88258924957e+001, +2.50550953474e-005, +1.21144686306e-002
+3.78230800000e+003, +5.95626432811e-001, +8.88556568282e+001, +2.50582406997e-005, +1.18953914684e-002
+3.81005600000e+003, +6.00014723317e-001, +8.88754115730e+001, +2.50591894134e-005, +1.17761952919e-002
+3.83800800000e+003, +6.04552773718e-001, +8.88926897496e+001, +2.50649800918e-005, +1.16829863842e-002
+3.86616500000e+003, +6.08858751260e-001, +8.89119033522e+001, +2.50598218831e-005, +1.15620618245e-002
+3.89452800000e+003, +6.13214834420e-001, +8.89434908693e+001, +2.50555600943e-005, +1.13067727404e-002
+3.92309900000e+003, +6.17564526220e-001, +8.89806071655e+001, +2.50498116390e-005, +1.09869809883e-002
+3.95188000000e+003, +6.22020770385e-001, +8.90149857194e+001, +2.50470791101e-005, +1.06930940841e-002
+3.98087300000e+003, +6.26502965595e-001, +8.90248658522e+001, +2.50439044910e-005, +1.06621281363e-002
+4.01007800000e+003, +6.31227556115e-001, +8.90404032234e+001, +2.50491128067e-005, +1.05713826766e-002
+4.03949700000e+003, +6.35965073804e-001, +8.90333865620e+001, +2.50532631783e-005, +1.07285952227e-002
+4.06913200000e+003, +6.41132145827e-001, +8.89882901736e+001, +2.50725321783e-005, +1.13203099964e-002
+4.09898400000e+003, +6.46198696888e-001, +8.89542631580e+001, +2.50863597828e-005, +1.17934736760e-002
+4.12905600000e+003, +6.51127395289e-001, +8.89277907007e+001, +2.50933866068e-005, +1.21842150802e-002
+4.15934800000e+003, +6.55964490338e-001, +8.89133282600e+001, +2.50955714398e-005, +1.24402765156e-002
+4.18986200000e+003, +6.60743687859e-001, +8.89296959270e+001, +2.50944485581e-005, +1.23421923410e-002
+4.22060000000e+003, +6.65000468359e-001, +8.89522109245e+001, +2.50723628355e-005, +1.21604312812e-002
+4.25156400000e+003, +6.69240685254e-001, +8.90002090007e+001, +2.50488402659e-005, +1.16774195923e-002
+4.28275400000e+003, +6.73625072343e-001, +8.90431474740e+001, +2.50296444742e-005, +1.12491687326e-002
+4.31417400000e+003, +6.78080268828e-001, +8.90723636957e+001, +2.50118985943e-005, +1.09778486345e-002
+4.34582400000e+003, +6.82607569392e-001, +8.91012455657e+001, +2.49957207745e-005, +1.07070961619e-002
+4.37770600000e+003, +6.87686811651e-001, +8.91195858968e+001, +2.49984430723e-005, +1.05666655858e-002
+4.40982300000e+003, +6.92747108770e-001, +8.91433067373e+001, +2.49991444951e-005, +1.03576506475e-002
+4.44217400000e+003, +6.97875199885e-001, +8.91521521702e+001, +2.50008503152e-005, +1.03265962143e-002
+4.47476400000e+003, +7.03032511305e-001, +8.91604498133e+001, +2.50022319816e-005, +1.03011069953e-002
+4.50759200000e+003, +7.08341336890e-001, +8.91625011118e+001, +2.50075831592e-005, +1.03535367222e-002
+4.54066100000e+003, +7.13407374928e-001, +8.91587979413e+001, +2.50029837391e-005, +1.04736893041e-002
+4.57397300000e+003, +7.18663558601e-001, +8.91285911674e+001, +2.50035646057e-005, +1.09296990981e-002
+4.60752900000e+003, +7.23825591876e-001, +8.91048242027e+001, +2.49995954102e-005, +1.13084209012e-002
+4.64133100000e+003, +7.29363195201e-001, +8.90864526111e+001, +2.50072668254e-005, +1.16287729508e-002
+4.67538100000e+003, +7.34644661075e-001, +8.90637245255e+001, +2.50047469111e-005, +1.20043600575e-002
+4.70968100000e+003, +7.40172410373e-001, +8.90545350657e+001, +2.50093497915e-005, +1.22133830152e-002
+4.74423300000e+003, +7.45935882354e-001, +8.90626129267e+001, +2.50205870390e-005, +1.22033327177e-002
+4.77903800000e+003, +7.51759282394e-001, +8.90681742415e+001, +2.50323146628e-005, +1.22256436559e-002
+4.81409900000e+003, +7.57513708068e-001, +8.90620113339e+001, +2.50401779403e-005, +1.24006958363e-002
+4.84941600000e+003, +7.63307892181e-001, +8.90658910655e+001, +2.50479809195e-005, +1.24438683309e-002
+4.88499300000e+003, +7.69047250514e-001, +8.90689752888e+001, +2.50525461406e-005, +1.24960423164e-002
+4.92083100000e+003, +7.74747319568e-001, +8.90627216427e+001, +2.50543795373e-005, +1.26732110932e-002
+4.95693200000e+003, +7.80408403650e-001, +8.90552761928e+001, +2.50535959355e-005, +1.28672128693e-002
+4.99329700000e+003, +7.86095624818e-001, +8.90477560985e+001, +2.50523303357e-005, +1.30641438319e-002
+5.02993000000e+003, +7.91730292586e-001, +8.90511835522e+001, +2.50481641556e-005, +1.31104314565e-002
+5.06683100000e+003, +7.97368324513e-001, +8.90587422696e+001, +2.50428692166e-005, +1.30986147209e-002
+5.10400300000e+003, +8.03072460224e-001, +8.90674494597e+001, +2.50383909591e-005, +1.30702924014e-002
+5.14144700000e+003, +8.08422827006e-001, +8.90952091379e+001, +2.50218365708e-005, +1.27657428215e-002
+5.17916600000e+003, +8.13907155536e-001, +8.91004177003e+001, +2.50081540446e-005, +1.27783651029e-002
+5.21716200000e+003, +8.19832537818e-001, +8.91276441142e+001, +2.50069439124e-005, +1.24818636612e-002
+5.25543700000e+003, +8.25691236265e-001, +8.91437052836e+001, +2.50023291966e-005, +1.23396300565e-002
+5.29399300000e+003, +8.31780659599e-001, +8.91489003316e+001, +2.50033194936e-005, +1.23552243302e-002
+5.33283100000e+003, +8.38613932180e-001, +8.91484149220e+001, +2.50251340608e-005, +1.24638293372e-002
+5.37195400000e+003, +8.45479386583e-001, +8.91439964693e+001, +2.50462320394e-005, +1.26310597902e-002
+5.41136500000e+003, +8.52287988741e-001, +8.91378591044e+001, +2.50640070103e-005, +1.28240615293e-002
+5.45106400000e+003, +8.58802785749e-001, +8.91509701545e+001, +2.50717478462e-005, +1.27255884825e-002
+5.49105500000e+003, +8.65246796423e-001, +8.91538767156e+001, +2.50759260270e-005, +1.27771863434e-002
+5.53133900000e+003, +8.71068023500e-001, +8.91767114633e+001, +2.50609246569e-005, +1.25160290452e-002
+5.57191800000e+003, +8.76714489165e-001, +8.92048331041e+001, +2.50398529394e-005, +1.21668989633e-002
+5.61279600000e+003, +8.82353785572e-001, +8.92246759541e+001, +2.50174973929e-005, +1.19396094206e-002
+5.65397300000e+003, +8.88244555930e-001, +8.92393030158e+001, +2.50011898585e-005, +1.17925807158e-002
+5.69545200000e+003, +8.94204947381e-001, +8.92502805388e+001, +2.49857173720e-005, +1.17004031749e-002
+5.73723600000e+003, +9.00434127177e-001, +8.92478637314e+001, +2.49765208609e-005, +1.18198882947e-002
+5.77932600000e+003, +9.06998401607e-001, +8.92196717955e+001, +2.49752119016e-005, +1.23522982092e-002
+5.82172500000e+003, +9.13537315720e-001, +8.92012121729e+001, +2.49719541869e-005, +1.27356474619e-002
+5.86443500000e+003, +9.20210278211e-001, +8.91774656846e+001, +2.49710198777e-005, +1.32100224329e-002
+5.90745800000e+003, +9.26859015495e-001, +8.91703845454e+001, +2.49682232998e-005, +1.34200058280e-002
+5.95079700000e+003, +9.33754833506e-001, +8.91575348275e+001, +2.49707110903e-005, +1.37292412780e-002
+5.99445400000e+003, +9.40774810323e-001, +8.91501445739e+001, +2.49751671587e-005, +1.39537897400e-002
+6.03843100000e+003, +9.47741516069e-001, +8.91470691656e+001, +2.49768580707e-005, +1.41079868901e-002
+6.08273100000e+003, +9.54840426823e-001, +8.91436326966e+001, +2.49806541921e-005, +1.42709233369e-002
+6.12735600000e+003, +9.61972532061e-001, +8.91487226601e+001, +2.49839874405e-005, +1.42920699707e-002
+6.17230800000e+003, +9.69211248751e-001, +8.91374771581e+001, +2.49885914563e-005, +1.45898227375e-002
+6.21759000000e+003, +9.76424294303e-001, +8.91314503460e+001, +2.49911779009e-005, +1.48010989609e-002
+6.26320400000e+003, +9.83585338310e-001, +8.91228864756e+001, +2.49910630374e-005, +1.50566466495e-002
+6.30915300000e+003, +9.91130720852e-001, +8.91129174424e+001, +2.49993061933e-005, +1.53445795982e-002
+6.35543900000e+003, +9.98437220215e-001, +8.91083181063e+001, +2.50001574695e-005, +1.55378364910e-002
+6.40206400000e+003, +1.00582858322e+000, +8.91073842024e+001, +2.50018063960e-005, +1.56692547546e-002
+6.44903200000e+003, +1.01310287136e+000, +8.91027770633e+001, +2.49991875655e-005, +1.58640303293e-002
+6.49634400000e+003, +1.02037197981e+000, +8.91085318446e+001, +2.49952262185e-005, +1.58753826844e-002
+6.54400300000e+003, +1.02756248254e+000, +8.91118725697e+001, +2.49880694569e-005, +1.59273490915e-002
+6.59201200000e+003, +1.03504090304e+000, +8.91156016186e+001, +2.49866432170e-005, +1.59759088282e-002
+6.64037300000e+003, +1.04241141965e+000, +8.91208719747e+001, +2.49813378230e-005, +1.59937981956e-002
+6.68908900000e+003, +1.04998506666e+000, +8.91344483769e+001, +2.49796714482e-005, +1.58612330514e-002
+6.73816200000e+003, +1.05731580871e+000, +8.91750019504e+001, +2.49711409864e-005, +1.52236926707e-002
+6.78759500000e+003, +1.06490662351e+000, +8.92090206502e+001, +2.49674594305e-005, +1.47007755329e-002
+6.83739100000e+003, +1.07258183899e+000, +8.92375887220e+001, +2.49644328744e-005, +1.42719824279e-002
+6.88755200000e+003, +1.08031054739e+000, +8.92590636142e+001, +2.49613196852e-005, +1.39699483925e-002
+6.93808100000e+003, +1.08825397022e+000, +8.92697871953e+001, +2.49617917088e-005, +1.38690053392e-002
+6.98898100000e+003, +1.09640175144e+000, +8.92462227738e+001, +2.49653930597e-005, +1.44237296092e-002
+7.04025500000e+003, +1.10478326964e+000, +8.92191146982e+001, +2.49728721864e-005, +1.50566466923e-002
+7.09190400000e+003, +1.11314901771e+000, +8.92013214775e+001, +2.49786173664e-005, +1.55163160102e-002
+7.14393300000e+003, +1.12155901997e+000, +8.91821979891e+001, +2.49839240370e-005, +1.60078471105e-002
+7.19634300000e+003, +1.12993232372e+000, +8.91750973465e+001, +2.49870909233e-005, +1.62673757087e-002
+7.24913700000e+003, +1.13831953405e+000, +8.91772222849e+001, +2.49892505967e-005, +1.63459117584e-002
+7.30231900000e+003, +1.14650435664e+000, +8.92009990250e+001, +2.49857741639e-005, +1.59877117670e-002
+7.35589100000e+003, +1.15480332513e+000, +8.92195979067e+001, +2.49834600753e-005, +1.57286116830e-002
+7.40985600000e+003, +1.16314298892e+000, +8.92399721977e+001, +2.49807377640e-005, +1.54286247965e-002
+7.46421700000e+003, +1.17157232512e+000, +8.92542672484e+001, +2.49786057106e-005, +1.52481595333e-002
+7.51897700000e+003, +1.18025879088e+000, +8.92669829335e+001, +2.49806121499e-005, +1.50993012673e-002
+7.57413900000e+003, +1.18899930611e+000, +8.92799916855e+001, +2.49824006855e-005, +1.49411852296e-002
+7.62970500000e+003, +1.19796950925e+000, +8.92935907729e+001, +2.49876342645e-005, +1.47695918053e-002
+7.68567900000e+003, +1.20697655458e+000, +8.93058791905e+001, +2.49922210448e-005, +1.46217933907e-002
+7.74206300000e+003, +1.21568969330e+000, +8.93059938138e+001, +2.49893123412e-005, +1.47249159400e-002
+7.79886100000e+003, +1.22455074759e+000, +8.93107969698e+001, +2.49881623504e-005, +1.47295968479e-002
+7.85607600000e+003, +1.23320418247e+000, +8.93068542200e+001, +2.49814511966e-005, +1.49185408074e-002
+7.91371100000e+003, +1.24164469797e+000, +8.93027202277e+001, +2.49692284256e-005, +1.51102292172e-002
+7.97176800000e+003, +1.25014915768e+000, +8.92940458280e+001, +2.49571130721e-005, +1.54029789088e-002
+8.03025200000e+003, +1.25904921039e+000, +8.92847145650e+001, +2.49516815259e-005, +1.57176702564e-002
+8.08916400000e+003, +1.26792762314e+000, +8.92813712302e+001, +2.49446143379e-005, +1.59024868170e-002
+8.14850900000e+003, +1.27734995632e+000, +8.92666259395e+001, +2.49468836962e-005, +1.63493673166e-002
+8.20828900000e+003, +1.28732870052e+000, +8.92412725168e+001, +2.49585220762e-005, +1.70466852389e-002
+8.26850700000e+003, +1.29726017184e+000, +8.92264309742e+001, +2.49678147768e-005, +1.75142010159e-002
+8.32916800000e+003, +1.30704948553e+000, +8.92175326549e+001, +2.49729610731e-005, +1.78493382861e-002
+8.39027300000e+003, +1.31689858468e+000, +8.92086361868e+001, +2.49778437398e-005, +1.81882986829e-002
+8.45182700000e+003, +1.32678139463e+000, +8.92058850641e+001, +2.49819992380e-005, +1.83884956028e-002
+8.51383200000e+003, +1.33608472741e+000, +8.92335469869e+001, +2.49741201063e-005, +1.78724442242e-002
+8.57629200000e+003, +1.34541707055e+000, +8.92563229746e+001, +2.49655375882e-005, +1.74625021205e-002
+8.63921000000e+003, +1.35493525736e+000, +8.92786039218e+001, +2.49591746575e-005, +1.70591824414e-002
+8.70259000000e+003, +1.36465648049e+000, +8.92927605581e+001, +2.49552464717e-005, +1.68444235687e-002
+8.76643500000e+003, +1.37459171141e+000, +8.93042263505e+001, +2.49539219824e-005, +1.66920005937e-002
+8.83074800000e+003, +1.38494973738e+000, +8.93055516997e+001, +2.49588603813e-005, +1.67857467222e-002
+8.89553300000e+003, +1.39601059630e+000, +8.93033749394e+001, +2.49749582174e-005, +1.69728383918e-002
+8.96079400000e+003, +1.40665722416e+000, +8.93020178717e+001, +2.49821431753e-005, +1.71355958033e-002
+9.02653300000e+003, +1.41729875773e+000, +8.93008691315e+001, +2.49878121018e-005, +1.72936424115e-002
+9.09275400000e+003, +1.42800549884e+000, +8.92958632059e+001, +2.49931947231e-005, +1.75490395974e-002
+9.15946200000e+003, +1.43802560319e+000, +8.92924182807e+001, +2.49852480941e-005, +1.77586337642e-002
+9.22665800000e+003, +1.44758100610e+000, +8.92876653981e+001, +2.49680726551e-005, +1.79967090841e-002
+9.29434800000e+003, +1.45748934654e+000, +8.92888966109e+001, +2.49558945620e-005, +1.80885750276e-002
+9.36253400000e+003, +1.46742775702e+000, +8.92874114077e+001, +2.49430676386e-005, +1.82499536856e-002
+9.43122100000e+003, +1.47752071998e+000, +8.92792952036e+001, +2.49316735246e-005, +1.85847578685e-002
+9.50041100000e+003, +1.48809378703e+000, +8.92777914174e+001, +2.49272023497e-005, +1.87568029419e-002
+9.57010900000e+003, +1.49913305377e+000, +8.92667279362e+001, +2.49291723367e-005, +1.91853988151e-002
+9.64031800000e+003, +1.51036913662e+000, +8.92562208378e+001, +2.49330426682e-005, +1.96061481223e-002
+9.71104200000e+003, +1.52162436294e+000, +8.92493811206e+001, +2.49358675412e-005, +1.99338819130e-002
+9.78228600000e+003, +1.53295082211e+000, +8.92429990733e+001, +2.49384864377e-005, +2.02530001636e-002
+9.85405200000e+003, +1.54417041514e+000, +8.92415273166e+001, +2.49380479313e-005, +2.04408925289e-002
+9.92634400000e+003, +1.55565690046e+000, +8.92325458576e+001, +2.49405294667e-005, +2.08367813883e-002
+9.99916700000e+003, +1.56702181486e+000, +8.92353823922e+001, +2.49397834986e-005, +2.09114339304e-002
+1.00725240000e+004, +1.57847012958e+000, +8.92324718955e+001, +2.49390106350e-005, +2.11443838047e-002
+1.01464190000e+004, +1.59009571711e+000, +8.92364377803e+001, +2.49397468120e-005, +2.11900612482e-002
+1.02208560000e+004, +1.60169889457e+000, +8.92381929063e+001, +2.49387882890e-005, +2.12956283830e-002
+1.02958390000e+004, +1.61332866858e+000, +8.92411572368e+001, +2.49369393416e-005, +2.13667918272e-002
+1.03713730000e+004, +1.62517722189e+000, +8.92538193545e+001, +2.49372049178e-005, +2.11645869801e-002
+1.04474600000e+004, +1.63697268033e+000, +8.92664198148e+001, +2.49353373894e-005, +2.09582263120e-002
+1.05241060000e+004, +1.64891541756e+000, +8.92725433596e+001, +2.49343637774e-005, +2.09349144596e-002
+1.06013140000e+004, +1.66108395747e+000, +8.92785179562e+001, +2.49354715067e-005, +2.09162103614e-002
+1.06790890000e+004, +1.67331532697e+000, +8.92800265084e+001, +2.49361513855e-005, +2.10261730228e-002
+1.07574340000e+004, +1.68567789385e+000, +8.92702924788e+001, +2.49373792722e-005, +2.14678741739e-002
+1.08363540000e+004, +1.69828154056e+000, +8.92642437274e+001, +2.49408257374e-005, +2.18076613305e-002
+1.09158530000e+004, +1.71083036203e+000, +8.92610982028e+001, +2.49421155339e-005, +2.20627173538e-002
+1.09959350000e+004, +1.72350870887e+000, +8.92482439835e+001, +2.49438833476e-005, +2.26128499853e-002
+1.10766040000e+004, +1.73600393605e+000, +8.92409328670e+001, +2.49417024496e-005, +2.29982905336e-002
+1.11578660000e+004, +1.74842278733e+000, +8.92315952677e+001, +2.49371254995e-005, +2.34477317901e-002
+1.12397230000e+004, +1.76057128032e+000, +8.92253031987e+001, +2.49274834644e-005, +2.38039763755e-002
+1.13221810000e+004, +1.77299148770e+000, +8.92165358365e+001, +2.49204617756e-005, +2.42431819076e-002
+1.14052440000e+004, +1.78553760450e+000, +8.92097910925e+001, +2.49139877471e-005, +2.46249026060e-002
+1.14889170000e+004, +1.79834476215e+000, +8.92080560072e+001, +2.49099299956e-005, +2.48559840827e-002
+1.15732030000e+004, +1.81126964795e+000, +8.92040102969e+001, +2.49062164643e-005, +2.51625097766e-002
+1.16581080000e+004, +1.82462945251e+000, +8.92111024973e+001, +2.49072379495e-005, +2.51222716399e-002
+1.17436350000e+004, +1.83807470919e+000, +8.92136293865e+001, +2.49080564555e-005, +2.52263355365e-002
+1.18297900000e+004, +1.85162592382e+000, +8.92189555004e+001, +2.49089829941e-005, +2.52402090619e-002
+1.19165770000e+004, +1.86529115504e+000, +8.92199354044e+001, +2.49100722568e-005, +2.53945866895e-002
+1.20040010000e+004, +1.87904350176e+000, +8.92229524488e+001, +2.49109908615e-005, +2.54828785860e-002
+1.20920660000e+004, +1.89289437108e+000, +8.92171929070e+001, +2.49118205759e-005, +2.58609805780e-002
+1.21807770000e+004, +1.90695804350e+000, +8.92139543700e+001, +2.49141116208e-005, +2.61608975252e-002
+1.22701390000e+004, +1.92108015911e+000, +8.92123426638e+001, +2.49158149465e-005, +2.64086680242e-002
+1.23601560000e+004, +1.93511427329e+000, +8.92098349138e+001, +2.49150346224e-005, +2.66862809277e-002
+1.24508340000e+004, +1.94933356715e+000, +8.92117374195e+001, +2.49153359746e-005, +2.68176512842e-002
+1.25421780000e+004, +1.96348769384e+000, +8.92168093482e+001, +2.49135020774e-005, +2.68385792351e-002
+1.26341910000e+004, +1.97750431352e+000, +8.92271916593e+001, +2.49086750338e-005, +2.66718683789e-002
+1.27268790000e+004, +1.99180612787e+000, +8.92394472612e+001, +2.49061739841e-005, +2.64387557238e-002
+1.28202470000e+004, +2.00621178193e+000, +8.92538799549e+001, +2.49036893906e-005, +2.61246558083e-002
+1.29143010000e+004, +2.02068773180e+000, +8.92588874994e+001, +2.49007311828e-005, +2.61365704656e-002
+1.30090440000e+004, +2.03539533416e+000, +8.92644650692e+001, +2.48993343222e-005, +2.61286827491e-002
+1.31044820000e+004, +2.05003717145e+000, +8.92642406289e+001, +2.48958064975e-005, +2.63246720557e-002
+1.32006210000e+004, +2.06480724745e+000, +8.92634329792e+001, +2.48925505393e-005, +2.65434390646e-002
+1.32974650000e+004, +2.07973695442e+000, +8.92629264510e+001, +2.48899341403e-005, +2.67537474928e-002
+1.33950190000e+004, +2.09482068564e+000, +8.92675159595e+001, +2.48878946945e-005, +2.67799990902e-002
+1.34932890000e+004, +2.11009629794e+000, +8.92658548447e+001, +2.48867928515e-005, +2.70364518808e-002
+1.35922800000e+004, +2.12542849498e+000, +8.92635591537e+001, +2.48850456973e-005, +2.73180550939e-002
+1.36919970000e+004, +2.14082334377e+000, +8.92655027392e+001, +2.48827560495e-005, +2.74433095697e-002
+1.37924460000e+004, +2.15633012800e+000, +8.92642114903e+001, +2.48804527146e-005, +2.76906839543e-002
+1.38936320000e+004, +2.17228502910e+000, +8.92601544105e+001, +2.48819802680e-005, +2.80493755276e-002
+1.39955600000e+004, +2.18814071486e+000, +8.92612384401e+001, +2.48810667580e-005, +2.82127142845e-002
+1.40982350000e+004, +2.20435258400e+000, +8.92569115320e+001, +2.48828385045e-005, +2.85881975659e-002
+1.42016640000e+004, +2.22094621567e+000, +8.92549486287e+001, +2.48875542924e-005, +2.88794812510e-002
+1.43058520000e+004, +2.23742636743e+000, +8.92520981985e+001, +2.48896136282e-005, +2.92050776611e-002
+1.44108040000e+004, +2.25398584564e+000, +8.92506373031e+001, +2.48912071578e-005, +2.94786941200e-002
+1.45165260000e+004, +2.27059168035e+000, +8.92512872516e+001, +2.48919773164e-005, +2.96701182855e-002
+1.46230240000e+004, +2.28730318711e+000, +8.92491747455e+001, +2.48925497280e-005, +2.99728158056e-002
+1.47303030000e+004, +2.30378465039e+000, +8.92536319723e+001, +2.48893458529e-005, +3.00095851861e-002
+1.48383690000e+004, +2.32039448906e+000, +8.92549059499e+001, +2.48862274820e-005, +3.01743586093e-002
+1.49472280000e+004, +2.33716468883e+000, +8.92595716861e+001, +2.48835605885e-005, +3.02021328437e-002
+1.50568860000e+004, +2.35418326308e+000, +8.92626301531e+001, +2.48822283400e-005, +3.02963996539e-002
+1.51673480000e+004, +2.37140608016e+000, +8.92608217136e+001, +2.48817124474e-005, +3.05928861314e-002
+1.52786200000e+004, +2.38916347371e+000, +8.92611940118e+001, +2.48854651248e-005, +3.08064465070e-002
+1.53907090000e+004, +2.40700871638e+000, +8.92596695296e+001, +2.48887400877e-005, +3.11005858523e-002
+1.55036200000e+004, +2.42482930757e+000, +8.92567834714e+001, +2.48903870721e-005, +3.14529743167e-002
+1.56173590000e+004, +2.44265408317e+000, +8.92568010006e+001, +2.48907492514e-005, +3.16834360030e-002
+1.57319330000e+004, +2.46060232470e+000, +8.92579027927e+001, +2.48910401218e-005, +3.18689277911e-002
+1.58473470000e+004, +2.47823762557e+000, +8.92604863115e+001, +2.48868731989e-005, +3.19855978729e-002
+1.59636080000e+004, +2.49583528791e+000, +8.92634693099e+001, +2.48810734622e-005, +3.20827934427e-002
+1.60807220000e+004, +2.51336322836e+000, +8.92646951528e+001, +2.48733384711e-005, +3.22543379473e-002
+1.61986950000e+004, +2.53152558450e+000, +8.92715097951e+001, +2.48706605075e-005, +3.21863480890e-002
+1.63175340000e+004, +2.54975078928e+000, +8.92727194533e+001, +2.48672838570e-005, +3.23642398547e-002
+1.64372440000e+004, +2.56832143111e+000, +8.92722273146e+001, +2.48659736743e-005, +3.26220175214e-002
+1.65578330000e+004, +2.58767127834e+000, +8.92643068991e+001, +2.48708103844e-005, +3.32254768385e-002
+1.66793060000e+004, +2.60689806151e+000, +8.92605249017e+001, +2.48731066926e-005, +3.36444097523e-002
+1.68016710000e+004, +2.62620840166e+000, +8.92561636095e+001, +2.48748369136e-005, +3.40935147680e-002
+1.69249330000e+004, +2.64554772432e+000, +8.92567193186e+001, +2.48755234904e-005, +3.43189215387e-002
+1.70491000000e+004, +2.66492198883e+000, +8.92565717469e+001, +2.48752019021e-005, +3.45771141438e-002
+1.71741770000e+004, +2.68424024817e+000, +8.92646352395e+001, +2.48730939634e-005, +3.44500330173e-002
+1.73001720000e+004, +2.70343516865e+000, +8.92726531305e+001, +2.48685620971e-005, +3.43181000488e-002
+1.74270920000e+004, +2.72289463576e+000, +8.92794500184e+001, +2.48651853134e-005, +3.42421375634e-002
+1.75549420000e+004, +2.74261009649e+000, +8.92841099921e+001, +2.48628495592e-005, +3.42670279401e-002
+1.76837310000e+004, +2.76247993808e+000, +8.92880838488e+001, +2.48606133268e-005, +3.43237058263e-002
+1.78134640000e+004, +2.78263761724e+000, +8.92843491558e+001, +2.48596222261e-005, +3.47555299352e-002
+1.79441490000e+004, +2.80296884706e+000, +8.92758328555e+001, +2.48588392668e-005, +3.54260631565e-002
+1.80757930000e+004, +2.82349138698e+000, +8.92657346857e+001, +2.48584231179e-005, +3.61830323446e-002
+1.82084030000e+004, +2.84432200105e+000, +8.92611113739e+001, +2.48594159500e-005, +3.66794716950e-002
+1.83419850000e+004, +2.86509251871e+000, +8.92570149637e+001, +2.48585580052e-005, +3.71521467663e-002
+1.84765480000e+004, +2.88617116245e+000, +8.92542199394e+001, +2.48590534996e-005, +3.75662595671e-002
+1.86120970000e+004, +2.90734994204e+000, +8.92541165713e+001, +2.48590960104e-005, +3.78471662486e-002
+1.87486410000e+004, +2.92875402557e+000, +8.92543103155e+001, +2.48597327047e-005, +3.81158966783e-002
+1.88861870000e+004, +2.95022662411e+000, +8.92562505711e+001, +2.48596284297e-005, +3.82954514887e-002
+1.90247420000e+004, +2.97194771329e+000, +8.92593907153e+001, +2.48602926924e-005, +3.84145358736e-002
+1.91643130000e+004, +2.99378092669e+000, +8.92609842302e+001, +2.48605519627e-005, +3.86134893276e-002
+1.93049090000e+004, +3.01595430314e+000, +8.92675030457e+001, +2.48623191834e-005, +3.85563680508e-002
+1.94465360000e+004, +3.03831953201e+000, +8.92718894617e+001, +2.48643011311e-005, +3.86097012138e-002
+1.95892010000e+004, +3.06062288962e+000, +8.92782378342e+001, +2.48644451052e-005, +3.85540331286e-002
+1.97329140000e+004, +3.08304541793e+000, +8.92825995245e+001, +2.48642169678e-005, +3.86018041126e-002
+1.98776810000e+004, +3.10556830859e+000, +8.92800693742e+001, +2.48634400428e-005, +3.90209352757e-002
+2.00235090000e+004, +3.12808151739e+000, +8.92769302457e+001, +2.48612764066e-005, +3.94751780384e-002
+2.01704080000e+004, +3.15036523597e+000, +8.92675862242e+001, +2.48559788606e-005, +4.02701224758e-002
+2.03183840000e+004, +3.17295328927e+000, +8.92592672190e+001, +2.48518287136e-005, +4.10195142315e-002
+2.04674460000e+004, +3.19560719993e+000, +8.92548680092e+001, +2.48469532118e-005, +4.15577212628e-002
+2.06176020000e+004, +3.21894381857e+000, +8.92490132334e+001, +2.48460909170e-005, +4.21901056965e-002
+2.07688590000e+004, +3.24228120874e+000, +8.92469410550e+001, +2.48439507819e-005, +4.26132359162e-002
+2.09212260000e+004, +3.26605973452e+000, +8.92535316085e+001, +2.48439281829e-005, +4.25501041701e-002
+2.10747100000e+004, +3.29008876994e+000, +8.92575084638e+001, +2.48444663620e-005, +4.26348103321e-002
+2.12293210000e+004, +3.31440140054e+000, +8.92623823110e+001, +2.48458089492e-005, +4.26679520174e-002
+2.13850660000e+004, +3.33869831102e+000, +8.92602697437e+001, +2.48456588381e-005, +4.31038301013e-002
+2.15419530000e+004, +3.36332872564e+000, +8.92573873038e+001, +2.48466530055e-005, +4.35910062736e-002
+2.16999920000e+004, +3.38821966502e+000, +8.92474420028e+001, +2.48481839661e-005, +4.45016807918e-002
+2.18591890000e+004, +3.41335627768e+000, +8.92340981113e+001, +2.48501437023e-005, +4.56267142968e-002
+2.20195550000e+004, +3.43867211203e+000, +8.92231630897e+001, +2.48520627190e-005, +4.66213323077e-002
+2.21810970000e+004, +3.46397990491e+000, +8.92139052513e+001, +2.48525867355e-005, +4.75241109942e-002
+2.23438250000e+004, +3.48936165218e+000, +8.92081007494e+001, +2.48523300152e-005, +4.82258017405e-002
+2.25077460000e+004, +3.51497790748e+000, +8.92080612149e+001, +2.48524517570e-005, +4.85822642465e-002
+2.26728700000e+004, +3.54048402493e+000, +8.92103578855e+001, +2.48504940163e-005, +4.87928921404e-002
+2.28392050000e+004, +3.56630530333e+000, +8.92133360226e+001, +2.48494472510e-005, +4.89633930425e-002
+2.30067610000e+004, +3.59223639853e+000, +8.92160237833e+001, +2.48478549625e-005, +4.91509156273e-002
+2.31755450000e+004, +3.61807304489e+000, +8.92165686088e+001, +2.48443081028e-005, +4.94700255194e-002
+2.33455680000e+004, +3.64439567099e+000, +8.92189283560e+001, +2.48428177460e-005, +4.96798538554e-002
+2.35168380000e+004, +3.67054612094e+000, +8.92237106295e+001, +2.48388809884e-005, +4.97299938157e-002
+2.36893650000e+004, +3.69682868519e+000, +8.92260447574e+001, +2.48345567999e-005, +4.99354918399e-002
+2.38631580000e+004, +3.72348007074e+000, +8.92263884243e+001, +2.48314259755e-005, +5.02731577635e-002
+2.40382250000e+004, +3.75032160439e+000, +8.92277415546e+001, +2.48282893159e-005, +5.05470012860e-002
+2.42145770000e+004, +3.77756921715e+000, +8.92237906234e+001, +2.48265184682e-005, +5.11747109687e-002
+2.43922230000e+004, +3.80530985634e+000, +8.92197040182e+001, +2.48266716432e-005, +5.18219008708e-002
+2.45711720000e+004, +3.83328778959e+000, +8.92151669852e+001, +2.48270397805e-005, +5.25064281668e-002
+2.47514330000e+004, +3.86135862722e+000, +8.92085169181e+001, +2.48266707213e-005, +5.33390566131e-002
+2.49330180000e+004, +3.88972010335e+000, +8.92054324228e+001, +2.48268642870e-005, +5.39402106396e-002
+2.51159340000e+004, +3.91820376184e+000, +8.92002370080e+001, +2.48265004429e-005, +5.46904611857e-002
+2.53001920000e+004, +3.94692026610e+000, +8.91952517266e+001, +2.48262902375e-005, +5.54346736076e-002
+2.54858020000e+004, +3.97579994994e+000, +8.91940803407e+001, +2.48258076752e-005, +5.59215654463e-002
+2.56727740000e+004, +4.00479188854e+000, +8.91913749903e+001, +2.48247014041e-005, +5.65184277824e-002
+2.58611170000e+004, +4.03419716155e+000, +8.91863881316e+001, +2.48248243162e-005, +5.72845052424e-002
+2.60508420000e+004, +4.06366904563e+000, +8.91854341078e+001, +2.48240596699e-005, +5.77706547427e-002
+2.62419590000e+004, +4.09351483773e+000, +8.91839524013e+001, +2.48242534724e-005, +5.83008040646e-002
+2.64344790000e+004, +4.12383378468e+000, +8.91763118739e+001, +2.48259370017e-005, +5.92824803232e-002
+2.66284100000e+004, +4.15423376755e+000, +8.91710495015e+001, +2.48267786984e-005, +6.01010064818e-002
+2.68237640000e+004, +4.18475848913e+000, +8.91683548609e+001, +2.48270466491e-005, +6.07394101616e-002
+2.70205520000e+004, +4.21541174711e+000, +8.91645547151e+001, +2.48267428590e-005, +6.14638827512e-002
+2.72187830000e+004, +4.24633631985e+000, +8.91622167477e+001, +2.48267223835e-005, +6.20880406049e-002
+2.74184680000e+004, +4.27670303096e+000, +8.91604439600e+001, +2.48221511292e-005, +6.26643603637e-002
+2.76196190000e+004, +4.30724074489e+000, +8.91598798077e+001, +2.48173214790e-005, +6.31542198908e-002
+2.78222450000e+004, +4.33817757910e+000, +8.91613798838e+001, +2.48135421658e-005, +6.34942594136e-002
+2.80263570000e+004, +4.36951855548e+000, +8.91620505295e+001, +2.48107916974e-005, +6.39018313076e-002
+2.82319670000e+004, +4.40121156175e+000, +8.91603701803e+001, +2.48087341561e-005, +6.44943875341e-002
+2.84390860000e+004, +4.43369590027e+000, +8.91609904168e+001, +2.48098326307e-005, +6.49224155388e-002
+2.86477240000e+004, +4.46693705643e+000, +8.91661303138e+001, +2.48138323991e-005, +6.50084864893e-002
+2.88578920000e+004, +4.50008516684e+000, +8.91658772825e+001, +2.48159118075e-005, +6.55107707885e-002
+2.90696030000e+004, +4.53326815957e+000, +8.91664138339e+001, +2.48168397354e-005, +6.59513902648e-002
+2.92828660000e+004, +4.56677515897e+000, +8.91678279414e+001, +2.48182052870e-005, +6.63261605758e-002
+2.94976940000e+004, +4.60019921495e+000, +8.91674676825e+001, +2.48177757744e-005, +6.68405209005e-002
+2.97140990000e+004, +4.63358740610e+000, +8.91667243614e+001, +2.48158408297e-005, +6.73857556328e-002
+2.99320900000e+004, +4.66724231600e+000, +8.91669022368e+001, +2.48140428394e-005, +6.78607073440e-002
+3.01516820000e+004, +4.70118882035e+000, +8.91657652028e+001, +2.48124841044e-005, +6.84475674282e-002
+3.03728840000e+004, +4.73536062941e+000, +8.91616459909e+001, +2.48107942387e-005, +6.92855031616e-002
+3.05957080000e+004, +4.76967214453e+000, +8.91614946975e+001, +2.48085649367e-005, +6.98001259278e-002
+3.08201680000e+004, +4.80426631658e+000, +8.91564058368e+001, +2.48064791777e-005, +7.07330387777e-002
+3.10462740000e+004, +4.83919825168e+000, +8.91520812668e+001, +2.48048440604e-005, +7.16125535409e-002
+3.12740390000e+004, +4.87437219286e+000, +8.91478046927e+001, +2.48031480606e-005, +7.24968573219e-002
+3.15034750000e+004, +4.90978187145e+000, +8.91435038323e+001, +2.48013511903e-005, +7.33920155507e-002
+3.17345950000e+004, +4.94554812814e+000, +8.91408817135e+001, +2.48000627848e-005, +7.41529595907e-002
+3.19674090000e+004, +4.98175609000e+000, +8.91381707428e+001, +2.47996768637e-005, +7.49315444815e-002
+3.22019320000e+004, +5.01845565571e+000, +8.91380437645e+001, +2.48004263621e-005, +7.54946702538e-002
+3.24381760000e+004, +5.05527278919e+000, +8.91375837128e+001, +2.48004237904e-005, +7.60891116672e-002
+3.26761520000e+004, +5.09229053432e+000, +8.91356637611e+001, +2.48000741425e-005, +7.68169024957e-002
+3.29158740000e+004, +5.12956823870e+000, +8.91325720343e+001, +2.47996629956e-005, +7.76559985207e-002
+3.31573550000e+004, +5.16706925230e+000, +8.91284268854e+001, +2.47990066537e-005, +7.85974987727e-002
+3.34006080000e+004, +5.20413309428e+000, +8.91200911514e+001, +2.47949329757e-005, +7.99183256234e-002
+3.36456450000e+004, +5.24176582600e+000, +8.91118867968e+001, +2.47922939997e-005, +8.12467351500e-002
+3.38924800000e+004, +5.27960799112e+000, +8.91042346379e+001, +2.47893638892e-005, +8.25383186669e-002
+3.41411260000e+004, +5.31785130403e+000, +8.91012668010e+001, +2.47870618493e-005, +8.34116154525e-002
+3.43915960000e+004, +5.35649401561e+000, +8.90973544656e+001, +2.47853198983e-005, +8.43834475137e-002
+3.46439030000e+004, +5.39571041277e+000, +8.90969329834e+001, +2.47849475292e-005, +8.50409297050e-002
+3.48980610000e+004, +5.43539837987e+000, +8.90985972335e+001, +2.47854304941e-005, +8.55085849123e-002
+3.51540840000e+004, +5.47530688345e+000, +8.91001726293e+001, +2.47855893925e-005, +8.59858878129e-002
+3.54119860000e+004, +5.51525304995e+000, +8.90997745109e+001, +2.47845868210e-005, +8.66515324590e-002
+3.56717790000e+004, +5.55571894010e+000, +8.91010337111e+001, +2.47846146988e-005, +8.71652182332e-002
+3.59334780000e+004, +5.59620523817e+000, +8.90962312648e+001, +2.47833768025e-005, +8.82694265046e-002
+3.61970970000e+004, +5.63696096376e+000, +8.90935667562e+001, +2.47820407891e-005, +8.91743811156e-002
+3.64626500000e+004, +5.67777890644e+000, +8.90884497264e+001, +2.47796640782e-005, +9.03271170562e-002
+3.67301520000e+004, +5.71927422359e+000, +8.90829363325e+001, +2.47789382895e-005, +9.15375390055e-002
+3.69996150000e+004, +5.76099441899e+000, +8.90790841522e+001, +2.47778877123e-005, +9.25925552217e-002
+3.72710560000e+004, +5.80297458626e+000, +8.90763137361e+001, +2.47766544409e-005, +9.35478281662e-002
+3.75444880000e+004, +5.84561019312e+000, +8.90701616056e+001, +2.47768792372e-005, +9.48627325369e-002
+3.78199260000e+004, +5.88823824354e+000, +8.90651072080e+001, +2.47757616317e-005, +9.60738691256e-002
+3.80973850000e+004, +5.93138812048e+000, +8.90616672906e+001, +2.47755363544e-005, +9.71339730033e-002
+3.83768790000e+004, +5.97483466504e+000, +8.90562375468e+001, +2.47752161425e-005, +9.84116052800e-002
+3.86584230000e+004, +6.01842084054e+000, +8.90532542827e+001, +2.47741782838e-005, +9.94428371084e-002
+3.89420340000e+004, +6.06212710633e+000, +8.90520108000e+001, +2.47723433243e-005, +1.00296546707e-001
+3.92277240000e+004, +6.10642393432e+000, +8.90525976620e+001, +2.47716307683e-005, +1.00966890329e-001
+3.95155110000e+004, +6.15092158871e+000, +8.90510951082e+001, +2.47704078405e-005, +1.01863921256e-001
+3.98054090000e+004, +6.19566249532e+000, +8.90496568346e+001, +2.47688617688e-005, +1.02760370491e-001
+4.00974340000e+004, +6.24078854787e+000, +8.90480603893e+001, +2.47675514640e-005, +1.03682689285e-001
+4.03916010000e+004, +6.28634776104e+000, +8.90430563353e+001, +2.47666285337e-005, +1.04988553075e-001
+4.06879260000e+004, +6.33242857511e+000, +8.90382830608e+001, +2.47664464035e-005, +1.06285627243e-001
+4.09864260000e+004, +6.37846588853e+000, +8.90341608097e+001, +2.47647878321e-005, +1.07517178755e-001
+4.12871150000e+004, +6.42496048387e+000, +8.90291464796e+001, +2.47635957322e-005, +1.08863114663e-001
+4.15900100000e+004, +6.47183866551e+000, +8.90250803224e+001, +2.47625813728e-005, +1.10116634382e-001
+4.18951270000e+004, +6.51903333925e+000, +8.90201920856e+001, +2.47614639121e-005, +1.11475735166e-001
+4.22024830000e+004, +6.56630100065e+000, +8.90196660571e+001, +2.47593558223e-005, +1.12344290014e-001
+4.25120930000e+004, +6.61382596246e+000, +8.90180296573e+001, +2.47569204329e-005, +1.13346271959e-001
+4.28239750000e+004, +6.66194151185e+000, +8.90159430953e+001, +2.47553979816e-005, +1.14413440228e-001
+4.31381450000e+004, +6.71037788617e+000, +8.90121630980e+001, +2.47537552511e-005, +1.15687936546e-001
+4.34546200000e+004, +6.75920636709e+000, +8.90086010638e+001, +2.47522603429e-005, +1.16949898942e-001
+4.37734160000e+004, +6.80858686386e+000, +8.90034702249e+001, +2.47514691949e-005, +1.18413913143e-001
+4.40945510000e+004, +6.85856977038e+000, +8.89947030932e+001, +2.47515223237e-005, +1.20332514371e-001
+4.44180430000e+004, +6.90870926889e+000, +8.89871973014e+001, +2.47508303670e-005, +1.22117109832e-001
+4.47439070000e+004, +6.95924604721e+000, +8.89823553970e+001, +2.47502684693e-005, +1.23598402784e-001
+4.50721620000e+004, +7.01005548468e+000, +8.89760190985e+001, +2.47493521641e-005, +1.25275908294e-001
+4.54028260000e+004, +7.06098610809e+000, +8.89709749798e+001, +2.47475697597e-005, +1.26807608306e-001
+4.57359150000e+004, +7.11201899049e+000, +8.89646987073e+001, +2.47448464905e-005, +1.28503038872e-001
+4.60714480000e+004, +7.16355175172e+000, +8.89599061634e+001, +2.47425872844e-005, +1.30033256942e-001
+4.64094420000e+004, +7.21557624530e+000, +8.89550668314e+001, +2.47407337881e-005, +1.31586952049e-001
+4.67499160000e+004, +7.26784205645e+000, +8.89523962708e+001, +2.47384325604e-005, +1.32878796390e-001
+4.70928880000e+004, +7.32064829351e+000, +8.89489914777e+001, +2.47366724485e-005, +1.34279214396e-001
+4.74383760000e+004, +7.37422784808e+000, +8.89483389999e+001, +2.47362413122e-005, +1.35345961745e-001
+4.77863980000e+004, +7.42821900347e+000, +8.89481598344e+001, +2.47358790286e-005, +1.36360135231e-001
+4.81369740000e+004, +7.48255203706e+000, +8.89458522810e+001, +2.47353228409e-005, +1.37658833500e-001
+4.84901220000e+004, +7.53710186280e+000, +8.89442764930e+001, +2.47341796772e-005, +1.38869659012e-001
+4.88458600000e+004, +7.59190015143e+000, +8.89410938117e+001, +2.47325380216e-005, +1.40300952091e-001
+4.92042090000e+004, +7.64694413092e+000, +8.89354409230e+001, +2.47303821106e-005, +1.42072513551e-001
+4.95651860000e+004, +7.70242097610e+000, +8.89279910984e+001, +2.47283205681e-005, +1.44104542683e-001
+4.99288120000e+004, +7.75825349881e+000, +8.89222366838e+001, +2.47261230396e-005, +1.45928164269e-001
+5.02951050000e+004, +7.81452797739e+000, +8.89156213885e+001, +2.47240365914e-005, +1.47888748470e-001
+5.06640850000e+004, +7.87109467518e+000, +8.89101899140e+001, +2.47215955955e-005, +1.49705287338e-001
+5.10357730000e+004, +7.92803572802e+000, +8.89048487114e+001, +2.47190453768e-005, +1.51527214550e-001
+5.14101870000e+004, +7.98542326509e+000, +8.88986651806e+001, +2.47165955940e-005, +1.53485705189e-001
+5.17873480000e+004, +8.04307258619e+000, +8.88935321996e+001, +2.47136824144e-005, +1.55314191908e-001
+5.21672760000e+004, +8.10153171439e+000, +8.88897440325e+001, +2.47119812602e-005, +1.56978596114e-001
+5.25499910000e+004, +8.16029251786e+000, +8.88841277949e+001, +2.47098917774e-005, +1.58916905440e-001
+5.29355140000e+004, +8.21971549532e+000, +8.88808486474e+001, +2.47085311637e-005, +1.60544473662e-001
+5.33238650000e+004, +8.28025911287e+000, +8.88783325332e+001, +2.47092299779e-005, +1.62090543162e-001
+5.37150660000e+004, +8.34107354213e+000, +8.88764244679e+001, +2.47094146697e-005, +1.63558739746e-001
+5.41091360000e+004, +8.40226071700e+000, +8.88716759472e+001, +2.47093583408e-005, +1.65454771397e-001
+5.45060970000e+004, +8.46355794556e+000, +8.88685682307e+001, +2.47083267679e-005, +1.67120791004e-001
+5.49059710000e+004, +8.52521904688e+000, +8.88648203878e+001, +2.47070479056e-005, +1.68895890797e-001
+5.53087780000e+004, +8.58717829946e+000, +8.88598718666e+001, +2.47053243185e-005, +1.70864896840e-001
+5.57145410000e+004, +8.64933631248e+000, +8.88536383013e+001, +2.47028707722e-005, +1.73042524821e-001
+5.61232800000e+004, +8.71174822243e+000, +8.88480639281e+001, +2.46998674519e-005, +1.75138571324e-001
+5.65350170000e+004, +8.77492534400e+000, +8.88419703380e+001, +2.46977462153e-005, +1.77341718546e-001
+5.69497760000e+004, +8.83858092867e+000, +8.88370475364e+001, +2.46956912711e-005, +1.79387448492e-001
+5.73675770000e+004, +8.90258508668e+000, +8.88313653475e+001, +2.46933159999e-005, +1.81569186527e-001
+5.77884430000e+004, +8.96708834502e+000, +8.88273241009e+001, +2.46910533221e-005, +1.83517081626e-001
+5.82123970000e+004, +9.03212848171e+000, +8.88231738336e+001, +2.46889796332e-005, +1.85502280984e-001
+5.86394610000e+004, +9.09773643402e+000, +8.88193337734e+001, +2.46871695330e-005, +1.87459356880e-001
+5.90696580000e+004, +9.16365414064e+000, +8.88143404888e+001, +2.46848998526e-005, +1.89616030199e-001
+5.95030120000e+004, +9.23032905478e+000, +8.88087518652e+001, +2.46833721662e-005, +1.91895811420e-001
+5.99395440000e+004, +9.29735160147e+000, +8.88052261808e+001, +2.46814983874e-005, +1.93861177018e-001
+6.03792790000e+004, +9.36473442876e+000, +8.88007641528e+001, +2.46792829754e-005, +1.95995330578e-001
+6.08222400000e+004, +9.43284322345e+000, +8.87969019397e+001, +2.46776946704e-005, +1.98056497925e-001
+6.12684510000e+004, +9.50146301843e+000, +8.87913623021e+001, +2.46761316517e-005, +2.00415716726e-001
+6.17179350000e+004, +9.57071561001e+000, +8.87855657012e+001, +2.46749108617e-005, +2.02844522179e-001
+6.21707170000e+004, +9.64054190961e+000, +8.87788444960e+001, +2.46738576916e-005, +2.05455090181e-001
+6.26268210000e+004, +9.71113588539e+000, +8.87717750072e+001, +2.46734570220e-005, +2.08157501792e-001
+6.30862710000e+004, +9.78208448908e+000, +8.87648126043e+001, +2.46726476563e-005, +2.10866693502e-001
+6.35490910000e+004, +9.85331708260e+000, +8.87581026115e+001, +2.46712537819e-005, +2.13555879825e-001
+6.40153070000e+004, +9.92520799280e+000, +8.87518483811e+001, +2.46702106916e-005, +2.16197156853e-001
+6.44849430000e+004, +9.99653550815e+000, +8.87408034741e+001, +2.46664377775e-005, +2.19677428689e-001
+6.49580240000e+004, +1.00679248192e+001, +8.87413740700e+001, +2.46616707839e-005, +2.21145994212e-001
+6.54345760000e+004, +1.01407803091e+001, +8.87388970625e+001, +2.46592013112e-005, +2.23184593753e-001
+6.59146250000e+004, +1.02137666696e+001, +8.87351817208e+001, +2.46557631989e-005, +2.25453073167e-001
+6.63981950000e+004, +1.02875989422e+001, +8.87299434617e+001, +2.46530795359e-005, +2.28023118463e-001
+6.68853120000e+004, +1.03619207233e+001, +8.87252997989e+001, +2.46502967245e-005, +2.30510047459e-001
+6.73760040000e+004, +1.04372925156e+001, +8.87173914617e+001, +2.46486938528e-005, +2.33627023783e-001
+6.78702950000e+004, +1.05133773661e+001, +8.87109490882e+001, +2.46474915095e-005, +2.36511930467e-001
+6.83682120000e+004, +1.05896303688e+001, +8.87034109263e+001, +2.46453788766e-005, +2.39620217664e-001
+6.88697830000e+004, +1.06666644513e+001, +8.86975866919e+001, +2.46438091733e-005, +2.42447340409e-001
+6.93750330000e+004, +1.07440666178e+001, +8.86910315598e+001, +2.46417913347e-005, +2.45435543395e-001
+6.98839900000e+004, +1.08220636942e+001, +8.86858849725e+001, +2.46398628171e-005, +2.48189130750e-001
+7.03966800000e+004, +1.09006128644e+001, +8.86803347695e+001, +2.46378986213e-005, +2.51046203856e-001
+7.09131320000e+004, +1.09796070662e+001, +8.86752930828e+001, +2.46356584575e-005, +2.53831359869e-001
+7.14333730000e+004, +1.10592784895e+001, +8.86697950314e+001, +2.46336470648e-005, +2.56734192284e-001
+7.19574300000e+004, +1.11391113000e+001, +8.86621770372e+001, +2.46306930890e-005, +2.60068105334e-001
+7.24853320000e+004, +1.12196556333e+001, +8.86605573874e+001, +2.46280961930e-005, +2.62265670713e-001
+7.30171070000e+004, +1.13009506673e+001, +8.86565515941e+001, +2.46258422206e-005, +2.64955868525e-001
+7.35527830000e+004, +1.13828735647e+001, +8.86516111279e+001, +2.46236629441e-005, +2.67857832498e-001
+7.40923890000e+004, +1.14653613333e+001, +8.86468974263e+001, +2.46214236549e-005, +2.70741894784e-001
+7.46359530000e+004, +1.15483292000e+001, +8.86420721740e+001, +2.46189326679e-005, +2.73673377837e-001
+7.51835060000e+004, +1.16322240134e+001, +8.86362068764e+001, +2.46171218059e-005, +2.76851965340e-001
+7.57350750000e+004, +1.17171136345e+001, +8.86294840222e+001, +2.46161118875e-005, +2.80246822254e-001
+7.62906910000e+004, +1.18026175029e+001, +8.86231463688e+001, +2.46150945107e-005, +2.83597027916e-001
+7.68503830000e+004, +1.18884151736e+001, +8.86168928910e+001, +2.46133942720e-005, +2.86955771698e-001
+7.74141810000e+004, +1.19747616773e+001, +8.86099416757e+001, +2.46115327459e-005, +2.90492326033e-001
+7.79821160000e+004, +1.20621060631e+001, +8.86038722278e+001, +2.46104364031e-005, +2.93888572095e-001
+7.85542170000e+004, +1.21491342843e+001, +8.85986705263e+001, +2.46074183532e-005, +2.97111633790e-001
+7.91305150000e+004, +1.22368232360e+001, +8.85940576153e+001, +2.46044727044e-005, +3.00240996924e-001
+7.97110410000e+004, +1.23245876348e+001, +8.85873075295e+001, +2.46003918783e-005, +3.03845907547e-001
+8.02958250000e+004, +1.24131347104e+001, +8.85844025206e+001, +2.45966561144e-005, +3.06658093687e-001
+8.08849000000e+004, +1.25029219389e+001, +8.85791373259e+001, +2.45940835556e-005, +3.10024830263e-001
+8.14782970000e+004, +1.25932583445e+001, +8.85730132371e+001, +2.45913059561e-005, +3.13610450179e-001
+8.20760470000e+004, +1.26842703637e+001, +8.85660767062e+001, +2.45885641845e-005, +3.17412072854e-001
+8.26781820000e+004, +1.27761131897e+001, +8.85585255110e+001, +2.45861488375e-005, +3.21393629206e-001
+8.32847350000e+004, +1.28685504787e+001, +8.85517711327e+001, +2.45836070218e-005, +3.25235506600e-001
+8.38957380000e+004, +1.29616421767e+001, +8.85449607217e+001, +2.45810371864e-005, +3.29128454940e-001
+8.45112230000e+004, +1.30555973277e+001, +8.85382098034e+001, +2.45788258146e-005, +3.33051998041e-001
+8.51312230000e+004, +1.31502637832e+001, +8.85326451010e+001, +2.45766839882e-005, +3.36743733891e-001
+8.57557720000e+004, +1.32456463468e+001, +8.85266648418e+001, +2.45745924558e-005, +3.40568292899e-001
+8.63849030000e+004, +1.33416060000e+001, +8.85210239711e+001, +2.45722932207e-005, +3.44348648997e-001
+8.70186490000e+004, +1.34382019063e+001, +8.85149073992e+001, +2.45698810560e-005, +3.48275908552e-001
+8.76570450000e+004, +1.35354852487e+001, +8.85090225490e+001, +2.45674495857e-005, +3.52186947703e-001
+8.83001240000e+004, +1.36329937557e+001, +8.85030591066e+001, +2.45641540977e-005, +3.56142535995e-001
+8.89479210000e+004, +1.37311509914e+001, +8.84974332171e+001, +2.45607664546e-005, +3.60054557819e-001
+8.96004710000e+004, +1.38302071047e+001, +8.84910690156e+001, +2.45577117430e-005, +3.64187658018e-001
+9.02578080000e+004, +1.39298957152e+001, +8.84850677797e+001, +2.45545166046e-005, +3.68271263017e-001
+9.09199670000e+004, +1.40302986785e+001, +8.84788457513e+001, +2.45513118558e-005, +3.72448747686e-001
+9.15869840000e+004, +1.41318093835e+001, +8.84727851646e+001, +2.45487761955e-005, +3.76637748254e-001
+9.22588940000e+004, +1.42341589113e+001, +8.84658069450e+001, +2.45464101180e-005, +3.81098545399e-001
+9.29357340000e+004, +1.43366996041e+001, +8.84599951209e+001, +2.45431154451e-005, +3.85297647274e-001
+9.36175390000e+004, +1.44403951491e+001, +8.84553834754e+001, +2.45405422075e-005, +3.89246319894e-001
+9.43043460000e+004, +1.45446908179e+001, +8.84496814665e+001, +2.45377035506e-005, +3.93504591835e-001
+9.49961920000e+004, +1.46498683082e+001, +8.84437881422e+001, +2.45350779423e-005, +3.97856455436e-001
+9.56931140000e+004, +1.47553110533e+001, +8.84374618693e+001, +2.45316236982e-005, +4.02348629779e-001
+9.63951480000e+004, +1.48617993683e+001, +8.84310139543e+001, +2.45286415186e-005, +4.06924241970e-001
+9.71023330000e+004, +1.49690023989e+001, +8.84244637046e+001, +2.45255698629e-005, +4.11570183254e-001
+9.78147050000e+004, +1.50771269880e+001, +8.84174490347e+001, +2.45227342194e-005, +4.16388228424e-001
+9.85323040000e+004, +1.51855867043e+001, +8.84068785770e+001, +2.45191361207e-005, +4.22184085863e-001
+9.92551680000e+004, +1.52939214677e+001, +8.84058477240e+001, +2.45142006560e-005, +4.25471027468e-001
+9.99833340000e+004, +1.54049158619e+001, +8.84022108350e+001, +2.45122376032e-005, +4.29536307231e-001
+1.00716843000e+005, +1.55162320100e+001, +8.83973591534e+001, +2.45094956636e-005, +4.33953511144e-001
+1.01455733000e+005, +1.56283207484e+001, +8.83920934299e+001, +2.45066991082e-005, +4.38524121547e-001
+1.02200043000e+005, +1.57411614987e+001, +8.83862681209e+001, +2.45038062569e-005, +4.43290170031e-001
+1.02949815000e+005, +1.58546969592e+001, +8.83805315857e+001, +2.45007287190e-005, +4.48074229166e-001
+1.03705086000e+005, +1.59686922630e+001, +8.83739783841e+001, +2.44970909771e-005, +4.53121569593e-001
+1.04465899000e+005, +1.60835919869e+001, +8.83677978581e+001, +2.44935868680e-005, +4.58116164997e-001
+1.05232293000e+005, +1.61994857487e+001, +8.83609533376e+001, +2.44903279075e-005, +4.63351611670e-001
+1.06004310000e+005, +1.63161501485e+001, +8.83547477465e+001, +2.44869800213e-005, +4.68454990855e-001
+1.06781990000e+005, +1.64335621849e+001, +8.83484414397e+001, +2.44834933539e-005, +4.73634047178e-001
+1.07565376000e+005, +1.65519188510e+001, +8.83417481366e+001, +2.44801494331e-005, +4.78978013170e-001
+1.08354509000e+005, +1.66711581380e+001, +8.83356468877e+001, +2.44768573634e-005, +4.84203062918e-001
+1.09149431000e+005, +1.67913318944e+001, +8.83289417849e+001, +2.44736680139e-005, +4.89657624431e-001
+1.09950185000e+005, +1.69123933038e+001, +8.83225838794e+001, +2.44705139797e-005, +4.95063842510e-001
+1.10756813000e+005, +1.70342645126e+001, +8.83166559513e+001, +2.44672750505e-005, +5.00392926122e-001
+1.11569359000e+005, +1.71571692678e+001, +8.83094962273e+001, +2.44642421943e-005, +5.06146379251e-001
+1.12387867000e+005, +1.72809378685e+001, +8.83038217864e+001, +2.44611954607e-005, +5.11508340861e-001
+1.13212379000e+005, +1.74054840617e+001, +8.82975585557e+001, +2.44579796281e-005, +5.17096680971e-001
+1.14042940000e+005, +1.75309789632e+001, +8.82917986381e+001, +2.44548415685e-005, +5.22586588952e-001
+1.14879594000e+005, +1.76573708029e+001, +8.82856726765e+001, +2.44516881174e-005, +5.28241296237e-001
+1.15722386000e+005, +1.77845785130e+001, +8.82801408533e+001, +2.44484112946e-005, +5.33763170407e-001
+1.16571362000e+005, +1.79125890956e+001, +8.82750526798e+001, +2.44449851959e-005, +5.39195128836e-001
+1.17426565000e+005, +1.80413516775e+001, +8.82694902514e+001, +2.44413240615e-005, +5.44821777547e-001
+1.18288043000e+005, +1.81710859297e+001, +8.82640085265e+001, +2.44377260530e-005, +5.50477265274e-001
+1.19155840000e+005, +1.83017908777e+001, +8.82586680857e+001, +2.44341808473e-005, +5.56141951141e-001
+1.20030005000e+005, +1.84333421612e+001, +8.82530933427e+001, +2.44305082217e-005, +5.61932128455e-001
+1.20910582000e+005, +1.85658992098e+001, +8.82465841045e+001, +2.44269031462e-005, +5.68081314367e-001
+1.21797619000e+005, +1.86986314350e+001, +8.82394628158e+001, +2.44222740798e-005, +5.74465627839e-001
+1.22691164000e+005, +1.88325541101e+001, +8.82347940954e+001, +2.44179908060e-005, +5.80113880965e-001
+1.23591265000e+005, +1.89680610567e+001, +8.82294415952e+001, +2.44145035664e-005, +5.86059136472e-001
+1.24497968000e+005, +1.91044876231e+001, +8.82241430621e+001, +2.44109468143e-005, +5.92040206144e-001
+1.25411324000e+005, +1.92420002325e+001, +8.82188542163e+001, +2.44075232139e-005, +5.98076995849e-001
+1.26331380000e+005, +1.93805202245e+001, +8.82136789554e+001, +2.44041236567e-005, +6.04132157537e-001
+1.27258186000e+005, +1.95201477287e+001, +8.82071801862e+001, +2.44008446175e-005, +6.10697635985e-001
+1.28191792000e+005, +1.96600394719e+001, +8.82030053313e+001, +2.43966762351e-005, +6.16506044723e-001
+1.29132246000e+005, +1.98016702198e+001, +8.81988370045e+001, +2.43934159972e-005, +6.22387230453e-001
+1.30079600000e+005, +1.99445963003e+001, +8.81926614486e+001, +2.43904653491e-005, +6.29028185122e-001
+1.31033904000e+005, +2.00882791302e+001, +8.81855657847e+001, +2.43871686894e-005, +6.36046310116e-001
+1.31995210000e+005, +2.02330064640e+001, +8.81750361471e+001, +2.43838367350e-005, +6.44345230717e-001
+1.32963567000e+005, +2.03762540814e+001, +8.81716078185e+001, +2.43775835790e-005, +6.50125735349e-001
+1.33939029000e+005, +2.05235851497e+001, +8.81655154497e+001, +2.43749407560e-005, +6.57007684361e-001
+1.34921647000e+005, +2.06694739424e+001, +8.81597170604e+001, +2.43693456006e-005, +6.63768619467e-001
+1.35911474000e+005, +2.08182337444e+001, +8.81565512825e+001, +2.43659340132e-005, +6.69695494256e-001
+1.36908563000e+005, +2.09680288467e+001, +8.81514567698e+001, +2.43624552611e-005, +6.76377633925e-001
+1.37912966000e+005, +2.11187915923e+001, +8.81462147973e+001, +2.43588478581e-005, +6.83172016691e-001
+1.38924739000e+005, +2.12704527873e+001, +8.81405403580e+001, +2.43550221115e-005, +6.90183576059e-001
+1.39943933000e+005, +2.14230538650e+001, +8.81347191110e+001, +2.43510253422e-005, +6.97310606268e-001
+1.40970605000e+005, +2.15770985688e+001, +8.81287523790e+001, +2.43474204068e-005, +7.04570516515e-001
+1.42004809000e+005, +2.17320560545e+001, +8.81226670960e+001, +2.43435957742e-005, +7.11937328586e-001
+1.43046601000e+005, +2.18883190115e+001, +8.81167952600e+001, +2.43399885293e-005, +7.19298438341e-001
+1.44096035000e+005, +2.20455714447e+001, +8.81106723253e+001, +2.43362301408e-005, +7.26820731690e-001
+1.45153168000e+005, +2.22036082990e+001, +8.81051630088e+001, +2.43321022394e-005, +7.34164890542e-001
+1.46218056000e+005, +2.23630523765e+001, +8.80999400827e+001, +2.43282773424e-005, +7.41474364254e-001
+1.47290757000e+005, +2.25233275667e+001, +8.80964635422e+001, +2.43241384395e-005, +7.48154381203e-001
+1.48371328000e+005, +2.26849048571e+001, +8.80924054947e+001, +2.43201563496e-005, +7.55127271762e-001
+1.49459826000e+005, +2.28476000515e+001, +8.80878192013e+001, +2.43161235076e-005, +7.62370854359e-001
+1.50556309000e+005, +2.30118416992e+001, +8.80827767710e+001, +2.43124858563e-005, +7.69875285792e-001
+1.51660837000e+005, +2.31777350556e+001, +8.80773400702e+001, +2.43093368504e-005, +7.77623411764e-001
+1.52773467000e+005, +2.33456918993e+001, +8.80674305058e+001, +2.43070275457e-005, +7.87293897436e-001
+1.53894261000e+005, +2.35096491030e+001, +8.80482473582e+001, +2.42991918409e-005, +8.00689798733e-001
+1.55023277000e+005, +2.36737698650e+001, +8.80521119829e+001, +2.42906766516e-005, +8.04683529560e-001
+1.56160575000e+005, +2.38455727271e+001, +8.80534615181e+001, +2.42887861231e-005, +8.09961866278e-001
+1.57306218000e+005, +2.40181430392e+001, +8.80494113965e+001, +2.42863329703e-005, +8.17520368729e-001
+1.58460265000e+005, +2.41913599634e+001, +8.80447262527e+001, +2.42832663123e-005, +8.25393267331e-001
+1.59622778000e+005, +2.43664194513e+001, +8.80393400494e+001, +2.42807810301e-005, +8.33655457960e-001
+1.60793820000e+005, +2.45430898344e+001, +8.80321298898e+001, +2.42786095550e-005, +8.42786646359e-001
+1.61973453000e+005, +2.47209085939e+001, +8.80133661644e+001, +2.42761384001e-005, +8.56983775638e-001
+1.63161741000e+005, +2.48881344730e+001, +8.80098018799e+001, +2.42623069369e-005, +8.64328208459e-001
+1.64358746000e+005, +2.50676559227e+001, +8.80173334475e+001, +2.42594507886e-005, +8.67269544118e-001
+1.65564532000e+005, +2.52491897353e+001, +8.80157295200e+001, +2.42571502200e-005, +8.74256495030e-001
+1.66779165000e+005, +2.54316223076e+001, +8.80110217632e+001, +2.42544074987e-005, +8.82661601750e-001
+1.68002709000e+005, +2.56149419538e+001, +8.80062313775e+001, +2.42512555906e-005, +8.91164442782e-001
+1.69235228000e+005, +2.57992375521e+001, +8.79962480798e+001, +2.42477026189e-005, +9.02068795568e-001
+1.70476790000e+005, +2.59808272432e+001, +8.79952912976e+001, +2.42405214896e-005, +9.08851656672e-001
+1.71727461000e+005, +2.61681011575e+001, +8.79936971770e+001, +2.42374139754e-005, +9.16130423258e-001
+1.72987306000e+005, +2.63562878431e+001, +8.79898931378e+001, +2.42338723086e-005, +9.24467531223e-001
+1.74256395000e+005, +2.65455438504e+001, +8.79853180140e+001, +2.42300601496e-005, +9.33224214794e-001
+1.75534794000e+005, +2.67363475972e+001, +8.79808912812e+001, +2.42264217410e-005, +9.41996431718e-001
+1.76822571000e+005, +2.69278335423e+001, +8.79756908627e+001, +2.42221522728e-005, +9.51185586000e-001
+1.78119796000e+005, +2.71208234269e+001, +8.79710001111e+001, +2.42180092579e-005, +9.60221633467e-001
+1.79426538000e+005, +2.73154398362e+001, +8.79670796235e+001, +2.42140940717e-005, +9.68979987441e-001
+1.80742867000e+005, +2.75113235660e+001, +8.79623936742e+001, +2.42100541337e-005, +9.78177310940e-001
+1.82068852000e+005, +2.77089211224e+001, +8.79579383863e+001, +2.42062883518e-005, +9.87356244594e-001
+1.83404566000e+005, +2.79076045068e+001, +8.79531881298e+001, +2.42022292703e-005, +9.96748240332e-001
+1.84750078000e+005, +2.81079686508e+001, +8.79493223911e+001, +2.41984047413e-005, +1.00579967649e+000
+1.86105462000e+005, +2.83095497619e+001, +8.79452310007e+001, +2.41943878176e-005, +1.01503317886e+000
+1.87470789000e+005, +2.85126886867e+001, +8.79416028086e+001, +2.41904736746e-005, +1.02412105550e+000
+1.88846133000e+005, +2.87172217857e+001, +8.79376981764e+001, +2.41865023353e-005, +1.03342326766e+000
+1.90231566000e+005, +2.89231099758e+001, +8.79337059876e+001, +2.41824365904e-005, +1.04284636127e+000
+1.91627164000e+005, +2.91309037439e+001, +8.79294030913e+001, +2.41787229948e-005, +1.05252483223e+000
+1.93033000000e+005, +2.93401067262e+001, +8.79255057728e+001, +2.41749471768e-005, +1.06207795658e+000
+1.94449150000e+005, +2.95508105963e+001, +8.79205251297e+001, +2.41711539766e-005, +1.07227231673e+000
+1.95875689000e+005, +2.97632015774e+001, +8.79161719946e+001, +2.41675121110e-005, +1.08223888835e+000
+1.97312694000e+005, +2.99770583478e+001, +8.79110121536e+001, +2.41638092354e-005, +1.09271290244e+000
+1.98760241000e+005, +3.01918133850e+001, +8.79076765604e+001, +2.41596240722e-005, +1.10229758478e+000
+2.00218407000e+005, +3.04089908840e+001, +8.79021453934e+001, +2.41561079371e-005, +1.11316032829e+000
+2.01687271000e+005, +3.06253099022e+001, +8.78968442993e+001, +2.41506866712e-005, +1.12391056198e+000
+2.03166912000e+005, +3.08441358196e+001, +8.78956730293e+001, +2.41460881660e-005, +1.13257130623e+000
+2.04657407000e+005, +3.10657781575e+001, +8.78923999357e+001, +2.41424317224e-005, +1.14248330372e+000
+2.06158837000e+005, +3.12889422540e+001, +8.78885975372e+001, +2.41387127753e-005, +1.15276550959e+000
+2.07671282000e+005, +3.15137011214e+001, +8.78846501566e+001, +2.41349856383e-005, +1.16321586021e+000
+2.09194823000e+005, +3.17403728996e+001, +8.78802990320e+001, +2.41314795032e-005, +1.17399140429e+000
+2.10729540000e+005, +3.19685268388e+001, +8.78760032878e+001, +2.41278628517e-005, +1.18482540069e+000
+2.12275518000e+005, +3.21980212759e+001, +8.78715144731e+001, +2.41240189762e-005, +1.19585178413e+000
+2.13832836000e+005, +3.24293651285e+001, +8.78680264313e+001, +2.41203416446e-005, +1.20641688342e+000
+2.15401580000e+005, +3.26625323054e+001, +8.78643527730e+001, +2.41167807125e-005, +1.21718380793e+000
+2.16981833000e+005, +3.28969954341e+001, +8.78606722785e+001, +2.41129411612e-005, +1.22803290645e+000
+2.18573679000e+005, +3.31328838114e+001, +8.78565424511e+001, +2.41089074772e-005, +1.23922505420e+000
+2.20177203000e+005, +3.33706833911e+001, +8.78529107529e+001, +2.41050409735e-005, +1.25023287601e+000
+2.21792491000e+005, +3.36102575624e+001, +8.78490658837e+001, +2.41012202870e-005, +1.26146237502e+000
+2.23419629000e+005, +3.38517931751e+001, +8.78459145559e+001, +2.40975830074e-005, +1.27238827561e+000
+2.25058704000e+005, +3.40949926438e+001, +8.78416711657e+001, +2.40938781059e-005, +1.28405274652e+000
+2.26709805000e+005, +3.43396899380e+001, +8.78384903624e+001, +2.40900154321e-005, +1.29517333044e+000
+2.28373018000e+005, +3.45862011505e+001, +8.78348753316e+001, +2.40861867206e-005, +1.30665150668e+000
+2.30048433000e+005, +3.48349265299e+001, +8.78314337822e+001, +2.40826686067e-005, +1.31813915372e+000
+2.31736139000e+005, +3.50851269054e+001, +8.78277581028e+001, +2.40789319305e-005, +1.32985582328e+000
+2.33436227000e+005, +3.53375711614e+001, +8.78241765572e+001, +2.40755016127e-005, +1.34163174568e+000
+2.35148788000e+005, +3.55913483939e+001, +8.78201913194e+001, +2.40717382229e-005, +1.35374047842e+000
+2.36873912000e+005, +3.58475600440e+001, +8.78159305569e+001, +2.40683818246e-005, +1.36614950512e+000
+2.38611692000e+005, +3.61053789906e+001, +8.78119682517e+001, +2.40648725266e-005, +1.37847003810e+000
+2.40362221000e+005, +3.63646683020e+001, +8.78073784638e+001, +2.40610995192e-005, +1.39128039751e+000
+2.42125593000e+005, +3.66255602844e+001, +8.78038413666e+001, +2.40571734580e-005, +1.40352128053e+000
+2.43901901000e+005, +3.68890296285e+001, +8.78011138512e+001, +2.40537211769e-005, +1.41537241870e+000
+2.45691241000e+005, +3.71548091616e+001, +8.77974116680e+001, +2.40505221258e-005, +1.42796894751e+000
+2.47493708000e+005, +3.74219176718e+001, +8.77939052641e+001, +2.40469500726e-005, +1.44052317851e+000
+2.49309398000e+005, +3.76910924177e+001, +8.77901722640e+001, +2.40434679527e-005, +1.45333868899e+000
+2.51138409000e+005, +3.79627024526e+001, +8.77865663910e+001, +2.40403043202e-005, +1.46619913554e+000
+2.52980838000e+005, +3.82356030711e+001, +8.77820384690e+001, +2.40367069314e-005, +1.47975852094e+000
+2.54836784000e+005, +3.85106121862e+001, +8.77771940255e+001, +2.40331962990e-005, +1.49365535119e+000
+2.56706345000e+005, +3.87872157128e+001, +8.77727650125e+001, +2.40294552182e-005, +1.50737959619e+000
+2.58589622000e+005, +3.90661296882e+001, +8.77692303153e+001, +2.40259282568e-005, +1.52062722095e+000
+2.60486716000e+005, +3.93472465459e+001, +8.77653144073e+001, +2.40225158451e-005, +1.53425670241e+000
+2.62397727000e+005, +3.96303902967e+001, +8.77618032001e+001, +2.40191129216e-005, +1.54772403592e+000
+2.64322758000e+005, +3.99157376792e+001, +8.77586110828e+001, +2.40158155536e-005, +1.56109010859e+000
+2.66261911000e+005, +4.02028953120e+001, +8.77555223745e+001, +2.40123743955e-005, +1.57448634254e+000
+2.68215291000e+005, +4.04926104598e+001, +8.77525084933e+001, +2.40092263500e-005, +1.58796096565e+000
+2.70183001000e+005, +4.07841337763e+001, +8.77485866373e+001, +2.40058991682e-005, +1.60218285802e+000
+2.72165147000e+005, +4.10776406587e+001, +8.77449391620e+001, +2.40025095043e-005, +1.61632611807e+000
+2.74161835000e+005, +4.13735097327e+001, +8.77407591508e+001, +2.39992563726e-005, +1.63098405757e+000
+2.76173171000e+005, +4.16715768956e+001, +8.77365690644e+001, +2.39960420187e-005, +1.64577925819e+000
+2.78199263000e+005, +4.19716299897e+001, +8.77324926171e+001, +2.39927375499e-005, +1.66061340901e+000
+2.80240219000e+005, +4.22741665693e+001, +8.77279066528e+001, +2.39896082357e-005, +1.67596428806e+000
+2.82296147000e+005, +4.25784464718e+001, +8.77235446266e+001, +2.39862365906e-005, +1.69126651748e+000
+2.84367159000e+005, +4.28849866951e+001, +8.77200530864e+001, +2.39829189473e-005, +1.70605395668e+000
+2.86453365000e+005, +4.31936377012e+001, +8.77166325889e+001, +2.39795494568e-005, +1.72090930578e+000
+2.88554875000e+005, +4.35048272622e+001, +8.77129467514e+001, +2.39763507884e-005, +1.73610407646e+000
+2.90671803000e+005, +4.38181375793e+001, +8.77092446712e+001, +2.39730858017e-005, +1.75143602499e+000
+2.92804261000e+005, +4.41339575897e+001, +8.77056394763e+001, +2.39699603994e-005, +1.76683432863e+000
+2.94952364000e+005, +4.44526828688e+001, +8.77017765699e+001, +2.39671700594e-005, +1.78258861187e+000
+2.97116225000e+005, +4.47731893634e+001, +8.76980103996e+001, +2.39641030414e-005, +1.79838184547e+000
+2.99295962000e+005, +4.50964769152e+001, +8.76937032540e+001, +2.39612769273e-005, +1.81475450742e+000
+3.01491690000e+005, +4.54220000543e+001, +8.76907290613e+001, +2.39584214361e-005, +1.83020999912e+000
+3.03703526000e+005, +4.57499237218e+001, +8.76870606185e+001, +2.39555811310e-005, +1.84635000217e+000
+3.05931589000e+005, +4.60798648692e+001, +8.76828984337e+001, +2.39525507787e-005, +1.86301026943e+000
+3.08175998000e+005, +4.64125579741e+001, +8.76798596523e+001, +2.39497318983e-005, +1.87892061684e+000
+3.10436872000e+005, +4.67477587340e+001, +8.76755681054e+001, +2.39469462002e-005, +1.89598916390e+000
+3.12714333000e+005, +4.70850118637e+001, +8.76721387790e+001, +2.39439879003e-005, +1.91248328862e+000
+3.15008502000e+005, +4.74247728838e+001, +8.76682857218e+001, +2.39410604639e-005, +1.92947019851e+000
+3.17319502000e+005, +4.77670056685e+001, +8.76642408252e+001, +2.39381400512e-005, +1.94676329024e+000
+3.19647456000e+005, +4.81121717059e+001, +8.76600262826e+001, +2.39354476269e-005, +1.96436674148e+000
+3.21992488000e+005, +4.84592797151e+001, +8.76551697091e+001, +2.39324717212e-005, +1.98264290884e+000
+3.24354725000e+005, +4.88092141650e+001, +8.76511873788e+001, +2.39296688794e-005, +2.00034961014e+000
+3.26734291000e+005, +4.91612391205e+001, +8.76461676472e+001, +2.39266361117e-005, +2.01908009161e+000
+3.29131315000e+005, +4.95163212179e+001, +8.76418987397e+001, +2.39238667909e-005, +2.03734968448e+000
+3.31545924000e+005, +4.98737227449e+001, +8.76373456996e+001, +2.39209751519e-005, +2.05601485472e+000
+3.33978248000e+005, +5.02343721416e+001, +8.76332069094e+001, +2.39184089636e-005, +2.07450802944e+000
+3.36428415000e+005, +5.05973178851e+001, +8.76289588497e+001, +2.39156938456e-005, +2.09324466143e+000
+3.38896558000e+005, +5.09630766473e+001, +8.76251361535e+001, +2.39130756991e-005, +2.11177361566e+000
+3.41382808000e+005, +5.13317673161e+001, +8.76208744759e+001, +2.39105842330e-005, +2.13086595841e+000
+3.43887298000e+005, +5.17027942722e+001, +8.76159875651e+001, +2.39079289719e-005, +2.15067395775e+000
+3.46410162000e+005, +5.20759804348e+001, +8.76116160444e+001, +2.39050428942e-005, +2.17016714889e+000
+3.48951534000e+005, +5.24529038710e+001, +8.76071456747e+001, +2.39026309254e-005, +2.18996366789e+000
+3.51511550000e+005, +5.28320262292e+001, +8.76023811209e+001, +2.38999745240e-005, +2.21018194571e+000
+3.54090347000e+005, +5.32140548248e+001, +8.75974205657e+001, +2.38973893712e-005, +2.23076690633e+000
+3.56688064000e+005, +5.35992402695e+001, +8.75931252188e+001, +2.38949917302e-005, +2.25092881064e+000
+3.59304838000e+005, +5.39869594288e+001, +8.75878305565e+001, +2.38924640933e-005, +2.27219577014e+000
+3.61940809000e+005, +5.43784868011e+001, +8.75833771793e+001, +2.38903922652e-005, +2.29289719602e+000
+3.64596119000e+005, +5.47727043273e+001, +8.75792983680e+001, +2.38882619119e-005, +2.31341530648e+000
+3.67270908000e+005, +5.51694584229e+001, +8.75749250277e+001, +2.38859873885e-005, +2.33438014401e+000
+3.69965321000e+005, +5.55700874780e+001, +8.75697837307e+001, +2.38841295356e-005, +2.35631389476e+000
+3.72679501000e+005, +5.59726306192e+001, +8.75652217571e+001, +2.38818572850e-005, +2.37783536062e+000
+3.75413593000e+005, +5.63774725155e+001, +8.75599239338e+001, +2.38793106057e-005, +2.40024209421e+000
+3.78167744000e+005, +5.67856970209e+001, +8.75547989882e+001, +2.38769580994e-005, +2.42269674905e+000
+3.80942099000e+005, +5.71971292540e+001, +8.75496848436e+001, +2.38747110158e-005, +2.44535071515e+000
+3.83736808000e+005, +5.76112061231e+001, +8.75447916247e+001, +2.38723285038e-005, +2.46796940648e+000
+3.86552020000e+005, +5.80281961946e+001, +8.75396792006e+001, +2.38699073652e-005, +2.49100558966e+000
+3.89387885000e+005, +5.84489572262e+001, +8.75342708818e+001, +2.38677883925e-005, +2.51457988395e+000
+3.92244555000e+005, +5.88725139807e+001, +8.75288135421e+001, +2.38655650459e-005, +2.53840437989e+000
+3.95122183000e+005, +5.92991361098e+001, +8.75240968970e+001, +2.38633533956e-005, +2.56167604811e+000
+3.98020921000e+005, +5.97294257490e+001, +8.75184101712e+001, +2.38613544499e-005, +2.58618694556e+000
+4.00940926000e+005, +6.01628233593e+001, +8.75131647703e+001, +2.38593576821e-005, +2.61045505802e+000
+4.03882352000e+005, +6.05999921021e+001, +8.75080345816e+001, +2.38576096362e-005, +2.63484466105e+000
+4.06845358000e+005, +6.10401631763e+001, +8.75031312181e+001, +2.38557974695e-005, +2.65920184453e+000
+4.09830101000e+005, +6.14836325494e+001, +8.74979071131e+001, +2.38540186833e-005, +2.68412210526e+000
+4.12836742000e+005, +6.19304127222e+001, +8.74925086115e+001, +2.38522708346e-005, +2.70945629619e+000
+4.15865440000e+005, +6.23803980555e+001, +8.74865788676e+001, +2.38504973907e-005, +2.73559293290e+000
+4.18916357000e+005, +6.28331306678e+001, +8.74809813088e+001, +2.38485316891e-005, +2.76157941642e+000
+4.21989657000e+005, +6.32899616763e+001, +8.74755125006e+001, +2.38468744465e-005, +2.78769269459e+000
+4.25085504000e+005, +6.37492134608e+001, +8.74701164672e+001, +2.38448815468e-005, +2.81391903519e+000
+4.28204062000e+005, +6.42126423077e+001, +8.74645388442e+001, +2.38431989258e-005, +2.84061985243e+000
+4.31345500000e+005, +6.46792385744e+001, +8.74588229600e+001, +2.38414392952e-005, +2.86770713432e+000
+4.34509984000e+005, +6.51495843885e+001, +8.74530131136e+001, +2.38398092379e-005, +2.89516074758e+000
+4.37697683000e+005, +6.56232323527e+001, +8.74464507956e+001, +2.38381221865e-005, +2.92371768295e+000
+4.40908769000e+005, +6.61001271786e+001, +8.74399054272e+001, +2.38363642906e-005, +2.95250846450e+000
+4.44143412000e+005, +6.65805260956e+001, +8.74333234005e+001, +2.38346193101e-005, +2.98160753188e+000
+4.47401785000e+005, +6.70646268210e+001, +8.74269786884e+001, +2.38329533638e-005, +3.01070552650e+000
+4.50684063000e+005, +6.75524446831e+001, +8.74202870558e+001, +2.38313503093e-005, +3.04048648334e+000
+4.53990421000e+005, +6.80437767823e+001, +8.74144009846e+001, +2.38297502252e-005, +3.06958411131e+000
+4.57321035000e+005, +6.85389264023e+001, +8.74092089243e+001, +2.38282478746e-005, +3.09812581395e+000
+4.60676083000e+005, +6.90377398771e+001, +8.74039060114e+001, +2.38267642987e-005, +3.12705651895e+000
+4.64055746000e+005, +6.95398455006e+001, +8.73982420970e+001, +2.38251578767e-005, +3.15666655364e+000
+4.67460202000e+005, +7.00462016290e+001, +8.73923521902e+001, +2.38237507524e-005, +3.18684508910e+000
+4.70889635000e+005, +7.05560930418e+001, +8.73858228607e+001, +2.38222800387e-005, +3.21807538243e+000
+4.74344227000e+005, +7.10701190802e+001, +8.73784584050e+001, +2.38209349903e-005, +3.25064559061e+000
+4.77824163000e+005, +7.15876340678e+001, +8.73708076067e+001, +2.38194990051e-005, +3.28386516521e+000
+4.81329628000e+005, +7.21094111176e+001, +8.73632621574e+001, +2.38182277964e-005, +3.31728637646e+000
+4.84860811000e+005, +7.26351122211e+001, +8.73557988453e+001, +2.38169974549e-005, +3.35092183356e+000
+4.88417900000e+005, +7.31641391209e+001, +8.73485911527e+001, +2.38156067381e-005, +3.38452184169e+000
+4.92001085000e+005, +7.36976945967e+001, +8.73422972048e+001, +2.38144516278e-005, +3.41729075726e+000
+4.95610557000e+005, +7.42359498477e+001, +8.73354399938e+001, +2.38135448502e-005, +3.45112417695e+000
+4.99246509000e+005, +7.47777102741e+001, +8.73288945147e+001, +2.38125081619e-005, +3.48484321091e+000
+5.02909136000e+005, +7.53235857301e+001, +8.73219075153e+001, +2.38115136096e-005, +3.51945789585e+000
+5.06598633000e+005, +7.58735944903e+001, +8.73146928461e+001, +2.38105608936e-005, +3.55470030745e+000
+5.10315197000e+005, +7.64268156179e+001, +8.73068036098e+001, +2.38093442678e-005, +3.59113074006e+000
+5.14059027000e+005, +7.69847561819e+001, +8.72983216582e+001, +2.38083276864e-005, +3.62873120043e+000
+5.17830323000e+005, +7.75460068368e+001, +8.72897618404e+001, +2.38070748262e-005, +3.66675837225e+000
+5.21629287000e+005, +7.81118671757e+001, +8.72804998681e+001, +2.38059654659e-005, +3.70612780557e+000
+5.25456120000e+005, +7.86824018321e+001, +8.72721891171e+001, +2.38050393720e-005, +3.74459761485e+000
+5.29311029000e+005, +7.92579476639e+001, +8.72642508534e+001, +2.38043736269e-005, +3.78295720550e+000
+5.33194218000e+005, +7.98375745896e+001, +8.72567227778e+001, +2.38036772108e-005, +3.82110046568e+000
+5.37105896000e+005, +8.04221330553e+001, +8.72491616776e+001, +2.38031847147e-005, +3.85967877552e+000
+5.41046271000e+005, +8.10112088852e+001, +8.72415383609e+001, +2.38027603090e-005, +3.89871638700e+000
+5.45015554000e+005, +8.16037805804e+001, +8.72335657391e+001, +2.38020895851e-005, +3.93857612832e+000
+5.49013956000e+005, +8.22013138589e+001, +8.72255801766e+001, +2.38015997764e-005, +3.97885921473e+000
+5.53041692000e+005, +8.28036139848e+001, +8.72174835277e+001, +2.38012197800e-005, +4.01970033991e+000
+5.57098977000e+005, +8.34100339187e+001, +8.72100886652e+001, +2.38007698096e-005, +4.05989155238e+000
+5.61186028000e+005, +8.40209157596e+001, +8.72021810904e+001, +2.38003148952e-005, +4.10120776667e+000
+5.65303062000e+005, +8.46369382847e+001, +8.71938606005e+001, +2.38000386376e-005, +4.14355317987e+000
+5.69450300000e+005, +8.52568126173e+001, +8.71849885899e+001, +2.37995650488e-005, +4.18708601887e+000
+5.73627963000e+005, +8.58809222193e+001, +8.71765242456e+001, +2.37990148454e-005, +4.23040883993e+000
+5.77836275000e+005, +8.65099300679e+001, +8.71668786634e+001, +2.37985305000e-005, +4.27593910262e+000
+5.82075461000e+005, +8.71431701920e+001, +8.71568212337e+001, +2.37979346465e-005, +4.32251629195e+000
+5.86345747000e+005, +8.77814669032e+001, +8.71472359232e+001, +2.37974620751e-005, +4.36884466631e+000
+5.90647360000e+005, +8.84240967713e+001, +8.71379822855e+001, +2.37969036933e-005, +4.41509137586e+000
+5.94980532000e+005, +8.90727116628e+001, +8.71289108440e+001, +2.37966905449e-005, +4.46156220289e+000
+5.99345493000e+005, +8.97257479398e+001, +8.71205096221e+001, +2.37964016101e-005, +4.50741196305e+000
+6.03742477000e+005, +9.03825959755e+001, +8.71118534059e+001, +2.37958498578e-005, +4.55404667222e+000
+6.08171718000e+005, +9.10465341678e+001, +8.71030915165e+001, +2.37958917019e-005, +4.60140552116e+000
+6.12633454000e+005, +9.17138435583e+001, +8.70942750504e+001, +2.37955410713e-005, +4.64922520810e+000
+6.17127923000e+005, +9.23883636762e+001, +8.70844636109e+001, +2.37957663208e-005, +4.69921882657e+000
+6.21655364000e+005, +9.30662591443e+001, +8.70744210234e+001, +2.37955806143e-005, +4.74999024811e+000
+6.26216020000e+005, +9.37525963644e+001, +8.70637711272e+001, +2.37962614066e-005, +4.80242361617e+000
+6.30810134000e+005, +9.44411306007e+001, +8.70532136053e+001, +2.37962216122e-005, +4.85507251902e+000
+6.35437952000e+005, +9.51370536774e+001, +8.70427574427e+001, +2.37967665163e-005, +4.90818779498e+000
+6.40099722000e+005, +9.58365951734e+001, +8.70325731321e+001, +2.37969415792e-005, +4.96128980257e+000
+6.44795691000e+005, +9.65412313863e+001, +8.70228373281e+001, +2.37971135433e-005, +5.01414995858e+000
+6.49526112000e+005, +9.72502093774e+001, +8.70131165353e+001, +2.37970797980e-005, +5.06744990817e+000
+6.54291236000e+005, +9.79652554851e+001, +8.70035992384e+001, +2.37972591006e-005, +5.12095971189e+000
+6.59091319000e+005, +9.86855147188e+001, +8.69936286637e+001, +2.37974171429e-005, +5.17575961655e+000
+6.63926617000e+005, +9.94123184545e+001, +8.69836038345e+001, +2.37978722694e-005, +5.23124807962e+000
+6.68797388000e+005, +1.00145067710e+002, +8.69736266595e+001, +2.37984685834e-005, +5.28722108803e+000
+6.73703892000e+005, +1.00886248171e+002, +8.69629366679e+001, +2.37997633556e-005, +5.34514873406e+000
+6.78646392000e+005, +1.01632156796e+002, +8.69523481717e+001, +2.38008822347e-005, +5.40342398641e+000
+6.83625152000e+005, +1.02384814090e+002, +8.69413567480e+001, +2.38022782177e-005, +5.46305339334e+000
+6.88640438000e+005, +1.03141138390e+002, +8.69304034604e+001, +2.38032341526e-005, +5.52309877653e+000
+6.93692517000e+005, +1.03903312308e+002, +8.69195032047e+001, +2.38042506231e-005, +5.58365104299e+000
+6.98781659000e+005, +1.04668973045e+002, +8.69086100923e+001, +2.38047785373e-005, +5.64466769813e+000
+7.03908138000e+005, +1.05440227095e+002, +8.68975838368e+001, +2.38052915294e-005, +5.70652222519e+000
+7.09072226000e+005, +1.06217115029e+002, +8.68864981064e+001, +2.38057913131e-005, +5.76908904061e+000
+7.14274199000e+005, +1.07000435126e+002, +8.68751227805e+001, +2.38064411832e-005, +5.83284644308e+000
+7.19514335000e+005, +1.07790046540e+002, +8.68637395575e+001, +2.38072036087e-005, +5.89727322536e+000
+7.24792915000e+005, +1.08586485328e+002, +8.68514158000e+001, +2.38081629447e-005, +5.96416774476e+000
+7.30110220000e+005, +1.09391168262e+002, +8.68388224553e+001, +2.38096285792e-005, +6.03237259014e+000
+7.35466534000e+005, +1.10200104067e+002, +8.68263605008e+001, +2.38107266596e-005, +6.10091347245e+000
+7.40862144000e+005, +1.11015971077e+002, +8.68139644503e+001, +2.38120287699e-005, +6.17006315079e+000
+7.46297338000e+005, +1.11839161778e+002, +8.68011456099e+001, +2.38135932831e-005, +6.24079762651e+000
+7.51772406000e+005, +1.12667433136e+002, +8.67882984621e+001, +2.38149397406e-005, +6.31223978264e+000
+7.57287640000e+005, +1.13501426024e+002, +8.67760217588e+001, +2.38162118839e-005, +6.38324606164e+000
+7.62843337000e+005, +1.14342970670e+002, +8.67632725941e+001, +2.38177589519e-005, +6.45597657011e+000
+7.68439791000e+005, +1.15191096088e+002, +8.67505661060e+001, +2.38193765445e-005, +6.52936803411e+000
+7.74077303000e+005, +1.16044542891e+002, +8.67380211718e+001, +2.38207978699e-005, +6.60311088545e+000
+7.79756174000e+005, +1.16906331356e+002, +8.67255272109e+001, +2.38226306538e-005, +6.67759918008e+000
+7.85476706000e+005, +1.17776113489e+002, +8.67125072246e+001, +2.38247722995e-005, +6.75400022925e+000
+7.91239206000e+005, +1.18651202650e+002, +8.67005151661e+001, +2.38267037634e-005, +6.82897596303e+000
+7.97043982000e+005, +1.19533287046e+002, +8.66882556428e+001, +2.38287262089e-005, +6.90527824348e+000
+8.02891343000e+005, +1.20422647852e+002, +8.66755237643e+001, +2.38308785769e-005, +6.98337007014e+000
+8.08781602000e+005, +1.21318945967e+002, +8.66623044661e+001, +2.38330810435e-005, +7.06329029874e+000
+8.14715074000e+005, +1.22221771053e+002, +8.66492002142e+001, +2.38352571300e-005, +7.14375955302e+000
+8.20692075000e+005, +1.23131892945e+002, +8.66352325565e+001, +2.38375230074e-005, +7.22692117040e+000
+8.26712926000e+005, +1.24048455892e+002, +8.66211094636e+001, +2.38397192337e-005, +7.31124088534e+000
+8.32777948000e+005, +1.24974168776e+002, +8.66076427429e+001, +2.38423743888e-005, +7.39512358485e+000
+8.38887464000e+005, +1.25904160266e+002, +8.65937760902e+001, +2.38445206388e-005, +7.48057172786e+000
+8.45041802000e+005, +1.26842910579e+002, +8.65789789588e+001, +2.38469881244e-005, +7.56904755624e+000
+8.51241290000e+005, +1.27790808689e+002, +8.65657463656e+001, +2.38498943256e-005, +7.65507189768e+000
+8.57486260000e+005, +1.28745019721e+002, +8.65524759215e+001, +2.38526558440e-005, +7.74199740020e+000
+8.63777044000e+005, +1.29708830789e+002, +8.65387479164e+001, +2.38558600961e-005, +7.83097717248e+000
+8.70113979000e+005, +1.30679593424e+002, +8.65239836791e+001, +2.38589890525e-005, +7.92319794236e+000
+8.76497405000e+005, +1.31656307978e+002, +8.65087245258e+001, +2.38618661685e-005, +8.01741509233e+000
+8.82927661000e+005, +1.32641493344e+002, +8.64928833333e+001, +2.38649377363e-005, +8.11401396068e+000
+8.89405091000e+005, +1.33632902224e+002, +8.64765595732e+001, +2.38677903455e-005, +8.21266176567e+000
+8.95930042000e+005, +1.34634555058e+002, +8.64601965062e+001, +2.38711427676e-005, +8.31259740969e+000
+9.02502861000e+005, +1.35644085019e+002, +8.64445473976e+001, +2.38745772002e-005, +8.41190500487e+000
+9.09123902000e+005, +1.36660762582e+002, +8.64294104344e+001, +2.38779498507e-005, +8.51098838993e+000
+9.15793516000e+005, +1.37685671736e+002, +8.64145559417e+001, +2.38814347557e-005, +8.61044468216e+000
+9.22512060000e+005, +1.38721472892e+002, +8.64016463244e+001, +2.38855215052e-005, +8.70641522223e+000
+9.29279894000e+005, +1.39763057979e+002, +8.63880457655e+001, +2.38892462561e-005, +8.80489755855e+000
+9.36097378000e+005, +1.40814223554e+002, +8.63742679124e+001, +2.38932641741e-005, +8.90491359557e+000
+9.42964878000e+005, +1.41872987839e+002, +8.63600488329e+001, +2.38972179141e-005, +9.00700634663e+000
+9.49882760000e+005, +1.42941586106e+002, +8.63443593162e+001, +2.39014448825e-005, +9.11391073653e+000
+9.56851394000e+005, +1.44019165685e+002, +8.63277134934e+001, +2.39057999806e-005, +9.22437243372e+000
+9.63871151000e+005, +1.45103961192e+002, +8.63106056066e+001, +2.39099919005e-005, +9.33709023389e+000
+9.70942408000e+005, +1.46197523289e+002, +8.62945017172e+001, +2.39143069583e-005, +9.44846392527e+000
+9.78065542000e+005, +1.47300089174e+002, +8.62765179529e+001, +2.39186936135e-005, +9.56585745437e+000
+9.85240933000e+005, +1.48407621036e+002, +8.62597259755e+001, +2.39225713878e-005, +9.68118437854e+000
+9.92468965000e+005, +1.49526370456e+002, +8.62412766025e+001, +2.39268647408e-005, +9.80220936394e+000
+9.99750024000e+005, +1.50652914638e+002, +8.62226619919e+001, +2.39310503499e-005, +9.92489928351e+000
+1.00708450000e+006, +1.51791031066e+002, +8.62047390055e+001, +2.39357397336e-005, +1.00472564165e+001
+1.01447278300e+006, +1.52943223996e+002, +8.61853691816e+001, +2.39412449977e-005, +1.01751127622e+001
+1.02191526900e+006, +1.54107542471e+002, +8.61676155106e+001, +2.39473192060e-005, +1.03002188271e+001
+1.02941235600e+006, +1.55278598862e+002, +8.61496855454e+001, +2.39530597556e-005, +1.04269729728e+001
+1.03696444300e+006, +1.56450777582e+002, +8.61337108433e+001, +2.39576637867e-005, +1.05492062435e+001
+1.04457193500e+006, +1.57643795168e+002, +8.61173267398e+001, +2.39640778835e-005, +1.06746256087e+001
+1.05223523700e+006, +1.58840058841e+002, +8.61011015321e+001, +2.39696132973e-005, +1.08005060833e+001
+1.05995476000e+006, +1.60049275023e+002, +8.60835353209e+001, +2.39756900838e-005, +1.09316832238e+001
+1.06773091600e+006, +1.61268339585e+002, +8.60654917284e+001, +2.39818479995e-005, +1.10656152452e+001
+1.07556412000e+006, +1.62499379657e+002, +8.60473424498e+001, +2.39883991767e-005, +1.12014366802e+001
+1.08345479100e+006, +1.63740655528e+002, +8.60284662083e+001, +2.39950514859e-005, +1.13408163831e+001
+1.09140335100e+006, +1.64983251860e+002, +8.60099019755e+001, +2.40005248948e-005, +1.14802064125e+001
+1.09941022300e+006, +1.66234561213e+002, +8.59914596922e+001, +2.40058971108e-005, +1.16206546573e+001
+1.10747583700e+006, +1.67503414234e+002, +8.59717045096e+001, +2.40123837220e-005, +1.17669660561e+001
+1.11560062200e+006, +1.68785882375e+002, +8.59513894469e+001, +2.40194119013e-005, +1.19167552287e+001
+1.12378501300e+006, +1.70077459133e+002, +8.59301871478e+001, +2.40263122708e-005, +1.20707234279e+001
+1.13202944700e+006, +1.71379459673e+002, +8.59093125238e+001, +2.40332969364e-005, +1.22254094793e+001
+1.14033436500e+006, +1.72697561575e+002, +8.58875120938e+001, +2.40411064176e-005, +1.23849779826e+001
+1.14870021100e+006, +1.74025179593e+002, +8.58680317858e+001, +2.40488993990e-005, +1.25392026075e+001
+1.15712743100e+006, +1.75366637496e+002, +8.58470048821e+001, +2.40571434671e-005, +1.27000493957e+001
+1.16561647500e+006, +1.76712898991e+002, +8.58293802920e+001, +2.40647373489e-005, +1.28517604426e+001
+1.17416779800e+006, +1.78081590945e+002, +8.58108017713e+001, +2.40739370887e-005, +1.30088914977e+001
+1.18278185600e+006, +1.79449977709e+002, +8.57925143601e+001, +2.40816832366e-005, +1.31659747392e+001
+1.19145911000e+006, +1.80834757935e+002, +8.57738308030e+001, +2.40902002336e-005, +1.33263826794e+001
+1.20020002200e+006, +1.82235939173e+002, +8.57545158748e+001, +2.40994537359e-005, +1.34909064970e+001
+1.20900506100e+006, +1.83642999562e+002, +8.57359673868e+001, +2.41080785998e-005, +1.36543583263e+001
+1.21787469600e+006, +1.85069190914e+002, +8.57164236369e+001, +2.41177499686e-005, +1.38233516243e+001
+1.22680940100e+006, +1.86506560544e+002, +8.56962056778e+001, +2.41274142740e-005, +1.39963407584e+001
+1.23580965400e+006, +1.87952326204e+002, +8.56757446366e+001, +2.41367162768e-005, +1.41717678643e+001
+1.24487593600e+006, +1.89410700788e+002, +8.56542086719e+001, +2.41461630181e-005, +1.43527213503e+001
+1.25400873000e+006, +1.90876997607e+002, +8.56318141015e+001, +2.41551529293e-005, +1.45382213466e+001
+1.26320852600e+006, +1.92348292256e+002, +8.56082304900e+001, +2.41633058280e-005, +1.47292246575e+001
+1.27247581500e+006, +1.93838551160e+002, +8.55850419674e+001, +2.41724208877e-005, +1.49215604394e+001
+1.28181109100e+006, +1.95347116813e+002, +8.55609175450e+001, +2.41823416663e-005, +1.51196944232e+001
+1.29121485300e+006, +1.96866315987e+002, +8.55376604357e+001, +2.41921547545e-005, +1.53169487471e+001
+1.30068760500e+006, +1.98405151140e+002, +8.55135055957e+001, +2.42028921383e-005, +1.55200649934e+001
+1.31022985100e+006, +1.99960760562e+002, +8.54896550054e+001, +2.42142148038e-005, +1.57247326614e+001
+1.31984210200e+006, +2.01529745679e+002, +8.54660205819e+001, +2.42256874937e-005, +1.59309881520e+001
+1.32952487200e+006, +2.03110198123e+002, +8.54428024004e+001, +2.42370748208e-005, +1.61379716115e+001
+1.33927867800e+006, +2.04705046490e+002, +8.54194156181e+001, +2.42486948730e-005, +1.63479793589e+001
+1.34910404000e+006, +2.06315171908e+002, +8.53954054921e+001, +2.42606190431e-005, +1.65627457827e+001
+1.35900148500e+006, +2.07933777965e+002, +8.53715917340e+001, +2.42720631109e-005, +1.67788284452e+001
+1.36897154000e+006, +2.09569240756e+002, +8.53481301979e+001, +2.42840023579e-005, +1.69963324360e+001
+1.37901473800e+006, +2.11220640355e+002, +8.53235795464e+001, +2.42962591360e-005, +1.72204692031e+001
+1.38913161700e+006, +2.12885963501e+002, +8.52989794017e+001, +2.43086198371e-005, +1.74473376986e+001
+1.39932271600e+006, +2.14570628570e+002, +8.52750183872e+001, +2.43217088872e-005, +1.76748362759e+001
+1.40958858000e+006, +2.16268751870e+002, +8.52484834424e+001, +2.43347241145e-005, +1.79145324174e+001
+1.41992975800e+006, +2.17983368648e+002, +8.52215382114e+001, +2.43480676382e-005, +1.81587215512e+001
+1.43034680100e+006, +2.19714968231e+002, +8.51958024759e+001, +2.43618320708e-005, +1.84013146416e+001
+1.44084026800e+006, +2.21460087838e+002, +8.51708584374e+001, +2.43756018655e-005, +1.86435432867e+001
+1.45141071700e+006, +2.23223951008e+002, +8.51475586446e+001, +2.43899677320e-005, +1.88824855493e+001
+1.46205871500e+006, +2.25003810437e+002, +8.51269240153e+001, +2.44046460394e-005, +1.91137853319e+001
+1.47278483000e+006, +2.26807425723e+002, +8.51096123150e+001, +2.44204809973e-005, +1.93352805432e+001
+1.48358963500e+006, +2.28615432103e+002, +8.50926532257e+001, +2.44352609454e-005, +1.95568338018e+001
+1.49447370700e+006, +2.30447537780e+002, +8.50744667400e+001, +2.44510303351e-005, +1.97864388538e+001
+1.50543762900e+006, +2.32290462728e+002, +8.50554153730e+001, +2.44663685666e-005, +2.00216264473e+001
+1.51648198400e+006, +2.34151231774e+002, +8.50336480843e+001, +2.44819376516e-005, +2.02706343155e+001
+1.52760736500e+006, +2.35990598931e+002, +8.50054498659e+001, +2.44935045464e-005, +2.05455742776e+001
+1.53881436500e+006, +2.37861249352e+002, +8.49779239292e+001, +2.45068306225e-005, +2.08222715370e+001
+1.55010358300e+006, +2.39763520253e+002, +8.49481716312e+001, +2.45217914598e-005, +2.11128180522e+001
+1.56147562200e+006, +2.41690306215e+002, +8.49201758192e+001, +2.45377660189e-005, +2.14001179460e+001
+1.57293109000e+006, +2.43645422204e+002, +8.48906145386e+001, +2.45549797385e-005, +2.16984410715e+001
+1.58447059900e+006, +2.45666274117e+002, +8.48621543559e+001, +2.45772355897e-005, +2.19999537219e+001
+1.59609476500e+006, +2.47728827088e+002, +8.48356798411e+001, +2.46020593335e-005, +2.22986650052e+001
+1.60780421000e+006, +2.49810992276e+002, +8.48074199693e+001, +2.46270594163e-005, +2.26087965003e+001
+1.61959955900e+006, +2.51906345036e+002, +8.47774275526e+001, +2.46515886562e-005, +2.29297537165e+001
+1.63148144200e+006, +2.54011376975e+002, +8.47438326790e+001, +2.46752257859e-005, +2.32696791158e+001
+1.64345049400e+006, +2.56137783748e+002, +8.47087632468e+001, +2.46991830785e-005, +2.36205891271e+001
+1.65550735500e+006, +2.58301826424e+002, +8.46637193953e+001, +2.47246512663e-005, +2.40223482302e+001
+1.66765266900e+006, +2.60465672316e+002, +8.46202005915e+001, +2.47484364105e-005, +2.44205595721e+001
+1.67988708500e+006, +2.62633141606e+002, +8.45789357755e+001, +2.47709545722e-005, +2.48120862606e+001
+1.69221125600e+006, +2.64806429894e+002, +8.45382181996e+001, +2.47923590279e-005, +2.52047443656e+001
+1.70462584100e+006, +2.66980728533e+002, +8.44971675310e+001, +2.48121779721e-005, +2.56021064757e+001
+1.71713150300e+006, +2.69075619208e+002, +8.44620988029e+001, +2.48232787038e-005, +2.59669238096e+001
+1.72972891100e+006, +2.71186960253e+002, +8.44269655312e+001, +2.48343734266e-005, +2.63361854627e+001
+1.74241873700e+006, +2.73353056755e+002, +8.43911509477e+001, +2.48489061629e-005, +2.67166001679e+001
+1.75520166000e+006, +2.75559384975e+002, +8.43559299830e+001, +2.48655321803e-005, +2.71008154657e+001
+1.76807836200e+006, +2.77832638582e+002, +8.43216989094e+001, +2.48866022221e-005, +2.74895663532e+001
+1.78104953100e+006, +2.80237086318e+002, +8.42908483236e+001, +2.49178259940e-005, +2.78776170040e+001
+1.79411586200e+006, +2.82729885862e+002, +8.42643238060e+001, +2.49552325963e-005, +2.82558321878e+001
+1.80727805000e+006, +2.85235911076e+002, +8.42329753197e+001, +2.49916934850e-005, +2.86615593961e+001
+1.82053680100e+006, +2.87733569362e+002, +8.41993280545e+001, +2.50254384369e-005, +2.90806462602e+001
+1.83389282200e+006, +2.90230859403e+002, +8.41607051981e+001, +2.50570777731e-005, +2.95276772797e+001
+1.84734682700e+006, +2.92697554408e+002, +8.41183083098e+001, +2.50840959244e-005, +2.99940893728e+001
+1.86089953400e+006, +2.95059490402e+002, +8.40627815457e+001, +2.50998366149e-005, +3.05205579110e+001
+1.87455166800e+006, +2.97463012917e+002, +8.40081109783e+001, +2.51175048735e-005, +3.10514721508e+001
+1.88830395900e+006, +2.99922077022e+002, +8.39553912088e+001, +2.51382673137e-005, +3.15826155071e+001
+1.90215714100e+006, +3.02422268536e+002, +8.39066172072e+001, +2.51609408225e-005, +3.21018916950e+001
+1.91611195400e+006, +3.04956757081e+002, +8.38622569712e+001, +2.51849362165e-005, +3.26056893599e+001
+1.93016914400e+006, +3.07594763682e+002, +8.38216205044e+001, +2.52158615231e-005, +3.31046422622e+001
+1.94432946100e+006, +3.10272070900e+002, +8.37858630522e+001, +2.52483872692e-005, +3.35852903329e+001
+1.95859366300e+006, +3.12981084395e+002, +8.37478365994e+001, +2.52815140992e-005, +3.40850199661e+001
+1.97296251200e+006, +3.15736219319e+002, +8.37116674924e+001, +2.53165651520e-005, +3.45831887672e+001
+1.98743677500e+006, +3.18527830981e+002, +8.36756980576e+001, +2.53526372875e-005, +3.50877162856e+001
+2.00201722600e+006, +3.21407083366e+002, +8.36399729181e+001, +2.53937369734e-005, +3.56040605664e+001
+2.01670464300e+006, +3.24346619549e+002, +8.36081089073e+001, +2.54377720982e-005, +3.61089532139e+001
+2.03149981200e+006, +3.27288572548e+002, +8.35736709606e+001, +2.54798418454e-005, +3.66319649559e+001
+2.04640352300e+006, +3.30233144241e+002, +8.35379067024e+001, +2.55200451284e-005, +3.71663683037e+001
+2.06141657200e+006, +3.33189185966e+002, +8.35000505669e+001, +2.55590431210e-005, +3.77177944753e+001
+2.07653976100e+006, +3.36129221936e+002, +8.34596725079e+001, +2.55947266155e-005, +3.82859616432e+001
+2.09177389900e+006, +3.38945813435e+002, +8.34161460402e+001, +2.56189931833e-005, +3.88625819657e+001
+2.10711979900e+006, +3.41823654006e+002, +8.33721944875e+001, +2.56460702450e-005, +3.94530190107e+001
+2.12257828200e+006, +3.44769111841e+002, +8.33273610101e+001, +2.56763303707e-005, +4.00609452752e+001
+2.13815017200e+006, +3.47776097408e+002, +8.32822747425e+001, +2.57092690625e-005, +4.06821463613e+001
+2.15383630300e+006, +3.50840534662e+002, +8.32371498133e+001, +2.57445230959e-005, +4.13150227521e+001
+2.16963751200e+006, +3.54047503694e+002, +8.31900528576e+001, +2.57881182489e-005, +4.19816627140e+001
+2.18555464400e+006, +3.57319835471e+002, +8.31391814446e+001, +2.58341711213e-005, +4.26846837627e+001
+2.20158854800e+006, +3.60626572220e+002, +8.30923466181e+001, +2.58808050562e-005, +4.33723584238e+001
+2.21774008300e+006, +3.64002318168e+002, +8.30443221120e+001, +2.59301759290e-005, +4.40812290199e+001
+2.23401011000e+006, +3.67406688406e+002, +8.30013887613e+001, +2.59796955736e-005, +4.47667728737e+001
+2.25039949900e+006, +3.70889343318e+002, +8.29653880178e+001, +2.60329437824e-005, +4.54224141128e+001
+2.26690912500e+006, +3.74409643013e+002, +8.29366033502e+001, +2.60870207621e-005, +4.60402182701e+001
+2.28353987100e+006, +3.77988190125e+002, +8.29014567632e+001, +2.61425596809e-005, +4.67103617002e+001
+2.30029262600e+006, +3.81569854263e+002, +8.28641074045e+001, +2.61959465873e-005, +4.73997874175e+001
+2.31716828400e+006, +3.85155458810e+002, +8.28241869306e+001, +2.62472386407e-005, +4.81114667210e+001
+2.33416774700e+006, +3.88767722904e+002, +8.27787256623e+001, +2.62978202122e-005, +4.88687264638e+001
+2.35129192300e+006, +3.92384771867e+002, +8.27165481897e+001, +2.63455476640e-005, +4.97458052476e+001
+2.36854172800e+006, +3.96073106434e+002, +8.26536210694e+001, +2.63957936223e-005, +5.06448663569e+001
+2.38591808200e+006, +3.99794721173e+002, +8.25908767719e+001, +2.64460220550e-005, +5.15549282205e+001
+2.40342191500e+006, +4.03562999100e+002, +8.25276835498e+001, +2.64970543102e-005, +5.24822144437e+001
+2.42105416200e+006, +4.07384021323e+002, +8.24621736954e+001, +2.65491328017e-005, +5.34409248500e+001
+2.43881576300e+006, +4.11248992577e+002, +8.23942914682e+001, +2.66016338835e-005, +5.44309208894e+001
+2.45670767000e+006, +4.15159778691e+002, +8.23234966977e+001, +2.66546053494e-005, +5.54569507263e+001
+2.47473083700e+006, +4.19141027018e+002, +8.22551968286e+001, +2.67099192785e-005, +5.64838875934e+001
+2.49288622800e+006, +4.23211098209e+002, +8.21890396790e+001, +2.67686498789e-005, +5.75165439820e+001
+2.51117481200e+006, +4.27328570068e+002, +8.21200720260e+001, +2.68277856795e-005, +5.85856954812e+001
+2.52959756700e+006, +4.31567687668e+002, +8.20615654869e+001, +2.68927814089e-005, +5.96033634465e+001
+2.54815547700e+006, +4.35872926868e+002, +8.20045135010e+001, +2.69594908167e-005, +6.06277847375e+001
+2.56684953300e+006, +4.40259214335e+002, +8.19467800003e+001, +2.70286319559e-005, +6.16771748415e+001
+2.58568073500e+006, +4.44679187682e+002, +8.18833843705e+001, +2.70969035276e-005, +6.27835120445e+001
+2.60465008900e+006, +4.49163537946e+002, +8.18186417281e+001, +2.71664316043e-005, +6.39190675471e+001
+2.62375860700e+006, +4.53668237563e+002, +8.17472200591e+001, +2.72341491456e-005, +6.51198286405e+001
+2.64300731100e+006, +4.58094577747e+002, +8.16686914981e+001, +2.72941358677e-005, +6.63764807285e+001
+2.66239723000e+006, +4.62628697011e+002, +8.15870986940e+001, +2.73578056021e-005, +6.76852521692e+001
+2.68192940000e+006, +4.67292477011e+002, +8.15063025875e+001, +2.74266001079e-005, +6.90193874528e+001
+2.70160486300e+006, +4.72070123752e+002, +8.14227455602e+001, +2.74992061432e-005, +7.04058649162e+001
+2.72142467200e+006, +4.76974225483e+002, +8.13375794648e+001, +2.75763133554e-005, +7.18382562379e+001
+2.74138988400e+006, +4.82233800591e+002, +8.12340787035e+001, +2.76696844228e-005, +7.34914789263e+001
+2.76150156800e+006, +4.87583459921e+002, +8.11334294440e+001, +2.77653216502e-005, +7.51531553668e+001
+2.78176079800e+006, +4.92955854949e+002, +8.10349140107e+001, +2.78592960307e-005, +7.68185796856e+001
+2.80216865500e+006, +4.98369475315e+002, +8.09432920388e+001, +2.79530321750e-005, +7.84493077133e+001
+2.82272623100e+006, +5.03810323578e+002, +8.08591362937e+001, +2.80458046480e-005, +8.00364449214e+001
+2.84343462300e+006, +5.09125412877e+002, +8.08029995383e+001, +2.81308236798e-005, +8.13732648073e+001
+2.86429493900e+006, +5.14349026215e+002, +8.07647252161e+001, +2.82094120689e-005, +8.25473088019e+001
+2.88530829200e+006, +5.19727197528e+002, +8.07175835409e+001, +2.82929881531e-005, +8.38324941707e+001
+2.90647580600e+006, +5.25244908976e+002, +8.06596595924e+001, +2.83804154814e-005, +8.52465130638e+001
+2.92779861100e+006, +5.30894861530e+002, +8.05960110810e+001, +2.84715626095e-005, +8.67453783730e+001
+2.94927784700e+006, +5.36728826246e+002, +8.05191592224e+001, +2.85684273614e-005, +8.84087866812e+001
+2.97091466100e+006, +5.42915472651e+002, +8.04001463063e+001, +2.86772518593e-005, +9.05399660120e+001
+2.99271021000e+006, +5.49199600705e+002, +8.02879820131e+001, +2.87883240925e-005, +9.26478475392e+001
+3.01466565700e+006, +5.55538480271e+002, +8.01816796308e+001, +2.88992887552e-005, +9.47329634589e+001
+3.03678217700e+006, +5.62011143713e+002, +8.00775818054e+001, +2.90139030884e-005, +9.68426872768e+001
+3.05906095000e+006, +5.68554946455e+002, +7.99799961092e+001, +2.91292390464e-005, +9.89240103717e+001
+3.08150316700e+006, +5.75214699693e+002, +7.99140018101e+001, +2.92498406243e-005, +1.00735124419e+002
+3.10411002700e+006, +5.81967329996e+002, +7.98491293578e+001, +2.93717546873e-005, +1.02566363396e+002
+3.12688273800e+006, +5.88748719017e+002, +7.97749747261e+001, +2.94907461911e-005, +1.04511489766e+002
+3.14982251600e+006, +5.95647265630e+002, +7.96896923993e+001, +2.96110188836e-005, +1.06608479832e+002
+3.17293058800e+006, +6.02575534260e+002, +7.95672595058e+001, +2.97256498082e-005, +1.09115075180e+002
+3.19620818800e+006, +6.09457904044e+002, +7.94447381050e+001, +2.98343832946e-005, +1.11642809881e+002
+3.21965656000e+006, +6.16302286478e+002, +7.93017757770e+001, +2.99356933396e-005, +1.14407990493e+002
+3.24327695600e+006, +6.23363965752e+002, +7.91606932912e+001, +3.00441108329e-005, +1.17226804347e+002
+3.26707063800e+006, +6.30631427183e+002, +7.90157885168e+001, +3.01583126132e-005, +1.20159559488e+002
+3.29103887900e+006, +6.38175262766e+002, +7.88699826891e+001, +3.02817476347e-005, +1.23190825677e+002
+3.31518295800e+006, +6.46018084840e+002, +7.87212878194e+001, +3.04150054648e-005, +1.26349373836e+002
+3.33950416500e+006, +6.54400962586e+002, +7.85710126798e+001, +3.05691908028e-005, +1.29671682742e+002
+3.36400380000e+006, +6.62879320096e+002, +7.84233186977e+001, +3.07236049743e-005, +1.33026110931e+002
+3.38868317200e+006, +6.71537986441e+002, +7.82735041256e+001, +3.08815885271e-005, +1.36483451343e+002
+3.41354360000e+006, +6.80365776904e+002, +7.81250295871e+001, +3.10428718785e-005, +1.40003428005e+002
+3.43858641100e+006, +6.89263743149e+002, +7.79807119935e+001, +3.12031842605e-005, +1.43532944859e+002
+3.46381294400e+006, +6.98184518502e+002, +7.78509673456e+001, +3.13616323420e-005, +1.46936600609e+002
+3.48922454700e+006, +7.07233794425e+002, +7.77227460822e+001, +3.15214796395e-005, +1.50387953815e+002
+3.51482257700e+006, +7.16521037927e+002, +7.75874655232e+001, +3.16864533435e-005, +1.54015470952e+002
+3.54060840200e+006, +7.26006040896e+002, +7.74480442243e+001, +3.18549178048e-005, +1.57779138993e+002
+3.56658340000e+006, +7.35709580151e+002, +7.73035179482e+001, +3.20274837883e-005, +1.61698891155e+002
+3.59274895900e+006, +7.45652778283e+002, +7.71508338921e+001, +3.22044732465e-005, +1.65822143581e+002
+3.61910647600e+006, +7.55829881779e+002, +7.69956438439e+001, +3.23861361571e-005, +1.70080720681e+002
+3.64565736100e+006, +7.66267961032e+002, +7.68308515179e+001, +3.25724845804e-005, +1.74576226690e+002
+3.67240303000e+006, +7.77013857725e+002, +7.66534441305e+001, +3.27648105032e-005, +1.79366205864e+002
+3.69934491400e+006, +7.88082292945e+002, +7.64638284994e+001, +3.29634361340e-005, +1.84457899894e+002
+3.72648445300e+006, +7.99449427339e+002, +7.62588763764e+001, +3.31665631709e-005, +1.89897545277e+002
+3.75382309500e+006, +8.11335244291e+002, +7.59894160884e+001, +3.33757305170e-005, +1.96425178219e+002
+3.78136230200e+006, +8.23486872736e+002, +7.57355916749e+001, +3.35913939608e-005, +2.02904711755e+002
+3.80910354500e+006, +8.35977500495e+002, +7.54883787975e+001, +3.38151052120e-005, +2.09476204626e+002
+3.83704830600e+006, +8.48779669517e+002, +7.52565902748e+001, +3.40469401640e-005, +2.16006544948e+002
+3.86519807900e+006, +8.61936279111e+002, +7.50376828643e+001, +3.42881259793e-005, +2.22537905775e+002
+3.89355436700e+006, +8.75781677630e+002, +7.48818139705e+001, +3.45599012353e-005, +2.28413444689e+002
+3.92211868600e+006, +8.89936137858e+002, +7.47338037148e+001, +3.48382509347e-005, +2.34323681286e+002
+3.95089256100e+006, +9.04346325532e+002, +7.45754603326e+001, +3.51178908716e-005, +2.40528099834e+002
+3.97987753100e+006, +9.18987993107e+002, +7.44042400450e+001, +3.53971933607e-005, +2.47068583169e+002
+4.00907514300e+006, +9.33849153739e+002, +7.42258402649e+001, +3.56764403317e-005, +2.53863401025e+002
+4.03848695800e+006, +9.48374201404e+002, +7.40403433621e+001, +3.59343989268e-005, +2.60765387355e+002
+4.06811454700e+006, +9.62676955988e+002, +7.38512391987e+001, +3.61763091475e-005, +2.67751470186e+002
+4.09795949300e+006, +9.77672136826e+002, +7.36348265986e+001, +3.64320900104e-005, +2.75467235763e+002
+4.12802339100e+006, +9.93328283812e+002, +7.33964942219e+001, +3.67007196000e-005, +2.83840581196e+002
+4.15830784700e+006, +1.00967595264e+003, +7.31318622260e+001, +3.69816379542e-005, +2.92977735722e+002
+4.18881447900e+006, +1.02692728882e+003, +7.28217346822e+001, +3.72777425041e-005, +3.03298509462e+002
+4.21954491800e+006, +1.04600986638e+003, +7.23814063690e+001, +3.76032469516e-005, +3.16605434083e+002
+4.25050080400e+006, +1.06543867322e+003, +7.19532622507e+001, +3.79314586243e-005, +3.30065117441e+002
+4.28168379200e+006, +1.08541669832e+003, +7.15406807694e+001, +3.82702831586e-005, +3.43676850312e+002
+4.31309554800e+006, +1.10568902956e+003, +7.11448986098e+001, +3.86109729288e-005, +3.57332090703e+002
+4.34473775100e+006, +1.12650956111e+003, +7.07682254804e+001, +3.89630200059e-005, +3.71061343611e+002
+4.37661209000e+006, +1.14698028299e+003, +7.05266291191e+001, +3.93238475907e-005, +3.82367343832e+002
+4.40872027000e+006, +1.16791116168e+003, +7.02954839762e+001, +3.96928127802e-005, +3.93783979916e+002
+4.44106400500e+006, +1.18993586144e+003, +7.00240616223e+001, +4.00782553458e-005, +4.06512415787e+002
+4.47364502400e+006, +1.21288608288e+003, +6.97132483548e+001, +4.04731651772e-005, +4.20530378896e+002
+4.50646506700e+006, +1.23700346218e+003, +6.93594170712e+001, +4.08830004042e-005, +4.36049381467e+002
+4.53952588800e+006, +1.26297535942e+003, +6.89028753010e+001, +4.13116875314e-005, +4.54607966506e+002
+4.57282925400e+006, +1.29072398281e+003, +6.83388847008e+001, +4.17506639772e-005, +4.76427004560e+002
+4.60637694300e+006, +1.31918512289e+003, +6.77747786184e+001, +4.21928268560e-005, +4.98979549728e+002
+4.64017074900e+006, +1.34847589572e+003, +6.72099352705e+001, +4.26410079617e-005, +5.22339860418e+002
+4.67421247600e+006, +1.37833727123e+003, +6.66452884944e+001, +4.30865928963e-005, +5.46403690217e+002
+4.70850394400e+006, +1.40884797677e+003, +6.60920559555e+001, +4.35352943417e-005, +5.70961486425e+002
+4.74304698500e+006, +1.43844326060e+003, +6.56407249559e+001, +4.39706495240e-005, +5.93296028810e+002
+4.77784344400e+006, +1.46936674730e+003, +6.51480896788e+001, +4.44135820280e-005, +6.17537172327e+002
+4.81289518100e+006, +1.50204907969e+003, +6.46200598069e+001, +4.48765018865e-005, +6.43806535200e+002
+4.84820406800e+006, +1.53636063324e+003, +6.40526872733e+001, +4.53510297222e-005, +6.72226084807e+002
+4.88377199200e+006, +1.57239839461e+003, +6.34344070348e+001, +4.58321555938e-005, +7.03211238439e+002
+4.91960085400e+006, +1.61142845008e+003, +6.27281491860e+001, +4.63368046716e-005, +7.38377343664e+002
+4.95569256700e+006, +1.65229998486e+003, +6.19613612133e+001, +4.68364261429e-005, +7.76691520068e+002
+4.99204906000e+006, +1.69500697680e+003, +6.11745368164e+001, +4.73437589518e-005, +8.17235870126e+002
+5.02867227500e+006, +1.73990722640e+003, +6.03407713930e+001, +4.78524965818e-005, +8.60976438608e+002
+5.06556417000e+006, +1.78678859632e+003, +5.94686794798e+001, +4.83555069814e-005, +9.07705212295e+002
+5.10272671500e+006, +1.83705111897e+003, +5.85675835527e+001, +4.88898108356e-005, +9.58008316458e+002
+5.14016189600e+006, +1.89096836495e+003, +5.76261551756e+001, +4.94497957587e-005, +1.01250257583e+003
+5.17787171300e+006, +1.94647382426e+003, +5.66271103514e+001, +4.99643430039e-005, +1.07072733397e+003
+5.21585818100e+006, +2.00304581020e+003, +5.55612607925e+001, +5.04077980767e-005, +1.13277199213e+003
+5.25412333000e+006, +2.06094383660e+003, +5.44370234153e+001, +5.07844986507e-005, +1.19863965690e+003
+5.29266920300e+006, +2.11934139467e+003, +5.32332415988e+001, +5.10530304469e-005, +1.26855072412e+003
+5.33149786100e+006, +2.17157449452e+003, +5.19648398206e+001, +5.10586604676e-005, +1.33800461656e+003
+5.37061137800e+006, +2.22697038612e+003, +5.06288369799e+001, +5.10176064902e-005, +1.41265977044e+003
+5.41001184300e+006, +2.28523431319e+003, +4.92241239911e+001, +5.09100432116e-005, +1.49249068577e+003
+5.44970136300e+006, +2.34689653224e+003, +4.77471940454e+001, +5.07319746924e-005, +1.57806040377e+003
+5.48968205700e+006, +2.41242250150e+003, +4.61826002873e+001, +5.04652864644e-005, +1.67027045863e+003
+5.52995606200e+006, +2.48402874367e+003, +4.45238212395e+001, +5.01303264720e-005, +1.77101059476e+003
+5.57052553000e+006, +2.55944787356e+003, +4.27615167990e+001, +4.96485968773e-005, +1.87911092840e+003
+5.61139262800e+006, +2.63766635058e+003, +4.08819039495e+001, +4.89643899766e-005, +1.99423460649e+003
+5.65255953900e+006, +2.71883341108e+003, +3.88933474416e+001, +4.80650257526e-005, +2.11611169600e+003
+5.69402846400e+006, +2.80279358963e+003, +3.67679810929e+001, +4.68933148148e-005, +2.24522265377e+003
+5.73580161700e+006, +2.89278030372e+003, +3.44996118865e+001, +4.54637450707e-005, +2.38402710506e+003
+5.77788123100e+006, +2.98956818102e+003, +3.20634676904e+001, +4.37158198536e-005, +2.53354116588e+003
+5.82026955500e+006, +3.08341351965e+003, +2.94735566286e+001, +4.14851979201e-005, +2.68436698663e+003
+5.86296885200e+006, +3.17128568405e+003, +2.67554222747e+001, +3.87549295754e-005, +2.83175624338e+003
+5.90598140400e+006, +3.25310010067e+003, +2.39335177445e+001, +3.55635556376e-005, +2.97338812135e+003
+5.94930951000e+006, +3.32487480309e+003, +2.09920974778e+001, +3.18641215091e-005, +3.10420234881e+003
+5.99295548400e+006, +3.37207349376e+003, +1.82038490931e+001, +2.79759845696e-005, +3.20330481315e+003
+6.03692165900e+006, +3.41417378858e+003, +1.52760585271e+001, +2.37149030121e-005, +3.29354281955e+003
+6.08121038200e+006, +3.44959030857e+003, +1.22366724672e+001, +1.91351454329e-005, +3.37121711571e+003
+6.12582402200e+006, +3.47626063958e+003, +9.07225349904e+000, +1.42411222956e-005, +3.43277359868e+003
+6.17076496100e+006, +3.49474426306e+003, +5.80808678123e+000, +9.12143022997e-006, +3.47680376881e+003
+6.21603560100e+006, +3.50353315630e+003, +2.31037552819e+000, +3.61622224816e-006, +3.50068517407e+003
+6.26163836000e+006, +3.49971218272e+003, -1.27450207581e+000, -1.97854794347e-006, +3.49884637739e+003
+6.30757567600e+006, +3.48355133077e+003, -4.78768112562e+000, -7.33629759405e-006, +3.47139661879e+003
+6.35385000100e+006, +3.45519484885e+003, -8.24050932330e+000, -1.24047738389e-005, +3.41952045223e+003
+6.40046380900e+006, +3.41692449374e+003, -1.15952899542e+001, -1.70779010697e-005, +3.34719113349e+003
+6.44741959100e+006, +3.36878499899e+003, -1.48049831340e+001, -2.12495198282e-005, +3.25694527276e+003
+6.49471985500e+006, +3.31352733722e+003, -1.78727536941e+001, -2.49202793377e-005, +3.15361801874e+003
+6.54236712800e+006, +3.25166391724e+003, -2.08342473501e+001, -2.81340867147e-005, +3.03904818704e+003
+6.59036395600e+006, +3.18501757730e+003, -2.36988383337e+001, -3.09152054439e-005, +2.91642741021e+003
+6.63871290400e+006, +3.11379186655e+003, -2.64585323440e+001, -3.32600013303e-005, +2.78764415680e+003
+6.68741655400e+006, +3.04022232974e+003, -2.91024299992e+001, -3.51913604445e-005, +2.65639911293e+003
+6.73647751000e+006, +2.96692129302e+003, -3.16724456100e+001, -3.68047804108e-005, +2.52503906706e+003
+6.78589839200e+006, +2.89095311980e+003, -3.41259036724e+001, -3.80388160284e-005, +2.39315060093e+003
+6.83568184100e+006, +2.81351867287e+003, -3.64360926965e+001, -3.89063316533e-005, +2.26353154057e+003
+6.88583051600e+006, +2.73566133007e+003, -3.86251134856e+001, -3.94698308970e-005, +2.13722705068e+003
+6.93634709800e+006, +2.65750840964e+003, -4.06896950490e+001, -3.97544977496e-005, +2.01506002303e+003
+6.98723428500e+006, +2.58242518072e+003, -4.26517254130e+001, -3.98545269681e-005, +1.89933683819e+003
+7.03849479700e+006, +2.50821511731e+003, -4.45011376307e+001, -3.97535295477e-005, +1.78895065223e+003
+7.09013137100e+006, +2.43404582719e+003, -4.62214344759e+001, -3.94496625335e-005, +1.68405086454e+003
+7.14214676700e+006, +2.36010100332e+003, -4.78451146215e+001, -3.89884030279e-005, +1.58395127837e+003
+7.19454376400e+006, +2.28739167972e+003, -4.93504739709e+001, -3.83912594189e-005, +1.49007620769e+003
+7.24732516200e+006, +2.21372177289e+003, -5.07015699553e+001, -3.76206637339e-005, +1.40208208818e+003
+7.30049378000e+006, +2.13905349729e+003, -5.19182560850e+001, -3.67059850651e-005, +1.31933633308e+003
+7.35405246000e+006, +2.06998164394e+003, -5.30656147380e+001, -3.58082299294e-005, +1.24385204592e+003
+7.40800406200e+006, +2.00542882799e+003, -5.41659368072e+001, -3.49297010935e-005, +1.17405777393e+003
+7.46235147100e+006, +1.94519459224e+003, -5.52260574376e+001, -3.40774250894e-005, +1.10942240007e+003
+7.51709758900e+006, +1.88921230173e+003, -5.62512545017e+001, -3.32585601319e-005, +1.04955572499e+003
+7.57224534100e+006, +1.84093837221e+003, -5.73188406371e+001, -3.25676212634e-005, +9.94039667234e+002
+7.62779767400e+006, +1.79363681790e+003, -5.83261709450e+001, -3.18501207745e-005, +9.41808151022e+002
+7.68375755600e+006, +1.74743865469e+003, -5.92728369297e+001, -3.11135770511e-005, +8.92854660617e+002
+7.74012797800e+006, +1.70246162801e+003, -6.01712214830e+001, -3.03687332878e-005, +8.46821028850e+002
+7.79691195000e+006, +1.65904580888e+003, -6.10174502018e+001, -2.96243227503e-005, +8.03879399270e+002
+7.85411250700e+006, +1.61607831220e+003, -6.17955963807e+001, -2.88597781088e-005, +7.63788505196e+002
+7.91173270500e+006, +1.57447802363e+003, -6.25340884355e+001, -2.81027268322e-005, +7.26182013051e+002
+7.96977562200e+006, +1.53446131972e+003, -6.32346340354e+001, -2.73597720264e-005, +6.91026103547e+002
+8.02824436100e+006, +1.49600051989e+003, -6.39063065718e+001, -2.66344897444e-005, +6.58001348733e+002
+8.08714204400e+006, +1.45889799195e+003, -6.45425250060e+001, -2.59233924206e-005, +6.27094285930e+002
+8.14647181800e+006, +1.42279687084e+003, -6.51363290099e+001, -2.52202595233e-005, +5.98230036927e+002
+8.20623685400e+006, +1.38766343026e+003, -6.56903963891e+001, -2.45266332837e-005, +5.71255404181e+002
+8.26644034500e+006, +1.35409374764e+003, -6.62293722801e+001, -2.38588993892e-005, +5.45802956396e+002
+8.32708550800e+006, +1.32206822414e+003, -6.67485598466e+001, -2.32163058275e-005, +5.21908841146e+002
+8.38817558200e+006, +1.29129399575e+003, -6.72480435553e+001, -2.25942072103e-005, +4.99398205208e+002
+8.44971383200e+006, +1.26211344251e+003, -6.77397939613e+001, -2.20008923188e-005, +4.78105581437e+002
+8.51170354500e+006, +1.23436999413e+003, -6.82203636145e+001, -2.14331489692e-005, +4.57997947973e+002
+8.57414803400e+006, +1.20748887092e+003, -6.86793207374e+001, -2.08796469962e-005, +4.39027828387e+002
+8.63705063500e+006, +1.18170706799e+003, -6.91272381757e+001, -2.03462897963e-005, +4.21034951486e+002
+8.70041470900e+006, +1.15680465259e+003, -6.95614176250e+001, -1.98290360877e-005, +4.03959798627e+002
+8.76424364200e+006, +1.13271698015e+003, -6.99860220076e+001, -1.93274402338e-005, +3.87671686923e+002
+8.82854084300e+006, +1.10970785967e+003, -7.04311465187e+001, -1.88495613074e-005, +3.71684894701e+002
+8.89330974900e+006, +1.08743784706e+003, -7.08700488085e+001, -1.83861502573e-005, +3.56366239659e+002
+8.95855381900e+006, +1.06591565481e+003, -7.12771497083e+001, -1.79346457462e-005, +3.42149038490e+002
+9.02427654000e+006, +1.04501589969e+003, -7.16505646877e+001, -1.74931255171e-005, +3.28983035243e+002
+9.09048142300e+006, +1.02479334489e+003, -7.19931398147e+001, -1.70631406601e-005, +3.16795252988e+002
+9.15717200500e+006, +1.00521799720e+003, -7.22937443009e+001, -1.66434166505e-005, +3.05724059515e+002
+9.22435185100e+006, +9.86260347454e+002, -7.25443712587e+001, -1.62330918676e-005, +2.95845683471e+002
+9.29202454800e+006, +9.67863292162e+002, -7.27893536225e+001, -1.58353896515e-005, +2.86376761904e+002
+9.36019371300e+006, +9.49904074084e+002, -7.30302763203e+001, -1.54483271129e-005, +2.77245017814e+002
+9.42886298900e+006, +9.32473676107e+002, -7.32664895855e+001, -1.50732233166e-005, +2.68478445118e+002
+9.49803604300e+006, +9.15392134188e+002, -7.34943902001e+001, -1.47067889870e-005, +2.60071346047e+002
+9.56771657200e+006, +8.98674263562e+002, -7.37022160107e+001, -1.43483574071e-005, +2.52194587095e+002
+9.63790830000e+006, +8.82360183058e+002, -7.39130868546e+001, -1.40002385259e-005, +2.44497767648e+002
+9.70861497500e+006, +8.66622989472e+002, -7.41258605371e+001, -1.36649208211e-005, +2.37043146272e+002
+9.77984037600e+006, +8.51251533438e+002, -7.43378845661e+001, -1.33387193674e-005, +2.29807137080e+002
+9.85158830900e+006, +8.36375463493e+002, -7.45549051816e+001, -1.30238947372e-005, +2.22739188868e+002
+9.92386260800e+006, +8.22065253420e+002, -7.47975741601e+001, -1.27225867571e-005, +2.15570201111e+002
+9.99666713200e+006, +8.08152300051e+002, -7.50421564612e+001, -1.24304653245e-005, +2.08590797545e+002
+1.00700057730e+007, +7.94512850655e+002, -7.52712483816e+001, -1.21445328843e-005, +2.01999567167e+002
+1.01438824490e+007, +7.81100660038e+002, -7.54843054422e+001, -1.18640709909e-005, +1.95779124370e+002
+1.02183011080e+007, +7.67973469168e+002, -7.56857556823e+001, -1.15902003831e-005, +1.89873693185e+002
+1.02932657240e+007, +7.54932265303e+002, -7.58623353981e+001, -1.13192474015e-005, +1.84394112113e+002
+1.03687803040e+007, +7.41851270386e+002, -7.60027101065e+001, -1.10488872933e-005, +1.79436017926e+002
+1.04448488830e+007, +7.29267755979e+002, -7.61496142631e+001, -1.07892257743e-005, +1.74577495826e+002
+1.05214755240e+007, +7.17130869143e+002, -7.62993758429e+001, -1.05391481403e-005, +1.69851535396e+002
+1.05986643210e+007, +7.05445326741e+002, -7.64529781650e+001, -1.02985989793e-005, +1.65245838044e+002
+1.06764194000e+007, +6.94143274154e+002, -7.66055023355e+001, -1.00662184899e-005, +1.60801401296e+002
+1.07547449140e+007, +6.83688402568e+002, -7.67911345237e+001, -9.84994074771e-006, +1.56223833002e+002
+1.08336450480e+007, +6.73376411603e+002, -7.69681298964e+001, -9.63765818380e-006, +1.51841668128e+002
+1.09131240180e+007, +6.63196734417e+002, -7.71319271148e+001, -9.42902976437e-006, +1.47698496775e+002
+1.09931860700e+007, +6.53162306339e+002, -7.72838017125e+001, -9.22428326398e-006, +1.43775388167e+002
+1.10738354830e+007, +6.43211472660e+002, -7.74227479064e+001, -9.02250496608e-006, +1.40063003081e+002
+1.11550765640e+007, +6.33043416260e+002, -7.75262504387e+001, -8.81874225309e-006, +1.36732500181e+002
+1.12369136550e+007, +6.23204043516e+002, -7.76291329279e+001, -8.62185478237e-006, +1.33514421163e+002
+1.13193511280e+007, +6.13656102550e+002, -7.77325877687e+001, -8.43125573708e-006, +1.30386361705e+002
+1.14023933880e+007, +6.04315755899e+002, -7.78347926183e+001, -8.24563983376e-006, +1.27348200064e+002
+1.14860448710e+007, +5.95197917450e+002, -7.79360126283e+001, -8.06514247162e-006, +1.24398713816e+002
+1.15703100480e+007, +5.86440204804e+002, -7.80450426668e+001, -7.89179319168e-006, +1.21476785665e+002
+1.16551934200e+007, +5.78031370199e+002, -7.81628142645e+001, -7.72532813916e-006, +1.18572330396e+002
+1.17406995230e+007, +5.69713524966e+002, -7.82736031548e+001, -7.56175715605e-006, +1.15787672897e+002
+1.18268329250e+007, +5.61544496167e+002, -7.83762004466e+001, -7.40178692839e-006, +1.13142680676e+002
+1.19135982280e+007, +5.53530578195e+002, -7.84763627907e+001, -7.24561101882e-006, +1.10580011721e+002
+1.20010000690e+007, +5.45633894106e+002, -7.85681994235e+001, -7.09253672505e-006, +1.08145393342e+002
+1.20890431160e+007, +5.37853179896e+002, -7.86551243924e+001, -6.94260120279e-006, +1.05803319299e+002
+1.21777320740e+007, +5.30158212702e+002, -7.87376244770e+001, -6.79539146228e-006, +1.03541044522e+002
+1.22670716820e+007, +5.22605874593e+002, -7.88127682882e+001, -6.65153410102e-006, +1.01393766453e+002
+1.23570667130e+007, +5.15182033336e+002, -7.88842344238e+001, -6.51089271277e-006, +9.93229606163e+001
+1.24477219760e+007, +5.07841544442e+002, -7.89465980863e+001, -6.37273966558e-006, +9.73653246143e+001
+1.25390423130e+007, +5.00535767657e+002, -7.90023546245e+001, -6.23649999216e-006, +9.54865348322e+001
+1.26310326040e+007, +4.93403051285e+002, -7.90532470218e+001, -6.10390746623e-006, +9.36955874171e+001
+1.27236977650e+007, +4.86387471936e+002, -7.91065393538e+001, -5.97436755080e-006, +9.19191424123e+001
+1.28170427460e+007, +4.79508307817e+002, -7.91568512238e+001, -5.84796041450e-006, +9.02055873280e+001
+1.29110725350e+007, +4.72811919972e+002, -7.92099031487e+001, -5.72531053661e-006, +8.85158432960e+001
+1.30057921550e+007, +4.66196686072e+002, -7.92646494465e+001, -5.60511082909e-006, +8.68397788211e+001
+1.31012066680e+007, +4.59765701602e+002, -7.93195906652e+001, -5.48852758984e-006, +8.52086662062e+001
+1.31973211710e+007, +4.53405407293e+002, -7.93736122345e+001, -5.37413429887e-006, +8.36097821956e+001
+1.32941408000e+007, +4.47121464028e+002, -7.94227559550e+001, -5.26189981029e-006, +8.20740394861e+001
+1.33916707280e+007, +4.41285345645e+002, -7.93742985728e+001, -5.15458048192e-006, +8.13695985918e+001
+1.34899161650e+007, +4.35149151739e+002, -7.94176032445e+001, -5.04660049093e-006, +7.99148589619e+001
+1.35888823610e+007, +4.29052139900e+002, -7.94567327484e+001, -4.94028127101e-006, +7.85070957195e+001
+1.36885746040e+007, +4.23023214853e+002, -7.94905821253e+001, -4.83591870869e-006, +7.71582260285e+001
+1.37889982200e+007, +4.17110482174e+002, -7.95259946119e+001, -4.73414019709e-006, +7.58262694161e+001
+1.38901585740e+007, +4.11310959928e+002, -7.95596548914e+001, -4.63482024215e-006, +7.45343530087e+001
+1.39920610730e+007, +4.05633340488e+002, -7.95920456977e+001, -4.53802555015e-006, +7.32799716303e+001
+1.40947111590e+007, +4.00178029039e+002, -7.96349681053e+001, -4.44499910905e-006, +7.19995626042e+001
+1.41981143180e+007, +3.94785701735e+002, -7.96738600836e+001, -4.35370681881e-006, +7.07657602496e+001
+1.43022760750e+007, +3.89452874220e+002, -7.97101741082e+001, -4.26410855182e-006, +6.95669941358e+001
+1.44072019950e+007, +3.84122604978e+002, -7.97369028141e+001, -4.17547077707e-006, +6.84385413224e+001
+1.45128976840e+007, +3.78792221635e+002, -7.97593991215e+001, -4.08783151677e-006, +6.73424825037e+001
+1.46193687880e+007, +3.73421288988e+002, -7.97698574489e+001, -4.00065254559e-006, +6.63205500229e+001
+1.47266209980e+007, +3.68001369760e+002, -7.97623292681e+001, -3.91377996677e-006, +6.54055418962e+001
+1.48346600440e+007, +3.62679064497e+002, -7.97593412058e+001, -3.82904859477e-006, +6.44782121028e+001
+1.49434916970e+007, +3.57462970414e+002, -7.97561777300e+001, -3.74645594582e-006, +6.35703007938e+001
+1.50531217720e+007, +3.52673192667e+002, -7.97617292907e+001, -3.66940065303e-006, +6.26848718007e+001
+1.51635561280e+007, +3.47619351797e+002, -7.97618932413e+001, -3.59047879433e-006, +6.17856126748e+001
+1.52748006650e+007, +3.42739137576e+002, -7.97794958801e+001, -3.51448512501e-006, +6.08145829485e+001
+1.53868613250e+007, +3.37910205244e+002, -7.97908721928e+001, -3.43985683786e-006, +5.98917219687e+001
+1.54997440980e+007, +3.33106631088e+002, -7.97922076342e+001, -3.36627562842e-006, +5.90326880427e+001
+1.56134550130e+007, +3.28358875427e+002, -7.97888444026e+001, -3.29409465799e-006, +5.82102667743e+001
+1.57280001470e+007, +3.23692785752e+002, -7.97785148018e+001, -3.22353014742e-006, +5.74405112588e+001
+1.58433856190e+007, +3.18989793153e+002, -7.97408995309e+001, -3.15318539765e-006, +5.68120316042e+001
+1.59596175950e+007, +3.14337454785e+002, -7.97005297762e+001, -3.08417397997e-006, +5.62013735744e+001
+1.60767022850e+007, +3.09702099745e+002, -7.96642076554e+001, -3.01621487202e-006, +5.55657620200e+001
+1.61946459440e+007, +3.05153982665e+002, -7.96265140169e+001, -2.94992162101e-006, +5.49472380258e+001
+1.63134548740e+007, +3.00668657984e+002, -7.95868557184e+001, -2.88502758760e-006, +5.43442912233e+001
+1.64331354230e+007, +2.96170430321e+002, -7.95506044330e+001, -2.82083986584e-006, +5.37155513373e+001
+1.65536939860e+007, +2.91743400591e+002, -7.95235114301e+001, -2.75819752727e-006, +5.30482946731e+001
+1.66751370030e+007, +2.87387559921e+002, -7.94897271034e+001, -2.69693431736e-006, +5.24228867316e+001
+1.67974709640e+007, +2.83082605990e+002, -7.94479813628e+001, -2.63683088533e-006, +5.18403922178e+001
+1.69207024050e+007, +2.78814270949e+002, -7.94000959896e+001, -2.57775616030e-006, +5.12878025750e+001
+1.70448379100e+007, +2.74819116860e+002, -7.93537984530e+001, -2.52193253761e-006, +5.07711552861e+001
+1.71698841120e+007, +2.70693489435e+002, -7.92846764546e+001, -2.46542065955e-006, +5.03298794059e+001
+1.72958476900e+007, +2.66576036535e+002, -7.92090904076e+001, -2.40963371908e-006, +4.99098223839e+001
+1.74227353770e+007, +2.62480830622e+002, -7.91323412159e+001, -2.35473341093e-006, +4.94884339287e+001
+1.75505539510e+007, +2.58407044293e+002, -7.90522101003e+001, -2.30068396709e-006, +4.90752239768e+001
+1.76793102420e+007, +2.54362179676e+002, -7.89703938732e+001, -2.24755458409e-006, +4.86636057893e+001
+1.78090111280e+007, +2.50323924518e+002, -7.88883372454e+001, -2.19514839413e-006, +4.82428543017e+001
+1.79396635410e+007, +2.46303343040e+002, -7.88036751788e+001, -2.14353615661e-006, +4.78250719527e+001
+1.80712744590e+007, +2.42319637648e+002, -7.87119629249e+001, -2.09284204146e-006, +4.74319839232e+001
+1.82038509170e+007, +2.38364479420e+002, -7.86146663411e+001, -2.04299372492e-006, +4.70546756938e+001
+1.83373999960e+007, +2.34445736485e+002, -7.85117946248e+001, -1.99404795556e-006, +4.66936682607e+001
+1.84719288320e+007, +2.30555905952e+002, -7.84012055268e+001, -1.94591477553e-006, +4.63549503555e+001
+1.86074446140e+007, +2.26714781377e+002, -7.82855026676e+001, -1.89876834731e-006, +4.60310487575e+001
+1.87439545810e+007, +2.22888194436e+002, -7.81592100521e+001, -1.85227356289e-006, +4.57350692302e+001
+1.88814660280e+007, +2.19076216734e+002, -7.80267663789e+001, -1.80645489268e-006, +4.54483941726e+001
+1.90199863010e+007, +2.15275495947e+002, -7.78830325068e+001, -1.76124399687e-006, +4.51880731486e+001
+1.91595228010e+007, +2.11485736666e+002, -7.77298183342e+001, -1.71664529045e-006, +4.49453453911e+001
+1.93000829850e+007, +2.07709275076e+002, -7.75604799119e+001, -1.67262943809e-006, +4.47424350344e+001
+1.94416743610e+007, +2.03943856933e+002, -7.73838489105e+001, -1.62923034253e-006, +4.45450773791e+001
+1.95843044960e+007, +2.00192059471e+002, -7.71976527313e+001, -1.58644829038e-006, +4.43602475459e+001
+1.97279810090e+007, +1.96470105732e+002, -7.70025869491e+001, -1.54440937311e-006, +4.41875139655e+001
+1.98727115780e+007, +1.92756202925e+002, -7.67979215905e+001, -1.50293024300e-006, +4.40228541336e+001
+2.00185039350e+007, +1.89041308081e+002, -7.65831808844e+001, -1.46193353761e-006, +4.38639070648e+001
+2.01653658700e+007, +1.85346348816e+002, -7.63572636234e+001, -1.42157050455e-006, +4.37170917200e+001
+2.03133052290e+007, +1.81669428430e+002, -7.61171745245e+001, -1.38180253909e-006, +4.35892280921e+001
+2.04623299170e+007, +1.78014088086e+002, -7.58635551363e+001, -1.34265480175e-006, +4.34767156551e+001
+2.06124478970e+007, +1.74376975727e+002, -7.55969979965e+001, -1.30409963553e-006, +4.33746397743e+001
+2.07636671880e+007, +1.70755622170e+002, -7.53123204795e+001, -1.26608330681e-006, +4.32950784898e+001
+2.09159958710e+007, +1.67166484468e+002, -7.50142121858e+001, -1.22874969353e-006, +4.32258159047e+001
+2.10694420840e+007, +1.63583719384e+002, -7.46946125540e+001, -1.19185682132e-006, +4.31801711653e+001
+2.12240140260e+007, +1.60011433649e+002, -7.43565731471e+001, -1.15545005903e-006, +4.31470453601e+001
+2.13797199550e+007, +1.56459217811e+002, -7.39968654989e+001, -1.11957733428e-006, +4.31342329181e+001
+2.15365681920e+007, +1.52914115880e+002, -7.36133266419e+001, -1.08413083653e-006, +4.31398732843e+001
+2.16945671150e+007, +1.49395126551e+002, -7.32039843854e+001, -1.04923216231e-006, +4.31699961531e+001
+2.18537251680e+007, +1.45885506786e+002, -7.27685089704e+001, -1.01475869771e-006, +4.32161082614e+001
+2.20140508530e+007, +1.42383436225e+002, -7.23057466926e+001, -9.80690890071e-007, +4.32756668838e+001
+2.21755527370e+007, +1.38874286784e+002, -7.18109650400e+001, -9.46903377148e-007, +4.33500406428e+001
+2.23382394490e+007, +1.35370836365e+002, -7.12823851067e+001, -9.13476727025e-007, +4.34410677478e+001
+2.25021196800e+007, +1.31857067217e+002, -7.07150123044e+001, -8.80279030800e-007, +4.35480501728e+001
+2.26672021880e+007, +1.28347139975e+002, -7.01088425072e+001, -8.47410064797e-007, +4.36681160989e+001
+2.28334957920e+007, +1.24851264864e+002, -6.94596254145e+001, -8.14917703852e-007, +4.38062310154e+001
+2.30010093780e+007, +1.21370488589e+002, -6.87619604770e+001, -7.82782594756e-007, +4.39656674302e+001
+2.31697518950e+007, +1.17908187592e+002, -6.80139582326e+001, -7.51019656766e-007, +4.41425503306e+001
+2.33397323590e+007, +1.14461911479e+002, -6.72099625019e+001, -7.19587226860e-007, +4.43374267376e+001
+2.35109598520e+007, +1.11046151768e+002, -6.63468204347e+001, -6.88564093101e-007, +4.45516483351e+001
+2.36834435240e+007, +1.07652067986e+002, -6.54124404302e+001, -6.57835786169e-007, +4.47922345059e+001
+2.38571925880e+007, +1.04275544273e+002, -6.44011613523e+001, -6.27355013577e-007, +4.50540705021e+001
+2.40322163300e+007, +1.00920284681e+002, -6.33027401210e+001, -5.97100257818e-007, +4.53410894111e+001
+2.42085241000e+007, +9.75975638679e+001, -6.21099826912e+001, -5.67110853731e-007, +4.56537812433e+001
+2.43861253180e+007, +9.43035541287e+001, -6.08105242528e+001, -5.37310642059e-007, +4.59917782870e+001
+2.45650294740e+007, +9.10502361145e+001, -5.93940173087e+001, -5.07726820026e-007, +4.63565241354e+001
+2.47452461260e+007, +8.78453506846e+001, -5.78474600437e+001, -4.78346919261e-007, +4.67491137971e+001
+2.49267849030e+007, +8.47008253234e+001, -5.61592679226e+001, -4.49187404427e-007, +4.71687232160e+001
+2.51096555050e+007, +8.16158995029e+001, -5.43110273695e+001, -4.20160189257e-007, +4.76134836786e+001
+2.52938677010e+007, +7.86193222940e+001, -5.22896749218e+001, -3.91356797065e-007, +4.80890505179e+001
+2.54794313360e+007, +7.57158733923e+001, -5.00737201025e+001, -3.62693331621e-007, +4.85945565960e+001
+2.56663563230e+007, +7.29282567914e+001, -4.76446872466e+001, -3.34183525056e-007, +4.91336796542e+001
+2.58546526490e+007, +7.02675943460e+001, -4.49770483772e+001, -3.05736628264e-007, +4.97065920368e+001
+2.60443303750e+007, +6.77695566532e+001, -4.20590027887e+001, -2.77426961046e-007, +5.03158709607e+001
+2.62353996360e+007, +6.54635791384e+001, -3.88798362993e+001, -2.49273898847e-007, +5.09610458862e+001
+2.64278706400e+007, +6.33678196588e+001, -3.54129328690e+001, -2.21133247998e-007, +5.16445841196e+001
+2.66217536710e+007, +6.15282758713e+001, -3.16585263291e+001, -1.93062575272e-007, +5.23723300651e+001
+2.68170590870e+007, +5.99807789134e+001, -2.76232486839e+001, -1.65050400527e-007, +5.31439008069e+001
+2.70137973250e+007, +5.87635451867e+001, -2.33226444774e+001, -1.37068375629e-007, +5.39619748430e+001
+2.72119788950e+007, +5.79153164531e+001, -1.87899463192e+001, -1.09104735539e-007, +5.48287656156e+001
+2.74116143860e+007, +5.74723759725e+001, -1.40671941667e+001, -8.11068513938e-008, +5.57488565965e+001
+2.76127144650e+007, +5.74657226426e+001, -9.22463672476e+000, -5.30968414202e-008, +5.67225429431e+001
+2.78152898760e+007, +5.79161670331e+001, -4.33467992966e+000, -2.50470388413e-008, +5.77505017650e+001
+2.80193514440e+007, +5.88422310737e+001, +5.24977551172e-001, +3.06240910840e-009, +5.88397611002e+001
+2.82249100700e+007, +6.02481297137e+001, +5.27837008687e+000, +3.12531542415e-008, +5.99926474200e+001
+2.84319767370e+007, +6.21324360879e+001, +9.85716255114e+000, +5.95410200575e-008, +6.12152118642e+001
+2.86405625100e+007, +6.44868696136e+001, +1.42077750558e+001, +8.79535445342e-008, +6.25143486429e+001
+2.88506785330e+007, +6.72928167350e+001, +1.82937036426e+001, +1.16521934365e-007, +6.38918362443e+001
+2.90623360310e+007, +7.05323788285e+001, +2.20925790363e+001, +1.45273496951e-007, +6.53537047883e+001
+2.92755463150e+007, +7.41856865361e+001, +2.55945254386e+001, +1.74228246451e-007, +6.69061275933e+001
+2.94903207750e+007, +7.82322989182e+001, +2.88030011469e+001, +2.03419760927e-007, +6.85535119131e+001
+2.97066708860e+007, +8.26588570465e+001, +3.17269296536e+001, +2.32881593312e-007, +7.03066512207e+001
+2.99246082100e+007, +8.74453066516e+001, +3.43831164645e+001, +2.62642065780e-007, +7.21668577008e+001
+3.01441443880e+007, +9.25735054105e+001, +3.67837064517e+001, +2.92673008866e-007, +7.41422766125e+001
+3.03652911520e+007, +9.80420944540e+001, +3.89534253710e+001, +3.23065623585e-007, +7.62431472234e+001
+3.05880603170e+007, +1.03845059833e+002, +4.09118521460e+001, +3.53856467959e-007, +7.84775823792e+001
+3.08124637860e+007, +1.09955025470e+002, +4.26747819394e+001, +3.84975870210e-007, +8.08403650123e+001
+3.10385135480e+007, +1.16393807421e+002, +4.42580210641e+001, +4.16520635476e-007, +8.33617395423e+001
+3.12662216810e+007, +1.23171728275e+002, +4.56776768366e+001, +4.48556532473e-007, +8.60593568019e+001
+3.14956003510e+007, +1.30291453585e+002, +4.69466077956e+001, +4.81100586811e-007, +8.89473161459e+001
+3.17266618130e+007, +1.37772989207e+002, +4.80782170145e+001, +5.14240629026e-007, +9.20482672491e+001
+3.19594184150e+007, +1.45643273199e+002, +4.90860260453e+001, +5.48097134399e-007, +9.53854411617e+001
+3.21938825900e+007, +1.53911067459e+002, +4.99771246122e+001, +5.82673195781e-007, +9.89791920285e+001
+3.24300668680e+007, +1.62579706994e+002, +5.07619109623e+001, +6.17978821875e-007, +1.02838871813e+002
+3.26679838660e+007, +1.71672878935e+002, +5.14491336242e+001, +6.54089069039e-007, +1.06988114038e+002
+3.29076462970e+007, +1.81205863780e+002, +5.20448444154e+001, +6.91023884736e-007, +1.11449674312e+002
+3.31490669650e+007, +1.91214326555e+002, +5.25582597421e+001, +7.28910827645e-007, +1.16249593748e+002
+3.33922587700e+007, +2.01728412526e+002, +5.29982514991e+001, +7.67856445797e-007, +1.21408105730e+002
+3.36372347060e+007, +2.12772613400e+002, +5.33560397342e+001, +8.07764433770e-007, +1.26991347485e+002
+3.38840078610e+007, +2.24391931360e+002, +5.36353983457e+001, +8.48728656408e-007, +1.33046799579e+002
+3.41325914190e+007, +2.36629842357e+002, +5.38372517582e+001, +8.90797680727e-007, +1.39630746749e+002
+3.43829986640e+007, +2.49535112412e+002, +5.39622840151e+001, +9.34023581001e-007, +1.46805917165e+002
+3.46352429740e+007, +2.63109205315e+002, +5.40021194373e+001, +9.78154037591e-007, +1.54643836589e+002
+3.48893378260e+007, +2.77457501292e+002, +5.39639305451e+001, +1.02348798941e-006, +1.63226704475e+002
+3.51452967960e+007, +2.92666088250e+002, +5.38518110922e+001, +1.07019927165e-006, +1.72636617448e+002
+3.54031335610e+007, +3.08807251358e+002, +5.36646090016e+001, +1.11831752593e-006, +1.82971656013e+002
+3.56628618950e+007, +3.25972136174e+002, +5.33956349715e+001, +1.16782202491e-006, +1.94372632657e+002
+3.59244956780e+007, +3.44302840132e+002, +5.30394939925e+001, +1.21883269323e-006, +2.07017033912e+002
+3.61880488860e+007, +3.63878543821e+002, +5.25901887400e+001, +1.27116454461e-006, +2.21060532941e+002
+3.64535356020e+007, +3.84797249396e+002, +5.20540354995e+001, +1.32484254959e-006, +2.36618766842e+002
+3.67209700110e+007, +4.07192864566e+002, +5.14283292959e+001, +1.37980538838e-006, +2.53881943822e+002
+3.69903664020e+007, +4.31149602460e+002, +5.07047909583e+001, +1.43562331151e-006, +2.73054012101e+002
+3.72617391670e+007, +4.56867163712e+002, +4.98847889931e+001, +1.49233612329e-006, +2.94371702814e+002
+3.75351028070e+007, +4.84505902190e+002, +4.89846476640e+001, +1.55010198232e-006, +3.17962438815e+002
+3.78104719280e+007, +5.14260466253e+002, +4.79459300425e+001, +1.60729375095e-006, +3.44467917700e+002
+3.80878612410e+007, +5.46365508818e+002, +4.67556382616e+001, +1.66306662462e-006, +3.74321189905e+002
+3.83672855680e+007, +5.79413590555e+002, +4.52077751591e+001, +1.70569724465e-006, +4.08218841980e+002
+3.86487598390e+007, +6.16735426190e+002, +4.36531113660e+001, +1.75313508360e-006, +4.46227998324e+002
+3.89322990910e+007, +6.57075329373e+002, +4.18344182423e+001, +1.79158806849e-006, +4.89570710766e+002
+3.92179184760e+007, +7.00490679480e+002, +3.97755617834e+001, +1.81873713697e-006, +5.38366649486e+002
+3.95056332520e+007, +7.46979608052e+002, +3.74692581912e+001, +1.83068293417e-006, +5.92862666601e+002
+3.97954587930e+007, +7.96574287253e+002, +3.48842174262e+001, +1.82199899721e-006, +6.53437412947e+002
+4.00874105840e+007, +8.48976842383e+002, +3.19992115730e+001, +1.78610964338e-006, +7.19979385562e+002
+4.03815042230e+007, +9.03487054623e+002, +2.88201999020e+001, +1.71657587045e-006, +7.91578239729e+002
+4.06777554240e+007, +9.59534126631e+002, +2.53188698698e+001, +1.60552743618e-006, +8.67362961462e+002
+4.09761800160e+007, +1.01652961571e+003, +2.14222754088e+001, +1.44206728605e-006, +9.46301537829e+002
+4.12767939430e+007, +1.07274317109e+003, +1.71107926507e+001, +1.21697779911e-006, +1.02526099476e+003
+4.15796132660e+007, +1.12625236410e+003, +1.23925819123e+001, +9.25173278532e-007, +1.10001076504e+003
+4.18846541660e+007, +1.17448272081e+003, +7.27464739537e+000, +5.65110889607e-007, +1.16502880419e+003
+4.21919329400e+007, +1.21513901168e+003, +1.76510998454e+000, +1.41187781601e-007, +1.21456243125e+003
+4.25014660060e+007, +1.24424513348e+003, -3.96693941603e+000, -3.22335453831e-007, +1.24126408985e+003
+4.28132699030e+007, +1.25987668609e+003, -9.80060385222e+000, -7.97223448544e-007, +1.24149017746e+003
+4.31273612890e+007, +1.26137340014e+003, -1.56005931725e+001, -1.25184289563e-006, +1.21490412994e+003
+4.34437569470e+007, +1.24933604389e+003, -2.12404680311e+001, -1.65813527330e-006, +1.16446633904e+003
+4.37624737810e+007, +1.22497355080e+003, -2.65815446195e+001, -1.99347100795e-006, +1.09549190717e+003
+4.40835288200e+007, +1.19166169570e+003, -3.15753566825e+001, -2.25274788660e-006, +1.01523883355e+003
+4.44069392190e+007, +1.15241162250e+003, -3.61975449281e+001, -2.43920950743e-006, +9.29979605735e+002
+4.47327222560e+007, +1.10937670291e+003, -4.04187798997e+001, -2.55915391158e-006, +8.44597140980e+002
+4.50608953380e+007, +1.06464229233e+003, -4.42525246084e+001, -2.62402941873e-006, +7.62572608225e+002
+4.53914759990e+007, +1.01977548652e+003, -4.77297741107e+001, -2.64588403179e-006, +6.85929616030e+002
+4.57244819030e+007, +9.75872340633e+002, -5.08643269257e+001, -2.63470596169e-006, +6.15930475417e+002
+4.60599308400e+007, +9.33481885337e+002, -5.36820256379e+001, -2.59895660350e-006, +5.52869562581e+002
+4.63978407350e+007, +8.93050570789e+002, -5.62074633762e+001, -2.54582875338e-006, +4.96703444974e+002
+4.67382296410e+007, +8.54800618988e+002, -5.84759033828e+001, -2.48122705343e-006, +4.46938580733e+002
+4.70811157460e+007, +8.18856572228e+002, -6.05128985915e+001, -2.40953534389e-006, +4.03063814002e+002
+4.74265173690e+007, +7.85215264710e+002, -6.23365099605e+001, -2.33382991031e-006, +3.64557985575e+002
+4.77744529650e+007, +7.53820346607e+002, -6.39868778956e+001, -2.25685639347e-006, +3.30608251554e+002
+4.81249411240e+007, +7.24488795111e+002, -6.54846006142e+001, -2.17997387181e-006, +3.00617785285e+002
+4.84780005730e+007, +6.97126303711e+002, -6.68501758932e+001, -2.10440428447e-006, +2.74066032170e+002
+4.88336501750e+007, +6.71617839256e+002, -6.80965051645e+001, -2.03087809353e-006, +2.50543258119e+002
+4.91919089320e+007, +6.48165043628e+002, -6.92518463946e+001, -1.96106402307e-006, +2.29619533299e+002
+4.95527959860e+007, +6.26142492792e+002, -7.03112234789e+001, -1.89348702412e-006, +2.10954187218e+002
+4.99163306200e+007, +6.05385425632e+002, -7.12786346015e+001, -1.82810439364e-006, +1.94308247330e+002
+5.02825322560e+007, +5.85703569190e+002, -7.21631160997e+001, -1.76476536817e-006, +1.79405788788e+002
+5.06514204600e+007, +5.67095836449e+002, -7.29708262751e+001, -1.70378036195e-006, +1.66078890300e+002
+5.10230149430e+007, +5.49189371943e+002, -7.36972858944e+001, -1.64419476849e-006, +1.54164142898e+002
+5.13973355570e+007, +5.32080231170e+002, -7.43527961489e+001, -1.58655885273e-006, +1.43509084631e+002
+5.17744023030e+007, +5.16094803945e+002, -7.49632477436e+001, -1.53215803135e-006, +1.33894904572e+002
+5.21542353270e+007, +5.01130919767e+002, -7.55366002885e+001, -1.48079518224e-006, +1.25163212530e+002
+5.25368549240e+007, +4.87131584660e+002, -7.60757091648e+001, -1.43234998226e-006, +1.17223130697e+002
+5.29222815370e+007, +4.74000624658e+002, -7.65897694336e+001, -1.38661150172e-006, +1.09930981284e+002
+5.33105357580e+007, +4.61813572644e+002, -7.71043739012e+001, -1.34393913424e-006, +1.03065568771e+002
+5.37016383330e+007, +4.50237704740e+002, -7.75803471983e+001, -1.30313839257e-006, +9.68327668182e+001
+5.40956101560e+007, +4.39225968508e+002, -7.80191153588e+001, -1.26409956998e-006, +9.11768736928e+001
+5.44924722790e+007, +4.28757864765e+002, -7.84206219153e+001, -1.22677687111e-006, +8.60625677935e+001
+5.48922459050e+007, +4.18764355149e+002, -7.87921044724e+001, -1.19101200448e-006, +8.13950300085e+001
+5.52949523950e+007, +4.09250989068e+002, -7.91043733497e+001, -1.15670867041e-006, +7.73568225552e+001
+5.57006132630e+007, +4.00177769685e+002, -7.93956392538e+001, -1.12391089431e-006, +7.36431785445e+001
+5.61092501850e+007, +3.91465843452e+002, -7.96774401449e+001, -1.09242790825e-006, +7.01466078358e+001
+5.65208849940e+007, +3.83130317907e+002, -7.99514748946e+001, -1.06229256320e-006, +6.68494098313e+001
+5.69355396830e+007, +3.75102700710e+002, -8.02207003157e+001, -1.03330847932e-006, +6.37124958326e+001
+5.73532364070e+007, +3.67362970422e+002, -8.04969902483e+001, -1.00544068410e-006, +6.06514116161e+001
+5.77739974830e+007, +3.59911764608e+002, -8.07812195330e+001, -9.78673397364e-007, +5.76595719657e+001
+5.81978453930e+007, +3.52758742451e+002, -8.10421870836e+001, -9.52931019749e-007, +5.49270705272e+001
+5.86248027820e+007, +3.45878654226e+002, -8.12859488649e+001, -9.28154285444e-007, +5.24017341761e+001
+5.90548924620e+007, +3.40717100204e+002, -8.13181644205e+001, -9.07722736231e-007, +5.14303711363e+001
+5.94881374140e+007, +3.34331522114e+002, -8.15259145823e+001, -8.84707389162e-007, +4.92677849339e+001
+5.99245607840e+007, +3.28167905491e+002, -8.17047161241e+001, -8.62469425077e-007, +4.73463427756e+001
+6.03641858910e+007, +3.22227685342e+002, -8.18762347045e+001, -8.41053325981e-007, +4.55345949919e+001
+6.08070362240e+007, +3.16499302423e+002, -8.20424092527e+001, -8.20421219609e-007, +4.38161903934e+001
+6.12531354440e+007, +3.10974736983e+002, -8.21999803452e+001, -8.00534458118e-007, +4.22042201321e+001
+6.17025073850e+007, +3.05627201371e+002, -8.23519885806e+001, -7.81319589695e-007, +4.06749890330e+001
+6.21551760580e+007, +3.00493554082e+002, -8.24993230269e+001, -7.62861823368e-007, +3.92257994779e+001
+6.26111656490e+007, +2.95541199220e+002, -8.26408402360e+001, -7.45064980097e-007, +3.78554892161e+001
+6.30705005200e+007, +2.90716279082e+002, -8.27774490688e+001, -7.27785607111e-007, +3.65499286654e+001
+6.35332052140e+007, +2.86016164869e+002, -8.29066866696e+001, -7.11005931937e-007, +3.53188967187e+001
+6.39993044520e+007, +2.81446875677e+002, -8.30330131759e+001, -6.94740586959e-007, +3.41387825360e+001
+6.44688231390e+007, +2.76957976240e+002, -8.31520367281e+001, -6.78851721562e-007, +3.30231272377e+001
+6.49417863590e+007, +2.72583288677e+002, -8.32693614276e+001, -6.63424735808e-007, +3.19472554644e+001
+6.54182193850e+007, +2.68327701117e+002, -8.33781614561e+001, -6.48455214494e-007, +3.09424156357e+001
+6.58981476700e+007, +2.64210390125e+002, -8.34844863638e+001, -6.33990403002e-007, +2.99805429852e+001
+6.63815968570e+007, +2.60216765445e+002, -8.35839310207e+001, -6.19981889921e-007, +2.90786085389e+001
+6.68685927780e+007, +2.56344443071e+002, -8.36778009655e+001, -6.06418679629e-007, +2.82284986440e+001
+6.73591614510e+007, +2.52601204467e+002, -8.37700975031e+001, -5.93316644557e-007, +2.74118243398e+001
+6.78533290870e+007, +2.48947016475e+002, -8.38564715915e+001, -5.80569908932e-007, +2.66421735541e+001
+6.83511220900e+007, +2.45399991458e+002, -8.39386007389e+001, -5.68216980339e-007, +2.59128039661e+001
+6.88525670560e+007, +2.41932166870e+002, -8.40147374830e+001, -5.56185529503e-007, +2.52269084684e+001
+6.93576907780e+007, +2.38541070578e+002, -8.40862487255e+001, -5.44466588781e-007, +2.45771888500e+001
+6.98665202440e+007, +2.35234392158e+002, -8.41424668689e+001, -5.33062740332e-007, +2.40069042620e+001
+7.03790826390e+007, +2.32011441779e+002, -8.41928627024e+001, -5.21977092521e-007, +2.34749705859e+001
+7.08954053510e+007, +2.28858011423e+002, -8.42464113759e+001, -5.11181068269e-007, +2.29431025159e+001
+7.14155159660e+007, +2.25772895205e+002, -8.43073330656e+001, -5.00670767424e-007, +2.23949543394e+001
+7.19394422740e+007, +2.22756896395e+002, -8.43672577751e+001, -4.90435774161e-007, +2.18639493732e+001
+7.24672122670e+007, +2.19805850770e+002, -8.44415439469e+001, -4.80475126778e-007, +2.12906707868e+001
+7.29988541430e+007, +2.16929177795e+002, -8.45297203924e+001, -4.70803485288e-007, +2.06797303195e+001
+7.35343963090e+007, +2.14092229621e+002, -8.46055679454e+001, -4.61320536897e-007, +2.01271455990e+001
+7.40738673780e+007, +2.11312183714e+002, -8.46751449189e+001, -4.52065548666e-007, +1.96103046566e+001
+7.46172961730e+007, +2.08579464740e+002, -8.47355760347e+001, -4.43012910946e-007, +1.91376467396e+001
+7.51647117300e+007, +2.05903412626e+002, -8.47859772479e+001, -4.34179108514e-007, +1.87117430580e+001
+7.57161432970e+007, +2.03239669753e+002, -8.48097937730e+001, -4.25457129944e-007, +1.83855378919e+001
+7.62716203360e+007, +2.00636198417e+002, -8.48382283655e+001, -4.16966967741e-007, +1.80508566001e+001
+7.68311725270e+007, +1.98093720031e+002, -8.48648081472e+001, -4.08701971963e-007, +1.77305888124e+001
+7.73948297650e+007, +1.95601441359e+002, -8.48933624226e+001, -4.00638779382e-007, +1.74104227234e+001
+7.79626221680e+007, +1.93162639637e+002, -8.49236926961e+001, -3.92780627926e-007, +1.70914960323e+001
+7.85345800700e+007, +1.90797884836e+002, -8.49630764585e+001, -3.85169962080e-007, +1.67516173038e+001
+7.91107340330e+007, +1.88467588176e+002, -8.50051736825e+001, -3.77719186420e-007, +1.64090791164e+001
+7.96911148400e+007, +1.86176844886e+002, -8.50448600490e+001, -3.70433057507e-007, +1.60811627364e+001
+8.02757534990e+007, +1.83931325695e+002, -8.50780248928e+001, -3.63318075175e-007, +1.57811335805e+001
+8.08646812490e+007, +1.81715985492e+002, -8.51083118403e+001, -3.56344169946e-007, +1.54953551925e+001
+8.14579295550e+007, +1.79542913531e+002, -8.51381400200e+001, -3.49534135195e-007, +1.52169205135e+001
+8.20555301130e+007, +1.77392792469e+002, -8.51641631449e+001, -3.42846359010e-007, +1.49544083220e+001
+8.26575148550e+007, +1.75283404716e+002, -8.51876312484e+001, -3.36313961171e-007, +1.47050436104e+001
+8.32639159420e+007, +1.73211735587e+002, -8.52099419334e+001, -3.29929482085e-007, +1.44640340560e+001
+8.38747657750e+007, +1.71171452817e+002, -8.52302082366e+001, -3.23678241293e-007, +1.42333252640e+001
+8.44900969920e+007, +1.69168140042e+002, -8.52485168132e+001, -3.17568788638e-007, +1.40128745699e+001
+8.51099424680e+007, +1.67202233454e+002, -8.52653282235e+001, -3.11599962765e-007, +1.38011391050e+001
+8.57343353230e+007, +1.65265161091e+002, -8.52805764767e+001, -3.05753687199e-007, +1.35974172790e+001
+8.63633089160e+007, +1.63357902701e+002, -8.52971594823e+001, -3.00031194668e-007, +1.33933743656e+001
+8.69968968550e+007, +1.61474268300e+002, -8.53119310252e+001, -2.94417957588e-007, +1.31974488040e+001
+8.76351329900e+007, +1.59613861461e+002, -8.53251647632e+001, -2.88911813777e-007, +1.30086525565e+001
+8.82780514230e+007, +1.57781814608e+002, -8.53400336347e+001, -2.83521733757e-007, +1.28185290323e+001
+8.89256865050e+007, +1.55973487932e+002, -8.53545233126e+001, -2.78236847327e-007, +1.26323021850e+001
+8.95780728380e+007, +1.54187299946e+002, -8.53701317026e+001, -2.73053389515e-007, +1.24457728698e+001
+9.02352452780e+007, +1.52429830838e+002, -8.53824879476e+001, -2.67979777740e-007, +1.22711469346e+001
+9.08972389390e+007, +1.50691576841e+002, -8.53956042068e+001, -2.62999281638e-007, +1.20968263107e+001
+9.15640891900e+007, +1.48975540562e+002, -8.54101201960e+001, -2.58115992569e-007, +1.19214490175e+001
+9.22358316610e+007, +1.47269543183e+002, -8.54265748795e+001, -2.53307699126e-007, +1.17427712713e+001
+9.29125022420e+007, +1.45592268696e+002, -8.54416749662e+001, -2.48604173961e-007, +1.15707825983e+001
+9.35941370880e+007, +1.43941066145e+002, -8.54539502661e+001, -2.43998826380e-007, +1.14088138378e+001
+9.42807726170e+007, +1.42310902493e+002, -8.54644637098e+001, -2.39482087840e-007, +1.12535752952e+001
+9.49724455180e+007, +1.40701559319e+002, -8.54719518473e+001, -2.35051909626e-007, +1.11079814604e+001
+9.56691927440e+007, +1.39142622977e+002, -8.54781893184e+001, -2.30756696350e-007, +1.09698074763e+001
+9.63710515240e+007, +1.37593921559e+002, -8.54829228304e+001, -2.26527912614e-007, +1.08363780206e+001
+9.70780593570e+007, +1.36061988057e+002, -8.54835913619e+001, -2.22374609687e-007, +1.07141460679e+001
+9.77902540170e+007, +1.34534598325e+002, -8.54856156786e+001, -2.18277563004e-007, +1.05891338953e+001
+9.85076735580e+007, +1.33014735708e+002, -8.54854013484e+001, -2.14239846890e-007, +1.04700024951e+001
+9.92303563110e+007, +1.31478431933e+002, -8.54791926934e+001, -2.10221341235e-007, +1.03632781899e+001
+9.99583408880e+007, +1.29957653703e+002, -8.54712921606e+001, -2.06274204643e-007, +1.02612727865e+001
+1.00691666184e+008, +1.28459879002e+002, -8.54667127023e+001, -2.02410635747e-007, +1.01532458880e+001
+1.01430371382e+008, +1.26980215175e+002, -8.54619368217e+001, -1.98620704966e-007, +1.00468470956e+001
+1.02174495950e+008, +1.25520042262e+002, -8.54586143159e+001, -1.94905928450e-007, +9.93857213551e+000
+1.02924079645e+008, +1.24084215701e+002, -8.54608004749e+001, -1.91273735717e-007, +9.82016492793e+000
+1.03679162518e+008, +1.22670747754e+002, -8.54659866035e+001, -1.87719091365e-007, +9.69723272111e+000
+1.04439784913e+008, +1.21264687230e+002, -8.54693626610e+001, -1.84216837337e-007, +9.57895940064e+000
+1.05205987469e+008, +1.19876191406e+002, -8.54720484274e+001, -1.80781935570e-007, +9.46367741442e+000
+1.05977811123e+008, +1.18494221705e+002, -8.54729255222e+001, -1.77396605928e-007, +9.35276895083e+000
+1.06755297115e+008, +1.17128368475e+002, -8.54670387322e+001, -1.74073316578e-007, +9.25695855238e+000
+1.07538486984e+008, +1.15782565261e+002, -8.54656006612e+001, -1.70819688247e-007, +9.15349317826e+000
+1.08327422577e+008, +1.14441901715e+002, -8.54587063449e+001, -1.67610486870e-007, +9.06123097686e+000
+1.09122146044e+008, +1.13098510818e+002, -8.54443151530e+001, -1.64433326219e-007, +8.98318246078e+000
+1.09922699849e+008, +1.11759702416e+002, -8.54234694981e+001, -1.61298780875e-007, +8.91737561516e+000
+1.10729126764e+008, +1.10429394376e+002, -8.53995316698e+001, -1.58212753227e-007, +8.85721837469e+000
+1.11541469877e+008, +1.09083605898e+002, -8.53564996791e+001, -1.55137013134e-007, +8.83093742859e+000
+1.12359772589e+008, +1.07747148299e+002, -8.53076079791e+001, -1.52109723495e-007, +8.81438154433e+000
+1.13184078623e+008, +1.06427672310e+002, -8.52599191218e+001, -1.49142509336e-007, +8.79472302126e+000
+1.14014432022e+008, +1.05122906381e+002, -8.52125486824e+001, -1.46231128226e-007, +8.77351504681e+000
+1.14850877149e+008, +1.03829091538e+002, -8.51673474331e+001, -1.43369973834e-007, +8.74715717710e+000
+1.15693458697e+008, +1.02550048990e+002, -8.51212296901e+001, -1.40562942351e-007, +8.72165025837e+000
+1.16542221683e+008, +1.01285184723e+002, -8.50741102967e+001, -1.37808425117e-007, +8.69706747036e+000
+1.17397211457e+008, +1.00025243360e+002, -8.50275937109e+001, -1.35093496174e-007, +8.66978441132e+000
+1.18258473700e+008, +9.87747714592e+001, -8.49807289090e+001, -1.32423577751e-007, +8.64188396343e+000
+1.19126054430e+008, +9.75359284275e+001, -8.49334110161e+001, -1.29800919196e-007, +8.61373513137e+000
+1.20000000000e+008, +9.63037155672e+001, -8.48825212251e+001, -1.27217638178e-007, +8.59011299470e+000
END
