!Keysight Technologies,E4990A,MY54302543,A.03.06
!Date: Tue Mar 24 14:05:22 2026

BEGIN CH1_DATA
DCV(V), +3.442e-004, DCI(A), +3.352e-006
Frequency(Hz), |Z|(Ohm)-data, theta-z(deg)-data, Ls(H)-data, Rs(Ohm)-data
+1.00000000000e+003, +1.59441894503e-001, +8.74513796204e+001, +2.53508649359e-005, +7.08992657557e-003
+1.00733600000e+003, +1.61118615719e-001, +8.75779074494e+001, +2.54333360961e-005, +6.80901772784e-003
+1.01472600000e+003, +1.62855173843e-001, +8.76654268559e+001, +2.55218580272e-005, +6.63385897443e-003
+1.02217100000e+003, +1.64740788667e-001, +8.77224654188e+001, +2.56303485428e-005, +6.54680055698e-003
+1.02967000000e+003, +1.66606979272e-001, +8.76941482663e+001, +2.57314030734e-005, +6.70323889085e-003
+1.03722400000e+003, +1.69189032385e-001, +8.75356257005e+001, +2.59368922669e-005, +7.27482131510e-003
+1.04483300000e+003, +1.71314851042e-001, +8.74217097995e+001, +2.60692417130e-005, +7.70650734192e-003
+1.05249800000e+003, +1.73276356322e-001, +8.72413436753e+001, +2.61718591967e-005, +8.33962387935e-003
+1.06022000000e+003, +1.74945519330e-001, +8.71163260659e+001, +2.62286949240e-005, +8.80122205039e-003
+1.06799800000e+003, +1.76383806877e-001, +8.69702232596e+001, +2.62482843886e-005, +9.32275536685e-003
+1.07583300000e+003, +1.76580711075e-001, +8.67772648908e+001, +2.60814160084e-005, +9.92695868483e-003
+1.08372600000e+003, +1.76597916331e-001, +8.66219045714e+001, +2.58899337855e-005, +1.04059854718e-002
+1.09167600000e+003, +1.76780136525e-001, +8.64993761458e+001, +2.57246065787e-005, +1.07940903995e-002
+1.09968500000e+003, +1.77253967126e-001, +8.64284288310e+001, +2.56037436545e-005, +1.10420915767e-002
+1.10775300000e+003, +1.77843699279e-001, +8.64035922002e+001, +2.55011381979e-005, +1.11557702140e-002
+1.11588000000e+003, +1.79091745029e-001, +8.64745517477e+001, +2.54950320322e-005, +1.10126846646e-002
+1.12406600000e+003, +1.80698664189e-001, +8.66646849435e+001, +2.55415357642e-005, +1.05129322655e-002
+1.13231200000e+003, +1.82387636626e-001, +8.68010293420e+001, +2.55960033119e-005, +1.01778808080e-002
+1.14061900000e+003, +1.83969332311e-001, +8.70094914736e+001, +2.56349888523e-005, +9.59777666686e-003
+1.14898700000e+003, +1.85401608152e-001, +8.71516051020e+001, +2.56496604131e-005, +9.21323519644e-003
+1.15741700000e+003, +1.87025233303e-001, +8.73149681779e+001, +2.56893683831e-005, +8.76128965615e-003
+1.16590800000e+003, +1.88730708989e-001, +8.74902709696e+001, +2.57384059154e-005, +8.26433443872e-003
+1.17446100000e+003, +1.90315286432e-001, +8.76739221137e+001, +2.57689788920e-005, +7.72424406136e-003
+1.18307800000e+003, +1.91960752993e-001, +8.78192360737e+001, +2.58050405264e-005, +7.30455230200e-003
+1.19175700000e+003, +1.93658927766e-001, +8.79213351168e+001, +2.58454483234e-005, +7.02431688405e-003
+1.20050000000e+003, +1.95175896853e-001, +8.80124735312e+001, +2.58596594456e-005, +6.76907568151e-003
+1.20930700000e+003, +1.96821348184e-001, +8.79059317593e+001, +2.58860413554e-005, +7.19190113221e-003
+1.21817900000e+003, +1.98316969193e-001, +8.78307917546e+001, +2.58915215952e-005, +7.50645240572e-003
+1.22711600000e+003, +1.99875681141e-001, +8.77729525785e+001, +2.59039692500e-005, +7.76707370826e-003
+1.23611900000e+003, +2.01323304804e-001, +8.76810093349e+001, +2.58998998357e-005, +8.14613943398e-003
+1.24518700000e+003, +2.02711720983e-001, +8.76515634314e+001, +2.58880597496e-005, +8.30641169635e-003
+1.25432200000e+003, +2.03973283175e-001, +8.76478343591e+001, +2.58593917924e-005, +8.37137041745e-003
+1.26352400000e+003, +2.04958254058e-001, +8.76988466783e+001, +2.57959595350e-005, +8.22946446267e-003
+1.27279400000e+003, +2.05975889202e-001, +8.77386232170e+001, +2.57359407168e-005, +8.12744282038e-003
+1.28213200000e+003, +2.07177883860e-001, +8.77877617263e+001, +2.56984530891e-005, +7.99732507019e-003
+1.29153800000e+003, +2.08467473996e-001, +8.77796141824e+001, +2.56699518503e-005, +8.07672706474e-003
+1.30101300000e+003, +2.10011040201e-001, +8.77622907899e+001, +2.56713860324e-005, +8.19997882251e-003
+1.31055700000e+003, +2.11781857422e-001, +8.76131032116e+001, +2.56966201220e-005, +8.82011270086e-003
+1.32017200000e+003, +2.13607668790e-001, +8.74857177168e+001, +2.57269418859e-005, +9.37063127594e-003
+1.32985700000e+003, +2.15457482704e-001, +8.74206869585e+001, +2.57594481861e-005, +9.69608255908e-003
+1.33961400000e+003, +2.17238562560e-001, +8.73765197054e+001, +2.57823173590e-005, +9.94352405691e-003
+1.34944100000e+003, +2.18903089304e-001, +8.74029562828e+001, +2.57912167903e-005, +9.91881514170e-003
+1.35934100000e+003, +2.20608414174e-001, +8.75848263881e+001, +2.58064244032e-005, +9.29649360272e-003
+1.36931400000e+003, +2.22189517231e-001, +8.78246221956e+001, +2.58064073771e-005, +8.43395499954e-003
+1.37936000000e+003, +2.23866631953e-001, +8.80105634041e+001, +2.58148744320e-005, +7.77158435740e-003
+1.38947900000e+003, +2.25289343061e-001, +8.81621977883e+001, +2.57920191443e-005, +7.22507422092e-003
+1.39967300000e+003, +2.26861154518e-001, +8.82956231908e+001, +2.57846657649e-005, +6.74744059860e-003
+1.40994100000e+003, +2.27984450245e-001, +8.83087067224e+001, +2.57238033020e-005, +6.72881278008e-003
+1.42028500000e+003, +2.28924805587e-001, +8.83060755813e+001, +2.56417497423e-005, +6.76707487174e-003
+1.43070400000e+003, +2.29938007382e-001, +8.82077383741e+001, +2.55663418807e-005, +7.19148715908e-003
+1.44120100000e+003, +2.31089457316e-001, +8.82173828823e+001, +2.55073580975e-005, +7.18861964050e-003
+1.45177400000e+003, +2.32437647562e-001, +8.82091154470e+001, +2.54692058549e-005, +7.26408153726e-003
+1.46242400000e+003, +2.34006420934e-001, +8.81832143078e+001, +2.54540112696e-005, +7.41884099664e-003
+1.47315300000e+003, +2.35784722082e-001, +8.82406589404e+001, +2.54614517839e-005, +7.23893733786e-003
+1.48396100000e+003, +2.37754726648e-001, +8.82491705023e+001, +2.54873102512e-005, +7.26411634034e-003
+1.49484700000e+003, +2.39704963271e-001, +8.83033083324e+001, +2.55099710119e-005, +7.09731115420e-003
+1.50581400000e+003, +2.41590820876e-001, +8.83111427607e+001, +2.55235181206e-005, +7.12012873903e-003
+1.51686100000e+003, +2.43581772427e-001, +8.83207518183e+001, +2.55465689483e-005, +7.13797238698e-003
+1.52798900000e+003, +2.45586761855e-001, +8.83509246381e+001, +2.55696597435e-005, +7.06745189129e-003
+1.53919900000e+003, +2.47505473801e-001, +8.83639903381e+001, +2.55819178161e-005, +7.06625041128e-003
+1.55049100000e+003, +2.49588397650e-001, +8.83629842021e+001, +2.56093165929e-005, +7.13009870840e-003
+1.56186600000e+003, +2.51628720511e-001, +8.83567579781e+001, +2.56305504252e-005, +7.21571830056e-003
+1.57332400000e+003, +2.53503840122e-001, +8.83602205648e+001, +2.56335420695e-005, +7.25417548098e-003
+1.58486700000e+003, +2.55385059896e-001, +8.82947752429e+001, +2.56348291140e-005, +7.59959360399e-003
+1.59649400000e+003, +2.57021207124e-001, +8.82075353415e+001, +2.56099800477e-005, +8.03944529027e-003
+1.60820600000e+003, +2.58766597560e-001, +8.81464807916e+001, +2.55952502282e-005, +8.36964276244e-003
+1.62000500000e+003, +2.60674225122e-001, +8.80849939557e+001, +2.55952423410e-005, +8.71093445513e-003
+1.63188900000e+003, +2.62445608796e-001, +8.80384865818e+001, +2.55808090138e-005, +8.98303566966e-003
+1.64386100000e+003, +2.64492284317e-001, +8.80077096618e+001, +2.55920716333e-005, +9.19507938868e-003
+1.65592100000e+003, +2.66785207278e-001, +8.80210757254e+001, +2.56261386231e-005, +9.21259413064e-003
+1.66807000000e+003, +2.69097899721e-001, +8.80595417352e+001, +2.56606145187e-005, +9.11190024125e-003
+1.68030700000e+003, +2.71307687037e-001, +8.80662363481e+001, +2.56830261958e-005, +9.15504335626e-003
+1.69263400000e+003, +2.73350662790e-001, +8.81144648422e+001, +2.56886920216e-005, +8.99401777166e-003
+1.70505200000e+003, +2.75356395627e-001, +8.80867106256e+001, +2.56883070807e-005, +9.19332213983e-003
+1.71756100000e+003, +2.77182458011e-001, +8.81694173587e+001, +2.56715449099e-005, +8.85438822353e-003
+1.73016100000e+003, +2.78919494714e-001, +8.82101570644e+001, +2.56448725364e-005, +8.71165207693e-003
+1.74285400000e+003, +2.80558694703e-001, +8.82551199905e+001, +2.56083404126e-005, +8.54278614423e-003
+1.75564100000e+003, +2.82420080514e-001, +8.83030041174e+001, +2.55911305589e-005, +8.36354177272e-003
+1.76852000000e+003, +2.84302215723e-001, +8.83677233750e+001, +2.55749115173e-005, +8.09827697258e-003
+1.78149500000e+003, +2.86276217843e-001, +8.84221329451e+001, +2.55656059359e-005, +7.88275722022e-003
+1.79456400000e+003, +2.88392071239e-001, +8.84925051831e+001, +2.55678469409e-005, +7.58693569485e-003
+1.80773000000e+003, +2.90587083403e-001, +8.85444365796e+001, +2.55754164542e-005, +7.38138896260e-003
+1.82099200000e+003, +2.92625329451e-001, +8.85911869916e+001, +2.55677617666e-005, +7.19447112194e-003
+1.83435100000e+003, +2.94883806470e-001, +8.86172049015e+001, +2.55777372470e-005, +7.11613145125e-003
+1.84780900000e+003, +2.97020975566e-001, +8.85918007159e+001, +2.55751971210e-005, +7.29936166674e-003
+1.86136500000e+003, +2.99306275342e-001, +8.85463918137e+001, +2.55837751185e-005, +7.59266013511e-003
+1.87502000000e+003, +3.01559107574e-001, +8.85261776255e+001, +2.55883910829e-005, +7.75616550382e-003
+1.88877600000e+003, +3.03896887631e-001, +8.84821402027e+001, +2.55984408918e-005, +8.04978865686e-003
+1.90263300000e+003, +3.06318850493e-001, +8.84429004041e+001, +2.56140606501e-005, +8.32365407390e-003
+1.91659100000e+003, +3.08799549987e-001, +8.84191635388e+001, +2.56331524919e-005, +8.51894604892e-003
+1.93065200000e+003, +3.11395509799e-001, +8.83895119794e+001, +2.56600142101e-005, +8.75165165624e-003
+1.94481600000e+003, +3.14114284727e-001, +8.83641643082e+001, +2.56952158061e-005, +8.96697028392e-003
+1.95908300000e+003, +3.16762308705e-001, +8.83392971586e+001, +2.57228059280e-005, +9.17998527824e-003
+1.97345600000e+003, +3.19379984833e-001, +8.83184415833e+001, +2.57462103708e-005, +9.37205167322e-003
+1.98793400000e+003, +3.21843936449e-001, +8.83064739096e+001, +2.57557240106e-005, +9.51155124071e-003
+2.00251800000e+003, +3.24067155733e-001, +8.83037553608e+001, +2.57447318123e-005, +9.59262420343e-003
+2.01720900000e+003, +3.26100490703e-001, +8.82893419980e+001, +2.57174017422e-005, +9.73481019581e-003
+2.03200800000e+003, +3.28240667525e-001, +8.83034612716e+001, +2.56978441457e-005, +9.71784726050e-003
+2.04691500000e+003, +3.30355865213e-001, +8.83234381170e+001, +2.56753509661e-005, +9.66533695900e-003
+2.06193200000e+003, +3.32546384933e-001, +8.83366761961e+001, +2.56575387459e-005, +9.65262419304e-003
+2.07705900000e+003, +3.34899838764e-001, +8.83797297562e+001, +2.56514878413e-005, +9.46938722485e-003
+2.09229700000e+003, +3.37481893209e-001, +8.84760664975e+001, +2.56621855192e-005, +8.97516939395e-003
+2.10764700000e+003, +3.39920100831e-001, +8.85303882317e+001, +2.56599748877e-005, +8.71784642416e-003
+2.12310900000e+003, +3.42636331804e-001, +8.86144466212e+001, +2.56775896368e-005, +8.28498472042e-003
+2.13868500000e+003, +3.45080828184e-001, +8.86452388310e+001, +2.56727696505e-005, +8.15869072553e-003
+2.15437500000e+003, +3.47770716619e-001, +8.86726136259e+001, +2.56847464565e-005, +8.05617484254e-003
+2.17018000000e+003, +3.50351013951e-001, +8.86797406532e+001, +2.56869442916e-005, +8.07237935866e-003
+2.18610100000e+003, +3.53036069787e-001, +8.86417760962e+001, +2.56949011405e-005, +8.36810538009e-003
+2.20213900000e+003, +3.55730531573e-001, +8.86513146948e+001, +2.57025501723e-005, +8.37276742648e-003
+2.21829500000e+003, +3.58361971010e-001, +8.86260842207e+001, +2.57038320125e-005, +8.59246504737e-003
+2.23456900000e+003, +3.61125692837e-001, +8.86072141008e+001, +2.57132174427e-005, +8.77763149817e-003
+2.25096200000e+003, +3.63763224416e-001, +8.86182007928e+001, +2.57125084875e-005, +8.77200755824e-003
+2.26747600000e+003, +3.66476895278e-001, +8.85976571643e+001, +2.57154386659e-005, +8.96880962561e-003
+2.28411100000e+003, +3.69130305871e-001, +8.85903529675e+001, +2.57129067569e-005, +9.08079009883e-003
+2.30086800000e+003, +3.71882671169e-001, +8.85955836885e+001, +2.57160279579e-005, +9.11455950012e-003
+2.31774800000e+003, +3.74489987109e-001, +8.85889723045e+001, +2.57076521788e-005, +9.22166233167e-003
+2.33475100000e+003, +3.77061338058e-001, +8.86143796295e+001, +2.56959427100e-005, +9.11782595239e-003
+2.35188000000e+003, +3.79433093101e-001, +8.86066506736e+001, +2.56691653337e-005, +9.22634687933e-003
+2.36913400000e+003, +3.81698686136e-001, +8.86077124108e+001, +2.56343869286e-005, +9.27436625250e-003
+2.38651500000e+003, +3.84064686256e-001, +8.86265309323e+001, +2.56056348267e-005, +9.20574695643e-003
+2.40402300000e+003, +3.86683787431e-001, +8.86407049456e+001, +2.55926493949e-005, +9.17289300595e-003
+2.42166000000e+003, +3.89377972015e-001, +8.86702527656e+001, +2.55835830791e-005, +9.03605475612e-003
+2.43942600000e+003, +3.92263150397e-001, +8.87565492023e+001, +2.55863132753e-005, +8.51234844777e-003
+2.45732200000e+003, +3.95374442979e-001, +8.88451669776e+001, +2.56022676759e-005, +7.96848480714e-003
+2.47535000000e+003, +3.98515787256e-001, +8.89214104415e+001, +2.56184052424e-005, +7.50159232985e-003
+2.49351000000e+003, +4.01628934748e-001, +8.89756780274e+001, +2.56309440992e-005, +7.17985568395e-003
+2.51180300000e+003, +4.04670599065e-001, +8.89910465272e+001, +2.56370983260e-005, +7.12570294514e-003
+2.53023000000e+003, +4.07757872896e-001, +8.89634398756e+001, +2.56443331474e-005, +7.37650310605e-003
+2.54879300000e+003, +4.10773144420e-001, +8.88473014486e+001, +2.56448233750e-005, +8.26353479948e-003
+2.56749100000e+003, +4.13701913416e-001, +8.87845375754e+001, +2.56389952568e-005, +8.77554020115e-003
+2.58632700000e+003, +4.16790778724e-001, +8.87100998863e+001, +2.56415770673e-005, +9.38241986716e-003
+2.60530100000e+003, +4.19817753384e-001, +8.86552946359e+001, +2.56391371702e-005, +9.85202340172e-003
+2.62441500000e+003, +4.22647460527e-001, +8.86338080163e+001, +2.56237336127e-005, +1.00768828465e-002
+2.64366800000e+003, +4.25812765963e-001, +8.86662798906e+001, +2.56279708748e-005, +9.91109235214e-003
+2.66306300000e+003, +4.28684537489e-001, +8.87058425110e+001, +2.56133105348e-005, +9.68200688686e-003
+2.68260000000e+003, +4.31718848633e-001, +8.87368995793e+001, +2.56070577455e-005, +9.51658387370e-003
+2.70228000000e+003, +4.34727282639e-001, +8.87713655841e+001, +2.55980464083e-005, +9.32145390237e-003
+2.72210500000e+003, +4.37804211230e-001, +8.88023088766e+001, +2.55917686421e-005, +9.15104106531e-003
+2.74207500000e+003, +4.40837855255e-001, +8.88211797857e+001, +2.55816031830e-005, +9.06928778078e-003
+2.76219200000e+003, +4.43949441865e-001, +8.88535091328e+001, +2.55748344380e-005, +8.88285348877e-003
+2.78245600000e+003, +4.46958506893e-001, +8.88798143226e+001, +2.55608932390e-005, +8.73789703813e-003
+2.80286900000e+003, +4.50214775709e-001, +8.89051531967e+001, +2.55598194172e-005, +8.60248722222e-003
+2.82343200000e+003, +4.53569760099e-001, +8.89352619795e+001, +2.55630046080e-005, +8.42828525082e-003
+2.84414600000e+003, +4.56856037519e-001, +8.89393101613e+001, +2.55607263114e-005, +8.45707803410e-003
+2.86501100000e+003, +4.60671303217e-001, +8.89519605362e+001, +2.55865857823e-005, +8.42600950533e-003
+2.88603000000e+003, +4.64177281982e-001, +8.89646943036e+001, +2.55936524252e-005, +8.38699180618e-003
+2.90720300000e+003, +4.67779747070e-001, +8.89720153603e+001, +2.56044990708e-005, +8.39232139124e-003
+2.92853100000e+003, +4.71226032351e-001, +8.89670188834e+001, +2.56052484845e-005, +8.49523695545e-003
+2.95001500000e+003, +4.74764581312e-001, +8.89698905820e+001, +2.56096725483e-005, +8.53523809390e-003
+2.97165800000e+003, +4.77738680294e-001, +8.89930640210e+001, +2.55825976140e-005, +8.39551372642e-003
+2.99345900000e+003, +4.80798289207e-001, +8.90025394556e+001, +2.55590034438e-005, +8.36978051976e-003
+3.01541900000e+003, +4.83977548682e-001, +8.90000752885e+001, +2.55406261404e-005, +8.44593702099e-003
+3.03754100000e+003, +4.87324795120e-001, +8.89901698944e+001, +2.55298953564e-005, +8.58858673022e-003
+3.05982600000e+003, +4.90766113837e-001, +8.89631762084e+001, +2.55227141940e-005, +8.88041347239e-003
+3.08227400000e+003, +4.94451424185e-001, +8.89145055334e+001, +2.55266941892e-005, +9.36704557156e-003
+3.10488600000e+003, +4.98072279067e-001, +8.88533696744e+001, +2.55258298836e-005, +9.96699345034e-003
+3.12766500000e+003, +5.01903717060e-001, +8.87980367720e+001, +2.55343462468e-005, +1.05282722329e-002
+3.15061000000e+003, +5.05765573488e-001, +8.87522357244e+001, +2.55429913170e-005, +1.10134871756e-002
+3.17372400000e+003, +5.09670089527e-001, +8.87321251282e+001, +2.55525227017e-005, +1.12773605386e-002
+3.19700700000e+003, +5.13610649775e-001, +8.87267839928e+001, +2.55625000789e-005, +1.14124196868e-002
+3.22046200000e+003, +5.17653312571e-001, +8.87545918920e+001, +2.55763369925e-005, +1.12510707200e-002
+3.24408800000e+003, +5.21680151349e-001, +8.87782690603e+001, +2.55878077087e-005, +1.11230615845e-002
+3.26788800000e+003, +5.25806393280e-001, +8.88090658375e+001, +2.56026551164e-005, +1.09284787057e-002
+3.29186200000e+003, +5.29927491364e-001, +8.88198725128e+001, +2.56154996775e-005, +1.09142032143e-002
+3.31601200000e+003, +5.33975340719e-001, +8.88437474070e+001, +2.56234026160e-005, +1.07751124384e-002
+3.34033900000e+003, +5.38342775300e-001, +8.88716126010e+001, +2.56450912747e-005, +1.06014778418e-002
+3.36484500000e+003, +5.42633436593e-001, +8.88999124621e+001, +2.56614719464e-005, +1.04180030388e-002
+3.38953000000e+003, +5.46866045027e-001, +8.89096042823e+001, +2.56733745905e-005, +1.04067769876e-002
+3.41439700000e+003, +5.51112722970e-001, +8.89223154177e+001, +2.56844177512e-005, +1.03653475016e-002
+3.43944600000e+003, +5.55185928054e-001, +8.89309960202e+001, +2.56858824764e-005, +1.03578577490e-002
+3.46467900000e+003, +5.59222519188e-001, +8.89357482233e+001, +2.56842480280e-005, +1.03867918722e-002
+3.49009700000e+003, +5.63081872250e-001, +8.89275862441e+001, +2.56730875693e-005, +1.05386730554e-002
+3.51570100000e+003, +5.67057844742e-001, +8.89299571744e+001, +2.56660963378e-005, +1.05896265292e-002
+3.54149400000e+003, +5.71128419928e-001, +8.89265847336e+001, +2.56620397137e-005, +1.06992540871e-002
+3.56747500000e+003, +5.75022006762e-001, +8.89196410317e+001, +2.56487644822e-005, +1.08418696051e-002
+3.59364700000e+003, +5.79010401772e-001, +8.89099275053e+001, +2.56384920729e-005, +1.10152133852e-002
+3.62001100000e+003, +5.82980075197e-001, +8.88929522674e+001, +2.56261215485e-005, +1.12634232415e-002
+3.64656900000e+003, +5.87081385194e-001, +8.88739851464e+001, +2.56182897100e-005, +1.15369720606e-002
+3.67332100000e+003, +5.91122951000e-001, +8.88731995846e+001, +2.56067865277e-005, +1.16244976007e-002
+3.70027000000e+003, +5.95285859400e-001, +8.88681595828e+001, +2.55992675582e-005, +1.17587155773e-002
+3.72741600000e+003, +5.99557559412e-001, +8.88642970395e+001, +2.55951586854e-005, +1.18835054305e-002
+3.75476200000e+003, +6.03986176765e-001, +8.88939312733e+001, +2.55966888119e-005, +1.16589517540e-002
+3.78230800000e+003, +6.08425604321e-001, +8.89085996649e+001, +2.55971684579e-005, +1.15889120913e-002
+3.81005600000e+003, +6.12990985336e-001, +8.89253071864e+001, +2.56015617356e-005, +1.14971536169e-002
+3.83800800000e+003, +6.17479860259e-001, +8.89478634607e+001, +2.56014064825e-005, +1.13382978088e-002
+3.86616500000e+003, +6.21970644865e-001, +8.89712458249e+001, +2.55999799554e-005, +1.11669746623e-002
+3.89452800000e+003, +6.26419475889e-001, +8.89990453220e+001, +2.55955388124e-005, +1.09429632753e-002
+3.92309900000e+003, +6.30887127279e-001, +8.90375626569e+001, +2.55906464152e-005, +1.05969546405e-002
+3.95188000000e+003, +6.35437513235e-001, +8.90608215853e+001, +2.55876784881e-005, +1.04154699798e-002
+3.98087300000e+003, +6.40040136687e-001, +8.90883076649e+001, +2.55855074983e-005, +1.01839100233e-002
+4.01007800000e+003, +6.44828185469e-001, +8.90866476598e+001, +2.55891665447e-005, +1.02787743489e-002
+4.03949700000e+003, +6.49768338325e-001, +8.90752161336e+001, +2.55973386527e-005, +1.04871456697e-002
+4.06913200000e+003, +6.55017732576e-001, +8.90346611541e+001, +2.56159087131e-005, +1.10354401731e-002
+4.09898400000e+003, +6.60212695407e-001, +8.90016324180e+001, +2.56307813278e-005, +1.15034929905e-002
+4.12905600000e+003, +6.65299215345e-001, +8.89809637786e+001, +2.56399797049e-005, +1.18320801635e-002
+4.15934800000e+003, +6.70262865675e-001, +8.89600398710e+001, +2.56429797737e-005, +1.21650912034e-002
+4.18986200000e+003, +6.75078320209e-001, +8.89654896837e+001, +2.56391591855e-005, +1.21882893896e-002
+4.22060000000e+003, +6.79399525978e-001, +8.90152706326e+001, +2.56157473640e-005, +1.16761083448e-002
+4.25156400000e+003, +6.83733314761e-001, +8.90575145681e+001, +2.55917151089e-005, +1.12465461347e-002
+4.28275400000e+003, +6.88242602155e-001, +8.90880087104e+001, +2.55731093498e-005, +1.09544674947e-002
+4.31417400000e+003, +6.92817049022e-001, +8.91214137792e+001, +2.55558293355e-005, +1.06233943138e-002
+4.34582400000e+003, +6.97485274929e-001, +8.91434920487e+001, +2.55408010112e-005, +1.04262380073e-002
+4.37770600000e+003, +7.02531744786e-001, +8.91729630674e+001, +2.55384331006e-005, +1.01403546295e-002
+4.40982300000e+003, +7.07870859636e-001, +8.91901507377e+001, +2.55452186084e-005, +1.00050930473e-002
+4.44217400000e+003, +7.13072501239e-001, +8.91997753385e+001, +2.55455875180e-005, +9.95884260156e-003
+4.47476400000e+003, +7.18343987878e-001, +8.92142125086e+001, +2.55471002989e-005, +9.85147649838e-003
+4.50759200000e+003, +7.23714763584e-001, +8.92157970431e+001, +2.55506695100e-005, +9.90511941428e-003
+4.54066100000e+003, +7.28970967249e-001, +8.92034828011e+001, +2.55487300111e-005, +1.01337169254e-002
+4.57397300000e+003, +7.34223323376e-001, +8.91766135164e+001, +2.55452327722e-005, +1.05510171453e-002
+4.60752900000e+003, +7.39639856576e-001, +8.91537587767e+001, +2.55461224129e-005, +1.09238583722e-002
+4.64133100000e+003, +7.45046424677e-001, +8.91369116899e+001, +2.55453377425e-005, +1.12227557764e-002
+4.67538100000e+003, +7.50700608989e-001, +8.91202808852e+001, +2.55516352214e-005, +1.15258005606e-002
+4.70968100000e+003, +7.56254790060e-001, +8.91084018364e+001, +2.55531351889e-005, +1.17678505275e-002
+4.74423300000e+003, +7.62177872980e-001, +8.91125409085e+001, +2.55657395245e-005, +1.18049643913e-002
+4.77903800000e+003, +7.68097907854e-001, +8.91130169556e+001, +2.55766810479e-005, +1.18902755924e-002
+4.81409900000e+003, +7.73995337285e-001, +8.91117986595e+001, +2.55853447642e-005, +1.19980244249e-002
+4.84941600000e+003, +7.79878236076e-001, +8.91198767948e+001, +2.55921192586e-005, +1.19792757056e-002
+4.88499300000e+003, +7.85797968470e-001, +8.91140138623e+001, +2.55985379908e-005, +1.21506045941e-002
+4.92083100000e+003, +7.91610192462e-001, +8.91117360716e+001, +2.56000531074e-005, +1.22719442615e-002
+4.95693200000e+003, +7.97431764767e-001, +8.91057439836e+001, +2.56004619672e-005, +1.24455798923e-002
+4.99329700000e+003, +8.03083709950e-001, +8.90989829034e+001, +2.55940991110e-005, +1.26285449875e-002
+5.02993000000e+003, +8.08878447597e-001, +8.90978153171e+001, +2.55910209753e-005, +1.27361490915e-002
+5.06683100000e+003, +8.14743182815e-001, +8.91074574801e+001, +2.55889078958e-005, +1.26913976717e-002
+5.10400300000e+003, +8.20389115581e-001, +8.91150722531e+001, +2.55786311298e-005, +1.26703264150e-002
+5.14144700000e+003, +8.26000945052e-001, +8.91410877379e+001, +2.55662194386e-005, +1.23819899851e-002
+5.17916600000e+003, +8.31862001227e-001, +8.91592601244e+001, +2.55602342712e-005, +1.22060379252e-002
+5.21716200000e+003, +8.37644880700e-001, +8.91759553859e+001, +2.55505838995e-005, +1.20468376888e-002
+5.25543700000e+003, +8.43670695974e-001, +8.91900640330e+001, +2.55470564956e-005, +1.19257734045e-002
+5.29399300000e+003, +8.49880820131e-001, +8.92025609827e+001, +2.55477544026e-005, +1.18282053528e-002
+5.33283100000e+003, +8.56907129175e-001, +8.91909314920e+001, +2.55712975741e-005, +1.20999057533e-002
+5.37195400000e+003, +8.63904615884e-001, +8.91887132656e+001, +2.55923462321e-005, +1.22321563743e-002
+5.41136500000e+003, +8.70752372473e-001, +8.91937534155e+001, +2.56073696460e-005, +1.22525247718e-002
+5.45106400000e+003, +8.77479585446e-001, +8.91949556445e+001, +2.56172791669e-005, +1.23287744772e-002
+5.49105500000e+003, +8.84011395179e-001, +8.92029166744e+001, +2.56200618544e-005, +1.22977297864e-002
+5.53133900000e+003, +8.90190470118e-001, +8.92264100826e+001, +2.56113935788e-005, +1.20187115973e-002
+5.57191800000e+003, +8.95746689187e-001, +8.92424581337e+001, +2.55836594863e-005, +1.18428591855e-002
+5.61279600000e+003, +9.01630108913e-001, +8.92667722007e+001, +2.55642888991e-005, +1.15380612965e-002
+5.65397300000e+003, +9.07663569589e-001, +8.92861393470e+001, +2.55480405653e-005, +1.13084864269e-002
+5.69545200000e+003, +9.13798714049e-001, +8.92902128144e+001, +2.55334296198e-005, +1.13199616683e-002
+5.73723600000e+003, +9.20161831871e-001, +8.92898901408e+001, +2.55239729589e-005, +1.14039684339e-002
+5.77932600000e+003, +9.26782330300e-001, +8.92625234025e+001, +2.55202372512e-005, +1.19286518697e-002
+5.82172500000e+003, +9.33614964350e-001, +8.92481609333e+001, +2.55210687550e-005, +1.22506066873e-002
+5.86443500000e+003, +9.40422215937e-001, +8.92285849616e+001, +2.55198120041e-005, +1.26612104539e-002
+5.90745800000e+003, +9.47264209119e-001, +8.92142977490e+001, +2.55181850173e-005, +1.29895133900e-002
+5.95079700000e+003, +9.54202720064e-001, +8.92033473263e+001, +2.55178255838e-005, +1.32670095665e-002
+5.99445400000e+003, +9.61421385768e-001, +8.91957457567e+001, +2.55235742240e-005, +1.34949178434e-002
+6.03843100000e+003, +9.68549676462e-001, +8.91984762430e+001, +2.55255687237e-005, +1.35488209033e-002
+6.08273100000e+003, +9.75721832391e-001, +8.91938175502e+001, +2.55272805433e-005, +1.37284782338e-002
+6.12735600000e+003, +9.83099146375e-001, +8.91858186217e+001, +2.55329201699e-005, +1.39695120149e-002
+6.17230800000e+003, +9.90453051809e-001, +8.91855197817e+001, +2.55365694889e-005, +1.40791739931e-002
+6.21759000000e+003, +9.97845656739e-001, +8.91750429087e+001, +2.55397360453e-005, +1.43667023262e-002
+6.26320400000e+003, +1.00528046920e+000, +8.91720131328e+001, +2.55426216209e-005, +1.45268999373e-002
+6.30915300000e+003, +1.01281154398e+000, +8.91613759084e+001, +2.55464873494e-005, +1.48237416654e-002
+6.35543900000e+003, +1.02037815085e+000, +8.91618330874e+001, +2.55499030282e-005, +1.49263472459e-002
+6.40206400000e+003, +1.02790411979e+000, +8.91558556333e+001, +2.55508640012e-005, +1.51436648362e-002
+6.44903200000e+003, +1.03548706825e+000, +8.91487104692e+001, +2.55518495296e-005, +1.53844991003e-002
+6.49634400000e+003, +1.04280590286e+000, +8.91549125625e+001, +2.55450852601e-005, +1.53803687307e-002
+6.54400300000e+003, +1.05028255763e+000, +8.91567959121e+001, +2.55408745134e-005, +1.54561223608e-002
+6.59201200000e+003, +1.05772695055e+000, +8.91646227289e+001, +2.55346288680e-005, +1.54212012748e-002
+6.64037300000e+003, +1.06524245208e+000, +8.91692545430e+001, +2.55288040696e-005, +1.54446685048e-002
+6.68908900000e+003, +1.07302531724e+000, +8.91865245476e+001, +2.55281505596e-005, +1.52341138828e-002
+6.73816200000e+003, +1.08059636238e+000, +8.92166823970e+001, +2.55212297188e-005, +1.47728819048e-002
+6.78759500000e+003, +1.08831862384e+000, +8.92543649489e+001, +2.55166404944e-005, +1.41627466174e-002
+6.83739100000e+003, +1.09604140916e+000, +8.92833396716e+001, +2.55107192924e-005, +1.37090187296e-002
+6.88755200000e+003, +1.10410414189e+000, +8.92958545258e+001, +2.55112936744e-005, +1.35687195622e-002
+6.93808100000e+003, +1.11230595983e+000, +8.93058195943e+001, +2.55136829283e-005, +1.34760730822e-002
+6.98898100000e+003, +1.12067058554e+000, +8.92950621263e+001, +2.55182785194e-005, +1.37878080262e-002
+7.04025500000e+003, +1.12912499738e+000, +8.92659185243e+001, +2.55233759951e-005, +1.44661103308e-002
+7.09190400000e+003, +1.13772231692e+000, +8.92391786864e+001, +2.55302619245e-005, +1.51071851526e-002
+7.14393300000e+003, +1.14628735349e+000, +8.92275472059e+001, +2.55350545490e-005, +1.54535997847e-002
+7.19634300000e+003, +1.15480394336e+000, +8.92171298077e+001, +2.55373596699e-005, +1.57783603340e-002
+7.24913700000e+003, +1.16338467312e+000, +8.92236967382e+001, +2.55397885733e-005, +1.57622724025e-002
+7.30231900000e+003, +1.17178481026e+000, +8.92494131336e+001, +2.55370030083e-005, +1.53501905329e-002
+7.35589100000e+003, +1.18026177741e+000, +8.92605976829e+001, +2.55344803917e-005, +1.52308612925e-002
+7.40985600000e+003, +1.18871343529e+000, +8.92873555362e+001, +2.55301837407e-005, +1.47848273245e-002
+7.46421700000e+003, +1.19761088514e+000, +8.93000388735e+001, +2.55340203644e-005, +1.46304007001e-002
+7.51897700000e+003, +1.20621945331e+000, +8.93130361440e+001, +2.55303334334e-005, +1.44619607374e-002
+7.57413900000e+003, +1.21537300398e+000, +8.93256755695e+001, +2.55367936753e-005, +1.43036153078e-002
+7.62970500000e+003, +1.22447572687e+000, +8.93383084793e+001, +2.55407474965e-005, +1.41407831876e-002
+7.68567900000e+003, +1.23360331131e+000, +8.93462321930e+001, +2.55437787436e-005, +1.40756027422e-002
+7.74206300000e+003, +1.24257331354e+000, +8.93495355464e+001, +2.55421508322e-005, +1.41063166716e-002
+7.79886100000e+003, +1.25163265680e+000, +8.93526484461e+001, +2.55410129527e-005, +1.41411656106e-002
+7.85607600000e+003, +1.26042399883e+000, +8.93459372896e+001, +2.55330573690e-005, +1.43881179185e-002
+7.91371100000e+003, +1.26909345938e+000, +8.93414237771e+001, +2.55214215608e-005, +1.45870495190e-002
+7.97176800000e+003, +1.27779532418e+000, +8.93336740514e+001, +2.55092333121e-005, +1.48598901475e-002
+8.03025200000e+003, +1.28684322628e+000, +8.93278527513e+001, +2.55027323851e-005, +1.50958465420e-002
+8.08916400000e+003, +1.29604278876e+000, +8.93154992439e+001, +2.54979249178e-005, +1.54831852098e-002
+8.14850900000e+003, +1.30558139481e+000, +8.93093244093e+001, +2.54984851282e-005, +1.57378321750e-002
+8.20828900000e+003, +1.31583008344e+000, +8.92892038027e+001, +2.55113760110e-005, +1.63234192340e-002
+8.26850700000e+003, +1.32603246559e+000, +8.92652521819e+001, +2.55218105026e-005, +1.70042674264e-002
+8.32916800000e+003, +1.33603846810e+000, +8.92565429392e+001, +2.55270665304e-005, +1.73356461474e-002
+8.39027300000e+003, +1.34601602687e+000, +8.92489524189e+001, +2.55303611298e-005, +1.76434135196e-002
+8.45182700000e+003, +1.35610775306e+000, +8.92489939746e+001, +2.55344450188e-005, +1.77747111536e-002
+8.51383200000e+003, +1.36570683140e+000, +8.92744919529e+001, +2.55280545471e-005, +1.72928063228e-002
+8.57629200000e+003, +1.37519455657e+000, +8.92962151508e+001, +2.55183125774e-005, +1.68915889429e-002
+8.63921000000e+003, +1.38494377931e+000, +8.93163283500e+001, +2.55121656714e-005, +1.65252020004e-002
+8.70259000000e+003, +1.39494171210e+000, +8.93344422736e+001, +2.55092898016e-005, +1.62035208017e-002
+8.76643500000e+003, +1.40501877161e+000, +8.93432018083e+001, +2.55064904333e-005, +1.61057862504e-002
+8.83074800000e+003, +1.41576542952e+000, +8.93448750920e+001, +2.55144113669e-005, +1.61876318777e-002
+8.89553300000e+003, +1.42688550602e+000, +8.93416036879e+001, +2.55275190340e-005, +1.63962422304e-002
+8.96079400000e+003, +1.43785394787e+000, +8.93430153126e+001, +2.55364110787e-005, +1.64868570431e-002
+9.02653300000e+003, +1.44877586199e+000, +8.93407786231e+001, +2.55429829078e-005, +1.66686439249e-002
+9.09275400000e+003, +1.45957635955e+000, +8.93369579347e+001, +2.55459719020e-005, +1.68902305246e-002
+9.15946200000e+003, +1.47005167370e+000, +8.93343334814e+001, +2.55419150523e-005, +1.70787826591e-002
+9.22665800000e+003, +1.47989987107e+000, +8.93298405370e+001, +2.55257394971e-005, +1.73092380959e-002
+9.29434800000e+003, +1.48988796323e+000, +8.93269239190e+001, +2.55108451449e-005, +1.75018979626e-002
+9.36253400000e+003, +1.50006808308e+000, +8.93277773098e+001, +2.54980990079e-005, +1.75991438963e-002
+9.43122100000e+003, +1.51049787756e+000, +8.93198865224e+001, +2.54883505839e-005, +1.79295202588e-002
+9.50041100000e+003, +1.52123065729e+000, +8.93175922456e+001, +2.54824982434e-005, +1.81178275716e-002
+9.57010900000e+003, +1.53255574864e+000, +8.93057718402e+001, +2.54851766619e-005, +1.85688602776e-002
+9.64031800000e+003, +1.54393649356e+000, +8.92985625797e+001, +2.54874072441e-005, +1.89010043776e-002
+9.71104200000e+003, +1.55545171371e+000, +8.92923519087e+001, +2.54904620674e-005, +1.92105677210e-002
+9.78228600000e+003, +1.56706079495e+000, +8.92901005628e+001, +2.54936656169e-005, +1.94155158212e-002
+9.85405200000e+003, +1.57868196020e+000, +8.92791317359e+001, +2.54956186165e-005, +1.98617020362e-002
+9.92634400000e+003, +1.59027435879e+000, +8.92744548189e+001, +2.54957648419e-005, +2.01373481778e-002
+9.99916700000e+003, +1.60188200027e+000, +8.92712379640e+001, +2.54948053280e-005, +2.03742635372e-002
+1.00725240000e+004, +1.61363573267e+000, +8.92735272568e+001, +2.54948471416e-005, +2.04592899769e-002
+1.01464190000e+004, +1.62544886848e+000, +8.92787790059e+001, +2.54944850103e-005, +2.04600914815e-002
+1.02208560000e+004, +1.63734995131e+000, +8.92795112365e+001, +2.54941205613e-005, +2.05889711541e-002
+1.02958390000e+004, +1.64930498160e+000, +8.92831633672e+001, +2.54932596264e-005, +2.06341792749e-002
+1.03713730000e+004, +1.66140934924e+000, +8.92976180851e+001, +2.54934078678e-005, +2.03665027727e-002
+1.04474600000e+004, +1.67350851730e+000, +8.93074343293e+001, +2.54921000155e-005, +2.02281273595e-002
+1.05241060000e+004, +1.68564672559e+000, +8.93137717447e+001, +2.54900289853e-005, +2.01884111960e-002
+1.06013140000e+004, +1.69813287664e+000, +8.93169330179e+001, +2.54918433033e-005, +2.02442663778e-002
+1.06790890000e+004, +1.71063011921e+000, +8.93166240959e+001, +2.54924249043e-005, +2.04024746302e-002
+1.07574340000e+004, +1.72336626882e+000, +8.93158721187e+001, +2.54951792787e-005, +2.05769937904e-002
+1.08363540000e+004, +1.73626799213e+000, +8.93037403677e+001, +2.54989113737e-005, +2.10986493423e-002
+1.09158530000e+004, +1.74919837273e+000, +8.92947480036e+001, +2.55016697210e-005, +2.15302855461e-002
+1.09959350000e+004, +1.76188600460e+000, +8.92893338794e+001, +2.54995411383e-005, +2.18529287367e-002
+1.10766040000e+004, +1.77482393139e+000, +8.92785685598e+001, +2.54996576774e-005, +2.23468458361e-002
+1.11578660000e+004, +1.78760240002e+000, +8.92696982440e+001, +2.54961519941e-005, +2.27844674391e-002
+1.12397230000e+004, +1.80000661959e+000, +8.92601228848e+001, +2.54860431816e-005, +2.32433645813e-002
+1.13221810000e+004, +1.81267338811e+000, +8.92550808421e+001, +2.54784433777e-005, +2.35664320264e-002
+1.14052440000e+004, +1.82546627245e+000, +8.92516376069e+001, +2.54713707750e-005, +2.38424448891e-002
+1.14889170000e+004, +1.83855603101e+000, +8.92471132592e+001, +2.54671539603e-005, +2.41585791240e-002
+1.15732030000e+004, +1.85193875935e+000, +8.92433724159e+001, +2.54656820646e-005, +2.44553304834e-002
+1.16581080000e+004, +1.86539807185e+000, +8.92492084621e+001, +2.54639805358e-005, +2.44430744963e-002
+1.17436350000e+004, +1.87916711280e+000, +8.92533811117e+001, +2.54651428281e-005, +2.44866544463e-002
+1.18297900000e+004, +1.89314783017e+000, +8.92570987138e+001, +2.54677815981e-005, +2.45460060495e-002
+1.19165770000e+004, +1.90697784962e+000, +8.92580579106e+001, +2.54670032212e-005, +2.46933997675e-002
+1.20040010000e+004, +1.92103153964e+000, +8.92607035619e+001, +2.54678597606e-005, +2.47866837353e-002
+1.20920660000e+004, +1.93538480448e+000, +8.92569167913e+001, +2.54712597146e-005, +2.50997830325e-002
+1.21807770000e+004, +1.94961485318e+000, +8.92492466629e+001, +2.54716266631e-005, +2.55453017010e-002
+1.22701390000e+004, +1.96407264775e+000, +8.92467526490e+001, +2.54736199459e-005, +2.58202247339e-002
+1.23601560000e+004, +1.97849894333e+000, +8.92475542354e+001, +2.54738478457e-005, +2.59821992301e-002
+1.24508340000e+004, +1.99292863969e+000, +8.92508619808e+001, +2.54727781851e-005, +2.60566500392e-002
+1.25421780000e+004, +2.00753523417e+000, +8.92566638234e+001, +2.54726305975e-005, +2.60443564282e-002
+1.26341910000e+004, +2.02198692532e+000, +8.92675072291e+001, +2.54692141314e-005, +2.58492069285e-002
+1.27268790000e+004, +2.03663841773e+000, +8.92787446041e+001, +2.54669970016e-005, +2.56371004167e-002
+1.28202470000e+004, +2.05122734564e+000, +8.92894964497e+001, +2.54626818638e-005, +2.54358518548e-002
+1.29143010000e+004, +2.06608660854e+000, +8.92934251518e+001, +2.54603708639e-005, +2.54784530810e-002
+1.30090440000e+004, +2.08096954126e+000, +8.93000208007e+001, +2.54570491937e-005, +2.54224512045e-002
+1.31044820000e+004, +2.09601636666e+000, +8.93009189893e+001, +2.54543853655e-005, +2.55734173866e-002
+1.32006210000e+004, +2.11112032833e+000, +8.92988516395e+001, +2.54510812739e-005, +2.58338681416e-002
+1.32974650000e+004, +2.12644113238e+000, +8.93020829435e+001, +2.54490995152e-005, +2.59014337290e-002
+1.33950190000e+004, +2.14180465513e+000, +8.92999580528e+001, +2.54462763398e-005, +2.61679971943e-002
+1.34932890000e+004, +2.15744661407e+000, +8.92995803789e+001, +2.54454371104e-005, +2.63733265504e-002
+1.35922800000e+004, +2.17315794828e+000, +8.93016413359e+001, +2.54440857740e-005, +2.64872232659e-002
+1.36919970000e+004, +2.18902343018e+000, +8.92966285864e+001, +2.54431583389e-005, +2.68720985186e-002
+1.37924460000e+004, +2.20498725252e+000, +8.92970019562e+001, +2.54420575946e-005, +2.70537000366e-002
+1.38936320000e+004, +2.22107316440e+000, +8.92946674468e+001, +2.54410069432e-005, +2.73415537960e-002
+1.39955600000e+004, +2.23749319999e+000, +8.92953929599e+001, +2.54424385642e-005, +2.75153551726e-002
+1.40982350000e+004, +2.25402528293e+000, +8.92927709278e+001, +2.54437478855e-005, +2.78218001953e-002
+1.42016640000e+004, +2.27089214958e+000, +8.92890901606e+001, +2.54474328036e-005, +2.81758650331e-002
+1.43058520000e+004, +2.28774128814e+000, +8.92868626434e+001, +2.54495245514e-005, +2.84738538339e-002
+1.44108040000e+004, +2.30472616065e+000, +8.92853660992e+001, +2.54517394978e-005, +2.87454461079e-002
+1.45165260000e+004, +2.32174093583e+000, +8.92834018515e+001, +2.54528973450e-005, +2.90372501246e-002
+1.46230240000e+004, +2.33868581100e+000, +8.92839837511e+001, +2.54519409297e-005, +2.92254241164e-002
+1.47303030000e+004, +2.35559046837e+000, +8.92884849752e+001, +2.54492361536e-005, +2.92516298234e-002
+1.48383690000e+004, +2.37253359713e+000, +8.92904663514e+001, +2.54456198226e-005, +2.93799893804e-002
+1.49472280000e+004, +2.38988144254e+000, +8.92927069579e+001, +2.54450165549e-005, +2.95013629076e-002
+1.50568860000e+004, +2.40725652388e+000, +8.92925064384e+001, +2.54433464354e-005, +2.97242698476e-002
+1.51673480000e+004, +2.42500166965e+000, +8.92954579783e+001, +2.54442519600e-005, +2.98184707084e-002
+1.52786200000e+004, +2.44293899307e+000, +8.92955027789e+001, +2.54457814695e-005, +3.00371228112e-002
+1.53907090000e+004, +2.46114742072e+000, +8.92906310629e+001, +2.54487143479e-005, +3.04702535299e-002
+1.55036200000e+004, +2.47953763484e+000, +8.92893422681e+001, +2.54521406043e-005, +3.07537034313e-002
+1.56173590000e+004, +2.49763017492e+000, +8.92870822095e+001, +2.54511289022e-005, +3.10766177742e-002
+1.57319330000e+004, +2.51607688710e+000, +8.92876304764e+001, +2.54523791094e-005, +3.12820652765e-002
+1.58473470000e+004, +2.53415792385e+000, +8.92907433501e+001, +2.54486040242e-005, +3.13691945790e-002
+1.59636080000e+004, +2.55204781616e+000, +8.92975794568e+001, +2.54416484212e-005, +3.12861771845e-002
+1.60807220000e+004, +2.57022888312e+000, +8.93013624701e+001, +2.54363094964e-005, +3.13393739753e-002
+1.61986950000e+004, +2.58878103884e+000, +8.93017126893e+001, +2.54333265861e-005, +3.15497618588e-002
+1.63175340000e+004, +2.60740621015e+000, +8.93043867362e+001, +2.54297618575e-005, +3.16550678379e-002
+1.64372440000e+004, +2.62637428443e+000, +8.93010631029e+001, +2.54281891138e-005, +3.20376890109e-002
+1.65578330000e+004, +2.64598196735e+000, +8.92967627180e+001, +2.54314311337e-005, +3.24754539295e-002
+1.66793060000e+004, +2.66577029610e+000, +8.92916616039e+001, +2.54349969648e-005, +3.29556447600e-002
+1.68016710000e+004, +2.68555806675e+000, +8.92869166084e+001, +2.54371567725e-005, +3.34226610287e-002
+1.69249330000e+004, +2.70531913600e+000, +8.92881484956e+001, +2.54377185810e-005, +3.36104329089e-002
+1.70491000000e+004, +2.72526033075e+000, +8.92864688544e+001, +2.54385873312e-005, +3.39380645394e-002
+1.71741770000e+004, +2.74486503427e+000, +8.92939923735e+001, +2.54350280301e-005, +3.38218037070e-002
+1.73001720000e+004, +2.76456803542e+000, +8.93039033138e+001, +2.54310880020e-005, +3.35864059030e-002
+1.74270920000e+004, +2.78446752842e+000, +8.93095732016e+001, +2.54276270613e-005, +3.35526367079e-002
+1.75549420000e+004, +2.80460749080e+000, +8.93128386961e+001, +2.54250366541e-005, +3.36354886154e-002
+1.76837310000e+004, +2.82494903109e+000, +8.93154658715e+001, +2.54229446510e-005, +3.37499207706e-002
+1.78134640000e+004, +2.84553869145e+000, +8.93140281780e+001, +2.54217310502e-005, +3.40673038275e-002
+1.79441490000e+004, +2.86635454431e+000, +8.93041450203e+001, +2.54211470510e-005, +3.48109069733e-002
+1.80757930000e+004, +2.88747233050e+000, +8.92965033971e+001, +2.54218918181e-005, +3.54524531029e-002
+1.82084030000e+004, +2.90860792793e+000, +8.92915203807e+001, +2.54214463154e-005, +3.59648990192e-002
+1.83419850000e+004, +2.92990770289e+000, +8.92849050814e+001, +2.54210749727e-005, +3.65665278458e-002
+1.84765480000e+004, +2.95139717107e+000, +8.92854994180e+001, +2.54210323990e-005, +3.68041129480e-002
+1.86120970000e+004, +2.97320507589e+000, +8.92829670628e+001, +2.54223492410e-005, +3.72074582028e-002
+1.87486410000e+004, +2.99501399364e+000, +8.92824447838e+001, +2.54223173246e-005, +3.75076795235e-002
+1.88861870000e+004, +3.01704236513e+000, +8.92836115482e+001, +2.54227956410e-005, +3.77221151698e-002
+1.90247420000e+004, +3.03938308604e+000, +8.92866041945e+001, +2.54245416846e-005, +3.78427021860e-002
+1.91643130000e+004, +3.06156518343e+000, +8.92884347033e+001, +2.54235910459e-005, +3.80210821209e-002
+1.93049090000e+004, +3.08416728887e+000, +8.92943432081e+001, +2.54247891976e-005, +3.79837501750e-002
+1.94465360000e+004, +3.10701182526e+000, +8.92995664834e+001, +2.54266024594e-005, +3.79818728680e-002
+1.95892010000e+004, +3.12990849794e+000, +8.93027070927e+001, +2.54274546199e-005, +3.80902248080e-002
+1.97329140000e+004, +3.15286746353e+000, +8.93063426023e+001, +2.54274491950e-005, +3.81695900480e-002
+1.98776810000e+004, +3.17595282736e+000, +8.93076637630e+001, +2.54270953279e-005, +3.83758409289e-002
+2.00235090000e+004, +3.19890729771e+000, +8.93022693110e+001, +2.54243229264e-005, +3.89543635934e-002
+2.01704080000e+004, +3.22171374338e+000, +8.92943459466e+001, +2.54190584537e-005, +3.96775802430e-002
+2.03183840000e+004, +3.24482610535e+000, +8.92860402287e+001, +2.54149158837e-005, +4.04325653748e-002
+2.04674460000e+004, +3.26826439717e+000, +8.92818435941e+001, +2.54120408824e-005, +4.09639867971e-002
+2.06176020000e+004, +3.29186166649e+000, +8.92768637654e+001, +2.54090814652e-005, +4.15458393776e-002
+2.07688590000e+004, +3.31577274996e+000, +8.92723570196e+001, +2.54072246991e-005, +4.21084054065e-002
+2.09212260000e+004, +3.34019716995e+000, +8.92802571431e+001, +2.54080208718e-005, +4.19580612561e-002
+2.10747100000e+004, +3.36473610974e+000, +8.92840255318e+001, +2.54083009242e-005, +4.20450244441e-002
+2.12293210000e+004, +3.38946182996e+000, +8.92869876695e+001, +2.54086239827e-005, +4.21787734173e-002
+2.13850660000e+004, +3.41454227102e+000, +8.92855962850e+001, +2.54102109109e-005, +4.25737898593e-002
+2.15419530000e+004, +3.43967092653e+000, +8.92828231680e+001, +2.54107761377e-005, +4.30535704901e-002
+2.16999920000e+004, +3.46524990693e+000, +8.92728585538e+001, +2.54132461710e-005, +4.39763489076e-002
+2.18591890000e+004, +3.49087983595e+000, +8.92602147774e+001, +2.54146880993e-005, +4.50718985501e-002
+2.20195550000e+004, +3.51663402075e+000, +8.92481286557e+001, +2.54156588494e-005, +4.61461644410e-002
+2.21810970000e+004, +3.54262585950e+000, +8.92400414084e+001, +2.54169945430e-005, +4.69872308560e-002
+2.23438250000e+004, +3.56877374696e+000, +8.92329667021e+001, +2.54180779857e-005, +4.77746625699e-002
+2.25077460000e+004, +3.59469683502e+000, +8.92308128988e+001, +2.54162374120e-005, +4.82568071879e-002
+2.26728700000e+004, +3.62109446550e+000, +8.92362869619e+001, +2.54164509068e-005, +4.82652507581e-002
+2.28392050000e+004, +3.64726379744e+000, +8.92368305910e+001, +2.54136940931e-005, +4.85794568973e-002
+2.30067610000e+004, +3.67374501220e+000, +8.92388681215e+001, +2.54117947388e-005, +4.88015387006e-002
+2.31755450000e+004, +3.70047930461e+000, +8.92423404947e+001, +2.54103228449e-005, +4.89324280447e-002
+2.33455680000e+004, +3.72727558810e+000, +8.92429007816e+001, +2.54079294766e-005, +4.92503171831e-002
+2.35168380000e+004, +3.75393091888e+000, +8.92448315176e+001, +2.54032777839e-005, +4.94760392995e-002
+2.36893650000e+004, +3.78089298924e+000, +8.92486382462e+001, +2.53994173322e-005, +4.95802132280e-002
+2.38631580000e+004, +3.80820451152e+000, +8.92491553888e+001, +2.53965770040e-005, +4.99039897763e-002
+2.40382250000e+004, +3.83578106592e+000, +8.92489763363e+001, +2.53941825068e-005, +5.02773481945e-002
+2.42145770000e+004, +3.86352298897e+000, +8.92477221359e+001, +2.53915557187e-005, +5.07255393106e-002
+2.43922230000e+004, +3.89190687422e+000, +8.92433711614e+001, +2.53917901622e-005, +5.13937224662e-002
+2.45711720000e+004, +3.92049974558e+000, +8.92349078730e+001, +2.53920034471e-005, +5.23503541224e-002
+2.47514330000e+004, +3.94938160083e+000, +8.92315672492e+001, +2.53927549933e-005, +5.29662605710e-002
+2.49330180000e+004, +3.97833820029e+000, +8.92255732926e+001, +2.53926080491e-005, +5.37707588758e-002
+2.51159340000e+004, +4.00750716462e+000, +8.92213908442e+001, +2.53924732951e-005, +5.44575143428e-002
+2.53001920000e+004, +4.03675969163e+000, +8.92170151775e+001, +2.53915175489e-005, +5.51632811483e-002
+2.54858020000e+004, +4.06628711563e+000, +8.92163543470e+001, +2.53909672451e-005, +5.56136752418e-002
+2.56727740000e+004, +4.09603344286e+000, +8.92139643409e+001, +2.53904242498e-005, +5.61913526944e-002
+2.58611170000e+004, +4.12614494251e+000, +8.92097310275e+001, +2.53907787181e-005, +5.69092691328e-002
+2.60508420000e+004, +4.15638715020e+000, +8.92051365554e+001, +2.53905767966e-005, +5.76596437440e-002
+2.62419590000e+004, +4.18677786310e+000, +8.92031009632e+001, +2.53899467765e-005, +5.82299726991e-002
+2.64344790000e+004, +4.21783696018e+000, +8.91986473660e+001, +2.53919869309e-005, +5.89897648996e-002
+2.66284100000e+004, +4.24898357532e+000, +8.91912863925e+001, +2.53931563152e-005, +5.99712015258e-002
+2.68237640000e+004, +4.28020113525e+000, +8.91883857895e+001, +2.53934095154e-005, +6.06284776989e-002
+2.70205520000e+004, +4.31159194904e+000, +8.91855121846e+001, +2.53933316234e-005, +6.12893456214e-002
+2.72187830000e+004, +4.34300154687e+000, +8.91821727170e+001, +2.53920151901e-005, +6.19889384154e-002
+2.74184680000e+004, +4.37412319014e+000, +8.91802943293e+001, +2.53877088993e-005, +6.25765336141e-002
+2.76196190000e+004, +4.40548697315e+000, +8.91797569380e+001, +2.53835210472e-005, +6.30665421608e-002
+2.78222450000e+004, +4.43715488147e+000, +8.91794913012e+001, +2.53797894816e-005, +6.35404522123e-002
+2.80263570000e+004, +4.46931573143e+000, +8.91801708885e+001, +2.53775713758e-005, +6.39479931609e-002
+2.82319670000e+004, +4.50178459004e+000, +8.91805338172e+001, +2.53757731597e-005, +6.43840522816e-002
+2.84390860000e+004, +4.53490582159e+000, +8.91806128082e+001, +2.53763033471e-005, +6.48514972546e-002
+2.86477240000e+004, +4.56871148444e+000, +8.91837264476e+001, +2.53793015259e-005, +6.50866823235e-002
+2.88578920000e+004, +4.60278594149e+000, +8.91852225021e+001, +2.53823829405e-005, +6.54519416184e-002
+2.90696030000e+004, +4.63682421369e+000, +8.91836851627e+001, +2.53838552692e-005, +6.60603692275e-002
+2.92828660000e+004, +4.67096609189e+000, +8.91830907646e+001, +2.53845297300e-005, +6.65952377698e-002
+2.94976940000e+004, +4.70525323956e+000, +8.91862132747e+001, +2.53846547360e-005, +6.68276776706e-002
+2.97140990000e+004, +4.73941873045e+000, +8.91852818429e+001, +2.53827538818e-005, +6.73899614602e-002
+2.99320900000e+004, +4.77380209148e+000, +8.91825540967e+001, +2.53806825783e-005, +6.81061085217e-002
+3.01516820000e+004, +4.80846932564e+000, +8.91826032873e+001, +2.53788092060e-005, +6.85965655857e-002
+3.03728840000e+004, +4.84353525581e+000, +8.91791440068e+001, +2.53776845015e-005, +6.93892110286e-002
+3.05957080000e+004, +4.87871741863e+000, +8.91760882208e+001, +2.53758374756e-005, +7.01534083646e-002
+3.08201680000e+004, +4.91414930898e+000, +8.91718632652e+001, +2.53739518776e-005, +7.10252291398e-002
+3.10462740000e+004, +4.94970998917e+000, +8.91687454696e+001, +2.53714151277e-005, +7.18085092804e-002
+3.12740390000e+004, +4.98569700576e+000, +8.91650403901e+001, +2.53697345760e-005, +7.26529654031e-002
+3.15034750000e+004, +5.02201543014e+000, +8.91596609801e+001, +2.53683955339e-005, +7.36536662855e-002
+3.17345950000e+004, +5.05873346598e+000, +8.91575278562e+001, +2.53677541085e-005, +7.43804952770e-002
+3.19674090000e+004, +5.09569187732e+000, +8.91535709995e+001, +2.53669621847e-005, +7.52757801158e-002
+3.22019320000e+004, +5.13331812558e+000, +8.91533213071e+001, +2.53681596681e-005, +7.58539797704e-002
+3.24381760000e+004, +5.17082954735e+000, +8.91524163649e+001, +2.53674262322e-005, +7.64899385874e-002
+3.26761520000e+004, +5.20892246975e+000, +8.91490561696e+001, +2.53681746154e-005, +7.73588827684e-002
+3.29158740000e+004, +5.24690357156e+000, +8.91473254979e+001, +2.53670362252e-005, +7.80814187112e-002
+3.31573550000e+004, +5.28517892859e+000, +8.91417102061e+001, +2.53659550048e-005, +7.91689286619e-002
+3.34006080000e+004, +5.32323225857e+000, +8.91336510204e+001, +2.53624687789e-005, +8.04876230319e-002
+3.36456450000e+004, +5.36171502077e+000, +8.91254058095e+001, +2.53597169464e-005, +8.18409792713e-002
+3.38924800000e+004, +5.40044985446e+000, +8.91196158232e+001, +2.53568586764e-005, +8.29779008527e-002
+3.41411260000e+004, +5.43974680683e+000, +8.91134494493e+001, +2.53553135532e-005, +8.41670735941e-002
+3.43915960000e+004, +5.47923777017e+000, +8.91096440276e+001, +2.53533591854e-005, +8.51419733547e-002
+3.46439030000e+004, +5.51926723867e+000, +8.91113839413e+001, +2.53526001103e-005, +8.55964073599e-002
+3.48980610000e+004, +5.55976479177e+000, +8.91128057841e+001, +2.53526397897e-005, +8.60865162471e-002
+3.51540840000e+004, +5.60072256445e+000, +8.91125514539e+001, +2.53534058555e-005, +8.67455579665e-002
+3.54119860000e+004, +5.64160848609e+000, +8.91129712896e+001, +2.53524972307e-005, +8.73374765430e-002
+3.56717790000e+004, +5.68299025571e+000, +8.91118583723e+001, +2.53524593987e-005, +8.80884793456e-002
+3.59334780000e+004, +5.72436254585e+000, +8.91086755475e+001, +2.53510210261e-005, +8.90477197713e-002
+3.61970970000e+004, +5.76602655652e+000, +8.91045067340e+001, +2.53495341379e-005, +9.01153240686e-002
+3.64626500000e+004, +5.80802063325e+000, +8.90997039437e+001, +2.53481598417e-005, +9.12584302956e-002
+3.67301520000e+004, +5.85038012078e+000, +8.90952128657e+001, +2.53470451304e-005, +9.23825229337e-002
+3.69996150000e+004, +5.89298457045e+000, +8.90908245160e+001, +2.53456568840e-005, +9.35065776802e-002
+3.72710560000e+004, +5.93605099088e+000, +8.90860945121e+001, +2.53449131313e-005, +9.46799150848e-002
+3.75444880000e+004, +5.97958185637e+000, +8.90811022423e+001, +2.53448021857e-005, +9.58951752398e-002
+3.78199260000e+004, +6.02328829333e+000, +8.90763786231e+001, +2.53440885031e-005, +9.70926119134e-002
+3.80973850000e+004, +6.06741891537e+000, +8.90712324279e+001, +2.53438088677e-005, +9.83488695973e-002
+3.83768790000e+004, +6.11184380785e+000, +8.90658820176e+001, +2.53434074066e-005, +9.96396303456e-002
+3.86584230000e+004, +6.15641529359e+000, +8.90641523414e+001, +2.53422967188e-005, +1.00552094921e-001
+3.89420340000e+004, +6.20127853600e+000, +8.90623948504e+001, +2.53410488465e-005, +1.01475034248e-001
+3.92277240000e+004, +6.24641641773e+000, +8.90624350425e+001, +2.53396029888e-005, +1.02209269803e-001
+3.95155110000e+004, +6.29195371176e+000, +8.90603608405e+001, +2.53384265640e-005, +1.03182138982e-001
+3.98054090000e+004, +6.33786872357e+000, +8.90580571420e+001, +2.53374315563e-005, +1.04189895224e-001
+4.00974340000e+004, +6.38403632644e+000, +8.90564114896e+001, +2.53361139072e-005, +1.05132194431e-001
+4.03916010000e+004, +6.43070042258e+000, +8.90528761670e+001, +2.53354138581e-005, +1.06297397542e-001
+4.06879260000e+004, +6.47755206466e+000, +8.90471416425e+001, +2.53340971141e-005, +1.07720065355e-001
+4.09864260000e+004, +6.52486544516e+000, +8.90413691490e+001, +2.53332466850e-005, +1.09164157328e-001
+4.12871150000e+004, +6.57244742742e+000, +8.90381072663e+001, +2.53321185148e-005, +1.10334347700e-001
+4.15900100000e+004, +6.62044232816e+000, +8.90327369364e+001, +2.53312268263e-005, +1.11760503342e-001
+4.18951270000e+004, +6.66859779841e+000, +8.90288064569e+001, +2.53296244800e-005, +1.13030820844e-001
+4.22024830000e+004, +6.71689886340e+000, +8.90279736729e+001, +2.53272732764e-005, +1.13947124947e-001
+4.25120930000e+004, +6.76559303683e+000, +8.90253796205e+001, +2.53250715019e-005, +1.15079451262e-001
+4.28239750000e+004, +6.81474094542e+000, +8.90225631982e+001, +2.53232421257e-005, +1.16250369041e-001
+4.31381450000e+004, +6.86429185277e+000, +8.90196935288e+001, +2.53215820301e-005, +1.17439390387e-001
+4.34546200000e+004, +6.91441548251e+000, +8.90141380888e+001, +2.53206794206e-005, +1.18967270591e-001
+4.37734160000e+004, +6.96500585059e+000, +8.90091237456e+001, +2.53201473744e-005, +1.20447176966e-001
+4.40945510000e+004, +7.01600828107e+000, +8.90016548277e+001, +2.53197473894e-005, +1.22243621206e-001
+4.44180430000e+004, +7.06740283115e+000, +8.89943552684e+001, +2.53194144914e-005, +1.24039354556e-001
+4.47439070000e+004, +7.11917871063e+000, +8.89870439888e+001, +2.53190990384e-005, +1.25856376655e-001
+4.50721620000e+004, +7.17102940066e+000, +8.89812007261e+001, +2.53177194618e-005, +1.27504235446e-001
+4.54028260000e+004, +7.22316427026e+000, +8.89755258657e+001, +2.53160130028e-005, +1.29146522225e-001
+4.57359150000e+004, +7.27536498592e+000, +8.89694503006e+001, +2.53132140345e-005, +1.30851190186e-001
+4.60714480000e+004, +7.32797262114e+000, +8.89650861505e+001, +2.53105310521e-005, +1.32355437752e-001
+4.64094420000e+004, +7.38120308808e+000, +8.89598758087e+001, +2.53086729808e-005, +1.33987987984e-001
+4.67499160000e+004, +7.43476652045e+000, +8.89569435756e+001, +2.53066501843e-005, +1.35340730334e-001
+4.70928880000e+004, +7.48888200355e+000, +8.89523444457e+001, +2.53051659178e-005, +1.36926867992e-001
+4.74383760000e+004, +7.54373033142e+000, +8.89524455135e+001, +2.53048566913e-005, +1.37916411259e-001
+4.77863980000e+004, +7.59896598366e+000, +8.89513561581e+001, +2.53044902766e-005, +1.39070697349e-001
+4.81369740000e+004, +7.65453077102e+000, +8.89489339931e+001, +2.53038637072e-005, +1.40411142378e-001
+4.84901220000e+004, +7.71036637343e+000, +8.89469940954e+001, +2.53027963806e-005, +1.41696375144e-001
+4.88458600000e+004, +7.76653720675e+000, +8.89435521017e+001, +2.53014825124e-005, +1.43195137062e-001
+4.92042090000e+004, +7.82295690554e+000, +8.89380541711e+001, +2.52996326326e-005, +1.44985911539e-001
+4.95651860000e+004, +7.87943489408e+000, +8.89308051433e+001, +2.52966400300e-005, +1.47029369128e-001
+4.99288120000e+004, +7.93666781057e+000, +8.89242854644e+001, +2.52947595393e-005, +1.49000283061e-001
+5.02951050000e+004, +7.99423595619e+000, +8.89180975435e+001, +2.52926273181e-005, +1.50944268899e-001
+5.06640850000e+004, +8.05229291204e+000, +8.89115385928e+001, +2.52907157499e-005, +1.52962102522e-001
+5.10357730000e+004, +8.11051988390e+000, +8.89059725924e+001, +2.52880273318e-005, +1.54855941304e-001
+5.14101870000e+004, +8.16900826075e+000, +8.89000195441e+001, +2.52848419651e-005, +1.56821279541e-001
+5.17873480000e+004, +8.22817295729e+000, +8.88948465942e+001, +2.52824453817e-005, +1.58699813331e-001
+5.21672760000e+004, +8.28784108381e+000, +8.88894335952e+001, +2.52802752939e-005, +1.60633499101e-001
+5.25499910000e+004, +8.34824138312e+000, +8.88845815655e+001, +2.52790169559e-005, +1.62510995437e-001
+5.29355140000e+004, +8.40903670840e+000, +8.88805230279e+001, +2.52776294525e-005, +1.64290006825e-001
+5.33238650000e+004, +8.47083062092e+000, +8.88779488860e+001, +2.52779136037e-005, +1.65877792354e-001
+5.37150660000e+004, +8.53301599495e+000, +8.88751758186e+001, +2.52780100029e-005, +1.67508432326e-001
+5.41091360000e+004, +8.59563963653e+000, +8.88717605774e+001, +2.52780475731e-005, +1.69250036518e-001
+5.45060970000e+004, +8.65855706561e+000, +8.88668970395e+001, +2.52775883807e-005, +1.71223730895e-001
+5.49059710000e+004, +8.72139882327e+000, +8.88643432755e+001, +2.52755948889e-005, +1.72855082632e-001
+5.53087780000e+004, +8.78482502654e+000, +8.88585972678e+001, +2.52739430408e-005, +1.74992995501e-001
+5.57145410000e+004, +8.84836693609e+000, +8.88521925521e+001, +2.52712978932e-005, +1.77247648114e-001
+5.61232800000e+004, +8.91244171366e+000, +8.88461008012e+001, +2.52688635607e-005, +1.79478563061e-001
+5.65350170000e+004, +8.97701696117e+000, +8.88396903715e+001, +2.52665292831e-005, +1.81783149746e-001
+5.69497760000e+004, +9.04206073899e+000, +8.88343414435e+001, +2.52642056368e-005, +1.83944236180e-001
+5.73675770000e+004, +9.10759252651e+000, +8.88295926519e+001, +2.52619341479e-005, +1.86032059980e-001
+5.77884430000e+004, +9.17374411235e+000, +8.88241006990e+001, +2.52600548936e-005, +1.88262418446e-001
+5.82123970000e+004, +9.24021169887e+000, +8.88199447583e+001, +2.52577379103e-005, +1.90296553579e-001
+5.86394610000e+004, +9.30725816077e+000, +8.88155751936e+001, +2.52556831726e-005, +1.92386985829e-001
+5.90696580000e+004, +9.37489599865e+000, +8.88106170493e+001, +2.52539056536e-005, +1.94596194636e-001
+5.95030120000e+004, +9.44295083819e+000, +8.88058537977e+001, +2.52519301371e-005, +1.96793684138e-001
+5.99395440000e+004, +9.51149071780e+000, +8.88010421166e+001, +2.52499308096e-005, +1.99020671757e-001
+6.03792790000e+004, +9.58060545025e+000, +8.87965394141e+001, +2.52481380199e-005, +2.01219590134e-001
+6.08222400000e+004, +9.65023786867e+000, +8.87914566130e+001, +2.52463802888e-005, +2.03537964796e-001
+6.12684510000e+004, +9.72031101202e+000, +8.87857026530e+001, +2.52444463254e-005, +2.05991861664e-001
+6.17179350000e+004, +9.79108723702e+000, +8.87805788175e+001, +2.52430192238e-005, +2.08367142298e-001
+6.21707170000e+004, +9.86261187548e+000, +8.87732309239e+001, +2.52421673768e-005, +2.11153821997e-001
+6.26268210000e+004, +9.93482736524e+000, +8.87661982389e+001, +2.52417457873e-005, +2.13919075695e-001
+6.30862710000e+004, +1.00072996370e+001, +8.87586060382e+001, +2.52406325131e-005, +2.16805312884e-001
+6.35490910000e+004, +1.00804088934e+001, +8.87519884240e+001, +2.52397996740e-005, +2.19553208227e-001
+6.40153070000e+004, +1.01537903034e+001, +8.87443569816e+001, +2.52383053881e-005, +2.22503568284e-001
+6.44849430000e+004, +1.02269685234e+001, +8.87345482798e+001, +2.52349702221e-005, +2.25857521676e-001
+6.49580240000e+004, +1.03000167058e+001, +8.87348584742e+001, +2.52301233207e-005, +2.27415004697e-001
+6.54345760000e+004, +1.03743193890e+001, +8.87319393183e+001, +2.52270275769e-005, +2.29583971232e-001
+6.59146250000e+004, +1.04492122812e+001, +8.87272783187e+001, +2.52240456303e-005, +2.32091185248e-001
+6.63981950000e+004, +1.05247939033e+001, +8.87222393881e+001, +2.52214153001e-005, +2.34695339182e-001
+6.68853120000e+004, +1.06008931793e+001, +8.87165180671e+001, +2.52187094569e-005, +2.37450595547e-001
+6.73760040000e+004, +1.06779307175e+001, +8.87089176844e+001, +2.52169008811e-005, +2.40592256210e-001
+6.78702950000e+004, +1.07556741529e+001, +8.87024586499e+001, +2.52154461169e-005, +2.43556143373e-001
+6.83682120000e+004, +1.08336498117e+001, +8.86947237008e+001, +2.52132015557e-005, +2.46784027003e-001
+6.88697830000e+004, +1.09125665142e+001, +8.86885524676e+001, +2.52118401766e-005, +2.49756769991e-001
+6.93750330000e+004, +1.09916524766e+001, +8.86816416327e+001, +2.52095410866e-005, +2.52892245736e-001
+6.98839900000e+004, +1.10714914101e+001, +8.86759514333e+001, +2.52076635453e-005, +2.55828400632e-001
+7.03966800000e+004, +1.11519130346e+001, +8.86705257942e+001, +2.52057951752e-005, +2.58742449347e-001
+7.09131320000e+004, +1.12328204446e+001, +8.86649976834e+001, +2.52037046482e-005, +2.61703123845e-001
+7.14333730000e+004, +1.13143651996e+001, +8.86589457755e+001, +2.52017207874e-005, +2.64797721988e-001
+7.19574300000e+004, +1.13959535834e+001, +8.86509915552e+001, +2.51985048486e-005, +2.68288823905e-001
+7.24853320000e+004, +1.14783667608e+001, +8.86488826912e+001, +2.51958685061e-005, +2.70651395770e-001
+7.30171070000e+004, +1.15614319420e+001, +8.86444708664e+001, +2.51933304611e-005, +2.73500003251e-001
+7.35527830000e+004, +1.16453172237e+001, +8.86400049913e+001, +2.51912657600e-005, +2.76391843949e-001
+7.40923890000e+004, +1.17296817404e+001, +8.86349199632e+001, +2.51889166616e-005, +2.79434885613e-001
+7.46359530000e+004, +1.18148016847e+001, +8.86295893909e+001, +2.51868727542e-005, +2.82561577600e-001
+7.51835060000e+004, +1.19005321428e+001, +8.86238455727e+001, +2.51848088078e-005, +2.85804566700e-001
+7.57350750000e+004, +1.19872802979e+001, +8.86165039154e+001, +2.51835593077e-005, +2.89423478351e-001
+7.62906910000e+004, +1.20747177267e+001, +8.86099114974e+001, +2.51824360042e-005, +2.92923489312e-001
+7.68503830000e+004, +1.21626889710e+001, +8.86029440713e+001, +2.51810932011e-005, +2.96536205509e-001
+7.74141810000e+004, +1.22509214547e+001, +8.85967769162e+001, +2.51789783895e-005, +3.00005645607e-001
+7.79821160000e+004, +1.23401029080e+001, +8.85894503709e+001, +2.51774809112e-005, +3.03767040142e-001
+7.85542170000e+004, +1.24291672664e+001, +8.85846069137e+001, +2.51744581839e-005, +3.07009841691e-001
+7.91305150000e+004, +1.25189376574e+001, +8.85788434872e+001, +2.51715527520e-005, +3.10486142091e-001
+7.97110410000e+004, +1.26086133965e+001, +8.85725251158e+001, +2.51671581986e-005, +3.14100221241e-001
+8.02958250000e+004, +1.26995553518e+001, +8.85691263012e+001, +2.51640326069e-005, +3.17118836834e-001
+8.08849000000e+004, +1.27911693141e+001, +8.85640438235e+001, +2.51609201405e-005, +3.20540814407e-001
+8.14782970000e+004, +1.28836157131e+001, +8.85578419556e+001, +2.51581303456e-005, +3.24251600185e-001
+8.20760470000e+004, +1.29768695175e+001, +8.85496011128e+001, +2.51555879799e-005, +3.28464454949e-001
+8.26781820000e+004, +1.30706155121e+001, +8.85425398790e+001, +2.51527068474e-005, +3.32447637035e-001
+8.32847350000e+004, +1.31653055194e+001, +8.85349442740e+001, +2.51503291480e-005, +3.36600787043e-001
+8.38957380000e+004, +1.32605937569e+001, +8.85280448088e+001, +2.51477926292e-005, +3.40633340978e-001
+8.45112230000e+004, +1.33564690534e+001, +8.85212356430e+001, +2.51450639805e-005, +3.44682939082e-001
+8.51312230000e+004, +1.34534707055e+001, +8.85145557417e+001, +2.51431464053e-005, +3.48754171815e-001
+8.57557720000e+004, +1.35510621925e+001, +8.85090087031e+001, +2.51410287411e-005, +3.52595526017e-001
+8.63849030000e+004, +1.36492563678e+001, +8.85027271026e+001, +2.51387087358e-005, +3.56646438043e-001
+8.70186490000e+004, +1.37480093216e+001, +8.84962461406e+001, +2.51361071939e-005, +3.60781351088e-001
+8.76570450000e+004, +1.38473962349e+001, +8.84902111622e+001, +2.51333644213e-005, +3.64847551760e-001
+8.83001240000e+004, +1.39473285543e+001, +8.84836744541e+001, +2.51303041227e-005, +3.69071197379e-001
+8.89479210000e+004, +1.40478735834e+001, +8.84776394384e+001, +2.51270556500e-005, +3.73210953133e-001
+8.96004710000e+004, +1.41489103489e+001, +8.84716871563e+001, +2.51233942560e-005, +3.77364570627e-001
+9.02578080000e+004, +1.42510121703e+001, +8.84650809399e+001, +2.51203219721e-005, +3.81730278852e-001
+9.09199670000e+004, +1.43538346830e+001, +8.84586481685e+001, +2.51172237233e-005, +3.86095469910e-001
+9.15869840000e+004, +1.44576713470e+001, +8.84525399227e+001, +2.51146023032e-005, +3.90429270085e-001
+9.22588940000e+004, +1.45623535202e+001, +8.84452077692e+001, +2.51121291351e-005, +3.95119075838e-001
+9.29357340000e+004, +1.46670899765e+001, +8.84380377426e+001, +2.51084529372e-005, +3.99795650188e-001
+9.36175390000e+004, +1.47732276867e+001, +8.84344193915e+001, +2.51059207590e-005, +4.03621366181e-001
+9.43043460000e+004, +1.48801243688e+001, +8.84285046364e+001, +2.51033458015e-005, +4.08077433686e-001
+9.49961920000e+004, +1.49875831906e+001, +8.84219882145e+001, +2.51004095286e-005, +4.12728359088e-001
+9.56931140000e+004, +1.50955809646e+001, +8.84150180753e+001, +2.50970735206e-005, +4.17538110172e-001
+9.63951480000e+004, +1.52043976791e+001, +8.84085577504e+001, +2.50938112264e-005, +4.22261636841e-001
+9.71023330000e+004, +1.53141042241e+001, +8.84017119570e+001, +2.50907168832e-005, +4.27137489214e-001
+9.78147050000e+004, +1.54247042567e+001, +8.83945274369e+001, +2.50877844427e-005, +4.32155722260e-001
+9.85323040000e+004, +1.55355706992e+001, +8.83829234288e+001, +2.50839376437e-005, +4.38407026471e-001
+9.92551680000e+004, +1.56463722081e+001, +8.83821198710e+001, +2.50788429321e-005, +4.41753145422e-001
+9.99833340000e+004, +1.57596801163e+001, +8.83782542671e+001, +2.50764423362e-005, +4.46015075199e-001
+1.00716843000e+005, +1.58738837753e+001, +8.83729155286e+001, +2.50741420952e-005, +4.50725666914e-001
+1.01455733000e+005, +1.59885671590e+001, +8.83673343452e+001, +2.50712934141e-005, +4.55538822415e-001
+1.02200043000e+005, +1.61038134904e+001, +8.83616901487e+001, +2.50680307606e-005, +4.60408104720e-001
+1.02949815000e+005, +1.62199876744e+001, +8.83552690950e+001, +2.50649082927e-005, +4.65546529383e-001
+1.03705086000e+005, +1.63367150880e+001, +8.83485829377e+001, +2.50613459443e-005, +4.70802474634e-001
+1.04465899000e+005, +1.64542783809e+001, +8.83418010618e+001, +2.50577759620e-005, +4.76137308823e-001
+1.05232293000e+005, +1.65727975341e+001, +8.83352617880e+001, +2.50543754138e-005, +4.81457585475e-001
+1.06004310000e+005, +1.66920662616e+001, +8.83285255052e+001, +2.50508161224e-005, +4.86884130047e-001
+1.06781990000e+005, +1.68122831610e+001, +8.83214481349e+001, +2.50473866387e-005, +4.92466511420e-001
+1.07565376000e+005, +1.69334353442e+001, +8.83150326355e+001, +2.50440683453e-005, +4.97910556094e-001
+1.08354509000e+005, +1.70552789988e+001, +8.83083379280e+001, +2.50404800286e-005, +5.03485199312e-001
+1.09149431000e+005, +1.71782118967e+001, +8.83012051805e+001, +2.50371960347e-005, +5.09251853168e-001
+1.09950185000e+005, +1.73019598070e+001, +8.82948389801e+001, +2.50338191692e-005, +5.14841979752e-001
+1.10756813000e+005, +1.74266380248e+001, +8.82879209762e+001, +2.50304911866e-005, +5.20655130487e-001
+1.11569359000e+005, +1.75523800601e+001, +8.82820098608e+001, +2.50274122186e-005, +5.26221961683e-001
+1.12387867000e+005, +1.76789839990e+001, +8.82754425862e+001, +2.50242602852e-005, +5.32043020134e-001
+1.13212379000e+005, +1.78062938861e+001, +8.82688164089e+001, +2.50208166253e-005, +5.37932704770e-001
+1.14042940000e+005, +1.79348513342e+001, +8.82627073272e+001, +2.50178413363e-005, +5.43727860582e-001
+1.14879594000e+005, +1.80639493360e+001, +8.82563372959e+001, +2.50143259654e-005, +5.49649090496e-001
+1.15722386000e+005, +1.81940269017e+001, +8.82506705667e+001, +2.50108892863e-005, +5.55405694611e-001
+1.16571362000e+005, +1.83249933233e+001, +8.82446930003e+001, +2.50073831926e-005, +5.61314602125e-001
+1.17426565000e+005, +1.84567634083e+001, +8.82394066980e+001, +2.50036984740e-005, +5.67052945950e-001
+1.18288043000e+005, +1.85895769306e+001, +8.82337196835e+001, +2.50001374791e-005, +5.72977691722e-001
+1.19155840000e+005, +1.87230604647e+001, +8.82278053764e+001, +2.49961924724e-005, +5.79023741531e-001
+1.20030005000e+005, +1.88577687194e+001, +8.82224857017e+001, +2.49926083900e-005, +5.84939713917e-001
+1.20910582000e+005, +1.89931880084e+001, +8.82153397271e+001, +2.49886603841e-005, +5.91507918110e-001
+1.21797619000e+005, +1.91291764622e+001, +8.82074383553e+001, +2.49841756120e-005, +5.98379751387e-001
+1.22691164000e+005, +1.92660461856e+001, +8.82029527555e+001, +2.49796180637e-005, +6.04168742679e-001
+1.23591265000e+005, +1.94046384759e+001, +8.81970286866e+001, +2.49759979889e-005, +6.10520235864e-001
+1.24497968000e+005, +1.95441318121e+001, +8.81910138877e+001, +2.49722546323e-005, +6.16959743499e-001
+1.25411324000e+005, +1.96848342193e+001, +8.81857358659e+001, +2.49687831820e-005, +6.23213807408e-001
+1.26331380000e+005, +1.98265364375e+001, +8.81804590983e+001, +2.49652956105e-005, +6.29525087629e-001
+1.27258186000e+005, +1.99690201952e+001, +8.81732601318e+001, +2.49614834421e-005, +6.36556931695e-001
+1.28191792000e+005, +2.01124287755e+001, +8.81697678659e+001, +2.49575999559e-005, +6.42353658438e-001
+1.29132246000e+005, +2.02573763768e+001, +8.81643509050e+001, +2.49543175389e-005, +6.48897245337e-001
+1.30079600000e+005, +2.04033129533e+001, +8.81583591095e+001, +2.49509591334e-005, +6.55704588902e-001
+1.31033904000e+005, +2.05504557959e+001, +8.81511441444e+001, +2.49477718071e-005, +6.63019814454e-001
+1.31995210000e+005, +2.06985130074e+001, +8.81402652530e+001, +2.49443556803e-005, +6.71724607444e-001
+1.32963567000e+005, +2.08449743644e+001, +8.81359822825e+001, +2.49378476717e-005, +6.78035067469e-001
+1.33939029000e+005, +2.09956213604e+001, +8.81297660289e+001, +2.49350538030e-005, +6.85211930296e-001
+1.34921647000e+005, +2.11451160439e+001, +8.81241139818e+001, +2.49296259116e-005, +6.92175614652e-001
+1.35911474000e+005, +2.12971051954e+001, +8.81203307453e+001, +2.49258992977e-005, +6.98556400678e-001
+1.36908563000e+005, +2.14502951842e+001, +8.81153407910e+001, +2.49222816988e-005, +7.05448236547e-001
+1.37912966000e+005, +2.16045217763e+001, +8.81100118612e+001, +2.49185844369e-005, +7.12528665203e-001
+1.38924739000e+005, +2.17595710662e+001, +8.81038050384e+001, +2.49145469437e-005, +7.19998190387e-001
+1.39943933000e+005, +2.19158106453e+001, +8.80980254561e+001, +2.49106044240e-005, +7.27377464892e-001
+1.40970605000e+005, +2.20732379694e+001, +8.80916694729e+001, +2.49067281337e-005, +7.35049711517e-001
+1.42004809000e+005, +2.22319360048e+001, +8.80851425634e+001, +2.49030063250e-005, +7.42865599543e-001
+1.43046601000e+005, +2.23916016351e+001, +8.80785817931e+001, +2.48990913246e-005, +7.50763281526e-001
+1.44096035000e+005, +2.25523022654e+001, +8.80725637592e+001, +2.48950614167e-005, +7.58518812936e-001
+1.45153168000e+005, +2.27141788162e+001, +8.80667742563e+001, +2.48910599985e-005, +7.66257202577e-001
+1.46218056000e+005, +2.28771735054e+001, +8.80620917455e+001, +2.48870276903e-005, +7.73624363628e-001
+1.47290757000e+005, +2.30413590068e+001, +8.80575207485e+001, +2.48830202719e-005, +7.81013692891e-001
+1.48371328000e+005, +2.32065096423e+001, +8.80530697493e+001, +2.48787864958e-005, +7.88413415858e-001
+1.49459826000e+005, +2.33731658812e+001, +8.80478201089e+001, +2.48748840962e-005, +7.96215654204e-001
+1.50556309000e+005, +2.35409860283e+001, +8.80430103910e+001, +2.48709539333e-005, +8.03907518397e-001
+1.51660837000e+005, +2.37110399635e+001, +8.80367854118e+001, +2.48680820650e-005, +8.12289347774e-001
+1.52773467000e+005, +2.38831089652e+001, +8.80239047513e+001, +2.48659299447e-005, +8.23550050442e-001
+1.53894261000e+005, +2.40477699502e+001, +8.80078264270e+001, +2.48547810816e-005, +8.35972210005e-001
+1.55023277000e+005, +2.42175457967e+001, +8.80139881283e+001, +2.48480548341e-005, +8.39271291354e-001
+1.56160575000e+005, +2.43934925069e+001, +8.80133175654e+001, +2.48462922246e-005, +8.45654132002e-001
+1.57306218000e+005, +2.45698347125e+001, +8.80083418365e+001, +2.48435720241e-005, +8.53899851594e-001
+1.58460265000e+005, +2.47474362339e+001, +8.80028157467e+001, +2.48408282068e-005, +8.62457619786e-001
+1.59622778000e+005, +2.49263131510e+001, +8.79973560229e+001, +2.48380771803e-005, +8.71065334284e-001
+1.60793820000e+005, +2.51069971014e+001, +8.79894368641e+001, +2.48357973019e-005, +8.80847491596e-001
+1.61973453000e+005, +2.52884456803e+001, +8.79686319979e+001, +2.48327844349e-005, +8.96390249506e-001
+1.63161741000e+005, +2.54592860312e+001, +8.79690537723e+001, +2.48184768940e-005, +9.02258667676e-001
+1.64358746000e+005, +2.56434459848e+001, +8.79751536151e+001, +2.48160376551e-005, +9.06056811625e-001
+1.65564532000e+005, +2.58292168009e+001, +8.79725414380e+001, +2.48137329667e-005, +9.13797475625e-001
+1.66779165000e+005, +2.60155572684e+001, +8.79679786134e+001, +2.48106581420e-005, +9.22460394395e-001
+1.68002709000e+005, +2.62033096609e+001, +8.79619459796e+001, +2.48076248944e-005, +9.31874912883e-001
+1.69235228000e+005, +2.63908336417e+001, +8.79528039772e+001, +2.48030557090e-005, +9.42752069659e-001
+1.70476790000e+005, +2.65782139641e+001, +8.79520780897e+001, +2.47972310090e-005, +9.49782310153e-001
+1.71727461000e+005, +2.67696199769e+001, +8.79491743059e+001, +2.47938701981e-005, +9.57978107134e-001
+1.72987306000e+005, +2.69617760231e+001, +8.79450175137e+001, +2.47899127412e-005, +9.66809420495e-001
+1.74256395000e+005, +2.71552610158e+001, +8.79401376027e+001, +2.47858983571e-005, +9.76058842800e-001
+1.75534794000e+005, +2.73504116938e+001, +8.79347922699e+001, +2.47821284023e-005, +9.85623234754e-001
+1.76822571000e+005, +2.75455029252e+001, +8.79293755028e+001, +2.47770428255e-005, +9.95256179609e-001
+1.78119796000e+005, +2.77431932322e+001, +8.79256100429e+001, +2.47730620884e-005, +1.00422107803e+000
+1.79426538000e+005, +2.79423851824e+001, +8.79213451985e+001, +2.47691474659e-005, +1.01350977587e+000
+1.80742867000e+005, +2.81431025599e+001, +8.79163009240e+001, +2.47653048493e-005, +1.02326614051e+000
+1.82068852000e+005, +2.83449441124e+001, +8.79113033729e+001, +2.47611860384e-005, +1.03307568975e+000
+1.83404566000e+005, +2.85482921203e+001, +8.79067436979e+001, +2.47571255202e-005, +1.04275742362e+000
+1.84750078000e+005, +2.87532015556e+001, +8.79023223856e+001, +2.47531561889e-005, +1.05245926260e+000
+1.86105462000e+005, +2.89594980882e+001, +8.78981348863e+001, +2.47491194272e-005, +1.06212547900e+000
+1.87470789000e+005, +2.91669350539e+001, +8.78941222265e+001, +2.47447978490e-005, +1.07177479059e+000
+1.88846133000e+005, +2.93761725754e+001, +8.78901163049e+001, +2.47407419689e-005, +1.08151596992e+000
+1.90231566000e+005, +2.95870839672e+001, +8.78860265218e+001, +2.47368299290e-005, +1.09139140070e+000
+1.91627164000e+005, +2.97995229174e+001, +8.78816895318e+001, +2.47329253251e-005, +1.10148185623e+000
+1.93033000000e+005, +3.00135551942e+001, +8.78768765512e+001, +2.47290696675e-005, +1.11191262888e+000
+1.94449150000e+005, +3.02288856449e+001, +8.78720498443e+001, +2.47250186106e-005, +1.12243476681e+000
+1.95875689000e+005, +3.04462837458e+001, +8.78678489759e+001, +2.47214026126e-005, +1.13273776712e+000
+1.97312694000e+005, +3.06650025832e+001, +8.78618382256e+001, +2.47175621575e-005, +1.14408983666e+000
+1.98760241000e+005, +3.08847003426e+001, +8.78583087261e+001, +2.47132881659e-005, +1.15418782023e+000
+2.00218407000e+005, +3.11068033448e+001, +8.78518871833e+001, +2.47096284359e-005, +1.16597191708e+000
+2.01687271000e+005, +3.13279947186e+001, +8.78470964427e+001, +2.47040169470e-005, +1.17688042236e+000
+2.03166912000e+005, +3.15519007736e+001, +8.78452694135e+001, +2.46993484064e-005, +1.18629717591e+000
+2.04657407000e+005, +3.17789097513e+001, +8.78418248996e+001, +2.46958223098e-005, +1.19674145776e+000
+2.06158837000e+005, +3.20071940144e+001, +8.78379319121e+001, +2.46920131238e-005, +1.20751146534e+000
+2.07671282000e+005, +3.22370179533e+001, +8.78336270696e+001, +2.46881209510e-005, +1.21860221914e+000
+2.09194823000e+005, +3.24688083929e+001, +8.78289418088e+001, +2.46844634616e-005, +1.23001738397e+000
+2.10729540000e+005, +3.27025791224e+001, +8.78241259495e+001, +2.46810410801e-005, +1.24162009082e+000
+2.12275518000e+005, +3.29370717072e+001, +8.78196120345e+001, +2.46769035462e-005, +1.25311607579e+000
+2.13832836000e+005, +3.31735494779e+001, +8.78161501824e+001, +2.46730099657e-005, +1.26411596955e+000
+2.15401580000e+005, +3.34121837887e+001, +8.78118524957e+001, +2.46694417208e-005, +1.27571378579e+000
+2.16981833000e+005, +3.36520645433e+001, +8.78081823236e+001, +2.46655395518e-005, +1.28702675780e+000
+2.18573679000e+005, +3.38933798672e+001, +8.78033510474e+001, +2.46614094677e-005, +1.29911173891e+000
+2.20177203000e+005, +3.41365005769e+001, +8.78000095985e+001, +2.46573586993e-005, +1.31041975255e+000
+2.21792491000e+005, +3.43818420290e+001, +8.77963250331e+001, +2.46536447261e-005, +1.32204722040e+000
+2.23419629000e+005, +3.46289785139e+001, +8.77920790147e+001, +2.46499445243e-005, +1.33411443653e+000
+2.25058704000e+005, +3.48774934698e+001, +8.77882035906e+001, +2.46459697150e-005, +1.34604603354e+000
+2.26709805000e+005, +3.51279198516e+001, +8.77843783785e+001, +2.46420858959e-005, +1.35805435393e+000
+2.28373018000e+005, +3.53807406521e+001, +8.77806792368e+001, +2.46386200514e-005, +1.37011101865e+000
+2.30048433000e+005, +3.56346912975e+001, +8.77769080823e+001, +2.46346765450e-005, +1.38228887849e+000
+2.31736139000e+005, +3.58906685339e+001, +8.77732576040e+001, +2.46308754964e-005, +1.39450334692e+000
+2.33436227000e+005, +3.61487078635e+001, +8.77694651158e+001, +2.46272246452e-005, +1.40692018353e+000
+2.35148788000e+005, +3.64087589110e+001, +8.77647439805e+001, +2.46236644430e-005, +1.42003924037e+000
+2.36873912000e+005, +3.66708002943e+001, +8.77605805238e+001, +2.46201943148e-005, +1.43292224713e+000
+2.38611692000e+005, +3.69346788355e+001, +8.77563003367e+001, +2.46166900543e-005, +1.44599041151e+000
+2.40362221000e+005, +3.71997006345e+001, +8.77510564677e+001, +2.46126699709e-005, +1.45976800243e+000
+2.42125593000e+005, +3.74669109906e+001, +8.77479906400e+001, +2.46088755344e-005, +1.47225697122e+000
+2.43901901000e+005, +3.77364583692e+001, +8.77446894034e+001, +2.46053499944e-005, +1.48502139409e+000
+2.45691241000e+005, +3.80079781317e+001, +8.77410061121e+001, +2.46018398414e-005, +1.49814782534e+000
+2.47493708000e+005, +3.82814577513e+001, +8.77370899120e+001, +2.45983301544e-005, +1.51154200363e+000
+2.49309398000e+005, +3.85571528498e+001, +8.77330634246e+001, +2.45949770309e-005, +1.52513531978e+000
+2.51138409000e+005, +3.88347950167e+001, +8.77286711041e+001, +2.45915936273e-005, +1.53909226570e+000
+2.52980838000e+005, +3.91141215902e+001, +8.77244069968e+001, +2.45880148355e-005, +1.55307116421e+000
+2.54836784000e+005, +3.93955706598e+001, +8.77192179476e+001, +2.45844913470e-005, +1.56781150203e+000
+2.56706345000e+005, +3.96782949382e+001, +8.77145505443e+001, +2.45805125599e-005, +1.58229266930e+000
+2.58589622000e+005, +3.99640771178e+001, +8.77107672541e+001, +2.45771821504e-005, +1.59632586299e+000
+2.60486716000e+005, +4.02517775367e+001, +8.77065790261e+001, +2.45737595318e-005, +1.61075776076e+000
+2.62397727000e+005, +4.05411839319e+001, +8.77026488343e+001, +2.45701204471e-005, +1.62511763614e+000
+2.64322758000e+005, +4.08334244870e+001, +8.76994993273e+001, +2.45669484609e-005, +1.63907505064e+000
+2.66261911000e+005, +4.11274663437e+001, +8.76959656291e+001, +2.45635878928e-005, +1.65341252018e+000
+2.68215291000e+005, +4.14235716766e+001, +8.76924063389e+001, +2.45601952070e-005, +1.66788779483e+000
+2.70183001000e+005, +4.17219270105e+001, +8.76890721490e+001, +2.45568763738e-005, +1.68232677491e+000
+2.72165147000e+005, +4.20223466725e+001, +8.76849975944e+001, +2.45534956307e-005, +1.69742636522e+000
+2.74161835000e+005, +4.23252025124e+001, +8.76797885929e+001, +2.45502538561e-005, +1.71350456434e+000
+2.76173171000e+005, +4.26302695946e+001, +8.76758547401e+001, +2.45470509557e-005, +1.72877951439e+000
+2.78199263000e+005, +4.29376387110e+001, +8.76711408698e+001, +2.45438937448e-005, +1.74477388977e+000
+2.80240219000e+005, +4.32470419081e+001, +8.76671431928e+001, +2.45406459507e-005, +1.76036147304e+000
+2.82296147000e+005, +4.35586189571e+001, +8.76620294330e+001, +2.45373476921e-005, +1.77692861171e+000
+2.84367159000e+005, +4.38721220449e+001, +8.76584154625e+001, +2.45338976102e-005, +1.79248260154e+000
+2.86453365000e+005, +4.41882714809e+001, +8.76546885805e+001, +2.45306623948e-005, +1.80827139651e+000
+2.88554875000e+005, +4.45064922815e+001, +8.76505996092e+001, +2.45273072345e-005, +1.82446720623e+000
+2.90671803000e+005, +4.48272394748e+001, +8.76467450723e+001, +2.45240848925e-005, +1.84062887121e+000
+2.92804261000e+005, +4.51509849823e+001, +8.76426838851e+001, +2.45212322392e-005, +1.85711967099e+000
+2.94952364000e+005, +4.54766746538e+001, +8.76385824352e+001, +2.45181666388e-005, +1.87376835121e+000
+2.97116225000e+005, +4.58049632947e+001, +8.76342352822e+001, +2.45152306665e-005, +1.89076714061e+000
+2.99295962000e+005, +4.61358803955e+001, +8.76301300657e+001, +2.45124364814e-005, +1.90772974489e+000
+3.01491690000e+005, +4.64689868371e+001, +8.76261911885e+001, +2.45095392503e-005, +1.92469561397e+000
+3.03703526000e+005, +4.68049096603e+001, +8.76222303862e+001, +2.45068572622e-005, +1.94184197450e+000
+3.05931589000e+005, +4.71424793623e+001, +8.76186760052e+001, +2.45037764489e-005, +1.95876905811e+000
+3.08175998000e+005, +4.74832592706e+001, +8.76147051121e+001, +2.45010886763e-005, +1.97621644459e+000
+3.10436872000e+005, +4.78260610761e+001, +8.76103243076e+001, +2.44981676659e-005, +1.99413717066e+000
+3.12714333000e+005, +4.81718293460e+001, +8.76063025479e+001, +2.44955032323e-005, +2.01193256962e+000
+3.15008502000e+005, +4.85195515805e+001, +8.76023492211e+001, +2.44925646671e-005, +2.02980030303e+000
+3.17319502000e+005, +4.88700233974e+001, +8.75980237958e+001, +2.44897397112e-005, +2.04814828697e+000
+3.19647456000e+005, +4.92233067583e+001, +8.75933712871e+001, +2.44870483627e-005, +2.06694792554e+000
+3.21992488000e+005, +4.95787092057e+001, +8.75884111544e+001, +2.44841369275e-005, +2.08615998409e+000
+3.24354725000e+005, +4.99367251870e+001, +8.75835934680e+001, +2.44812514027e-005, +2.10541966495e+000
+3.26734291000e+005, +5.02977462397e+001, +8.75788959307e+001, +2.44785725932e-005, +2.12476105602e+000
+3.29131315000e+005, +5.06611926202e+001, +8.75737594201e+001, +2.44757966766e-005, +2.14465202609e+000
+3.31545924000e+005, +5.10269167393e+001, +8.75692672132e+001, +2.44728654474e-005, +2.16413142119e+000
+3.33978248000e+005, +5.13963160382e+001, +8.75647833489e+001, +2.44704273014e-005, +2.18381678103e+000
+3.36428415000e+005, +5.17679050066e+001, +8.75602975577e+001, +2.44677602996e-005, +2.20365484130e+000
+3.38896558000e+005, +5.21428673016e+001, +8.75556203763e+001, +2.44654121295e-005, +2.22386889869e+000
+3.41382808000e+005, +5.25200018136e+001, +8.75508677856e+001, +2.44628094091e-005, +2.24430598536e+000
+3.43887298000e+005, +5.28999968560e+001, +8.75466353208e+001, +2.44602777206e-005, +2.26444825812e+000
+3.46410162000e+005, +5.32824112993e+001, +8.75414761798e+001, +2.44575777038e-005, +2.28561132457e+000
+3.48951534000e+005, +5.36678539555e+001, +8.75366104966e+001, +2.44550033886e-005, +2.30669872636e+000
+3.51511550000e+005, +5.40560962163e+001, +8.75318361554e+001, +2.44524359931e-005, +2.32788598634e+000
+3.54090347000e+005, +5.44474949922e+001, +8.75261648740e+001, +2.44500083977e-005, +2.35012562631e+000
+3.56688064000e+005, +5.48421201423e+001, +8.75210319140e+001, +2.44477656004e-005, +2.37206744799e+000
+3.59304838000e+005, +5.52398070123e+001, +8.75157720983e+001, +2.44456097030e-005, +2.39433478144e+000
+3.61940809000e+005, +5.56402952488e+001, +8.75114829736e+001, +2.44434355984e-005, +2.41585496776e+000
+3.64596119000e+005, +5.60442146960e+001, +8.75068550327e+001, +2.44414853342e-005, +2.43791538298e+000
+3.67270908000e+005, +5.64515377530e+001, +8.75016366354e+001, +2.44397282261e-005, +2.46077050645e+000
+3.69965321000e+005, +5.68609853056e+001, +8.74965965753e+001, +2.44376150616e-005, +2.48361572243e+000
+3.72679501000e+005, +5.72736173796e+001, +8.74915259195e+001, +2.44355929505e-005, +2.50670281528e+000
+3.75413593000e+005, +5.76886578487e+001, +8.74857396389e+001, +2.44333092207e-005, +2.53068831413e+000
+3.78167744000e+005, +5.81065699986e+001, +8.74800103054e+001, +2.44309693025e-005, +2.55482610365e+000
+3.80942099000e+005, +5.85278228009e+001, +8.74750963732e+001, +2.44287754997e-005, +2.57836245482e+000
+3.83736808000e+005, +5.89524203027e+001, +8.74691011132e+001, +2.44266817866e-005, +2.60323011479e+000
+3.86552020000e+005, +5.93800002610e+001, +8.74636471466e+001, +2.44245579538e-005, +2.62775809425e+000
+3.89387885000e+005, +5.98106805932e+001, +8.74582218636e+001, +2.44224342965e-005, +2.65247495593e+000
+3.92244555000e+005, +6.02450473592e+001, +8.74524933135e+001, +2.44205329447e-005, +2.67775567162e+000
+3.95122183000e+005, +6.06830879119e+001, +8.74470814483e+001, +2.44188464276e-005, +2.70295171658e+000
+3.98020921000e+005, +6.11236298447e+001, +8.74413891907e+001, +2.44168814640e-005, +2.72864088500e+000
+4.00940926000e+005, +6.15679730423e+001, +8.74357767022e+001, +2.44151570261e-005, +2.75450191345e+000
+4.03882352000e+005, +6.20154175582e+001, +8.74299387364e+001, +2.44133774952e-005, +2.78083273986e+000
+4.06845358000e+005, +6.24660893872e+001, +8.74245005408e+001, +2.44115958860e-005, +2.80696426722e+000
+4.09830101000e+005, +6.29209421480e+001, +8.74188672214e+001, +2.44101618979e-005, +2.83358356663e+000
+4.12836742000e+005, +6.33786100849e+001, +8.74129097709e+001, +2.44085301007e-005, +2.86077742247e+000
+4.15865440000e+005, +6.38398301330e+001, +8.74069020248e+001, +2.44069825387e-005, +2.88828301105e+000
+4.18916357000e+005, +6.43046354002e+001, +8.74005960583e+001, +2.44055159102e-005, +2.91638212808e+000
+4.21989657000e+005, +6.47722180578e+001, +8.73946086630e+001, +2.44038266102e-005, +2.94434991594e+000
+4.25085504000e+005, +6.52434722111e+001, +8.73883545426e+001, +2.44022335178e-005, +2.97288598151e+000
+4.28204062000e+005, +6.57180489865e+001, +8.73826809159e+001, +2.44006122395e-005, +3.00101141593e+000
+4.31345500000e+005, +6.61967164345e+001, +8.73764936350e+001, +2.43992161253e-005, +3.03001074521e+000
+4.34509984000e+005, +6.66782529261e+001, +8.73702380474e+001, +2.43975925933e-005, +3.05932435413e+000
+4.37697683000e+005, +6.71642489079e+001, +8.73631270324e+001, +2.43962996238e-005, +3.08994976347e+000
+4.40908769000e+005, +6.76531791341e+001, +8.73559193741e+001, +2.43947851435e-005, +3.12094498029e+000
+4.44143412000e+005, +6.81460879394e+001, +8.73488350249e+001, +2.43934229406e-005, +3.15210056333e+000
+4.47401785000e+005, +6.86427473551e+001, +8.73419637408e+001, +2.43921213005e-005, +3.18329682105e+000
+4.50684063000e+005, +6.91427291352e+001, +8.73351401137e+001, +2.43907153926e-005, +3.21470905350e+000
+4.53990421000e+005, +6.96463289895e+001, +8.73286465924e+001, +2.43893074638e-005, +3.24600802382e+000
+4.57321035000e+005, +7.01535810152e+001, +8.73227891675e+001, +2.43879065003e-005, +3.27681361501e+000
+4.60676083000e+005, +7.06655720202e+001, +8.73170950682e+001, +2.43868691125e-005, +3.30774339402e+000
+4.64055746000e+005, +7.11807809996e+001, +8.73106915757e+001, +2.43856396077e-005, +3.33980607725e+000
+4.67460202000e+005, +7.16997369207e+001, +8.73040634526e+001, +2.43844022451e-005, +3.37244076941e+000
+4.70889635000e+005, +7.22231409794e+001, +8.72974474084e+001, +2.43833891927e-005, +3.40538987768e+000
+4.74344227000e+005, +7.27500606326e+001, +8.72892079998e+001, +2.43822408805e-005, +3.44068477830e+000
+4.77824163000e+005, +7.32815701157e+001, +8.72811156524e+001, +2.43813431445e-005, +3.47616083851e+000
+4.81329628000e+005, +7.38164697174e+001, +8.72731632937e+001, +2.43802849833e-005, +3.51176794118e+000
+4.84860811000e+005, +7.43557214465e+001, +8.72655940780e+001, +2.43793809542e-005, +3.54723428509e+000
+4.88417900000e+005, +7.48993486203e+001, +8.72570579190e+001, +2.43785987439e-005, +3.58431477656e+000
+4.92001085000e+005, +7.54467484218e+001, +8.72500620440e+001, +2.43777822550e-005, +3.61971218715e+000
+4.95610557000e+005, +7.59985684948e+001, +8.72431194863e+001, +2.43771011337e-005, +3.65538503727e+000
+4.99246509000e+005, +7.65542666054e+001, +8.72354845362e+001, +2.43763551519e-005, +3.69230244877e+000
+5.02909136000e+005, +7.71144411971e+001, +8.72281570451e+001, +2.43757456915e-005, +3.72917089799e+000
+5.06598633000e+005, +7.76783278627e+001, +8.72203754834e+001, +2.43750050629e-005, +3.76697726353e+000
+5.10315197000e+005, +7.82474213908e+001, +8.72119915749e+001, +2.43745890707e-005, +3.80601139418e+000
+5.14059027000e+005, +7.88193825740e+001, +8.72026694795e+001, +2.43737505304e-005, +3.84664078404e+000
+5.17830323000e+005, +7.93961492423e+001, +8.71932157227e+001, +2.43731003770e-005, +3.88787349960e+000
+5.21629287000e+005, +7.99770350403e+001, +8.71836649008e+001, +2.43724166144e-005, +3.92963392346e+000
+5.25456120000e+005, +8.05627577701e+001, +8.71747436650e+001, +2.43719230533e-005, +3.97094195382e+000
+5.29311029000e+005, +8.11530651501e+001, +8.71659642043e+001, +2.43715204431e-005, +4.01245819376e+000
+5.33194218000e+005, +8.17489664214e+001, +8.71578902668e+001, +2.43715103861e-005, +4.05342706580e+000
+5.37105896000e+005, +8.23485751888e+001, +8.71493903522e+001, +2.43712930439e-005, +4.09535942917e+000
+5.41046271000e+005, +8.29532282496e+001, +8.71408534446e+001, +2.43712642753e-005, +4.13777449020e+000
+5.45015554000e+005, +8.35624333830e+001, +8.71323078897e+001, +2.43712675370e-005, +4.18060975235e+000
+5.49013956000e+005, +8.41762900276e+001, +8.71239892278e+001, +2.43713265443e-005, +4.22352690389e+000
+5.53041692000e+005, +8.47947060944e+001, +8.71155870879e+001, +2.43713975910e-005, +4.26697480666e+000
+5.57098977000e+005, +8.54173060007e+001, +8.71070023524e+001, +2.43713616124e-005, +4.31108678113e+000
+5.61186028000e+005, +8.60450527763e+001, +8.70981638663e+001, +2.43714825886e-005, +4.35602611505e+000
+5.65303062000e+005, +8.66778103836e+001, +8.70891556364e+001, +2.43717110927e-005, +4.40166967471e+000
+5.69450300000e+005, +8.73143531736e+001, +8.70799598703e+001, +2.43716926414e-005, +4.44799007034e+000
+5.73627963000e+005, +8.79552968509e+001, +8.70702783622e+001, +2.43715871534e-005, +4.49548400102e+000
+5.77836275000e+005, +8.86013566005e+001, +8.70600106880e+001, +2.43715812387e-005, +4.54436172284e+000
+5.82075461000e+005, +8.92521978577e+001, +8.70494251589e+001, +2.43715773772e-005, +4.59421112768e+000
+5.86345747000e+005, +8.99085516284e+001, +8.70390724600e+001, +2.43717761239e-005, +4.64422044715e+000
+5.90647360000e+005, +9.05693524282e+001, +8.70286431650e+001, +2.43718702422e-005, +4.69481791834e+000
+5.94980532000e+005, +9.12355454231e+001, +8.70188913889e+001, +2.43721215711e-005, +4.74485857565e+000
+5.99345493000e+005, +9.19062897335e+001, +8.70096968180e+001, +2.43722920629e-005, +4.79447045665e+000
+6.03742477000e+005, +9.25828855592e+001, +8.70002846496e+001, +2.43726993477e-005, +4.84495451919e+000
+6.08171718000e+005, +9.32639288335e+001, +8.69908088989e+001, +2.43729651583e-005, +4.89599726302e+000
+6.12633454000e+005, +9.39506024676e+001, +8.69809739232e+001, +2.43733832109e-005, +4.94814955126e+000
+6.17127923000e+005, +9.46429873180e+001, +8.69708203114e+001, +2.43739621669e-005, +5.00136447809e+000
+6.21655364000e+005, +9.53412058655e+001, +8.69595007285e+001, +2.43747009576e-005, +5.05707108350e+000
+6.26216020000e+005, +9.60458558229e+001, +8.69479947326e+001, +2.43757595274e-005, +5.11370743511e+000
+6.30810134000e+005, +9.67558405219e+001, +8.69365149420e+001, +2.43768497148e-005, +5.17086710550e+000
+6.35437952000e+005, +9.74699260504e+001, +8.69247548205e+001, +2.43776455662e-005, +5.22900684988e+000
+6.40099722000e+005, +9.81900083768e+001, +8.69137319000e+001, +2.43786377050e-005, +5.28650049243e+000
+6.44795691000e+005, +9.89151975857e+001, +8.69030034191e+001, +2.43795833305e-005, +5.34403896143e+000
+6.49526112000e+005, +9.96441775310e+001, +8.68929254025e+001, +2.43801601660e-005, +5.40092436327e+000
+6.54291236000e+005, +1.00379631851e+002, +8.68823145709e+001, +2.43809915985e-005, +5.45934981659e+000
+6.59091319000e+005, +1.01121493910e+002, +8.68714441091e+001, +2.43820523325e-005, +5.51885430508e+000
+6.63926617000e+005, +1.01869367772e+002, +8.68604711436e+001, +2.43832364618e-005, +5.57915089079e+000
+6.68797388000e+005, +1.02623741138e+002, +8.68495107616e+001, +2.43846501546e-005, +5.64006800027e+000
+6.73703892000e+005, +1.03385858247e+002, +8.68376258079e+001, +2.43865501943e-005, +5.70336592716e+000
+6.78646392000e+005, +1.04153985078e+002, +8.68259326498e+001, +2.43885357976e-005, +5.76696396042e+000
+6.83625152000e+005, +1.04928069694e+002, +8.68140336517e+001, +2.43905739601e-005, +5.83158227195e+000
+6.88640438000e+005, +1.05707581121e+002, +8.68025362895e+001, +2.43925454911e-005, +5.89608424224e+000
+6.93692517000e+005, +1.06491641268e+002, +8.67905269787e+001, +2.43942194284e-005, +5.96210298957e+000
+6.98781659000e+005, +1.07280798629e+002, +8.67784038742e+001, +2.43957263440e-005, +6.02894881393e+000
+7.03908138000e+005, +1.08074535085e+002, +8.67663146753e+001, +2.43969465630e-005, +6.09632224282e+000
+7.09072226000e+005, +1.08875129763e+002, +8.67540380678e+001, +2.43983821149e-005, +6.16477367292e+000
+7.14274199000e+005, +1.09681657676e+002, +8.67413433904e+001, +2.43998070793e-005, +6.23470359507e+000
+7.19514335000e+005, +1.10495742077e+002, +8.67287524943e+001, +2.44015827970e-005, +6.30522142040e+000
+7.24792915000e+005, +1.11315962926e+002, +8.67157807224e+001, +2.44033687601e-005, +6.37718642495e+000
+7.30110220000e+005, +1.12144432932e+002, +8.67021350146e+001, +2.44056072679e-005, +6.45131324359e+000
+7.35466534000e+005, +1.12977596237e+002, +8.66879897151e+001, +2.44075141525e-005, +6.52708823558e+000
+7.40862144000e+005, +1.13819640064e+002, +8.66748726301e+001, +2.44100221738e-005, +6.60174963791e+000
+7.46297338000e+005, +1.14666696187e+002, +8.66607292548e+001, +2.44122346330e-005, +6.67913790223e+000
+7.51772406000e+005, +1.15522245250e+002, +8.66467159255e+001, +2.44149117023e-005, +6.75717827514e+000
+7.57287640000e+005, +1.16381331895e+002, +8.66330994789e+001, +2.44170005174e-005, +6.83503903972e+000
+7.62843337000e+005, +1.17248482263e+002, +8.66190316824e+001, +2.44194255854e-005, +6.91470455591e+000
+7.68439791000e+005, +1.18122460913e+002, +8.66053332051e+001, +2.44219347149e-005, +6.99443904400e+000
+7.74077303000e+005, +1.19003272064e+002, +8.65915558228e+001, +2.44245059026e-005, +7.07516010916e+000
+7.79756174000e+005, +1.19891748916e+002, +8.65774269954e+001, +2.44272906191e-005, +7.15749529896e+000
+7.85476706000e+005, +1.20788959386e+002, +8.65639017638e+001, +2.44305144407e-005, +7.23952081112e+000
+7.91239206000e+005, +1.21692742340e+002, +8.65503420872e+001, +2.44337079532e-005, +7.32243724802e+000
+7.97043982000e+005, +1.22603233347e+002, +8.65365682221e+001, +2.44368841322e-005, +7.40664298847e+000
+8.02891343000e+005, +1.23521417331e+002, +8.65223078390e+001, +2.44402209896e-005, +7.49279878526e+000
+8.08781602000e+005, +1.24446463169e+002, +8.65086134895e+001, +2.44435686727e-005, +7.57860113246e+000
+8.14715074000e+005, +1.25379060123e+002, +8.64937904800e+001, +2.44470074753e-005, +7.66777127142e+000
+8.20692075000e+005, +1.26316918280e+002, +8.64785374705e+001, +2.44500994456e-005, +7.75869186355e+000
+8.26712926000e+005, +1.27264227371e+002, +8.64632798030e+001, +2.44536579130e-005, +7.85070364445e+000
+8.32777948000e+005, +1.28217773061e+002, +8.64478317677e+001, +2.44570445954e-005, +7.94403001102e+000
+8.38887464000e+005, +1.29179960276e+002, +8.64323338170e+001, +2.44607121114e-005, +8.03851905360e+000
+8.45041802000e+005, +1.30149709463e+002, +8.64168584284e+001, +2.44644431388e-005, +8.13394847588e+000
+8.51241290000e+005, +1.31129065507e+002, +8.64018424104e+001, +2.44686194981e-005, +8.22945386197e+000
+8.57486260000e+005, +1.32115872705e+002, +8.63869251213e+001, +2.44728126527e-005, +8.32571337745e+000
+8.63777044000e+005, +1.33109191979e+002, +8.63712829950e+001, +2.44768171631e-005, +8.42457778283e+000
+8.70113979000e+005, +1.34112020255e+002, +8.63553263339e+001, +2.44811844529e-005, +8.52532200249e+000
+8.76497405000e+005, +1.35122732769e+002, +8.63398844063e+001, +2.44856242793e-005, +8.62591494239e+000
+8.82927661000e+005, +1.36140491029e+002, +8.63225975177e+001, +2.44899097029e-005, +8.73187741194e+000
+8.89405091000e+005, +1.37167256069e+002, +8.63040496805e+001, +2.44943982844e-005, +8.84204481988e+000
+8.95930042000e+005, +1.38202515197e+002, +8.62860280866e+001, +2.44990327025e-005, +8.95215829742e+000
+9.02502861000e+005, +1.39245624715e+002, +8.62687162736e+001, +2.45036918752e-005, +9.06171043287e+000
+9.09123902000e+005, +1.40295878550e+002, +8.62518961032e+001, +2.45082361121e-005, +9.17115656509e+000
+9.15793516000e+005, +1.41358078875e+002, +8.62353654029e+001, +2.45134852380e-005, +9.28128904244e+000
+9.22512060000e+005, +1.42429734935e+002, +8.62210067199e+001, +2.45190382184e-005, +9.38726831173e+000
+9.29279894000e+005, +1.43507863167e+002, +8.62057452125e+001, +2.45242829181e-005, +9.49646747315e+000
+9.36097378000e+005, +1.44595604712e+002, +8.61898447522e+001, +2.45297551857e-005, +9.60848669726e+000
+9.42964878000e+005, +1.45691913703e+002, +8.61746164844e+001, +2.45353003527e-005, +9.71997381772e+000
+9.49882760000e+005, +1.46797720581e+002, +8.61574301905e+001, +2.45409869537e-005, +9.83768328781e+000
+9.56851394000e+005, +1.47912041487e+002, +8.61392304856e+001, +2.45466634174e-005, +9.95923712681e+000
+9.63871151000e+005, +1.49034722911e+002, +8.61207881257e+001, +2.45523155146e-005, +1.00826915870e+001
+9.70942408000e+005, +1.50168497717e+002, +8.61019181989e+001, +2.45583744710e-005, +1.02087381832e+001
+9.78065542000e+005, +1.51309779556e+002, +8.60825456700e+001, +2.45642359712e-005, +1.03373657515e+001
+9.85240933000e+005, +1.52460972723e+002, +8.60630741400e+001, +2.45702925847e-005, +1.04677053947e+001
+9.92468965000e+005, +1.53621269338e+002, +8.60428827657e+001, +2.45763816658e-005, +1.06013779884e+001
+9.99750024000e+005, +1.54789084242e+002, +8.60229433585e+001, +2.45822683317e-005, +1.07357075158e+001
+1.00708450000e+006, +1.55968951214e+002, +8.60020889996e+001, +2.45886264081e-005, +1.08741712796e+001
+1.01447278300e+006, +1.57157572096e+002, +8.59822155090e+001, +2.45949749704e-005, +1.10114200778e+001
+1.02191526900e+006, +1.58359589500e+002, +8.59615060128e+001, +2.46019708093e-005, +1.11527382636e+001
+1.02941235600e+006, +1.59573376182e+002, +8.59426423751e+001, +2.46094188607e-005, +1.12906269099e+001
+1.03696444300e+006, +1.60802920148e+002, +8.59243713737e+001, +2.46178727037e-005, +1.14287725974e+001
+1.04457193500e+006, +1.62038655511e+002, +8.59057257839e+001, +2.46258165418e-005, +1.15691980006e+001
+1.05223523700e+006, +1.63285278001e+002, +8.58868115563e+001, +2.46339618552e-005, +1.17119688694e+001
+1.05995476000e+006, +1.64542178724e+002, +8.58671003944e+001, +2.46421853474e-005, +1.18585827000e+001
+1.06773091600e+006, +1.65807387514e+002, +8.58470102791e+001, +2.46501935782e-005, +1.20077530706e+001
+1.07556412000e+006, +1.67082736089e+002, +8.58270538913e+001, +2.46582662632e-005, +1.21581558309e+001
+1.08345479100e+006, +1.68366365019e+002, +8.58067513624e+001, +2.46661036070e-005, +1.23110630254e+001
+1.09140335100e+006, +1.69661176925e+002, +8.57854045931e+001, +2.46740993491e-005, +1.24687813837e+001
+1.09941022300e+006, +1.70968540484e+002, +8.57647329505e+001, +2.46824902909e-005, +1.26263782837e+001
+1.10747583700e+006, +1.72289006765e+002, +8.57423044864e+001, +2.46912585061e-005, +1.27911549110e+001
+1.11560062200e+006, +1.73620175071e+002, +8.57190732854e+001, +2.47000717740e-005, +1.29601849449e+001
+1.12378501300e+006, +1.74965443473e+002, +8.56957591187e+001, +2.47094201800e-005, +1.31316001773e+001
+1.13202944700e+006, +1.76321797992e+002, +8.56722645013e+001, +2.47188550014e-005, +1.33054952259e+001
+1.14033436500e+006, +1.77690754184e+002, +8.56498986329e+001, +2.47286167461e-005, +1.34779628378e+001
+1.14870021100e+006, +1.79071068621e+002, +8.56260687628e+001, +2.47384310114e-005, +1.36569222742e+001
+1.15712743100e+006, +1.80463552804e+002, +8.56043806458e+001, +2.47485144941e-005, +1.38312313617e+001
+1.16561647500e+006, +1.81872664747e+002, +8.55847373467e+001, +2.47594563096e-005, +1.40013986854e+001
+1.17416779800e+006, +1.83292062999e+002, +8.55629339325e+001, +2.47702307492e-005, +1.41802127152e+001
+1.18278185600e+006, +1.84723801739e+002, +8.55420185146e+001, +2.47812056523e-005, +1.43582068545e+001
+1.19145911000e+006, +1.86168241484e+002, +8.55208836997e+001, +2.47923767131e-005, +1.45389437540e+001
+1.20020002200e+006, +1.87624100210e+002, +8.54991576047e+001, +2.48035457131e-005, +1.47235672908e+001
+1.20900506100e+006, +1.89097948817e+002, +8.54778854464e+001, +2.48155984530e-005, +1.49092144389e+001
+1.21787469600e+006, +1.90583168996e+002, +8.54559057103e+001, +2.48276024150e-005, +1.50991975235e+001
+1.22680940100e+006, +1.92078662624e+002, +8.54330284020e+001, +2.48393974444e-005, +1.52941316502e+001
+1.23580965400e+006, +1.93590444934e+002, +8.54091160252e+001, +2.48517426034e-005, +1.54950433209e+001
+1.24487593600e+006, +1.95114356671e+002, +8.53863695290e+001, +2.48641597687e-005, +1.56942286094e+001
+1.25400873000e+006, +1.96646242754e+002, +8.53601422076e+001, +2.48759478641e-005, +1.59071695774e+001
+1.26320852600e+006, +1.98189955634e+002, +8.53336625165e+001, +2.48877021688e-005, +1.61233372306e+001
+1.27247581500e+006, +1.99746632652e+002, +8.53063294975e+001, +2.48995316395e-005, +1.63449491587e+001
+1.28181109100e+006, +2.01324209404e+002, +8.52796255387e+001, +2.49124568304e-005, +1.65675548690e+001
+1.29121485300e+006, +2.02915337282e+002, +8.52528603492e+001, +2.49255151653e-005, +1.67929600846e+001
+1.30068760500e+006, +2.04523272079e+002, +8.52260025468e+001, +2.49390874862e-005, +1.70215712804e+001
+1.31022985100e+006, +2.06153320472e+002, +8.51997911688e+001, +2.49538197788e-005, +1.72512140036e+001
+1.31984210200e+006, +2.07797283216e+002, +8.51728967095e+001, +2.49686412650e-005, +1.74859785914e+001
+1.32952487200e+006, +2.09456922154e+002, +8.51451635141e+001, +2.49837410643e-005, +1.77266588456e+001
+1.33927867800e+006, +2.11125666191e+002, +8.51189934167e+001, +2.49984109436e-005, +1.79639719320e+001
+1.34910404000e+006, +2.12812702861e+002, +8.50909212760e+001, +2.50136003177e-005, +1.82114037589e+001
+1.35900148500e+006, +2.14511825364e+002, +8.50646391594e+001, +2.50286976495e-005, +1.84548415413e+001
+1.36897154000e+006, +2.16224940041e+002, +8.50376824683e+001, +2.50438225593e-005, +1.87035748289e+001
+1.37901473800e+006, +2.17957469752e+002, +8.50098340535e+001, +2.50595762318e-005, +1.89589777567e+001
+1.38913161700e+006, +2.19704677861e+002, +8.49819616937e+001, +2.50754237888e-005, +1.92174293728e+001
+1.39932271600e+006, +2.21470016264e+002, +8.49540420050e+001, +2.50917408190e-005, +1.94793467016e+001
+1.40958858000e+006, +2.23254104081e+002, +8.49245054107e+001, +2.51085129265e-005, +1.97509070117e+001
+1.41992975800e+006, +2.25056682594e+002, +8.48933830906e+001, +2.51256871925e-005, +2.00321436122e+001
+1.43034680100e+006, +2.26876637508e+002, +8.48641445709e+001, +2.51432528237e-005, +2.03094514572e+001
+1.44084026800e+006, +2.28713152812e+002, +8.48360355780e+001, +2.51610716946e-005, +2.05856043576e+001
+1.45141071700e+006, +2.30569789068e+002, +8.48085537819e+001, +2.51794960012e-005, +2.08628541878e+001
+1.46205871500e+006, +2.32441519286e+002, +8.47850471811e+001, +2.51980899745e-005, +2.11271859005e+001
+1.47278483000e+006, +2.34338336320e+002, +8.47639954823e+001, +2.52178569852e-005, +2.13853353998e+001
+1.48358963500e+006, +2.36250303646e+002, +8.47438657965e+001, +2.52376383409e-005, +2.16424724029e+001
+1.49447370700e+006, +2.38175102454e+002, +8.47221918842e+001, +2.52570756431e-005, +2.19085165536e+001
+1.50543762900e+006, +2.40116128800e+002, +8.46976414325e+001, +2.52764639460e-005, +2.21895099204e+001
+1.51648198400e+006, +2.42075769224e+002, +8.46733447222e+001, +2.52961650463e-005, +2.24728161663e+001
+1.52760736500e+006, +2.44025639078e+002, +8.46422300175e+001, +2.53129220717e-005, +2.27857735100e+001
+1.53881436500e+006, +2.46001081647e+002, +8.46092444606e+001, +2.53306206245e-005, +2.31112313608e+001
+1.55010358300e+006, +2.48003847437e+002, +8.45764935026e+001, +2.53494911763e-005, +2.34405177434e+001
+1.56147562200e+006, +2.50042472608e+002, +8.45437114717e+001, +2.53703501709e-005, +2.37756205345e+001
+1.57293109000e+006, +2.52109698090e+002, +8.45084272617e+001, +2.53923041273e-005, +2.41267330165e+001
+1.58447059900e+006, +2.54241228894e+002, +8.44773061624e+001, +2.54191664993e-005, +2.44681768080e+001
+1.59609476500e+006, +2.56421563825e+002, +8.44475202507e+001, +2.54491624538e-005, +2.48106940191e+001
+1.60780421000e+006, +2.58618598670e+002, +8.44141160588e+001, +2.54788326589e-005, +2.51733398126e+001
+1.61959955900e+006, +2.60833849551e+002, +8.43790915554e+001, +2.55083982290e-005, +2.55476512250e+001
+1.63148144200e+006, +2.63071541418e+002, +8.43420751119e+001, +2.55382369813e-005, +2.59359614418e+001
+1.64345049400e+006, +2.65325913243e+002, +8.43002155036e+001, +2.55676416798e-005, +2.63511102816e+001
+1.65550735500e+006, +2.67613325400e+002, +8.42507685782e+001, +2.55980379043e-005, +2.68080885690e+001
+1.66765266900e+006, +2.69911101758e+002, +8.42023144402e+001, +2.56276077481e-005, +2.72653693541e+001
+1.67988708500e+006, +2.72218074596e+002, +8.41535759826e+001, +2.56561874838e-005, +2.77287776806e+001
+1.69221125600e+006, +2.74532382582e+002, +8.41080970220e+001, +2.56837726714e-005, +2.81812884357e+001
+1.70462584100e+006, +2.76845836222e+002, +8.40630965623e+001, +2.57094869585e-005, +2.86350479984e+001
+1.71713150300e+006, +2.79062782753e+002, +8.40210518090e+001, +2.57246566611e-005, +2.90680293715e+001
+1.72972891100e+006, +2.81307786134e+002, +8.39809945496e+001, +2.57408582961e-005, +2.94974697524e+001
+1.74241873700e+006, +2.83604787969e+002, +8.39402001927e+001, +2.57601048473e-005, +2.99391342648e+001
+1.75520166000e+006, +2.85960519251e+002, +8.39003907630e+001, +2.57830040415e-005, +3.03853897792e+001
+1.76807836200e+006, +2.88383973776e+002, +8.38605628027e+001, +2.58102200051e-005, +3.08422212515e+001
+1.78104953100e+006, +2.90956295519e+002, +8.38240459329e+001, +2.58490146370e-005, +3.13016951674e+001
+1.79411586200e+006, +2.93627489149e+002, +8.37907347145e+001, +2.58947105006e-005, +3.17587839289e+001
+1.80727805000e+006, +2.96304741405e+002, +8.37523547117e+001, +2.59386107429e-005, +3.22456661757e+001
+1.82053680100e+006, +2.98973935812e+002, +8.37118364448e+001, +2.59796453703e-005, +3.27463076627e+001
+1.83389282200e+006, +3.01642628146e+002, +8.36683795438e+001, +2.60184663821e-005, +3.32660064781e+001
+1.84734682700e+006, +3.04286518879e+002, +8.36191247730e+001, +2.60528724298e-005, +3.38175565603e+001
+1.86089953400e+006, +3.06808073995e+002, +8.35562307660e+001, +2.60742376711e-005, +3.44324737275e+001
+1.87455166800e+006, +3.09390629697e+002, +8.34954046903e+001, +2.60990791047e-005, +3.50486681147e+001
+1.88830395900e+006, +3.12018396430e+002, +8.34359118440e+001, +2.61259497168e-005, +3.56682275578e+001
+1.90215714100e+006, +3.14693066028e+002, +8.33817140734e+001, +2.61551432503e-005, +3.62696910190e+001
+1.91611195400e+006, +3.17431190337e+002, +8.33288568719e+001, +2.61877607676e-005, +3.68761446938e+001
+1.93016914400e+006, +3.20266386487e+002, +8.32830989039e+001, +2.62267774505e-005, +3.74595406758e+001
+1.94432946100e+006, +3.23140198523e+002, +8.32386028865e+001, +2.62669844127e-005, +3.80448897791e+001
+1.95859366300e+006, +3.26067793642e+002, +8.31935962325e+001, +2.63094678361e-005, +3.86439076637e+001
+1.97296251200e+006, +3.29024673626e+002, +8.31505525557e+001, +2.63523330990e-005, +3.92397701127e+001
+1.98743677500e+006, +3.32030223143e+002, +8.31058379146e+001, +2.63968975879e-005, +3.98554753888e+001
+2.00201722600e+006, +3.35139148111e+002, +8.30643917506e+001, +2.64476959408e-005, +4.04693241921e+001
+2.01670464300e+006, +3.38307944051e+002, +8.30239257584e+001, +2.65010430899e-005, +4.10891447034e+001
+2.03149981200e+006, +3.41498933302e+002, +8.29811605945e+001, +2.65537491966e-005, +4.17296996909e+001
+2.04640352300e+006, +3.44688772773e+002, +8.29369915452e+001, +2.66040525164e-005, +4.23831994796e+001
+2.06141657200e+006, +3.47886865972e+002, +8.28909444847e+001, +2.66526757356e-005, +4.30538912395e+001
+2.07653976100e+006, +3.51059817183e+002, +8.28441810587e+001, +2.66971599009e-005, +4.37308796293e+001
+2.09177389900e+006, +3.54111062732e+002, +8.27927926462e+001, +2.67300558947e-005, +4.44260772940e+001
+2.10711979900e+006, +3.57238333075e+002, +8.27402432795e+001, +2.67666107001e-005, +4.51434553600e+001
+2.12257828200e+006, +3.60431324615e+002, +8.26881683187e+001, +2.68060548729e-005, +4.58718906340e+001
+2.13815017200e+006, +3.63706357743e+002, +8.26341938180e+001, +2.68493692589e-005, +4.66285188071e+001
+2.15383630300e+006, +3.67061257368e+002, +8.25806766746e+001, +2.68964289915e-005, +4.73986333599e+001
+2.16963751200e+006, +3.70535120587e+002, +8.25227268180e+001, +2.69496754571e-005, +4.82188163231e+001
+2.18555464400e+006, +3.74102724506e+002, +8.24647837740e+001, +2.70073935830e-005, +4.90581658977e+001
+2.20158854800e+006, +3.77691436192e+002, +8.24078696901e+001, +2.70643230765e-005, +4.99006845436e+001
+2.21774008300e+006, +3.81357807447e+002, +8.23538501049e+001, +2.71246043432e-005, +5.07414636457e+001
+2.23401011000e+006, +3.85070249160e+002, +8.22998277877e+001, +2.71857349779e-005, +5.15952407614e+001
+2.25039949900e+006, +3.88860579053e+002, +8.22554134612e+001, +2.72505261308e-005, +5.24018055846e+001
+2.26690912500e+006, +3.92724809361e+002, +8.22181665224e+001, +2.73184675254e-005, +5.31755021702e+001
+2.28353987100e+006, +3.96630188688e+002, +8.21737326119e+001, +2.73862843720e-005, +5.40090411282e+001
+2.30029262600e+006, +4.00578359903e+002, +8.21256788287e+001, +2.74542840038e-005, +5.48794779008e+001
+2.31716828400e+006, +4.04557288934e+002, +8.20734192492e+001, +2.75215703372e-005, +5.57900885943e+001
+2.33416774700e+006, +4.08559260048e+002, +8.20129903107e+001, +2.75873337205e-005, +5.67687290914e+001
+2.35129192300e+006, +4.12541137019e+002, +8.19403644439e+001, +2.76483900557e-005, +5.78398073606e+001
+2.36854172800e+006, +4.16580370833e+002, +8.18661949456e+001, +2.77106632726e-005, +5.89400115496e+001
+2.38591808200e+006, +4.20693198727e+002, +8.17906590252e+001, +2.77751814883e-005, +6.00709062815e+001
+2.40342191500e+006, +4.24859031454e+002, +8.17142985088e+001, +2.78405547032e-005, +6.12261182285e+001
+2.42105416200e+006, +4.29089557531e+002, +8.16380812931e+001, +2.79075660646e-005, +6.24005559293e+001
+2.43881576300e+006, +4.33374418841e+002, +8.15549303379e+001, +2.79749739109e-005, +6.36458693235e+001
+2.45670767000e+006, +4.37713083004e+002, +8.14726865220e+001, +2.80432564413e-005, +6.49044759651e+001
+2.47473083700e+006, +4.42131198457e+002, +8.13905962743e+001, +2.81139479514e-005, +6.61859890367e+001
+2.49288622800e+006, +4.46628741662e+002, +8.13091616040e+001, +2.81870060954e-005, +6.74868346626e+001
+2.51117481200e+006, +4.51215472106e+002, +8.12292992376e+001, +2.82630360834e-005, +6.88015462519e+001
+2.52959756700e+006, +4.55927174859e+002, +8.11554322615e+001, +2.83445173480e-005, +7.01008489264e+001
+2.54815547700e+006, +4.60771338765e+002, +8.10843182613e+001, +2.84315369489e-005, +7.14107029179e+001
+2.56684953300e+006, +4.65660219074e+002, +8.10124546107e+001, +2.85183061624e-005, +7.27453293493e+001
+2.58568073500e+006, +4.70585966590e+002, +8.09350815671e+001, +2.86039432928e-005, +7.41424449949e+001
+2.60465008900e+006, +4.75591677450e+002, +8.08539279894e+001, +2.86911598640e-005, +7.55962500513e+001
+2.62375860700e+006, +4.80656322614e+002, +8.07690064992e+001, +2.87786161748e-005, +7.71045534079e+001
+2.64300731100e+006, +4.85621056096e+002, +8.06734543538e+001, +2.88562531782e-005, +7.87002450473e+001
+2.66239723000e+006, +4.90730661646e+002, +8.05759807288e+001, +2.89393751867e-005, +8.03520099006e+001
+2.68192940000e+006, +4.96000566881e+002, +8.04777900705e+001, +2.90288245815e-005, +8.20533309479e+001
+2.70160486300e+006, +5.01376667182e+002, +8.03735109759e+001, +2.91208188725e-005, +8.38425002057e+001
+2.72142467200e+006, +5.06934669702e+002, +8.02683128073e+001, +2.92200509636e-005, +8.56894448653e+001
+2.74138988400e+006, +5.12864931495e+002, +8.01442124191e+001, +2.93356094917e-005, +8.77865196623e+001
+2.76150156800e+006, +5.18941890422e+002, +8.00201046126e+001, +2.94558709847e-005, +8.99339820415e+001
+2.78176079800e+006, +5.25041084459e+002, +7.99020405798e+001, +2.95742347283e-005, +9.20563265133e+001
+2.80216865500e+006, +5.31197861777e+002, +7.97894026160e+001, +2.96926624360e-005, +9.41637309751e+001
+2.82272623100e+006, +5.37391713748e+002, +7.96867313640e+001, +2.98104412802e-005, +9.62092706372e+001
+2.84343462300e+006, +5.43468550639e+002, +7.96089057992e+001, +2.99205525210e-005, +9.80233905197e+001
+2.86429493900e+006, +5.49469939099e+002, +7.95530880342e+001, +3.00252646483e-005, +9.96323079900e+001
+2.88530829200e+006, +5.55615817904e+002, +7.94896968755e+001, +3.01338172537e-005, +1.01351178613e+002
+2.90647580600e+006, +5.61961977285e+002, +7.94085120399e+001, +3.02480494857e-005, +1.03291601421e+002
+2.92779861100e+006, +5.68466668997e+002, +7.93258464294e+001, +3.03671003684e-005, +1.05293292083e+002
+2.94927784700e+006, +5.75216324141e+002, +7.92233529966e+001, +3.04935426446e-005, +1.07554484293e+002
+2.97091466100e+006, +5.82358676556e+002, +7.90808918702e+001, +3.06327380188e-005, +1.10312078369e+002
+2.99271021000e+006, +5.89603880464e+002, +7.89410893704e+001, +3.07733899522e-005, +1.13096748075e+002
+3.01466565700e+006, +5.96948264334e+002, +7.88069735450e+001, +3.09155721836e-005, +1.15876586324e+002
+3.03678217700e+006, +6.04428368088e+002, +7.86733956829e+001, +3.10605660547e-005, +1.18710610803e+002
+3.05906095000e+006, +6.12053586995e+002, +7.85484201250e+001, +3.12096332274e-005, +1.21516958903e+002
+3.08150316700e+006, +6.19752991101e+002, +7.84284635043e+001, +3.13587093176e-005, +1.24317034076e+002
+3.10411002700e+006, +6.27646202724e+002, +7.83374530171e+001, +3.15165119219e-005, +1.26876894362e+002
+3.12688273800e+006, +6.35662539463e+002, +7.82365676873e+001, +3.16750149552e-005, +1.29593329902e+002
+3.14982251600e+006, +6.43756964617e+002, +7.81236485344e+001, +3.18316054268e-005, +1.32485372170e+002
+3.17293058800e+006, +6.51976661494e+002, +7.79971615513e+001, +3.19883198779e-005, +1.35585163189e+002
+3.19620818800e+006, +6.60131999418e+002, +7.78430400185e+001, +3.21340645062e-005, +1.39017535628e+002
+3.21965656000e+006, +6.68200106243e+002, +7.76648879545e+001, +3.22681324923e-005, +1.42746987375e+002
+3.24327695600e+006, +6.76576687711e+002, +7.74849724333e+001, +3.24122641588e-005, +1.46611238591e+002
+3.26707063800e+006, +6.85236012172e+002, +7.73022125407e+001, +3.25647851854e-005, +1.50620722477e+002
+3.29103887900e+006, +6.94209978751e+002, +7.71188187809e+001, +3.27271997565e-005, +1.54760191662e+002
+3.31518295800e+006, +7.03544983784e+002, +7.69331076434e+001, +3.29011489276e-005, +1.59063408893e+002
+3.33950416500e+006, +7.13552086802e+002, +7.67373869115e+001, +3.30996489138e-005, +1.63699312955e+002
+3.36400380000e+006, +7.23763184766e+002, +7.65454864986e+001, +3.33023045461e-005, +1.68400394983e+002
+3.38868317200e+006, +7.34166434353e+002, +7.63523644951e+001, +3.35077308945e-005, +1.73226655804e+002
+3.41354360000e+006, +7.44752671208e+002, +7.61581613193e+001, +3.37153764820e-005, +1.78176519426e+002
+3.43858641100e+006, +7.55536018312e+002, +7.59658303232e+001, +3.39261690881e-005, +1.83217870573e+002
+3.46381294400e+006, +7.66389356857e+002, +7.57923401415e+001, +3.41368781379e-005, +1.88100295837e+002
+3.48922454700e+006, +7.77419606507e+002, +7.56148575080e+001, +3.43488748949e-005, +1.93141126618e+002
+3.51482257700e+006, +7.88809690933e+002, +7.54300208736e+001, +3.45694944360e-005, +1.98434764163e+002
+3.54060840200e+006, +8.00433975955e+002, +7.52370685284e+001, +3.47927725725e-005, +2.03966746521e+002
+3.56658340000e+006, +8.12415564958e+002, +7.50368916344e+001, +3.50239071109e-005, +2.09763302817e+002
+3.59274895900e+006, +8.24669393379e+002, +7.48287393760e+001, +3.52587571700e-005, +2.15820183220e+002
+3.61910647600e+006, +8.37273907467e+002, +7.46113262230e+001, +3.55001329287e-005, +2.22183634238e+002
+3.64565736100e+006, +8.50247446103e+002, +7.43826702432e+001, +3.57480632210e-005, +2.28896073811e+002
+3.67240303000e+006, +8.63644434471e+002, +7.41407598154e+001, +3.60040149191e-005, +2.36012409865e+002
+3.69934491400e+006, +8.77446425717e+002, +7.38811457020e+001, +3.62658793184e-005, +2.43606154422e+002
+3.72648445300e+006, +8.91753035813e+002, +7.36036801029e+001, +3.65371269620e-005, +2.51723903920e+002
+3.75382309500e+006, +9.06582385448e+002, +7.32520014081e+001, +3.68069067130e-005, +2.61243335737e+002
+3.78136230200e+006, +9.21892817102e+002, +7.29123432759e+001, +3.70889805982e-005, +2.70883833059e+002
+3.80910354500e+006, +9.37666305383e+002, +7.25815475221e+001, +3.73817452657e-005, +2.80688623235e+002
+3.83704830600e+006, +9.53912244290e+002, +7.22585133907e+001, +3.76850773232e-005, +2.90678793165e+002
+3.86519807900e+006, +9.70704895944e+002, +7.19498650029e+001, +3.80030334110e-005, +3.00772009421e+002
+3.89355436700e+006, +9.88507286104e+002, +7.17084055021e+001, +3.83650448836e-005, +3.10246143701e+002
+3.92211868600e+006, +1.00685956620e+003, +7.14733278834e+001, +3.87397832691e-005, +3.19925682368e+002
+3.95089256100e+006, +1.02560411567e+003, +7.12206233315e+001, +3.91153257701e-005, +3.30167535870e+002
+3.97987753100e+006, +1.04465704127e+003, +7.09550634393e+001, +3.94890597176e-005, +3.40881637884e+002
+4.00907514300e+006, +1.06407439475e+003, +7.06724052648e+001, +3.98616281886e-005, +3.52175539204e+002
+4.03848695800e+006, +1.08333890939e+003, +7.03862666282e+001, +4.02166690148e-005, +3.63652349716e+002
+4.06811454700e+006, +1.10228719136e+003, +7.00936810840e+001, +4.05476165311e-005, +3.75310323866e+002
+4.09795949300e+006, +1.12216218201e+003, +6.97679382669e+001, +4.08930642190e-005, +3.88069839544e+002
+4.12802339100e+006, +1.14302106273e+003, +6.94075189057e+001, +4.12531489647e-005, +4.02022004102e+002
+4.15830784700e+006, +1.16487043866e+003, +6.90091144767e+001, +4.16254909905e-005, +4.17279228349e+002
+4.18881447900e+006, +1.18798387165e+003, +6.85569315203e+001, +4.20133382118e-005, +4.34299037570e+002
+4.21954491800e+006, +1.21338107098e+003, +6.79352740238e+001, +4.24149588251e-005, +4.55811181661e+002
+4.25050080400e+006, +1.23948356723e+003, +6.73284067759e+001, +4.28247775771e-005, +4.77757215779e+002
+4.28168379200e+006, +1.26632373168e+003, +6.67261899825e+001, +4.32403832929e-005, +5.00356972527e+002
+4.31309554800e+006, +1.29399159262e+003, +6.61383555017e+001, +4.36674741872e-005, +5.23457729540e+002
+4.34473775100e+006, +1.32247754300e+003, +6.55656225745e+001, +4.41056389367e-005, +5.47043847301e+002
+4.37661209000e+006, +1.35092221843e+003, +6.51474360932e+001, +4.45766577665e-005, +5.67771956716e+002
+4.40872027000e+006, +1.38028783575e+003, +6.47356261688e+001, +4.50622507991e-005, +5.89100813339e+002
+4.44106400500e+006, +1.41122840809e+003, +6.42679744040e+001, +4.55591290533e-005, +6.12702701690e+002
+4.47364502400e+006, +1.44371439133e+003, +6.37402080691e+001, +4.60610794565e-005, +6.38759825844e+002
+4.50646506700e+006, +1.47790936453e+003, +6.31507109169e+001, +4.65685786826e-005, +6.67490710084e+002
+4.53952588800e+006, +1.51449423530e+003, +6.24224305177e+001, +4.70651666701e-005, +7.01133687133e+002
+4.57282925400e+006, +1.55349199925e+003, +6.15430288784e+001, +4.75356679065e-005, +7.40236821750e+002
+4.60637694300e+006, +1.59367463195e+003, +6.06513968523e+001, +4.79959239819e-005, +7.81095059838e+002
+4.64017074900e+006, +1.63524634471e+003, +5.97412145100e+001, +4.84464059942e-005, +8.24011144411e+002
+4.67421247600e+006, +1.67783704995e+003, +5.88315797067e+001, +4.88829536344e-005, +8.68373759268e+002
+4.70850394400e+006, +1.72176964520e+003, +5.79063980545e+001, +4.93047292579e-005, +9.14783066071e+002
+4.74304698500e+006, +1.76469115759e+003, +5.71027987685e+001, +4.97196248127e-005, +9.58462771514e+002
+4.77784344400e+006, +1.80994668444e+003, +5.62317249682e+001, +5.01196224360e-005, +1.00603245718e+003
+4.81289518100e+006, +1.85763995688e+003, +5.52954781660e+001, +5.05009386669e-005, +1.05763691781e+003
+4.84820406800e+006, +1.90775444553e+003, +5.42841185322e+001, +5.08482356790e-005, +1.11368272616e+003
+4.88377199200e+006, +1.96071278400e+003, +5.31884752963e+001, +5.11564279315e-005, +1.17482900074e+003
+4.91960085400e+006, +2.01678130915e+003, +5.19416809107e+001, +5.13730658905e-005, +1.24327154220e+003
+4.95569256700e+006, +2.07599635050e+003, +5.05990719778e+001, +5.15188742363e-005, +1.31772421195e+003
+4.99204906000e+006, +2.13730655311e+003, +4.91826285459e+001, +5.15688509793e-005, +1.39705061349e+003
+5.02867227500e+006, +2.20106479487e+003, +4.76854369247e+001, +5.15127004964e-005, +1.48175789067e+003
+5.06556417000e+006, +2.26761118550e+003, +4.60917387585e+001, +5.13293098557e-005, +1.57260131508e+003
+5.10272671500e+006, +2.33849403084e+003, +4.44218321102e+001, +5.10519258570e-005, +1.67016652978e+003
+5.14016189600e+006, +2.41389927053e+003, +4.26421570339e+001, +5.06312697915e-005, +1.77566154373e+003
+5.17787171300e+006, +2.48944524348e+003, +4.07490462069e+001, +4.99478043893e-005, +1.88594359800e+003
+5.21585818100e+006, +2.56456553232e+003, +3.87495638353e+001, +4.89807326412e-005, +2.00007708424e+003
+5.25412333000e+006, +2.63905700664e+003, +3.66459235499e+001, +4.77141343522e-005, +2.11741923820e+003
+5.29266920300e+006, +2.71050982945e+003, +3.44348160677e+001, +4.60897781817e-005, +2.23554730298e+003
+5.33149786100e+006, +2.76845338641e+003, +3.21912400927e+001, +4.40280079164e-005, +2.34287185772e+003
+5.37061137800e+006, +2.82714148485e+003, +2.98361512448e+001, +4.16826863999e-005, +2.45240871781e+003
+5.41001184300e+006, +2.88476119336e+003, +2.73638241955e+001, +3.90075599460e-005, +2.56197306744e+003
+5.44970136300e+006, +2.94200599766e+003, +2.47645546780e+001, +3.59907922182e-005, +2.67144969294e+003
+5.48968205700e+006, +2.99803286359e+003, +2.20438447101e+001, +3.26216860525e-005, +2.77886743096e+003
+5.52995606200e+006, +3.05429130210e+003, +1.91496311685e+001, +2.88357222170e-005, +2.88528243680e+003
+5.57052553000e+006, +3.10692585040e+003, +1.61258044875e+001, +2.46549854664e-005, +2.98468124802e+003
+5.61139262800e+006, +3.15319089951e+003, +1.30033216247e+001, +2.01231893213e-005, +3.07233369463e+003
+5.65255953900e+006, +3.19249002591e+003, +9.76955914429e+000, +1.52528282579e-005, +3.14619314387e+003
+5.69402846400e+006, +3.22258023940e+003, +6.44658807002e+000, +1.01133448735e-005, +3.20220371491e+003
+5.73580161700e+006, +3.24814535588e+003, +2.99252726227e+000, +4.70521505041e-006, +3.24371602935e+003
+5.77788123100e+006, +3.26636542792e+003, -6.05866942801e-001, -9.51399289519e-007, +3.26618281143e+003
+5.82026955500e+006, +3.26898462547e+003, -4.17212923487e+000, -6.50341045402e-006, +3.26032176708e+003
+5.86296885200e+006, +3.25645010724e+003, -7.65209920882e+000, -1.17709928757e-005, +3.22745099370e+003
+5.90598140400e+006, +3.22991049217e+003, -1.10326786088e+001, -1.66567303849e-005, +3.17021591955e+003
+5.94930951000e+006, +3.19073465174e+003, -1.42536640537e+001, -2.10164446867e-005, +3.09250841601e+003
+5.99295548400e+006, +3.13739143429e+003, -1.70399562700e+001, -2.44158874323e-005, +2.99966193515e+003
+6.03692165900e+006, +3.07868509908e+003, -1.97855976979e+001, -2.74745339258e-005, +2.89693765493e+003
+6.08121038200e+006, +3.01440513649e+003, -2.24774001590e+001, -3.01618232226e-005, +2.78540200488e+003
+6.12582402200e+006, +2.94648969007e+003, -2.51151479997e+001, -3.24919400970e-005, +2.66791858524e+003
+6.17076496100e+006, +2.87516980525e+003, -2.76697731600e+001, -3.44360515223e-005, +2.54636174525e+003
+6.21603560100e+006, +2.79847235869e+003, -3.02735924559e+001, -3.61218417706e-005, +2.41683907210e+003
+6.26163836000e+006, +2.71916216954e+003, -3.27830161344e+001, -3.74225049295e-005, +2.28607343965e+003
+6.30757567600e+006, +2.64071293580e+003, -3.51446660149e+001, -3.83558837086e-005, +2.15931416968e+003
+6.35385000100e+006, +2.56334309873e+003, -3.73501969183e+001, -3.89541049601e-005, +2.03770977732e+003
+6.40046380900e+006, +2.48791157632e+003, -3.94234096154e+001, -3.92870060800e-005, +1.92184744008e+003
+6.44741959100e+006, +2.41492044873e+003, -4.13535759591e+001, -3.93861813376e-005, +1.81275195174e+003
+6.49471985500e+006, +2.34478172782e+003, -4.31321148552e+001, -3.92841052863e-005, +1.71117288704e+003
+6.54236712800e+006, +2.27704475413e+003, -4.48224519748e+001, -3.90473728644e-005, +1.61509546491e+003
+6.59036395600e+006, +2.21122145826e+003, -4.64377595954e+001, -3.86951910495e-005, +1.52384589564e+003
+6.63871290400e+006, +2.14770188946e+003, -4.79687214415e+001, -3.82445988277e-005, +1.43796416109e+003
+6.68741655400e+006, +2.08606120738e+003, -4.94300756110e+001, -3.77121315808e-005, +1.35672325123e+003
+6.73647751000e+006, +2.02790835266e+003, -5.08539618836e+001, -3.71568985483e-005, +1.28021685993e+003
+6.78589839200e+006, +1.97122491888e+003, -5.21993798126e+001, -3.65306679055e-005, +1.20819451670e+003
+6.83568184100e+006, +1.91640029580e+003, -5.34659406447e+001, -3.58518929983e-005, +1.14083411685e+003
+6.88583051600e+006, +1.86341702486e+003, -5.46658658542e+001, -3.51361307452e-005, +1.07769556838e+003
+6.93634709800e+006, +1.81236216868e+003, -5.57882317689e+001, -3.43891537104e-005, +1.01900650809e+003
+6.98723428500e+006, +1.76401637379e+003, -5.68726271446e+001, -3.36496328401e-005, +9.64038680624e+002
+7.03849479700e+006, +1.71740817049e+003, -5.78918563985e+001, -3.28943307658e-005, +9.12835035313e+002
+7.09013137100e+006, +1.67161559252e+003, -5.88460910362e+001, -3.21118076284e-005, +8.64791524992e+002
+7.14214676700e+006, +1.62719722548e+003, -5.97311809777e+001, -3.13169447926e-005, +8.20201258389e+002
+7.19454376400e+006, +1.58387068721e+003, -6.05563834888e+001, -3.05122962444e-005, +7.78578283862e+002
+7.24732516200e+006, +1.54083001936e+003, -6.12854678106e+001, -2.96762321145e-005, +7.40285552563e+002
+7.30049378000e+006, +1.49784775431e+003, -6.19270162956e+001, -2.88121653452e-005, +7.04880990278e+002
+7.35405246000e+006, +1.45750727667e+003, -6.25498621061e+001, -2.79917210864e-005, +6.71876618097e+002
+7.40800406200e+006, +1.41961881278e+003, -6.31617746229e+001, -2.72141119500e-005, +6.40919474381e+002
+7.46235147100e+006, +1.38396155935e+003, -6.37642659367e+001, -2.64760134316e-005, +6.11801473750e+002
+7.51709758900e+006, +1.35038793454e+003, -6.43632872303e+001, -2.57763220409e-005, +5.84263593216e+002
+7.57224534100e+006, +1.32065269569e+003, -6.50126347922e+001, -2.51596406622e-005, +5.57867990257e+002
+7.62779767400e+006, +1.29157915902e+003, -6.56339512628e+001, -2.45485692483e-005, +5.32859995927e+002
+7.68375755600e+006, +1.26328227994e+003, -6.62211857865e+001, -2.39452637147e-005, +5.09364197238e+002
+7.74012797800e+006, +1.23574201813e+003, -6.67789698237e+001, -2.33512918776e-005, +4.87227433421e+002
+7.79691195000e+006, +1.20890045201e+003, -6.73055448513e+001, -2.27661675025e-005, +4.66414056831e+002
+7.85411250700e+006, +1.18242178031e+003, -6.77930448778e+001, -2.21832004297e-005, +4.46900066368e+002
+7.91173270500e+006, +1.15672445018e+003, -6.82528929881e+001, -2.16129407192e-005, +4.28578600008e+002
+7.96977562200e+006, +1.13184341324e+003, -6.86940632488e+001, -2.10578895693e-005, +4.11252776237e+002
+8.02824436100e+006, +1.10784129068e+003, -6.91207659175e+001, -2.05200830048e-005, +3.94833958860e+002
+8.08714204400e+006, +1.08452532364e+003, -6.95220484532e+001, -1.99946972226e-005, +3.79417829956e+002
+8.14647181800e+006, +1.06179456671e+003, -6.99061705134e+001, -1.94812745272e-005, +3.64788608222e+002
+8.20623685400e+006, +1.03961144088e+003, -7.02660224916e+001, -1.89784862958e-005, +3.51028451432e+002
+8.26644034500e+006, +1.01829359475e+003, -7.06169359559e+001, -1.84941347709e-005, +3.37953632414e+002
+8.32708550800e+006, +9.97744488495e+002, -7.09606468214e+001, -1.80265943267e-005, +3.25481712666e+002
+8.38817558200e+006, +9.77928782163e+002, -7.12957762617e+001, -1.75750031383e-005, +3.13604956000e+002
+8.44971383200e+006, +9.58867311882e+002, -7.16205599388e+001, -1.71394910830e-005, +3.02339036119e+002
+8.51170354500e+006, +9.40573550083e+002, -7.19396955894e+001, -1.67206802982e-005, +2.91594561562e+002
+8.57414803400e+006, +9.22841502307e+002, -7.22531417317e+001, -1.63147853893e-005, +2.81293233505e+002
+8.63705063500e+006, +9.05648208132e+002, -7.25554281855e+001, -1.59208388134e-005, +2.71497963063e+002
+8.70041470900e+006, +8.88985650012e+002, -7.28580927044e+001, -1.55396391948e-005, +2.62019037460e+002
+8.76424364200e+006, +8.72893411878e+002, -7.31526727831e+001, -1.51710395096e-005, +2.52984115288e+002
+8.82854084300e+006, +8.57287789721e+002, -7.34698009443e+001, -1.48158623090e-005, +2.43916099040e+002
+8.89330974900e+006, +8.42104703876e+002, -7.37782125459e+001, -1.44703443423e-005, +2.35247212044e+002
+8.95855381900e+006, +8.27387867308e+002, -7.40676950920e+001, -1.41344793781e-005, +2.27119153439e+002
+9.02427654000e+006, +8.13056740075e+002, -7.43328040222e+001, -1.38065654084e-005, +2.19565341611e+002
+9.09048142300e+006, +7.99105725598e+002, -7.45782913743e+001, -1.34869002443e-005, +2.12499298618e+002
+9.15717200500e+006, +7.85578005343e+002, -7.47910074452e+001, -1.31754144922e-005, +2.06089032331e+002
+9.22435185100e+006, +7.72492883065e+002, -7.49673458960e+001, -1.28722996140e-005, +2.00361096742e+002
+9.29202454800e+006, +7.59680671239e+002, -7.51430676640e+001, -1.25769044278e-005, +1.94786926975e+002
+9.36019371300e+006, +7.47153837922e+002, -7.53100487477e+001, -1.22888717283e-005, +1.89469469843e+002
+9.42886298900e+006, +7.34886644531e+002, -7.54768915863e+001, -1.20081862661e-005, +1.84287858190e+002
+9.49803604300e+006, +7.22866553218e+002, -7.56417522744e+001, -1.17344434928e-005, +1.79259339659e+002
+9.56771657200e+006, +7.11047349447e+002, -7.57893655671e+001, -1.14660354172e-005, +1.74553105648e+002
+9.63790830000e+006, +6.99442367612e+002, -7.59414482043e+001, -1.12042424844e-005, +1.69903878355e+002
+9.70861497500e+006, +6.88188198848e+002, -7.60943458717e+001, -1.09509518534e-005, +1.65388026924e+002
+9.77984037600e+006, +6.77192621649e+002, -7.62497547989e+001, -1.07046464207e-005, +1.60961947590e+002
+9.85158830900e+006, +6.66490166378e+002, -7.64075017628e+001, -1.04657465935e-005, +1.56635087668e+002
+9.92386260800e+006, +6.56124337432e+002, -7.65880871029e+001, -1.02356825170e-005, +1.52188143303e+002
+9.99666713200e+006, +6.45995759221e+002, -7.67725048535e+001, -1.00119065405e-005, +1.47815487127e+002
+1.00700057730e+007, +6.36019618255e+002, -7.69443382599e+001, -9.79235694157e-006, +1.43675260598e+002
+1.01438824490e+007, +6.26206807010e+002, -7.71045883629e+001, -9.57722969439e-006, +1.39751859618e+002
+1.02183011080e+007, +6.16580948396e+002, -7.72555355694e+001, -9.36694775649e-006, +1.36019731727e+002
+1.02932657240e+007, +6.06989958309e+002, -7.73841968466e+001, -9.15871275336e-006, +1.32574138175e+002
+1.03687803040e+007, +5.97404292370e+002, -7.74888191823e+001, -8.95207091212e-006, +1.29415767279e+002
+1.04448488830e+007, +5.88100274012e+002, -7.75975935354e+001, -8.75213892138e-006, +1.26310029067e+002
+1.05214755240e+007, +5.79101874909e+002, -7.77064080606e+001, -8.55901648744e-006, +1.23303014270e+002
+1.05986643210e+007, +5.70358381666e+002, -7.78204968623e+001, -8.37201082069e-006, +1.20331430521e+002
+1.06764194000e+007, +5.61903029151e+002, -7.79355294411e+001, -8.19136190413e-006, +1.17444584743e+002
+1.07547449140e+007, +5.53970286589e+002, -7.80775243187e+001, -8.02112659165e-006, +1.14443621201e+002
+1.08336450480e+007, +5.45795026674e+002, -7.82137163968e+001, -7.84911461130e-006, +1.11485024785e+002
+1.09131240180e+007, +5.37786674623e+002, -7.83406268241e+001, -7.68115021464e-006, +1.08682871405e+002
+1.09931860700e+007, +5.30075592530e+002, -7.84544530540e+001, -7.51894112431e-006, +1.06092963698e+002
+1.10738354830e+007, +5.22455475580e+002, -7.85598391605e+001, -7.35963184862e-006, +1.03626118847e+002
+1.11550765640e+007, +5.14804621185e+002, -7.86421153980e+001, -7.20112734223e-006, +1.01383941983e+002
+1.12369136550e+007, +5.07245438640e+002, -7.87152387358e+001, -7.04551402783e-006, +9.92604895524e+001
+1.13193511280e+007, +4.99882261349e+002, -7.87871918299e+001, -6.89439631934e-006, +9.72039221567e+001
+1.14023933880e+007, +4.92676600736e+002, -7.88616330237e+001, -6.74725995428e-006, +9.51747860501e+001
+1.14860448710e+007, +4.85554779826e+002, -7.89362722069e+001, -6.60298421950e-006, +9.31783029108e+001
+1.15703100480e+007, +4.78726289895e+002, -7.90180485352e+001, -6.46450922016e-006, +9.11972467317e+001
+1.16551934200e+007, +4.72144716189e+002, -7.91047806945e+001, -6.33105351925e-006, +8.92417294762e+001
+1.17406995230e+007, +4.65691348848e+002, -7.91857964686e+001, -6.20072233654e-006, +8.73752537575e+001
+1.18268329250e+007, +4.59582592266e+002, -7.91745870447e+001, -6.07458981847e-006, +8.63174143447e+001
+1.19135982280e+007, +4.53282655532e+002, -7.92492295603e+001, -5.94916216393e-006, +8.45540985477e+001
+1.20010000690e+007, +4.47038848919e+002, -7.93152693614e+001, -5.82575515979e-006, +8.28831223876e+001
+1.20890431160e+007, +4.40763773001e+002, -7.93770724625e+001, -5.70330361049e-006, +8.12524515257e+001
+1.21777320740e+007, +4.34649995367e+002, -7.94347089149e+001, -5.58428407986e-006, +7.96956278544e+001
+1.22670716820e+007, +4.28678221185e+002, -7.94855865101e+001, -5.46835257633e-006, +7.82264321665e+001
+1.23570667130e+007, +4.22795095957e+002, -7.95358177433e+001, -5.35489592941e-006, +7.67883921713e+001
+1.24477219760e+007, +4.16982427086e+002, -7.95818225796e+001, -5.24358868555e-006, +7.54034243079e+001
+1.25390423130e+007, +4.11234546732e+002, -7.96199905133e+001, -5.13427422868e-006, +7.40945816737e+001
+1.26310326040e+007, +4.05558047380e+002, -7.96533404746e+001, -5.02706190209e-006, +7.28396020435e+001
+1.27236977650e+007, +3.99979165626e+002, -7.96865054138e+001, -4.92232077750e-006, +7.16098457958e+001
+1.28170427460e+007, +3.94491917031e+002, -7.97168502451e+001, -4.81989920251e-006, +7.04218781536e+001
+1.29110725350e+007, +3.89093700824e+002, -7.97495762482e+001, -4.71980971561e-006, +6.92395444024e+001
+1.30057921550e+007, +3.83786271848e+002, -7.97832344789e+001, -4.62201442179e-006, +6.80732155884e+001
+1.31012066680e+007, +3.78601372064e+002, -7.98178336378e+001, -4.52685663472e-006, +6.69285429954e+001
+1.31973211710e+007, +3.73452425279e+002, -7.98504828457e+001, -4.43322454211e-006, +6.58088545976e+001
+1.32941408000e+007, +3.68351041889e+002, -7.98790396212e+001, -4.34120758458e-006, +6.47291766861e+001
+1.33916707280e+007, +3.63271016152e+002, -7.99057086012e+001, -4.25050906405e-006, +6.36700152608e+001
+1.34899161650e+007, +3.58290623833e+002, -7.99298548731e+001, -4.16201552658e-006, +6.26484453148e+001
+1.35888823610e+007, +3.53329542048e+002, -7.99472247464e+001, -4.07471348139e-006, +6.16755131907e+001
+1.36885746040e+007, +3.48433392580e+002, -7.99643171074e+001, -3.98919581343e-006, +6.07185139432e+001
+1.37889982200e+007, +3.43618900028e+002, -7.99804336160e+001, -3.90561779705e-006, +5.97843546907e+001
+1.38901585740e+007, +3.38886455172e+002, -7.99966210096e+001, -3.82396651724e-006, +5.88666973088e+001
+1.39920610730e+007, +3.34229382044e+002, -8.00101809448e+001, -3.74410590516e-006, +5.79798349037e+001
+1.40947111590e+007, +3.29716086777e+002, -8.00304368243e+001, -3.66687549137e-006, +5.70820978066e+001
+1.41981143180e+007, +3.25279859011e+002, -8.00518936577e+001, -3.59142886712e-006, +5.61940965140e+001
+1.43022760750e+007, +3.20854994489e+002, -8.00660806390e+001, -3.51692623190e-006, +5.53514200072e+001
+1.44072019950e+007, +3.16430251153e+002, -8.00747068372e+001, -3.44325676232e-006, +5.45411708388e+001
+1.45128976840e+007, +3.12035057184e+002, -8.00741685405e+001, -3.37069611650e-006, +5.37864855121e+001
+1.46193687880e+007, +3.07626719037e+002, -8.00673229290e+001, -3.29880536983e-006, +5.30628103322e+001
+1.47266209980e+007, +3.03155244982e+002, -8.00455124090e+001, -3.22696499805e-006, +5.24051889261e+001
+1.48346600440e+007, +2.98749139071e+002, -8.00228063583e+001, -3.15668393990e-006, +5.17601301598e+001
+1.49434916970e+007, +2.94432205609e+002, -8.00003572777e+001, -3.08819911241e-006, +5.11258078593e+001
+1.50531217720e+007, +2.90417720186e+002, -7.99834829305e+001, -3.02375105800e-006, +5.05129546888e+001
+1.51635561280e+007, +2.86204256972e+002, -7.99640385280e+001, -2.95800200884e-006, +4.98757437868e+001
+1.52748006650e+007, +2.82104682902e+002, -7.99538242967e+001, -2.89430619196e-006, +4.92108474156e+001
+1.53868613250e+007, +2.78043049081e+002, -7.99414770820e+001, -2.83175151660e-006, +4.85613270485e+001
+1.54997440980e+007, +2.74019871077e+002, -7.99205600429e+001, -2.77027265696e-006, +4.79571589642e+001
+1.56134550130e+007, +2.70024430560e+002, -7.98927727679e+001, -2.70976441898e-006, +4.73868327548e+001
+1.57280001470e+007, +2.66092556575e+002, -7.98595084411e+001, -2.65058474251e-006, +4.68489051727e+001
+1.58433856190e+007, +2.62184119302e+002, -7.98126137143e+001, -2.59225151041e-006, +4.63719977327e+001
+1.59596175950e+007, +2.58286338101e+002, -7.97533557711e+001, -2.53464268657e-006, +4.59455004586e+001
+1.60767022850e+007, +2.54413295070e+002, -7.96906076543e+001, -2.47796048956e-006, +4.55306933220e+001
+1.61946459440e+007, +2.50580654545e+002, -7.96302935454e+001, -2.42239084867e-006, +4.51042883013e+001
+1.63134548740e+007, +2.46778553910e+002, -7.95692807519e+001, -2.36779840574e-006, +4.46783843576e+001
+1.64331354230e+007, +2.43005576854e+002, -7.95098018692e+001, -2.31417301045e-006, +4.42433723248e+001
+1.65536939860e+007, +2.39255471648e+002, -7.94540750853e+001, -2.26145811647e-006, +4.37893943815e+001
+1.66751370030e+007, +2.35545779275e+002, -7.93927980552e+001, -2.20973798653e-006, +4.33580661947e+001
+1.67974709640e+007, +2.31864548866e+002, -7.93228530562e+001, -2.15886604236e-006, +4.29586288497e+001
+1.69207024050e+007, +2.28215062556e+002, -7.92471008819e+001, -2.10888311509e-006, +4.25789393272e+001
+1.70448379100e+007, +2.24594909544e+002, -7.91644651243e+001, -2.05974854285e-006, +4.22217079123e+001
+1.71698841120e+007, +2.21019970833e+002, -7.90653114043e+001, -2.01153131078e-006, +4.19252596495e+001
+1.72958476900e+007, +2.17462171313e+002, -7.89604108521e+001, -1.96403914164e-006, +4.16412257382e+001
+1.74227353770e+007, +2.13927625741e+002, -7.88533096800e+001, -1.91734220019e-006, +4.13568218482e+001
+1.75505539510e+007, +2.10407694920e+002, -7.87425726618e+001, -1.87134412731e-006, +4.10752559875e+001
+1.76793102420e+007, +2.06903576186e+002, -7.86258651776e+001, -1.82603261188e-006, +4.08044461503e+001
+1.78090111280e+007, +2.03411615145e+002, -7.85067575496e+001, -1.78139077610e-006, +4.05302442167e+001
+1.79396635410e+007, +1.99922440365e+002, -7.83830488403e+001, -1.73731588836e-006, +4.02579266241e+001
+1.80712744590e+007, +1.96457959288e+002, -7.82514048503e+001, -1.69397133282e-006, +4.00023267766e+001
+1.82038509170e+007, +1.93022786530e+002, -7.81120709687e+001, -1.65138954818e-006, +3.97623138400e+001
+1.83373999960e+007, +1.89606071963e+002, -7.79651421173e+001, -1.60946954431e-006, +3.95341444155e+001
+1.84719288320e+007, +1.86205796024e+002, -7.78066740872e+001, -1.56816375479e-006, +3.93287013849e+001
+1.86074446140e+007, +1.82843526004e+002, -7.76414822124e+001, -1.52767460028e-006, +3.91336632666e+001
+1.87439545810e+007, +1.79486490033e+002, -7.74649334607e+001, -1.48769250332e-006, +3.89552259323e+001
+1.88814660280e+007, +1.76142974045e+002, -7.72773506596e+001, -1.44828379793e-006, +3.87922880006e+001
+1.90199863010e+007, +1.72804024056e+002, -7.70780796657e+001, -1.40936644433e-006, +3.86429587223e+001
+1.91595228010e+007, +1.69474321922e+002, -7.68655349199e+001, -1.37096609312e-006, +3.85108604387e+001
+1.93000829850e+007, +1.66156390339e+002, -7.66328199549e+001, -1.33306089081e-006, +3.84138028293e+001
+1.94416743610e+007, +1.62839690270e+002, -7.63916045385e+001, -1.29562754907e-006, +3.83136600740e+001
+1.95843044960e+007, +1.59534711523e+002, -7.61351747488e+001, -1.25870937968e-006, +3.82296315097e+001
+1.97279810090e+007, +1.56243149467e+002, -7.58656181543e+001, -1.22232687239e-006, +3.81541029343e+001
+1.98727115780e+007, +1.52957687797e+002, -7.55811286930e+001, -1.18640911479e-006, +3.80878244315e+001
+2.00185039350e+007, +1.49678637967e+002, -7.52807174468e+001, -1.15095057788e-006, +3.80308659844e+001
+2.01653658700e+007, +1.46407200288e+002, -7.49631306262e+001, -1.11595134690e-006, +3.79839655888e+001
+2.03133052290e+007, +1.43152521758e+002, -7.46261174039e+001, -1.08146640613e-006, +3.79521129683e+001
+2.04623299170e+007, +1.39908588545e+002, -7.42687791614e+001, -1.04744224071e-006, +3.79327136486e+001
+2.06124478970e+007, +1.36678626396e+002, -7.38881228876e+001, -1.01388510518e-006, +3.79302066008e+001
+2.07636671880e+007, +1.33461500857e+002, -7.34841216583e+001, -9.80783999414e-007, +3.79405757153e+001
+2.09159958710e+007, +1.30258946347e+002, -7.30535938786e+001, -9.48133412265e-007, +3.79674946399e+001
+2.10694420840e+007, +1.27062482660e+002, -7.25939248584e+001, -9.15857204533e-007, +3.80097213563e+001
+2.12240140260e+007, +1.23883023126e+002, -7.21034251446e+001, -8.84025243735e-007, +3.80692196684e+001
+2.13797199550e+007, +1.20712611238e+002, -7.15785424569e+001, -8.52562237857e-007, +3.81457130760e+001
+2.15365681920e+007, +1.17548207864e+002, -7.10171301538e+001, -8.21437255615e-007, +3.82367218152e+001
+2.16945671150e+007, +1.14401661019e+002, -7.04137428858e+001, -7.90707651838e-007, +3.83503654007e+001
+2.18537251680e+007, +1.11258745061e+002, -6.97659285063e+001, -7.60264570793e-007, +3.84795292239e+001
+2.20140508530e+007, +1.08126460245e+002, -6.90710371062e+001, -7.30146821694e-007, +3.86238736333e+001
+2.21755527370e+007, +1.05001534231e+002, -6.83252019358e+001, -7.00317498627e-007, +3.87810604590e+001
+2.23382394490e+007, +1.01886320496e+002, -6.75214446326e+001, -6.70763941234e-007, +3.89549729272e+001
+2.25021196800e+007, +9.87762604766e+001, -6.66529142178e+001, -6.41429911268e-007, +3.91450468353e+001
+2.26672021880e+007, +9.56755737651e+001, -6.57153612673e+001, -6.12331256196e-007, +3.93484924879e+001
+2.28334957920e+007, +9.26001527540e+001, -6.47005520464e+001, -5.83538470368e-007, +3.95725968015e+001
+2.30010093780e+007, +8.95480060005e+001, -6.36012104938e+001, -5.55011506722e-007, +3.98144990968e+001
+2.31697518950e+007, +8.65267637970e+001, -6.24074767267e+001, -5.26759445664e-007, +4.00774999734e+001
+2.33397323590e+007, +8.35400220682e+001, -6.11099509898e+001, -4.98768512865e-007, +4.03607182166e+001
+2.35109598520e+007, +8.05939757351e+001, -5.96965955478e+001, -4.71028383429e-007, +4.06660216330e+001
+2.36834435240e+007, +7.76910367094e+001, -5.81509054948e+001, -4.43485417844e-007, +4.09963047133e+001
+2.38571925880e+007, +7.48373293242e+001, -5.64586810172e+001, -4.16119632052e-007, +4.13504832684e+001
+2.40322163300e+007, +7.20430609449e+001, -5.46053438461e+001, -3.88931348529e-007, +4.17277115408e+001
+2.42085241000e+007, +6.93198273738e+001, -5.25706555345e+001, -3.61898156518e-007, +4.21313866793e+001
+2.43861253180e+007, +6.66826252355e+001, -5.03367805101e+001, -3.35021945641e-007, +4.25617710570e+001
+2.45650294740e+007, +6.41455433656e+001, -4.78830145139e+001, -3.08278138527e-007, +4.30189873692e+001
+2.47452461260e+007, +6.17287693862e+001, -4.51876962381e+001, -2.81656019477e-007, +4.35056075075e+001
+2.49267849030e+007, +5.94547359052e+001, -4.22351099146e+001, -2.55165702006e-007, +4.40198606409e+001
+2.51096555050e+007, +5.73477474756e+001, -3.90063818630e+001, -2.28784856681e-007, +4.45635501936e+001
+2.52938677010e+007, +5.54378484681e+001, -3.54877508520e+001, -2.02504694957e-007, +4.51396941701e+001
+2.54794313360e+007, +5.37555348113e+001, -3.16708870806e+001, -1.76297184658e-007, +4.57501530718e+001
+2.56663563230e+007, +5.23341703843e+001, -2.75571327288e+001, -1.50133546110e-007, +4.63968565398e+001
+2.58546526490e+007, +5.12120915140e+001, -2.31680613385e+001, -1.24028316072e-007, +4.70820818120e+001
+2.60443303750e+007, +5.04216320859e+001, -1.85397228781e+001, -9.79713563994e-008, +4.78049229107e+001
+2.62353996360e+007, +4.99955596072e+001, -1.37217699220e+001, -7.19435538375e-008, +4.85686394203e+001
+2.64278706400e+007, +4.99616645799e+001, -8.77788083982e+000, -4.59157495871e-008, +4.93764820045e+001
+2.66217536710e+007, +5.03404512730e+001, -3.77444633953e+000, -1.98114851838e-008, +5.02312591551e+001
+2.68170590870e+007, +5.11473110312e+001, +1.18559955867e+000, +6.28081775906e-009, +5.11363611827e+001
+2.70137973250e+007, +5.23813745045e+001, +6.02559493880e+000, +3.23957353177e-008, +5.20919727327e+001
+2.72119788950e+007, +5.40392794653e+001, +1.06818427304e+001, +5.85833710212e-008, +5.31028644433e+001
+2.74116143860e+007, +5.61078188384e+001, +1.51001141221e+001, +8.48647534989e-008, +5.41705343538e+001
+2.76127144650e+007, +5.85715622099e+001, +1.92423580356e+001, +1.11259871556e-007, +5.52993438823e+001
+2.78152898760e+007, +6.14123918741e+001, +2.30841552523e+001, +1.37774952139e-007, +5.64950992148e+001
+2.80193514440e+007, +6.46074661904e+001, +2.66188587256e+001, +1.64427522001e-007, +5.77595147454e+001
+2.82249100700e+007, +6.81378999023e+001, +2.98500087155e+001, +1.91236659661e-007, +5.90981370965e+001
+2.84319767370e+007, +7.19912117680e+001, +3.27886018202e+001, +2.18234740969e-007, +6.05211653028e+001
+2.86405625100e+007, +7.61527719046e+001, +3.54531771486e+001, +2.45459781567e-007, +6.20332715714e+001
+2.88506785330e+007, +8.06101309115e+001, +3.78636383961e+001, +2.72941454755e-007, +6.36395839140e+001
+2.90623360310e+007, +8.53500301785e+001, +4.00407442260e+001, +3.00696641935e-007, +6.53428863368e+001
+2.92755463150e+007, +9.03698544710e+001, +4.20045915767e+001, +3.28767024894e-007, +6.71530436221e+001
+2.94903207750e+007, +9.56588726565e+001, +4.37728244800e+001, +3.57146937533e-007, +6.90741653635e+001
+2.97066708860e+007, +1.01222227839e+002, +4.53626378236e+001, +3.85885502983e-007, +7.11204794024e+001
+2.99246082100e+007, +1.07060172826e+002, +4.67943559507e+001, +4.15038379340e-007, +7.32954189636e+001
+3.01441443880e+007, +1.13171974316e+002, +4.80787819332e+001, +4.44596930815e-007, +7.56111180457e+001
+3.03652911520e+007, +1.19565844357e+002, +4.92308543674e+001, +4.74618457028e-007, +7.80780339382e+001
+3.05880603170e+007, +1.26241634173e+002, +5.02581576573e+001, +5.05078899747e-007, +8.07100045609e+001
+3.08124637860e+007, +1.33181486306e+002, +5.11726218245e+001, +5.35915676927e-007, +8.35016139540e+001
+3.10385135480e+007, +1.40431091210e+002, +5.19840088548e+001, +5.67309301631e-007, +8.64888947653e+001
+3.12662216810e+007, +1.48011151152e+002, +5.27002723330e+001, +5.99330588476e-007, +8.96924810813e+001
+3.14956003510e+007, +1.55940125017e+002, +5.33260412214e+001, +6.32015948551e-007, +9.31369041989e+001
+3.17266618130e+007, +1.64237040780e+002, +5.38696601125e+001, +6.65434012100e-007, +9.68381223432e+001
+3.19594184150e+007, +1.72943188429e+002, +5.43342635350e+001, +6.99700092825e-007, +1.00835472316e+002
+3.21938825900e+007, +1.82089760063e+002, +5.47237319862e+001, +7.34891104856e-007, +1.05160392572e+002
+3.24300668680e+007, +1.91676431207e+002, +5.50454141249e+001, +7.70985753342e-007, +1.09816597916e+002
+3.26679838660e+007, +2.01732353586e+002, +5.52990797588e+001, +8.08009446080e-007, +1.14844761901e+002
+3.29076462970e+007, +2.12290775439e+002, +5.54892160553e+001, +8.46042070054e-007, +1.20275746220e+002
+3.31490669650e+007, +2.23382549874e+002, +5.56202610827e+001, +8.85150001961e-007, +1.26138583642e+002
+3.33922587700e+007, +2.35045593763e+002, +5.56958349986e+001, +9.25415217465e-007, +1.32468429277e+002
+3.36372347060e+007, +2.47335370247e+002, +5.57066853445e+001, +9.66834996079e-007, +1.39356082303e+002
+3.38840078610e+007, +2.60306097320e+002, +5.56499732548e+001, +1.00944465224e-006, +1.46876967402e+002
+3.41325914190e+007, +2.74004402441e+002, +5.55283545646e+001, +1.05329436359e-006, +1.55086032439e+002
+3.43829986640e+007, +2.88491219761e+002, +5.53337912706e+001, +1.09833326702e-006, +1.64092233362e+002
+3.46352429740e+007, +3.03776351175e+002, +5.50556371139e+001, +1.14423535226e-006, +1.73997239509e+002
+3.48893378260e+007, +3.20002041367e+002, +5.47049097659e+001, +1.19143370623e-006, +1.84893239042e+002
+3.51452967960e+007, +3.37255415199e+002, +5.42749365475e+001, +1.23986948995e-006, +1.96922220503e+002
+3.54031335610e+007, +3.55638673719e+002, +5.37642413965e+001, +1.28955859577e-006, +2.10221285092e+002
+3.56628618950e+007, +3.75303384774e+002, +5.31676800111e+001, +1.34057120752e-006, +2.24985067116e+002
+3.59244956780e+007, +3.96378638797e+002, +5.24695910194e+001, +1.39260960120e-006, +2.41466892509e+002
+3.61880488860e+007, +4.18974820336e+002, +5.16687262057e+001, +1.44544472281e-006, +2.59851239771e+002
+3.64535356020e+007, +4.43234261015e+002, +5.07622109007e+001, +1.49882394546e-006, +2.80363521488e+002
+3.67209700110e+007, +4.69256952154e+002, +4.97387957275e+001, +1.55203542633e-006, +3.03268200772e+002
+3.69903664020e+007, +4.97235407755e+002, +4.86000835329e+001, +1.60479542681e-006, +3.28827131228e+002
+3.72617391670e+007, +5.27332734424e+002, +4.73320724864e+001, +1.65616201228e-006, +3.57398801084e+002
+3.75351028070e+007, +5.59697633922e+002, +4.59503364496e+001, +1.70571410393e-006, +3.89147481959e+002
+3.78104719280e+007, +5.93014186535e+002, +4.42094896118e+001, +1.74053480301e-006, +4.25069680851e+002
+3.80878612410e+007, +6.30506770275e+002, +4.24419051652e+001, +1.77797478350e-006, +4.65290018156e+002
+3.83672855680e+007, +6.70836793587e+002, +4.04467999237e+001, +1.80529325196e-006, +5.10512610003e+002
+3.86487598390e+007, +7.14081234227e+002, +3.81883036497e+001, +1.81800418826e-006, +5.61255795397e+002
+3.89322990910e+007, +7.60259545238e+002, +3.55913935915e+001, +1.80882088684e-006, +6.18234085546e+002
+3.92179184760e+007, +8.09008493010e+002, +3.26750383586e+001, +1.77247781302e-006, +6.80979715303e+002
+3.95056332520e+007, +8.59948797749e+002, +2.94351180379e+001, +1.70255881505e-006, +7.48940381007e+002
+3.97954587930e+007, +9.12362007268e+002, +2.58462260326e+001, +1.59073484158e-006, +8.21096004700e+002
+4.00874105840e+007, +9.65103573734e+002, +2.18907260929e+001, +1.42858390371e-006, +8.95516337867e+002
+4.03815042230e+007, +1.01649508488e+003, +1.76182610287e+001, +1.21260000921e-006, +9.68815620080e+002
+4.06777554240e+007, +1.06471467861e+003, +1.30232777969e+001, +9.38745730828e-007, +1.03732871856e+003
+4.09761800160e+007, +1.10817077784e+003, +8.07159765561e+000, +6.04358694021e-007, +1.09719255420e+003
+4.12767939430e+007, +1.14417551811e+003, +2.81062132031e+000, +2.16327801935e-007, +1.14279914883e+003
+4.15796132660e+007, +1.17072048016e+003, -2.68032567038e+000, -2.09555672250e-007, +1.16943970208e+003
+4.18846541660e+007, +1.18594266870e+003, -8.31847829279e+000, -6.51963603760e-007, +1.17346558139e+003
+4.21919329400e+007, +1.18919060675e+003, -1.40422542198e+001, -1.08842854023e-006, +1.15365408452e+003
+4.25014660060e+007, +1.17995413001e+003, -1.96329753192e+001, -1.48461031292e-006, +1.11135659405e+003
+4.28132699030e+007, +1.15975644379e+003, -2.49845042433e+001, -1.82097847731e-006, +1.05122881541e+003
+4.31273612890e+007, +1.13068172987e+003, -3.00217227629e+001, -2.08767404006e-006, +9.78984691499e+002
+4.34437569470e+007, +1.09513648264e+003, -3.46805703587e+001, -2.28283119326e-006, +9.00571296621e+002
+4.37624737810e+007, +1.05514952191e+003, -3.89260921438e+001, -2.41107855955e-006, +8.20861059327e+002
+4.40835288200e+007, +1.01318939581e+003, -4.27779215475e+001, -2.48430873834e-006, +7.43672533174e+002
+4.44069392190e+007, +9.70962592128e+002, -4.62701571016e+001, -2.51462988498e-006, +6.71186513689e+002
+4.47327222560e+007, +9.29400099479e+002, -4.94207911871e+001, -2.51147888585e-006, +6.04573513832e+002
+4.50608953380e+007, +8.89239188578e+002, -5.22644459631e+001, -2.48387468617e-006, +5.44230304630e+002
+4.53914759990e+007, +8.50914717509e+002, -5.48360365436e+001, -2.43906567688e-006, +4.90057318178e+002
+4.57244819030e+007, +8.14666447949e+002, -5.71639300266e+001, -2.38257719158e-006, +4.41742513166e+002
+4.60599308400e+007, +7.80489151753e+002, -5.92618366331e+001, -2.31801197833e-006, +3.98920127962e+002
+4.63978407350e+007, +7.48412845477e+002, -6.11536833305e+001, -2.24867415068e-006, +3.61080686402e+002
+4.67382296410e+007, +7.18398045667e+002, -6.28632643370e+001, -2.17702917430e-006, +3.27672541892e+002
+4.70811157460e+007, +6.90350351087e+002, -6.44105479164e+001, -2.10478203249e-006, +2.98175928850e+002
+4.74265173690e+007, +6.64173792694e+002, -6.58068574940e+001, -2.03308727615e-006, +2.72187627711e+002
+4.77744529650e+007, +6.39741644248e+002, -6.70821333621e+001, -1.96299344025e-006, +2.49122552412e+002
+4.81249411240e+007, +6.16923548501e+002, -6.82488982838e+001, -1.89497991033e-006, +2.28616627290e+002
+4.84780005730e+007, +5.95571331565e+002, -6.93227100363e+001, -1.82932989436e-006, +2.10298642591e+002
+4.88336501750e+007, +5.75589563329e+002, -7.03084272047e+001, -1.76621454784e-006, +1.93948806417e+002
+4.91919089320e+007, +5.57144532044e+002, -7.12346057197e+001, -1.70676070760e-006, +1.79229983847e+002
+4.95527959860e+007, +5.39755055567e+002, -7.20862133441e+001, -1.64955499318e-006, +1.66020873962e+002
+4.99163306200e+007, +5.23274835602e+002, -7.28713472913e+001, -1.59442577832e-006, +1.54113996878e+002
+5.02825322560e+007, +5.07614353866e+002, -7.35939025701e+001, -1.54128889970e-006, +1.43372397932e+002
+5.06514204600e+007, +4.92743937208e+002, -7.42587520005e+001, -1.49021536064e-006, +1.33678193075e+002
+5.10230149430e+007, +4.78394000252e+002, -7.48571116944e+001, -1.44042901049e-006, +1.24969492912e+002
+5.13973355570e+007, +4.64604127088e+002, -7.54000540558e+001, -1.39221898795e-006, +1.17112039975e+002
+5.17744023030e+007, +4.51692527182e+002, -7.59096180792e+001, -1.34673044240e-006, +1.09965538880e+002
+5.21542353270e+007, +4.39548763331e+002, -7.63933835265e+001, -1.30368994280e-006, +1.03405759867e+002
+5.25368549240e+007, +4.28097287620e+002, -7.68483457514e+001, -1.26286079112e-006, +9.74046720315e+001
+5.29222815370e+007, +4.17325798504e+002, -7.72855586766e+001, -1.22426314343e-006, +9.18501028317e+001
+5.33105357580e+007, +4.07281031901e+002, -7.77277465412e+001, -1.18812434178e-006, +8.65705193864e+001
+5.37016383330e+007, +3.97701787301e+002, -7.81379932181e+001, -1.15349454449e-006, +8.17497039140e+001
+5.40956101560e+007, +3.88566328593e+002, -7.85146118035e+001, -1.12031073463e-006, +7.73705593635e+001
+5.44924722790e+007, +3.79822499109e+002, -7.88654011605e+001, -1.08845711914e-006, +7.33492313870e+001
+5.48922459050e+007, +3.71472501808e+002, -7.91897773637e+001, -1.05793630498e-006, +6.96721082803e+001
+5.52949523950e+007, +3.63497130419e+002, -7.94642732258e+001, -1.02861173487e-006, +6.64649408433e+001
+5.57006132630e+007, +3.55848077719e+002, -7.97187190621e+001, -1.00044886699e-006, +6.35120357903e+001
+5.61092501850e+007, +3.49944682336e+002, -7.97707014154e+001, -9.76846828176e-007, +6.21459735275e+001
+5.65208849940e+007, +3.42856625081e+002, -8.00133627998e+001, -9.50808445756e-007, +5.94576786542e+001
+5.69355396830e+007, +3.36035682174e+002, -8.02521191457e+001, -9.25776554067e-007, +5.68952268920e+001
+5.73532364070e+007, +3.29425297523e+002, -8.05020794211e+001, -9.01621955989e-007, +5.43590648479e+001
+5.77739974830e+007, +3.23051598737e+002, -8.07545390310e+001, -8.78376612618e-007, +5.19028829534e+001
+5.81978453930e+007, +3.16924086324e+002, -8.09909140913e+001, -8.56007334170e-007, +4.96274880373e+001
+5.86248027820e+007, +3.11016173157e+002, -8.12084770409e+001, -8.34428204125e-007, +4.75355949548e+001
+5.90548924620e+007, +3.05305239498e+002, -8.14132346986e+001, -8.13585060331e-007, +4.55841933787e+001
+5.94881374140e+007, +2.99801708123e+002, -8.16020383342e+001, -7.93491004701e-007, +4.37853902420e+001
+5.99245607840e+007, +2.94500027544e+002, -8.17645194690e+001, -7.74103074740e-007, +4.21847220897e+001
+6.03641858910e+007, +2.89365651912e+002, -8.19206625634e+001, -7.55362806055e-007, +4.06686613892e+001
+6.08070362240e+007, +2.84402433859e+002, -8.20702479586e+001, -7.37270539974e-007, +3.92358385151e+001
+6.12531354440e+007, +2.79606204784e+002, -8.22135055647e+001, -7.19806488233e-007, +3.78816170584e+001
+6.17025073850e+007, +2.74957925657e+002, -8.23549604365e+001, -7.02920121955e-007, +3.65791740895e+001
+6.21551760580e+007, +2.70489260491e+002, -8.24904615105e+001, -6.86676047612e-007, +3.53505780003e+001
+6.26111656490e+007, +2.66159880856e+002, -8.26220536318e+001, -6.70965667046e-007, +3.41786241720e+001
+6.30705005200e+007, +2.61941304320e+002, -8.27458673835e+001, -6.55703788317e-007, +3.30754646815e+001
+6.35332052140e+007, +2.57829914065e+002, -8.28674821342e+001, -6.40883170219e-007, +3.20133606956e+001
+6.39993044520e+007, +2.53822906179e+002, -8.29837181554e+001, -6.26485795496e-007, +3.10048213378e+001
+6.44688231390e+007, +2.49895481989e+002, -8.30953655482e+001, -6.12445783098e-007, +3.00417199065e+001
+6.49417863590e+007, +2.46041413301e+002, -8.32007128793e+001, -5.98740893802e-007, +2.91292399652e+001
+6.54182193850e+007, +2.42308375605e+002, -8.33042553073e+001, -5.85487332806e-007, +2.82524235797e+001
+6.58981476700e+007, +2.38680238791e+002, -8.34025992789e+001, -5.72635036211e-007, +2.74224702953e+001
+6.63815968570e+007, +2.35156732711e+002, -8.34945874039e+001, -5.60175948569e-007, +2.66425696617e+001
+6.68685927780e+007, +2.31729184198e+002, -8.35849985132e+001, -5.48088744727e-007, +2.58908982929e+001
+6.73591614510e+007, +2.28417730112e+002, -8.36691296578e+001, -5.36409794318e-007, +2.51875843777e+001
+6.78533290870e+007, +2.25192459323e+002, -8.37514288281e+001, -5.25067333485e-007, +2.45104168632e+001
+6.83511220900e+007, +2.22040833901e+002, -8.38265593299e+001, -5.14021747169e-007, +2.38779399200e+001
+6.88525670560e+007, +2.18961077407e+002, -8.38980383355e+001, -5.03268025984e-007, +2.32751497699e+001
+6.93576907780e+007, +2.15947574681e+002, -8.39665311222e+001, -4.92789502164e-007, +2.26981173121e+001
+6.98665202440e+007, +2.13006710446e+002, -8.40194486552e+001, -4.82585336513e-007, +2.21933552630e+001
+7.03790826390e+007, +2.10130783531e+002, -8.40681565803e+001, -4.72644432964e-007, +2.17160392383e+001
+7.08954053510e+007, +2.07322160809e+002, -8.41189098690e+001, -4.62973256066e-007, +2.12431076423e+001
+7.14155159660e+007, +2.04575443819e+002, -8.41749951075e+001, -4.53557937040e-007, +2.07624581685e+001
+7.19394422740e+007, +2.01874571904e+002, -8.42340957810e+001, -4.44356837734e-007, +2.02811758640e+001
+7.24672122670e+007, +1.99236242392e+002, -8.43029554925e+001, -4.35408085573e-007, +1.97778673048e+001
+7.29988541430e+007, +1.96657256488e+002, -8.43836127593e+001, -4.26701521852e-007, +1.92463623193e+001
+7.35343963090e+007, +1.94121346570e+002, -8.44566746955e+001, -4.18183724807e-007, +1.87518140094e+001
+7.40738673780e+007, +1.91629838649e+002, -8.45200657870e+001, -4.09853682905e-007, +1.83001024716e+001
+7.46172961730e+007, +1.89187243679e+002, -8.45769026332e+001, -4.01720675782e-007, +1.78800186099e+001
+7.51647117300e+007, +1.86778001221e+002, -8.46263236576e+001, -3.93748552206e-007, +1.74919293887e+001
+7.57161432970e+007, +1.84393014779e+002, -8.46494862910e+001, -3.85904374928e-007, +1.71943559481e+001
+7.62716203360e+007, +1.82056286304e+002, -8.46758398585e+001, -3.78255359708e-007, +1.68930848145e+001
+7.68311725270e+007, +1.79772732890e+002, -8.47024050356e+001, -3.70806605093e-007, +1.65981990886e+001
+7.73948297650e+007, +1.77527734129e+002, -8.47299469552e+001, -3.63525323583e-007, +1.63059466066e+001
+7.79626221680e+007, +1.75339924760e+002, -8.47587540827e+001, -3.56446925350e-007, +1.60172093693e+001
+7.85345800700e+007, +1.73195688514e+002, -8.47974944570e+001, -3.49545312428e-007, +1.57047147864e+001
+7.91107340330e+007, +1.71099560017e+002, -8.48351228352e+001, -3.42820422095e-007, +1.54027377651e+001
+7.96911148400e+007, +1.69043543178e+002, -8.48699427914e+001, -3.36252612215e-007, +1.51153335401e+001
+8.02757534990e+007, +1.67010669604e+002, -8.49024727515e+001, -3.29806244864e-007, +1.48391167760e+001
+8.08646812490e+007, +1.65017276292e+002, -8.49345199460e+001, -3.23512588183e-007, +1.45700649736e+001
+8.14579295550e+007, +1.63043148202e+002, -8.49599644232e+001, -3.17326898039e-007, +1.43236365062e+001
+8.20555301130e+007, +1.61103256676e+002, -8.49825192855e+001, -3.11278560246e-007, +1.40900382655e+001
+8.26575148550e+007, +1.59197877209e+002, -8.50053121519e+001, -3.05367495467e-007, +1.38603053804e+001
+8.32639159420e+007, +1.57324972924e+002, -8.50246047926e+001, -2.99585967709e-007, +1.36444699013e+001
+8.38747657750e+007, +1.55480717236e+002, -8.50432503392e+001, -2.93926084672e-007, +1.34341138561e+001
+8.44900969920e+007, +1.53664617189e+002, -8.50608281906e+001, -2.88384901592e-007, +1.32302287394e+001
+8.51099424680e+007, +1.51879507739e+002, -8.50776853329e+001, -2.82966065755e-007, +1.30320147348e+001
+8.57343353230e+007, +1.50119793615e+002, -8.50910490372e+001, -2.77656188747e-007, +1.28461372853e+001
+8.63633089160e+007, +1.48389256091e+002, -8.51050180744e+001, -2.72462319667e-007, +1.26620049148e+001
+8.69968968550e+007, +1.46678523113e+002, -8.51168802917e+001, -2.67364488399e-007, +1.24857715878e+001
+8.76351329900e+007, +1.44993344467e+002, -8.51296068540e+001, -2.62372917658e-007, +1.23102340946e+001
+8.82780514230e+007, +1.43323862470e+002, -8.51421230514e+001, -2.57467861615e-007, +1.21372954522e+001
+8.89256865050e+007, +1.41680712750e+002, -8.51530715418e+001, -2.52666586030e-007, +1.19711699640e+001
+8.95780728380e+007, +1.40056196327e+002, -8.51654617870e+001, -2.47955001114e-007, +1.18037288736e+001
+9.02352452780e+007, +1.38451084311e+002, -8.51770782683e+001, -2.43332353218e-007, +1.16404816553e+001
+9.08972389390e+007, +1.36872202785e+002, -8.51860874684e+001, -2.38808631375e-007, +1.14862890802e+001
+9.15640891900e+007, +1.35300892632e+002, -8.51975956853e+001, -2.34351789401e-007, +1.13273446335e+001
+9.22358316610e+007, +1.33750646177e+002, -8.52096086176e+001, -2.29983486325e-007, +1.11696138726e+001
+9.29125022420e+007, +1.32221166342e+002, -8.52186793702e+001, -2.25700757299e-007, +1.10210263515e+001
+9.35941370880e+007, +1.30711602168e+002, -8.52271201370e+001, -2.21501682249e-007, +1.08760102677e+001
+9.42807726170e+007, +1.29224785719e+002, -8.52323996765e+001, -2.17388999054e-007, +1.07404317652e+001
+9.49724455180e+007, +1.27756344812e+002, -8.52361272057e+001, -2.13354637583e-007, +1.06101004868e+001
+9.56691927440e+007, +1.26328847910e+002, -8.52364448911e+001, -2.09434323058e-007, +1.04908495531e+001
+9.63710515240e+007, +1.24909613610e+002, -8.52334164917e+001, -2.05572389988e-007, +1.03795700429e+001
+9.70780593570e+007, +1.23500597763e+002, -8.52287790304e+001, -2.01771842093e-007, +1.02724469570e+001
+9.77902540170e+007, +1.22100878731e+002, -8.52227303789e+001, -1.98030448594e-007, +1.01688674291e+001
+9.85076735580e+007, +1.20707900852e+002, -8.52127702206e+001, -1.94342629668e-007, +1.00737672546e+001
+9.92303563110e+007, +1.19306645912e+002, -8.51964042028e+001, -1.90683062636e-007, +9.99078405201e+000
+9.99583408880e+007, +1.17914926491e+002, -8.51778414121e+001, -1.87081107174e-007, +9.91230852823e+000
+1.00691666184e+008, +1.16544978292e+002, -8.51588092730e+001, -1.83555765235e-007, +9.83572185291e+000
+1.01430371382e+008, +1.15195519139e+002, -8.51381212884e+001, -1.80103541360e-007, +9.76328032765e+000
+1.02174495950e+008, +1.13869196109e+002, -8.51163848356e+001, -1.76727602794e-007, +9.69391188530e+000
+1.02924079645e+008, +1.12563698905e+002, -8.50961056464e+001, -1.73423856036e-007, +9.62246770847e+000
+1.03679162518e+008, +1.11286037278e+002, -8.50783777881e+001, -1.70202181560e-007, +9.54755371799e+000
+1.04439784913e+008, +1.10026434615e+002, -8.50568142954e+001, -1.67044772849e-007, +9.48074427011e+000
+1.05205987469e+008, +1.08787460439e+002, -8.50361927444e+001, -1.63955750401e-007, +9.41299238521e+000
+1.05977811123e+008, +1.07570811635e+002, -8.50137151858e+001, -1.60935902766e-007, +9.34976192420e+000
+1.06755297115e+008, +1.06370349645e+002, -8.49924855837e+001, -1.57975785653e-007, +9.28468427374e+000
+1.07538486984e+008, +1.05193764231e+002, -8.49786805280e+001, -1.55087310125e-007, +9.20723314280e+000
+1.08327422577e+008, +1.04018128394e+002, -8.49670041941e+001, -1.52234480279e-007, +9.12545031255e+000
+1.09122146044e+008, +1.02843284322e+002, -8.49548275853e+001, -1.49416068368e-007, +9.04415389764e+000
+1.09922699849e+008, +1.01663053784e+002, -8.49432930093e+001, -1.46623067876e-007, +8.96075005671e+000
+1.10729126764e+008, +1.00481744489e+002, -8.49318813429e+001, -1.43861361676e-007, +8.87656249464e+000
+1.11541469877e+008, +9.92797063593e+001, -8.49032283392e+001, -1.41098916802e-007, +8.81982789219e+000
+1.12359772589e+008, +9.80743672728e+001, -8.48710125361e+001, -1.38363765817e-007, +8.76767280501e+000
+1.13184078623e+008, +9.68785797431e+001, -8.48387357682e+001, -1.35674460940e-007, +8.71512682239e+000
+1.14014432022e+008, +9.56889356133e+001, -8.48042517242e+001, -1.33025189992e-007, +8.66546358168e+000
+1.14850877149e+008, +9.45091919863e+001, -8.47694951443e+001, -1.30421049078e-007, +8.61572127329e+000
+1.15693458697e+008, +9.33346185361e+001, -8.47316041547e+001, -1.27854353240e-007, +8.57010928563e+000
+1.16542221683e+008, +9.21699764351e+001, -8.46920322560e+001, -1.25331427985e-007, +8.52655745451e+000
+1.17397211457e+008, +9.10117477356e+001, -8.46491008045e+001, -1.22846594348e-007, +8.48731067643e+000
+1.18258473700e+008, +8.98602633622e+001, -8.46037941713e+001, -1.20400021061e-007, +8.45067359309e+000
+1.19126054430e+008, +8.87135661078e+001, -8.45552540585e+001, -1.17988454597e-007, +8.41765614742e+000
+1.20000000000e+008, +8.75744923672e+001, -8.45027879616e+001, -1.15615091230e-007, +8.38940143397e+000
END
