!Keysight Technologies,E4990A,MY54302543,A.03.06
!Date: Tue Mar 24 14:29:15 2026

BEGIN CH1_DATA
DCV(V), +2.506e-004, DCI(A), +4.021e-006
Frequency(Hz), |Z|(Ohm)-data, theta-z(deg)-data, Ls(H)-data, Rs(Ohm)-data
+1.00000000000e+003, +6.25554511645e-001, +8.82032516478e+001, +9.95111431238e-005, +1.96136580966e-002
+1.00733600000e+003, +6.30832427814e-001, +8.82495427274e+001, +9.96224170980e-005, +1.92697166999e-002
+1.01472600000e+003, +6.36053787704e-001, +8.82845138576e+001, +9.97172962358e-005, +1.90411658317e-002
+1.02217100000e+003, +6.41330995310e-001, +8.83012524261e+001, +9.98131806818e-005, +1.90118691845e-002
+1.02967000000e+003, +6.46661336692e-001, +8.83020751741e+001, +9.99098350420e-005, +1.91606021690e-002
+1.03722400000e+003, +6.52710688601e-001, +8.82764613490e+001, +1.00108689140e-004, +1.96315060884e-002
+1.04483300000e+003, +6.58427470664e-001, +8.82400433044e+001, +1.00248128628e-004, +2.02217619704e-002
+1.05249800000e+003, +6.63962723896e-001, +8.82018288665e+001, +1.00352601346e-004, +2.08343900850e-002
+1.06022000000e+003, +6.69277619254e-001, +8.81794991164e+001, +1.00417910249e-004, +2.12618713708e-002
+1.06799800000e+003, +6.74235782744e-001, +8.81455021464e+001, +1.00423177843e-004, +2.18192424227e-002
+1.07583300000e+003, +6.78130188824e-001, +8.81123539886e+001, +1.00265750999e-004, +2.23373903240e-002
+1.08372600000e+003, +6.81862849809e-001, +8.80775424526e+001, +1.00081349767e-004, +2.28743974392e-002
+1.09167600000e+003, +6.85750948305e-001, +8.80568929995e+001, +9.99178291174e-005, +2.32518358463e-002
+1.09968500000e+003, +6.89962987111e-001, +8.80443983068e+001, +9.97986357625e-005, +2.35450295145e-002
+1.10775300000e+003, +6.94344744543e-001, +8.80461042000e+001, +9.97010589718e-005, +2.36738962470e-002
+1.11588000000e+003, +6.99241294091e-001, +8.80708079495e+001, +9.96743644470e-005, +2.35395325702e-002
+1.12406600000e+003, +7.04765941590e-001, +8.81255748530e+001, +9.97334360571e-005, +2.30522280259e-002
+1.13231200000e+003, +7.10157003016e-001, +8.81704608613e+001, +9.97670086070e-005, +2.26725120442e-002
+1.14061900000e+003, +7.15577045575e-001, +8.82207339244e+001, +9.97990690850e-005, +2.22179948697e-002
+1.14898700000e+003, +7.21220020511e-001, +8.82668959183e+001, +9.98559800214e-005, +2.18124052231e-002
+1.15741700000e+003, +7.26699221280e-001, +8.83172788384e+001, +9.98843952419e-005, +2.13393793667e-002
+1.16590800000e+003, +7.32254439187e-001, +8.83752390209e+001, +9.99178824670e-005, +2.07620701315e-002
+1.17446100000e+003, +7.38046474112e-001, +8.84223999054e+001, +9.99771133335e-005, +2.03190371216e-002
+1.18307800000e+003, +7.43629599376e-001, +8.84649744312e+001, +1.00001736294e-004, +1.99203834658e-002
+1.19175700000e+003, +7.49336560303e-001, +8.84992222028e+001, +1.00036926643e-004, +1.96255132519e-002
+1.20050000000e+003, +7.55000475251e-001, +8.85222222733e+001, +1.00060051712e-004, +1.94708789578e-002
+1.20930700000e+003, +7.60735480514e-001, +8.85059808664e+001, +1.00085133860e-004, +1.98343504624e-002
+1.21817900000e+003, +7.66450043713e-001, +8.84829014270e+001, +1.00101507048e-004, +2.02919728233e-002
+1.22711600000e+003, +7.72082218427e-001, +8.84807731122e+001, +1.00102604037e-004, +2.04697559534e-002
+1.23611900000e+003, +7.77783848447e-001, +8.84632549806e+001, +1.00106560492e-004, +2.08586420051e-002
+1.24518700000e+003, +7.83475859194e-001, +8.84657310689e+001, +1.00104925338e-004, +2.09774441530e-002
+1.25432200000e+003, +7.88836884868e-001, +8.84764790681e+001, +1.00056371395e-004, +2.09730611475e-002
+1.26352400000e+003, +7.94201454221e-001, +8.85001397489e+001, +1.00004258585e-004, +2.07878339571e-002
+1.27279400000e+003, +7.99479757101e-001, +8.85086897532e+001, +9.99360906624e-005, +2.08067286437e-002
+1.28213200000e+003, +8.05115089564e-001, +8.85196093193e+001, +9.99080258810e-005, +2.08000009019e-002
+1.29153800000e+003, +8.10796233048e-001, +8.85336134698e+001, +9.98808926247e-005, +2.07486640979e-002
+1.30101300000e+003, +8.16751718581e-001, +8.85318821189e+001, +9.98817093074e-005, +2.09257401534e-002
+1.31055700000e+003, +8.22959463943e-001, +8.84942880587e+001, +9.99062545794e-005, +2.16245817506e-002
+1.32017200000e+003, +8.29198122774e-001, +8.84693719864e+001, +9.99293208351e-005, +2.21489772652e-002
+1.32985700000e+003, +8.35531586835e-001, +8.84572088351e+001, +9.99586998777e-005, +2.24954611904e-002
+1.33961400000e+003, +8.41881894044e-001, +8.84534858198e+001, +9.99846660730e-005, +2.27211185482e-002
+1.34944100000e+003, +8.48155508050e-001, +8.84642734581e+001, +9.99967060224e-005, +2.27308011050e-002
+1.35934100000e+003, +8.54458163708e-001, +8.85217054380e+001, +1.00008738381e-004, +2.20435209605e-002
+1.36931400000e+003, +8.60835568038e-001, +8.85857055740e+001, +1.00024171741e-004, +2.12467885804e-002
+1.37936000000e+003, +8.67148556974e-001, +8.86389730058e+001, +1.00026130400e-004, +2.05966584941e-002
+1.38947900000e+003, +8.73251995001e-001, +8.86845345720e+001, +9.99984473584e-005, +2.00474083926e-002
+1.39967300000e+003, +8.79545140611e-001, +8.87175658918e+001, +9.99868493017e-005, +1.96849491918e-002
+1.40994100000e+003, +8.85508328185e-001, +8.87379376492e+001, +9.99324361507e-005, +1.95036416469e-002
+1.42028500000e+003, +8.91272618652e-001, +8.87324781382e+001, +9.98501944175e-005, +1.97155077394e-002
+1.43070400000e+003, +8.97108948764e-001, +8.87314949586e+001, +9.97720930805e-005, +1.98600013802e-002
+1.44120100000e+003, +9.03440459035e-001, +8.87241921268e+001, +9.97441508687e-005, +2.01152897149e-002
+1.45177400000e+003, +9.09509477069e-001, +8.87219135586e+001, +9.96828132056e-005, +2.02865785235e-002
+1.46242400000e+003, +9.16083078929e-001, +8.87305606692e+001, +9.96724387340e-005, +2.02949808958e-002
+1.47315300000e+003, +9.22843394107e-001, +8.87450797514e+001, +9.96772635900e-005, +2.02109523646e-002
+1.48396100000e+003, +9.29790413043e-001, +8.87512253641e+001, +9.96964164641e-005, +2.02633906025e-002
+1.49484700000e+003, +9.36742562718e-001, +8.87710933330e+001, +9.97111528989e-005, +2.00901519982e-002
+1.50581400000e+003, +9.43860538741e-001, +8.87827710337e+001, +9.97375318569e-005, +2.00504814986e-002
+1.51686100000e+003, +9.51037608434e-001, +8.87872573748e+001, +9.97642048003e-005, +2.01284935301e-002
+1.52798900000e+003, +9.58010807421e-001, +8.88007398429e+001, +9.97643026831e-005, +2.00506967930e-002
+1.53919900000e+003, +9.65391158219e-001, +8.88113153726e+001, +9.98010718871e-005, +2.00270128182e-002
+1.55049100000e+003, +9.72741383195e-001, +8.88084272890e+001, +9.98284548916e-005, +2.02285150075e-002
+1.56186600000e+003, +9.79912144475e-001, +8.88204349127e+001, +9.98323879411e-005, +2.01723148855e-002
+1.57332400000e+003, +9.87286769723e-001, +8.88124535202e+001, +9.98509014310e-005, +2.04616290051e-002
+1.58486700000e+003, +9.94428899256e-001, +8.88109584734e+001, +9.98406775255e-005, +2.06355929804e-002
+1.59649400000e+003, +1.00152626783e+000, +8.87908467301e+001, +9.98202074390e-005, +2.11343467926e-002
+1.60820600000e+003, +1.00868942248e+000, +8.87737179867e+001, +9.98013562512e-005, +2.15869872738e-002
+1.62000500000e+003, +1.01608233913e+000, +8.87649027613e+001, +9.98002816643e-005, +2.19014962548e-002
+1.63188900000e+003, +1.02348542976e+000, +8.87604320035e+001, +9.97951732965e-005, +2.21409120950e-002
+1.64386100000e+003, +1.03107009289e+000, +8.87532555408e+001, +9.98022665939e-005, +2.24341041391e-002
+1.65592100000e+003, +1.03903625929e+000, +8.87605966183e+001, +9.98411566922e-005, +2.24743364120e-002
+1.66807000000e+003, +1.04684934409e+000, +8.87724086955e+001, +9.98597226695e-005, +2.24275652320e-002
+1.68030700000e+003, +1.05474946369e+000, +8.87762702016e+001, +9.98807385192e-005, +2.25257467491e-002
+1.69263400000e+003, +1.06267279305e+000, +8.87896587839e+001, +9.98986744564e-005, +2.24466973766e-002
+1.70505200000e+003, +1.07053766101e+000, +8.88047198615e+001, +9.99056254165e-005, +2.23314806498e-002
+1.71756100000e+003, +1.07809606434e+000, +8.88209354805e+001, +9.98788328563e-005, +2.21840965254e-002
+1.73016100000e+003, +1.08568194207e+000, +8.88391198390e+001, +9.98497724194e-005, +2.19956933694e-002
+1.74285400000e+003, +1.09341387205e+000, +8.88568295540e+001, +9.98291227153e-005, +2.18144426044e-002
+1.75564100000e+003, +1.10116623736e+000, +8.88778731152e+001, +9.98053929568e-005, +2.15647515366e-002
+1.76852000000e+003, +1.10902668741e+000, +8.88917360522e+001, +9.97862962478e-005, +2.14504046062e-002
+1.78149500000e+003, +1.11709997490e+000, +8.89072921864e+001, +9.97811674953e-005, +2.13033121633e-002
+1.79456400000e+003, +1.12529521446e+000, +8.89305841820e+001, +9.97819527859e-005, +2.10022211178e-002
+1.80773000000e+003, +1.13355303566e+000, +8.89497682255e+001, +9.97827450718e-005, +2.07768663237e-002
+1.82099200000e+003, +1.14193972215e+000, +8.89606702878e+001, +9.97892635942e-005, +2.07133370905e-002
+1.83435100000e+003, +1.15026436944e+000, +8.89707271636e+001, +9.97850038108e-005, +2.06624676849e-002
+1.84780900000e+003, +1.15884865465e+000, +8.89756945810e+001, +9.97976625545e-005, +2.07162157232e-002
+1.86136500000e+003, +1.16726048316e+000, +8.89711109337e+001, +9.97898439722e-005, +2.09599557378e-002
+1.87502000000e+003, +1.17607284655e+000, +8.89627381358e+001, +9.98107405931e-005, +2.12900302550e-002
+1.88877600000e+003, +1.18476222717e+000, +8.89515582176e+001, +9.98155400331e-005, +2.16784711108e-002
+1.90263300000e+003, +1.19350340175e+000, +8.89484703091e+001, +9.98195537851e-005, +2.19027269238e-002
+1.91659100000e+003, +1.20253034364e+000, +8.89466498273e+001, +9.98420142120e-005, +2.21065880103e-002
+1.93065200000e+003, +1.21177238279e+000, +8.89398553651e+001, +9.98763897977e-005, +2.24201625295e-002
+1.94481600000e+003, +1.22112351235e+000, +8.89434019649e+001, +9.99142323285e-005, +2.25176022816e-002
+1.95908300000e+003, +1.23025457249e+000, +8.89391057192e+001, +9.99281462969e-005, +2.27782128719e-002
+1.97345600000e+003, +1.23959108508e+000, +8.89368723195e+001, +9.99531215829e-005, +2.29993899606e-002
+1.98793400000e+003, +1.24884354764e+000, +8.89340051095e+001, +9.99657052873e-005, +2.32335444362e-002
+2.00251800000e+003, +1.25786970718e+000, +8.89342752474e+001, +9.99549323480e-005, +2.33955379629e-002
+2.01720900000e+003, +1.26672719034e+000, +8.89414473398e+001, +9.99259310202e-005, +2.34017438532e-002
+2.03200800000e+003, +1.27571572779e+000, +8.89470190272e+001, +9.99022529469e-005, +2.34437646868e-002
+2.04691500000e+003, +1.28487342119e+000, +8.89543736574e+001, +9.98868560493e-005, +2.34471532409e-002
+2.06193200000e+003, +1.29405120230e+000, +8.89616176681e+001, +9.98679022780e-005, +2.34510527691e-002
+2.07705900000e+003, +1.30343656147e+000, +8.89743429313e+001, +9.98600108749e-005, +2.33316927536e-002
+2.09229700000e+003, +1.31300551155e+000, +8.89991130708e+001, +9.98612690484e-005, +2.29354278510e-002
+2.10764700000e+003, +1.32285127454e+000, +8.90210638401e+001, +9.98780108430e-005, +2.26006863578e-002
+2.12310900000e+003, +1.33258646505e+000, +8.90454218718e+001, +9.98810182358e-005, +2.22005714355e-002
+2.13868500000e+003, +1.34237381366e+000, +8.90569474178e+001, +9.98821655044e-005, +2.20936331404e-002
+2.15437500000e+003, +1.35237961147e+000, +8.90696452976e+001, +9.98941806404e-005, +2.19586407980e-002
+2.17018000000e+003, +1.36232146603e+000, +8.90718991352e+001, +9.98957461775e-005, +2.20664846429e-002
+2.18610100000e+003, +1.37248106032e+000, +8.90701711766e+001, +9.99077266577e-005, +2.22724333992e-002
+2.20213900000e+003, +1.38247550321e+000, +8.90662714508e+001, +9.99022283108e-005, +2.25287049047e-002
+2.21829500000e+003, +1.39262473884e+000, +8.90664087723e+001, +9.99027128192e-005, +2.26907587213e-002
+2.23456900000e+003, +1.40308509408e+000, +8.90673704625e+001, +9.99200944856e-005, +2.28376475429e-002
+2.25096200000e+003, +1.41324637877e+000, +8.90702296650e+001, +9.99108525491e-005, +2.29325248935e-002
+2.26747600000e+003, +1.42375874425e+000, +8.90714568577e+001, +9.99210072442e-005, +2.30726165387e-002
+2.28411100000e+003, +1.43426571561e+000, +8.90729921731e+001, +9.99253546354e-005, +2.32044584950e-002
+2.30086800000e+003, +1.44465555905e+000, +8.90735138428e+001, +9.99162116541e-005, +2.33594003009e-002
+2.31774800000e+003, +1.45507432572e+000, +8.90746073281e+001, +9.99039010845e-005, +2.35001005037e-002
+2.33475100000e+003, +1.46563427454e+000, +8.90849825068e+001, +9.98963890120e-005, +2.34052840597e-002
+2.35188000000e+003, +1.47584328281e+000, +8.90813965385e+001, +9.98595021228e-005, +2.36606723964e-002
+2.36913400000e+003, +1.48630269359e+000, +8.90897861788e+001, +9.98350332276e-005, +2.36107504367e-002
+2.38651500000e+003, +1.49694973072e+000, +8.90968136194e+001, +9.98180815058e-005, +2.35963037285e-002
+2.40402300000e+003, +1.50755895541e+000, +8.91061249656e+001, +9.97936629657e-005, +2.35185673425e-002
+2.42166000000e+003, +1.51847639746e+000, +8.91126687428e+001, +9.97844633274e-005, +2.35154791940e-002
+2.43942600000e+003, +1.52964084820e+000, +8.91416574788e+001, +9.97868286376e-005, +2.29145441996e-002
+2.45732200000e+003, +1.54119851715e+000, +8.91688795002e+001, +9.98092867374e-005, +2.23555167891e-002
+2.47535000000e+003, +1.55268393012e+000, +8.91878163524e+001, +9.98212354853e-005, +2.20089904760e-002
+2.49351000000e+003, +1.56429142451e+000, +8.92030238304e+001, +9.98354238292e-005, +2.17583702620e-002
+2.51180300000e+003, +1.57574997464e+000, +8.92129347361e+001, +9.98345554138e-005, +2.16452079954e-002
+2.53023000000e+003, +1.58752838947e+000, +8.92045050238e+001, +9.98480922693e-005, +2.20405463793e-002
+2.54879300000e+003, +1.59912963893e+000, +8.91825043406e+001, +9.98447034239e-005, +2.28155929659e-002
+2.56749100000e+003, +1.61068579005e+000, +8.91615713572e+001, +9.98333233434e-005, +2.35688722042e-002
+2.58632700000e+003, +1.62258686209e+000, +8.91444653254e+001, +9.98380835581e-005, +2.42273994761e-002
+2.60530100000e+003, +1.63442526070e+000, +8.91406251511e+001, +9.98339922499e-005, +2.45136955929e-002
+2.62441500000e+003, +1.64628631162e+000, +8.91352046745e+001, +9.98259648109e-005, +2.48473214397e-002
+2.64366800000e+003, +1.65822143662e+000, +8.91447212984e+001, +9.98176530395e-005, +2.47520640989e-002
+2.66306300000e+003, +1.67016133301e+000, +8.91567496962e+001, +9.98044898339e-005, +2.45797023958e-002
+2.68260000000e+003, +1.68234803131e+000, +8.91702409918e+001, +9.98009124626e-005, +2.43629574685e-002
+2.70228000000e+003, +1.69454311543e+000, +8.91793434395e+001, +9.97924897609e-005, +2.42703806136e-002
+2.72210500000e+003, +1.70676006000e+000, +8.91895764113e+001, +9.97801802024e-005, +2.41405650236e-002
+2.74207500000e+003, +1.71914448634e+000, +8.92010658668e+001, +9.97725238990e-005, +2.39710274123e-002
+2.76219200000e+003, +1.73161037461e+000, +8.92104149873e+001, +9.97643109884e-005, +2.38623217163e-002
+2.78245600000e+003, +1.74417959969e+000, +8.92177967210e+001, +9.97568107418e-005, +2.38108397280e-002
+2.80286900000e+003, +1.75685728030e+000, +8.92297690021e+001, +9.97503827727e-005, +2.36168386397e-002
+2.82343200000e+003, +1.76972494195e+000, +8.92372006061e+001, +9.97493515890e-005, +2.35602909365e-002
+2.84414600000e+003, +1.78286521342e+000, +8.92415857569e+001, +9.97582238621e-005, +2.35987868098e-002
+2.86501100000e+003, +1.79619919496e+000, +8.92438655044e+001, +9.97724221153e-005, +2.37038183390e-002
+2.88603000000e+003, +1.80958144470e+000, +8.92518150860e+001, +9.97838820615e-005, +2.36293680213e-002
+2.90720300000e+003, +1.82289488140e+000, +8.92553006430e+001, +9.97860230886e-005, +2.36923284109e-002
+2.92853100000e+003, +1.83638415936e+000, +8.92582038929e+001, +9.97923947934e-005, +2.37746056821e-002
+2.95001500000e+003, +1.84998849323e+000, +8.92614832047e+001, +9.97996128584e-005, +2.38448582742e-002
+2.97165800000e+003, +1.86294215837e+000, +8.92688509763e+001, +9.97666327961e-005, +2.37722810415e-002
+2.99345900000e+003, +1.87625400490e+000, +8.92690719897e+001, +9.97477502970e-005, +2.39349114471e-002
+3.01541900000e+003, +1.88968352651e+000, +8.92714148858e+001, +9.97301397640e-005, +2.40289633011e-002
+3.03754100000e+003, +1.90328042563e+000, +8.92727293233e+001, +9.97162129985e-005, +2.41581995210e-002
+3.05982600000e+003, +1.91708489454e+000, +8.92672293771e+001, +9.97078215100e-005, +2.45174288404e-002
+3.08227400000e+003, +1.93113620130e+000, +8.92591330733e+001, +9.97069625207e-005, +2.49699905621e-002
+3.10488600000e+003, +1.94539061196e+000, +8.92419140012e+001, +9.97110461790e-005, +2.57389002909e-002
+3.12766500000e+003, +1.95973471170e+000, +8.92298627072e+001, +9.97144166644e-005, +2.63408465998e-002
+3.15061000000e+003, +1.97426845519e+000, +8.92215732660e+001, +9.97221442335e-005, +2.68218022444e-002
+3.17372400000e+003, +1.98888193632e+000, +8.92195894806e+001, +9.97285929296e-005, +2.70891923487e-002
+3.19700700000e+003, +2.00370231378e+000, +8.92205516498e+001, +9.97400441402e-005, +2.72574054158e-002
+3.22046200000e+003, +2.01857668852e+000, +8.92260550578e+001, +9.97487779111e-005, +2.72658775732e-002
+3.24408800000e+003, +2.03370127352e+000, +8.92372103778e+001, +9.97645337468e-005, +2.70742524924e-002
+3.26788800000e+003, +2.04883636482e+000, +8.92418007849e+001, +9.97751099883e-005, +2.71116092571e-002
+3.29186200000e+003, +2.06407579788e+000, +8.92542313183e+001, +9.97854827288e-005, +2.68654975096e-002
+3.31601200000e+003, +2.07951240452e+000, +8.92604903715e+001, +9.97997327795e-005, +2.68392674342e-002
+3.34033900000e+003, +2.09511109399e+000, +8.92691232223e+001, +9.98162635287e-005, +2.67249443230e-002
+3.36484500000e+003, +2.11082877232e+000, +8.92760541286e+001, +9.98328352418e-005, +2.66701164987e-002
+3.38953000000e+003, +2.12645463218e+000, +8.92811096155e+001, +9.98395431830e-005, +2.66799350999e-002
+3.41439700000e+003, +2.14230292269e+000, +8.92886111213e+001, +9.98512531509e-005, +2.65983171975e-002
+3.43944600000e+003, +2.15805741069e+000, +8.92917865635e+001, +9.98530770336e-005, +2.66743266170e-002
+3.46467900000e+003, +2.17388975452e+000, +8.92934218886e+001, +9.98531152808e-005, +2.68079777824e-002
+3.49009700000e+003, +2.18961695293e+000, +8.92928288921e+001, +9.98430181563e-005, +2.70245827218e-002
+3.51570100000e+003, +2.20540754185e+000, +8.92952053636e+001, +9.98307183638e-005, +2.71280052492e-002
+3.54149400000e+003, +2.22142600798e+000, +8.92953775783e+001, +9.98234628206e-005, +2.73183667588e-002
+3.56747500000e+003, +2.23747689453e+000, +8.92941631192e+001, +9.98124686209e-005, +2.75631779466e-002
+3.59364700000e+003, +2.25364578661e+000, +8.92936185975e+001, +9.98015688012e-005, +2.77837766993e-002
+3.62001100000e+003, +2.26990044718e+000, +8.92919680821e+001, +9.97892804304e-005, +2.80495540276e-002
+3.64656900000e+003, +2.28631759047e+000, +8.92890251664e+001, +9.97789240814e-005, +2.83698479449e-002
+3.67332100000e+003, +2.30272498470e+000, +8.92920252034e+001, +9.97631532538e-005, +2.84528770015e-002
+3.70027000000e+003, +2.31950279709e+000, +8.92924234933e+001, +9.97581758900e-005, +2.86440638929e-002
+3.72741600000e+003, +2.33628918740e+000, +8.92954532980e+001, +9.97484211762e-005, +2.87278290696e-002
+3.75476200000e+003, +2.35353641679e+000, +8.92965562525e+001, +9.97529867261e-005, +2.88946044364e-002
+3.78230800000e+003, +2.37085124539e+000, +8.93055861630e+001, +9.97552241192e-005, +2.87335580242e-002
+3.81005600000e+003, +2.38817299147e+000, +8.93127951241e+001, +9.97523915261e-005, +2.86430307782e-002
+3.83800800000e+003, +2.40582451018e+000, +8.93175631258e+001, +9.97579220981e-005, +2.86545458132e-002
+3.86616500000e+003, +2.42335067432e+000, +8.93235934331e+001, +9.97529495571e-005, +2.86082543752e-002
+3.89452800000e+003, +2.44103188705e+000, +8.93369924910e+001, +9.97492585673e-005, +2.82461704191e-002
+3.92309900000e+003, +2.45875715104e+000, +8.93478293017e+001, +9.97420672855e-005, +2.79862627898e-002
+3.95188000000e+003, +2.47664282206e+000, +8.93547543046e+001, +9.97360629272e-005, +2.78905244887e-002
+3.98087300000e+003, +2.49474873286e+000, +8.93603936085e+001, +9.97336144615e-005, +2.78488940572e-002
+4.01007800000e+003, +2.51298353109e+000, +8.93667182112e+001, +9.97310578116e-005, +2.77750702866e-002
+4.03949700000e+003, +2.53155920891e+000, +8.93636929406e+001, +9.97365056872e-005, +2.81140408147e-002
+4.06913200000e+003, +2.55073003977e+000, +8.93556250297e+001, +9.97597573629e-005, +2.86860910048e-002
+4.09898400000e+003, +2.56969594903e+000, +8.93468363130e+001, +9.97694155376e-005, +2.92935315858e-002
+4.12905600000e+003, +2.58883779938e+000, +8.93422037079e+001, +9.97804774293e-005, +2.97210459552e-002
+4.15934800000e+003, +2.60785072062e+000, +8.93415526705e+001, +9.97812459590e-005, +2.99689534083e-002
+4.18986200000e+003, +2.62688477749e+000, +8.93436711023e+001, +9.97775743858e-005, +3.00905703606e-002
+4.22060000000e+003, +2.64549992404e+000, +8.93549906761e+001, +9.97530470114e-005, +2.97811826622e-002
+4.25156400000e+003, +2.66416319464e+000, +8.93666996956e+001, +9.97253811500e-005, +2.94468636524e-002
+4.28275400000e+003, +2.68317887516e+000, +8.93781039286e+001, +9.97059429732e-005, +2.91230113469e-002
+4.31417400000e+003, +2.70245674430e+000, +8.93881294050e+001, +9.96911167244e-005, +2.88594099018e-002
+4.34582400000e+003, +2.72183571778e+000, +8.93945530869e+001, +9.96748656363e-005, +2.87612172975e-002
+4.37770600000e+003, +2.74169886922e+000, +8.94023735846e+001, +9.96711955553e-005, +2.85969048803e-002
+4.40982300000e+003, +2.76191171433e+000, +8.94094649968e+001, +9.96748745077e-005, +2.84659128521e-002
+4.44217400000e+003, +2.78215750357e+000, +8.94139136314e+001, +9.96743831785e-005, +2.84585734927e-002
+4.47476400000e+003, +2.80267927720e+000, +8.94167628253e+001, +9.96783630607e-005, +2.85291260068e-002
+4.50759200000e+003, +2.82319926707e+000, +8.94210461595e+001, +9.96769849386e-005, +2.85269570879e-002
+4.54066100000e+003, +2.84384771155e+000, +8.94200270706e+001, +9.96747461907e-005, +2.87861782462e-002
+4.57397300000e+003, +2.86467627594e+000, +8.94143481468e+001, +9.96734288115e-005, +2.92809308072e-002
+4.60752900000e+003, +2.88561617491e+000, +8.94073083605e+001, +9.96706708285e-005, +2.98494949266e-002
+4.64133100000e+003, +2.90682224779e+000, +8.94050264097e+001, +9.96718799138e-005, +3.01846209519e-002
+4.67538100000e+003, +2.92807769699e+000, +8.94005259766e+001, +9.96694241490e-005, +3.06353191699e-002
+4.70968100000e+003, +2.94969430378e+000, +8.94004724964e+001, +9.96739967904e-005, +3.08642382905e-002
+4.74423300000e+003, +2.97158597792e+000, +8.94006928080e+001, +9.96824408322e-005, +3.10818770444e-002
+4.77903800000e+003, +2.99378910189e+000, +8.94040585643e+001, +9.96959138811e-005, +3.11382587374e-002
+4.81409900000e+003, +3.01589998107e+000, +8.94043463286e+001, +9.97007854049e-005, +3.13530866034e-002
+4.84941600000e+003, +3.03832143756e+000, +8.94060138932e+001, +9.97105404481e-005, +3.14977544635e-002
+4.88499300000e+003, +3.06060903597e+000, +8.94107653635e+001, +9.97105416851e-005, +3.14750070482e-002
+4.92083100000e+003, +3.08307713844e+000, +8.94087191853e+001, +9.97109711969e-005, +3.18161655341e-002
+4.95693200000e+003, +3.10561827399e+000, +8.94077201861e+001, +9.97084670943e-005, +3.21029274773e-002
+4.99329700000e+003, +3.12828845716e+000, +8.94096949129e+001, +9.97048938274e-005, +3.22294580306e-002
+5.02993000000e+003, +3.15118180165e+000, +8.94125137571e+001, +9.97031363056e-005, +3.23102946487e-002
+5.06683100000e+003, +3.17404602510e+000, +8.94119152997e+001, +9.96951556426e-005, +3.25778817748e-002
+5.10400300000e+003, +3.19706141703e+000, +8.94150480907e+001, +9.96867773001e-005, +3.26393097155e-002
+5.14144700000e+003, +3.22004486336e+000, +8.94226974256e+001, +9.96723379242e-005, +3.24440779265e-002
+5.17916600000e+003, +3.24327305317e+000, +8.94292945195e+001, +9.96603182418e-005, +3.23047022839e-002
+5.21716200000e+003, +3.26682168477e+000, +8.94341217214e+001, +9.96529265257e-005, +3.22640409738e-002
+5.25543700000e+003, +3.29051326686e+000, +8.94390907796e+001, +9.96446835071e-005, +3.22126649822e-002
+5.29399300000e+003, +3.31471312181e+000, +8.94432102694e+001, +9.96465368374e-005, +3.22112587286e-002
+5.33283100000e+003, +3.33977058654e+000, +8.94449640795e+001, +9.96686483072e-005, +3.23525339100e-002
+5.37195400000e+003, +3.36498079221e+000, +8.94434505619e+001, +9.96896214631e-005, +3.26856311972e-002
+5.41136500000e+003, +3.39022088604e+000, +8.94453216295e+001, +9.97059203784e-005, +3.28200931986e-002
+5.45106400000e+003, +3.41544603055e+000, +8.94466017689e+001, +9.97162688928e-005, +3.29879865526e-002
+5.49105500000e+003, +3.44037060568e+000, +8.94500598285e+001, +9.97124898714e-005, +3.30210875329e-002
+5.53133900000e+003, +3.46515761855e+000, +8.94563168673e+001, +9.96995726985e-005, +3.28805977160e-002
+5.57191800000e+003, +3.48966160665e+000, +8.94646361907e+001, +9.96735144647e-005, +3.26064391050e-002
+5.61279600000e+003, +3.51445415983e+000, +8.94709575933e+001, +9.96506745877e-005, +3.24503634084e-002
+5.65397300000e+003, +3.53955559774e+000, +8.94747973252e+001, +9.96315515944e-005, +3.24449383530e-002
+5.69545200000e+003, +3.56507411623e+000, +8.94768392662e+001, +9.96190496187e-005, +3.25518020713e-002
+5.73723600000e+003, +3.59070730616e+000, +8.94788207074e+001, +9.96046134967e-005, +3.26616812333e-002
+5.77932600000e+003, +3.61691170922e+000, +8.94732494927e+001, +9.96007233696e-005, +3.32517203799e-002
+5.82172500000e+003, +3.64335292833e+000, +8.94698744171e+001, +9.95981101895e-005, +3.37094119965e-002
+5.86443500000e+003, +3.67001990476e+000, +8.94676813905e+001, +9.95963976432e-005, +3.40966089291e-002
+5.90745800000e+003, +3.69681933746e+000, +8.94652520241e+001, +9.95929968553e-005, +3.45023311502e-002
+5.95079700000e+003, +3.72395647933e+000, +8.94617761534e+001, +9.95933706893e-005, +3.49815068445e-002
+5.99445400000e+003, +3.75139882984e+000, +8.94623794707e+001, +9.95966244084e-005, +3.51997903901e-002
+6.03843100000e+003, +3.77899706555e+000, +8.94616681178e+001, +9.95986400654e-005, +3.55056635777e-002
+6.08273100000e+003, +3.80670898222e+000, +8.94622628064e+001, +9.95983331543e-005, +3.57265224649e-002
+6.12735600000e+003, +3.83468832273e+000, +8.94622330626e+001, +9.95996837593e-005, +3.59911032836e-002
+6.17230800000e+003, +3.86295977181e+000, +8.94610716598e+001, +9.96032514040e-005, +3.63347495628e-002
+6.21759000000e+003, +3.89137448098e+000, +8.94600483614e+001, +9.96051496955e-005, +3.66715130585e-002
+6.26320400000e+003, +3.92012402463e+000, +8.94591746482e+001, +9.96102508821e-005, +3.70022188391e-002
+6.30915300000e+003, +3.94885178689e+000, +8.94584720719e+001, +9.96094421326e-005, +3.73218011433e-002
+6.35543900000e+003, +3.97784176324e+000, +8.94588832481e+001, +9.96099475648e-005, +3.75672490159e-002
+6.40206400000e+003, +4.00700336516e+000, +8.94585788208e+001, +9.96094259043e-005, +3.78639442318e-002
+6.44903200000e+003, +4.03625906068e+000, +8.94617993568e+001, +9.96059936592e-005, +3.79135303735e-002
+6.49634400000e+003, +4.06567078718e+000, +8.94621520896e+001, +9.96011130338e-005, +3.81647730509e-002
+6.54400300000e+003, +4.09522299600e+000, +8.94622984887e+001, +9.95944350216e-005, +3.84317185378e-002
+6.59201200000e+003, +4.12489979654e+000, +8.94646564634e+001, +9.95856099882e-005, +3.85404707644e-002
+6.64037300000e+003, +4.15495310363e+000, +8.94684718785e+001, +9.95806816334e-005, +3.85445971693e-002
+6.68908900000e+003, +4.18530354604e+000, +8.94725036148e+001, +9.95776133186e-005, +3.85316566441e-002
+6.73816200000e+003, +4.21566392953e+000, +8.94833299387e+001, +9.95696561492e-005, +3.80146293499e-002
+6.78759500000e+003, +4.24618471434e+000, +8.94915705394e+001, +9.95602535471e-005, +3.76791639660e-002
+6.83739100000e+003, +4.27718623465e+000, +8.95007686670e+001, +9.95569057097e-005, +3.72676379458e-002
+6.88755200000e+003, +4.30844363678e+000, +8.95073361870e+001, +9.95542033868e-005, +3.70461512495e-002
+6.93808100000e+003, +4.33994096013e+000, +8.95111296529e+001, +9.95517224061e-005, +3.70296506660e-002
+6.98898100000e+003, +4.37194851974e+000, +8.95075504548e+001, +9.95555027851e-005, +3.75758488946e-002
+7.04025500000e+003, +4.40418785484e+000, +8.95021927861e+001, +9.95591510574e-005, +3.82647538861e-002
+7.09190400000e+003, +4.43680593921e+000, +8.94961544036e+001, +9.95659690190e-005, +3.90157240592e-002
+7.14393300000e+003, +4.46951533629e+000, +8.94937394133e+001, +9.95694795297e-005, +3.94917397452e-002
+7.19634300000e+003, +4.50240833664e+000, +8.94914353072e+001, +9.95717289527e-005, +3.99634295084e-002
+7.24913700000e+003, +4.53544295672e+000, +8.94941376863e+001, +9.95718568985e-005, +4.00427375311e-002
+7.30231900000e+003, +4.56844988576e+000, +8.95000929924e+001, +9.95661387117e-005, +3.98593256789e-002
+7.35589100000e+003, +4.60186130870e+000, +8.95072556699e+001, +9.95639943980e-005, +3.95755697193e-002
+7.40985600000e+003, +4.63535576230e+000, +8.95124305240e+001, +9.95583545828e-005, +3.94449769647e-002
+7.46421700000e+003, +4.66923149381e+000, +8.95176707444e+001, +9.95556454510e-005, +3.93062171435e-002
+7.51897700000e+003, +4.70334041204e+000, +8.95219561373e+001, +9.95526148077e-005, +3.92415802906e-002
+7.57413900000e+003, +4.73805815952e+000, +8.95263662713e+001, +9.95571393487e-005, +3.91665601532e-002
+7.62970500000e+003, +4.77289905417e+000, +8.95298397634e+001, +9.95588823291e-005, +3.91652261982e-002
+7.68567900000e+003, +4.80797447475e+000, +8.95330006405e+001, +9.95601671839e-005, +3.91878103141e-002
+7.74206300000e+003, +4.84328846641e+000, +8.95355880897e+001, +9.95610574008e-005, +3.92569267484e-002
+7.79886100000e+003, +4.87864454124e+000, +8.95363222432e+001, +9.95574826312e-005, +3.94809929200e-002
+7.85607600000e+003, +4.91398380086e+000, +8.95369419043e+001, +9.95483331162e-005, +3.97138363364e-002
+7.91371100000e+003, +4.94932787753e+000, +8.95363408651e+001, +9.95341129606e-005, +4.00513974185e-002
+7.97176800000e+003, +4.98496575167e+000, +8.95354536987e+001, +9.95206914223e-005, +4.04169739847e-002
+8.03025200000e+003, +5.02106855547e+000, +8.95344782874e+001, +9.95113856482e-005, +4.07951639006e-002
+8.08916400000e+003, +5.05773550680e+000, +8.95336376018e+001, +9.95080507095e-005, +4.11672837879e-002
+8.14850900000e+003, +5.09480681933e+000, +8.95307025996e+001, +9.95073441714e-005, +4.17299996877e-002
+8.20828900000e+003, +5.13266038058e+000, +8.95259295257e+001, +9.95165141750e-005, +4.24676127716e-002
+8.26850700000e+003, +5.17065963909e+000, +8.95224389299e+001, +9.95231007345e-005, +4.30970165664e-002
+8.32916800000e+003, +5.20888587938e+000, +8.95205337344e+001, +9.95286574396e-005, +4.35888285832e-002
+8.39027300000e+003, +5.24718844722e+000, +8.95195884328e+001, +9.95303278898e-005, +4.39959192366e-002
+8.45182700000e+003, +5.28594573132e+000, +8.95209714349e+001, +9.95352826450e-005, +4.41932987219e-002
+8.51383200000e+003, +5.32395481069e+000, +8.95271090520e+001, +9.95209753677e-005, +4.39407836835e-002
+8.57629200000e+003, +5.36266667614e+000, +8.95343412179e+001, +9.95146529539e-005, +4.35834081291e-002
+8.63921000000e+003, +5.40159202712e+000, +8.95398630229e+001, +9.95070554814e-005, +4.33792075331e-002
+8.70259000000e+003, +5.44090381934e+000, +8.95451226142e+001, +9.95013493468e-005, +4.31954696819e-002
+8.76643500000e+003, +5.48063455540e+000, +8.95489749603e+001, +9.94980348576e-005, +4.31424078677e-002
+8.83074800000e+003, +5.52121236493e+000, +8.95502248546e+001, +9.95047265268e-005, +4.33413876304e-002
+8.89553300000e+003, +5.56230956904e+000, +8.95503450583e+001, +9.95153186429e-005, +4.36523306322e-002
+8.96079400000e+003, +5.60363029851e+000, +8.95509755822e+001, +9.95244476985e-005, +4.39149462209e-002
+9.02653300000e+003, +5.64486759408e+000, +8.95510328209e+001, +9.95266952114e-005, +4.42324786515e-002
+9.09275400000e+003, +5.68644919633e+000, +8.95524390359e+001, +9.95296790004e-005, +4.44187481846e-002
+9.15946200000e+003, +5.72778164240e+000, +8.95523065371e+001, +9.95229777454e-005, +4.47548550098e-002
+9.22665800000e+003, +5.76868631736e+000, +8.95515212497e+001, +9.95037224589e-005, +4.51535319712e-002
+9.29434800000e+003, +5.81009171231e+000, +8.95532426457e+001, +9.94880657900e-005, +4.53030732987e-002
+9.36253400000e+003, +5.85181937364e+000, +8.95516141274e+001, +9.94727987307e-005, +4.57947579380e-002
+9.43122100000e+003, +5.89421348018e+000, +8.95513668222e+001, +9.94637336458e-005, +4.61519631202e-002
+9.50041100000e+003, +5.93686150048e+000, +8.95516094644e+001, +9.94537941557e-005, +4.64607578110e-002
+9.57010900000e+003, +5.98051149357e+000, +8.95509693502e+001, +9.94553704813e-005, +4.68691672472e-002
+9.64031800000e+003, +6.02462205945e+000, +8.95482692213e+001, +9.94592273778e-005, +4.74987694156e-002
+9.71104200000e+003, +6.06879907208e+000, +8.95476093801e+001, +9.94588699751e-005, +4.79169542908e-002
+9.78228600000e+003, +6.11334587066e+000, +8.95472559554e+001, +9.94592509758e-005, +4.83063875876e-002
+9.85405200000e+003, +6.15826123532e+000, +8.95469345461e+001, +9.94603107497e-005, +4.86958440764e-002
+9.92634400000e+003, +6.20331811700e+000, +8.95466971969e+001, +9.94583547537e-005, +4.90778235291e-002
+9.99916700000e+003, +6.24874573920e+000, +8.95471107663e+001, +9.94570551805e-005, +4.93921231935e-002
+1.00725240000e+004, +6.29460373055e+000, +8.95491006195e+001, +9.94573233567e-005, +4.95359981237e-002
+1.01464190000e+004, +6.34055464269e+000, +8.95488309796e+001, +9.94537410139e-005, +4.99274517007e-002
+1.02208560000e+004, +6.38688494033e+000, +8.95504849768e+001, +9.94508703934e-005, +5.01079015628e-002
+1.02958390000e+004, +6.43367262887e+000, +8.95526840138e+001, +9.94498452889e-005, +5.02280518087e-002
+1.03713730000e+004, +6.48062892520e+000, +8.95569878492e+001, +9.94461674978e-005, +5.01078574434e-002
+1.04474600000e+004, +6.52802640402e+000, +8.95606398466e+001, +9.94439915554e-005, +5.00582520612e-002
+1.05241060000e+004, +6.57584732839e+000, +8.95632867169e+001, +9.94429556649e-005, +5.01211798534e-002
+1.06013140000e+004, +6.62393782206e+000, +8.95647572013e+001, +9.94406947767e-005, +5.03177290361e-002
+1.06790890000e+004, +6.67235722186e+000, +8.95658080614e+001, +9.94380833380e-005, +5.05631656140e-002
+1.07574340000e+004, +6.72157173405e+000, +8.95642424568e+001, +9.94419698993e-005, +5.11197748586e-002
+1.08363540000e+004, +6.77104761964e+000, +8.95640177109e+001, +9.94443795291e-005, +5.15226143618e-002
+1.09158530000e+004, +6.82075414191e+000, +8.95631881109e+001, +9.94448340284e-005, +5.19996004232e-002
+1.09959350000e+004, +6.87077098519e+000, +8.95605475082e+001, +9.94444766176e-005, +5.26975608383e-002
+1.10766040000e+004, +6.92098354754e+000, +8.95601952134e+001, +9.94416963422e-005, +5.31252358572e-002
+1.11578660000e+004, +6.97118900216e+000, +8.95581532619e+001, +9.94335474291e-005, +5.37590485260e-002
+1.12397230000e+004, +7.02156038422e+000, +8.95569978889e+001, +9.94226139005e-005, +5.42890786656e-002
+1.13221810000e+004, +7.07258996240e+000, +8.95570264982e+001, +9.94158291034e-005, +5.46800961249e-002
+1.14052440000e+004, +7.12393320349e+000, +8.95562544578e+001, +9.94082353302e-005, +5.51730341453e-002
+1.14889170000e+004, +7.17571863163e+000, +8.95561171017e+001, +9.94016074821e-005, +5.55913009369e-002
+1.15732030000e+004, +7.22806053838e+000, +8.95568552509e+001, +9.93974750072e-005, +5.59036837673e-002
+1.16581080000e+004, +7.28108326903e+000, +8.95574970902e+001, +9.93974179643e-005, +5.62322134531e-002
+1.17436350000e+004, +7.33433485411e+000, +8.95598353039e+001, +9.93952213870e-005, +5.63441765673e-002
+1.18297900000e+004, +7.38817978461e+000, +8.95619687214e+001, +9.93957602140e-005, +5.64827346797e-002
+1.19165770000e+004, +7.44238479328e+000, +8.95624900337e+001, +9.93958076655e-005, +5.68294192785e-002
+1.20040010000e+004, +7.49687900380e+000, +8.95642325384e+001, +9.93944304218e-005, +5.70175406623e-002
+1.20920660000e+004, +7.55199105479e+000, +8.95626770029e+001, +9.93958927453e-005, +5.76417202508e-002
+1.21807770000e+004, +7.60729971855e+000, +8.95631898082e+001, +9.93946583774e-005, +5.79957876174e-002
+1.22701390000e+004, +7.66300242404e+000, +8.95628663925e+001, +9.93932684439e-005, +5.84637023100e-002
+1.23601560000e+004, +7.71927492943e+000, +8.95638039742e+001, +9.93939849484e-005, +5.87667110791e-002
+1.24508340000e+004, +7.77567100132e+000, +8.95651941477e+001, +9.93909999245e-005, +5.90073969580e-002
+1.25421780000e+004, +7.83258667946e+000, +8.95678069465e+001, +9.93893900992e-005, +5.90821432208e-002
+1.26341910000e+004, +7.88976337677e+000, +8.95716012661e+001, +9.93858444563e-005, +5.89909619356e-002
+1.27268790000e+004, +7.94703249017e+000, +8.95761397403e+001, +9.93782446102e-005, +5.87896797967e-002
+1.28202470000e+004, +8.00508234373e+000, +8.95784427596e+001, +9.93751478056e-005, +5.88973569161e-002
+1.29143010000e+004, +8.06348867405e+000, +8.95806781592e+001, +9.93712096781e-005, +5.90124920039e-002
+1.30090440000e+004, +8.12231807115e+000, +8.95824125161e+001, +9.93672353559e-005, +5.91971759083e-002
+1.31044820000e+004, +8.18155502365e+000, +8.95842036742e+001, +9.93629993427e-005, +5.93731455923e-002
+1.32006210000e+004, +8.24125931894e+000, +8.95847744960e+001, +9.93591676198e-005, +5.97243135562e-002
+1.32974650000e+004, +8.30150758648e+000, +8.95852470282e+001, +9.93566331130e-005, +6.00924693125e-002
+1.33950190000e+004, +8.36191439457e+000, +8.95862231907e+001, +9.93507590762e-005, +6.03872783022e-002
+1.34932890000e+004, +8.42316312054e+000, +8.95869707845e+001, +9.93496259508e-005, +6.07196961728e-002
+1.35922800000e+004, +8.48474734411e+000, +8.95880340427e+001, +9.93471716548e-005, +6.10061853443e-002
+1.36919970000e+004, +8.54670923219e+000, +8.95877407848e+001, +9.93438583227e-005, +6.14954411637e-002
+1.37924460000e+004, +8.60916613540e+000, +8.95877132093e+001, +9.93410358786e-005, +6.19489755717e-002
+1.38936320000e+004, +8.67212942716e+000, +8.95888174448e+001, +9.93387995141e-005, +6.22349108387e-002
+1.39955600000e+004, +8.73565628466e+000, +8.95893147767e+001, +9.93377302058e-005, +6.26149825014e-002
+1.40982350000e+004, +8.79987207989e+000, +8.95896379055e+001, +9.93391881070e-005, +6.30256381102e-002
+1.42016640000e+004, +8.86468847211e+000, +8.95905408494e+001, +9.93420885286e-005, +6.33501620476e-002
+1.43058520000e+004, +8.92981759020e+000, +8.95897095256e+001, +9.93431339301e-005, +6.39451598964e-002
+1.44108040000e+004, +8.99524146548e+000, +8.95909526943e+001, +9.93421782363e-005, +6.42184827755e-002
+1.45165260000e+004, +9.06117060506e+000, +8.95902869011e+001, +9.93414829977e-005, +6.47944522313e-002
+1.46230240000e+004, +9.12767006871e+000, +8.95917860718e+001, +9.93417599454e-005, +6.50311517367e-002
+1.47303030000e+004, +9.19420932857e+000, +8.95932045756e+001, +9.93371949566e-005, +6.52775980197e-002
+1.48383690000e+004, +9.26126853819e+000, +8.95946688712e+001, +9.93330050992e-005, +6.55170267610e-002
+1.49472280000e+004, +9.32906267894e+000, +8.95970249920e+001, +9.93314423811e-005, +6.56130023226e-002
+1.50568860000e+004, +9.39720646235e+000, +8.95973878467e+001, +9.93283030205e-005, +6.60327588734e-002
+1.51673480000e+004, +9.46582684636e+000, +8.95978552114e+001, +9.93249462686e-005, +6.64377326558e-002
+1.52786200000e+004, +9.53549315712e+000, +8.95986958654e+001, +9.93272720885e-005, +6.67867960698e-002
+1.53907090000e+004, +9.60579467208e+000, +8.95988526975e+001, +9.93308517722e-005, +6.72528966821e-002
+1.55036200000e+004, +9.67621779369e+000, +8.95987410172e+001, +9.93303581058e-005, +6.77648092711e-002
+1.56173590000e+004, +9.74724636262e+000, +8.95997987033e+001, +9.93307893769e-005, +6.80823081124e-002
+1.57319330000e+004, +9.81850838612e+000, +8.96002216052e+001, +9.93282964401e-005, +6.85075882617e-002
+1.58473470000e+004, +9.89009492198e+000, +8.96013761557e+001, +9.93238426149e-005, +6.88077880608e-002
+1.59636080000e+004, +9.96193939806e+000, +8.96035065347e+001, +9.93167669306e-005, +6.89372303085e-002
+1.60807220000e+004, +1.00343421172e+001, +8.96052782155e+001, +9.93100465771e-005, +6.91279904011e-002
+1.61986950000e+004, +1.01074060560e+001, +8.96069669580e+001, +9.93046531101e-005, +6.93334383093e-002
+1.63175340000e+004, +1.01812668159e+001, +8.96084511266e+001, +9.93018371322e-005, +6.95763729260e-002
+1.64372440000e+004, +1.02555633173e+001, +8.96083291528e+001, +9.92980002761e-005, +7.01059296600e-002
+1.65578330000e+004, +1.03311892348e+001, +8.96072836222e+001, +9.93017148586e-005, +7.08114189412e-002
+1.66793060000e+004, +1.04071650677e+001, +8.96074017612e+001, +9.93034650232e-005, +7.13107097620e-002
+1.68016710000e+004, +1.04834753233e+001, +8.96065377603e+001, +9.93030738819e-005, +7.19916771394e-002
+1.69249330000e+004, +1.05605338365e+001, +8.96076317353e+001, +9.93044847401e-005, +7.23192176440e-002
+1.70491000000e+004, +1.06378618549e+001, +8.96078000526e+001, +9.93031088254e-005, +7.28175148966e-002
+1.71741770000e+004, +1.07153722184e+001, +8.96105645940e+001, +9.92982116357e-005, +7.28310747357e-002
+1.73001720000e+004, +1.07934632696e+001, +8.96134956990e+001, +9.92934606203e-005, +7.28096968532e-002
+1.74270920000e+004, +1.08722661729e+001, +8.96156837123e+001, +9.92900007597e-005, +7.29260981829e-002
+1.75549420000e+004, +1.09515211583e+001, +8.96179870219e+001, +9.92854311590e-005, +7.30174587333e-002
+1.76837310000e+004, +1.10316190017e+001, +8.96186471019e+001, +9.92832227851e-005, +7.34244101532e-002
+1.78134640000e+004, +1.11122222116e+001, +8.96189497718e+001, +9.92802961756e-005, +7.39021901998e-002
+1.79441490000e+004, +1.11935125317e+001, +8.96171085614e+001, +9.92782143263e-005, +7.48025116641e-002
+1.80757930000e+004, +1.12755549441e+001, +8.96158337105e+001, +9.92775236454e-005, +7.56016531348e-002
+1.82084030000e+004, +1.13581873610e+001, +8.96156793349e+001, +9.92767458126e-005, +7.61862989701e-002
+1.83419850000e+004, +1.14413733468e+001, +8.96146558507e+001, +9.92755113918e-005, +7.69486527517e-002
+1.84765480000e+004, +1.15252715111e+001, +8.96145054233e+001, +9.92751683912e-005, +7.75431660039e-002
+1.86120970000e+004, +1.16097737132e+001, +8.96154121899e+001, +9.92747485292e-005, +7.79279723131e-002
+1.87486410000e+004, +1.16949640824e+001, +8.96159284986e+001, +9.92749034296e-005, +7.83944090476e-002
+1.88861870000e+004, +1.17806233542e+001, +8.96165420103e+001, +9.92737416717e-005, +7.88424638659e-002
+1.90247420000e+004, +1.18669944248e+001, +8.96177621481e+001, +9.92732933317e-005, +7.91677999550e-002
+1.91643130000e+004, +1.19539700607e+001, +8.96187764867e+001, +9.92726069478e-005, +7.95364140010e-002
+1.93049090000e+004, +1.20419011241e+001, +8.96211579867e+001, +9.92745520767e-005, +7.96209574965e-002
+1.94465360000e+004, +1.21302088042e+001, +8.96236862138e+001, +9.92742898690e-005, +7.96696025901e-002
+1.95892010000e+004, +1.22192044693e+001, +8.96246610102e+001, +9.92743432142e-005, +8.00462284989e-002
+1.97329140000e+004, +1.23087291405e+001, +8.96259261695e+001, +9.92733934009e-005, +8.03609059217e-002
+1.98776810000e+004, +1.23989238289e+001, +8.96271999963e+001, +9.92725582517e-005, +8.06741137673e-002
+2.00235090000e+004, +1.24894748828e+001, +8.96266612798e+001, +9.92692872193e-005, +8.13807162133e-002
+2.01704080000e+004, +1.25802956983e+001, +8.96250813909e+001, +9.92629093279e-005, +8.23193845290e-002
+2.03183840000e+004, +1.26717770863e+001, +8.96229389217e+001, +9.92565298956e-005, +8.33918219400e-002
+2.04674460000e+004, +1.27643305297e+001, +8.96225478798e+001, +9.92533321782e-005, +8.40880220758e-002
+2.06176020000e+004, +1.28575440586e+001, +8.96224812185e+001, +9.92500133116e-005, +8.47170469623e-002
+2.07688590000e+004, +1.29514803662e+001, +8.96221653367e+001, +9.92470169505e-005, +8.54073859953e-002
+2.09212260000e+004, +1.30463519238e+001, +8.96238035910e+001, +9.92459352484e-005, +8.56599826670e-002
+2.10747100000e+004, +1.31419930310e+001, +8.96256438788e+001, +9.92454229641e-005, +8.58658451572e-002
+2.12293210000e+004, +1.32383186874e+001, +8.96266383284e+001, +9.92447720553e-005, +8.62654432030e-002
+2.13850660000e+004, +1.33356645187e+001, +8.96271658744e+001, +9.92464550774e-005, +8.67769977868e-002
+2.15419530000e+004, +1.34335183669e+001, +8.96270427279e+001, +9.92465983055e-005, +8.74426183992e-002
+2.16999920000e+004, +1.35320536508e+001, +8.96252364598e+001, +9.92464494154e-005, +8.85106060879e-002
+2.18591890000e+004, +1.36315462795e+001, +8.96220456017e+001, +9.92479990738e-005, +8.99205063773e-002
+2.20195550000e+004, +1.37319060673e+001, +8.96197815169e+001, +9.92505346740e-005, +9.11251442684e-002
+2.21810970000e+004, +1.38324737823e+001, +8.96186090417e+001, +9.92492753689e-005, +9.20755685045e-002
+2.23438250000e+004, +1.39339105780e+001, +8.96175728176e+001, +9.92489578924e-005, +9.30027768435e-002
+2.25077460000e+004, +1.40359349870e+001, +8.96176959449e+001, +9.92475526394e-005, +9.36535830456e-002
+2.26728700000e+004, +1.41382729001e+001, +8.96181855423e+001, +9.92431066868e-005, +9.42156140010e-002
+2.28392050000e+004, +1.42419006883e+001, +8.96194967543e+001, +9.92424609317e-005, +9.45802579189e-002
+2.30067610000e+004, +1.43457822701e+001, +8.96211580251e+001, +9.92383174339e-005, +9.48541922708e-002
+2.31755450000e+004, +1.44505781365e+001, +8.96219540688e+001, +9.92352446458e-005, +9.53463357205e-002
+2.33455680000e+004, +1.45561789487e+001, +8.96228736417e+001, +9.92324388214e-005, +9.58094848510e-002
+2.35168380000e+004, +1.46623423883e+001, +8.96239625383e+001, +9.92282214969e-005, +9.62296085096e-002
+2.36893650000e+004, +1.47691535961e+001, +8.96246738726e+001, +9.92231478939e-005, +9.67472582970e-002
+2.38631580000e+004, +1.48769758490e+001, +8.96251963377e+001, +9.92196248534e-005, +9.73179056552e-002
+2.40382250000e+004, +1.49858321346e+001, +8.96255203517e+001, +9.92177383326e-005, +9.79452455295e-002
+2.42145770000e+004, +1.50953291224e+001, +8.96260607539e+001, +9.92148275258e-005, +9.85185290507e-002
+2.43922230000e+004, +1.52059696875e+001, +8.96249092085e+001, +9.92141380693e-005, +9.95462233610e-002
+2.45711720000e+004, +1.53172724451e+001, +8.96242525419e+001, +9.92124918556e-005, +1.00450416769e-001
+2.47514330000e+004, +1.54295932478e+001, +8.96231667593e+001, +9.92121515894e-005, +1.01479406634e-001
+2.49330180000e+004, +1.55426557753e+001, +8.96230234513e+001, +9.92112929567e-005, +1.02261885734e-001
+2.51159340000e+004, +1.56565005303e+001, +8.96224813648e+001, +9.92101413070e-005, +1.03159045841e-001
+2.53001920000e+004, +1.57713234086e+001, +8.96211064418e+001, +9.92098872435e-005, +1.04294056926e-001
+2.54858020000e+004, +1.58867084435e+001, +8.96210886666e+001, +9.92078996575e-005, +1.05062014219e-001
+2.56727740000e+004, +1.60031297344e+001, +8.96214596905e+001, +9.92071061455e-005, +1.05728304321e-001
+2.58611170000e+004, +1.61202840623e+001, +8.96203597306e+001, +9.92055591736e-005, +1.06811780136e-001
+2.60508420000e+004, +1.62384173505e+001, +8.96196923438e+001, +9.92047572680e-005, +1.07783664846e-001
+2.62419590000e+004, +1.63574276492e+001, +8.96195980283e+001, +9.92040300364e-005, +1.08600529906e-001
+2.64344790000e+004, +1.64777350602e+001, +8.96189817588e+001, +9.92058515154e-005, +1.09576506531e-001
+2.66284100000e+004, +1.65985849541e+001, +8.96181037937e+001, +9.92056289417e-005, +1.10634495968e-001
+2.68237640000e+004, +1.67204839314e+001, +8.96177395163e+001, +9.92063769567e-005, +1.11553292634e-001
+2.70205520000e+004, +1.68431123776e+001, +8.96172091297e+001, +9.92061437574e-005, +1.12527340345e-001
+2.72187830000e+004, +1.69663474121e+001, +8.96170339386e+001, +9.92042053506e-005, +1.13402538890e-001
+2.74184680000e+004, +1.70900484213e+001, +8.96172426029e+001, +9.91997434579e-005, +1.14167114078e-001
+2.76196190000e+004, +1.72145075926e+001, +8.96173533326e+001, +9.91944486021e-005, +1.14965274097e-001
+2.78222450000e+004, +1.73401048934e+001, +8.96175466903e+001, +9.91904831896e-005, +1.15745545579e-001
+2.80263570000e+004, +1.74664542487e+001, +8.96174578023e+001, +9.91855835077e-005, +1.16616026675e-001
+2.82319670000e+004, +1.75943252049e+001, +8.96180300636e+001, +9.91840774111e-005, +1.17294040776e-001
+2.84390860000e+004, +1.77231756948e+001, +8.96183259561e+001, +9.91828089743e-005, +1.18061507614e-001
+2.86477240000e+004, +1.78533143053e+001, +8.96192546340e+001, +9.91834633758e-005, +1.18639046677e-001
+2.88578920000e+004, +1.79848658229e+001, +8.96201968480e+001, +9.91866422045e-005, +1.19217484442e-001
+2.90696030000e+004, +1.81167828110e+001, +8.96209119781e+001, +9.91865085453e-005, +1.19865814022e-001
+2.92828660000e+004, +1.82496420469e+001, +8.96213975903e+001, +9.91862384802e-005, +1.20590176678e-001
+2.94976940000e+004, +1.83835557566e+001, +8.96216852551e+001, +9.91863971137e-005, +1.21382756820e-001
+2.97140990000e+004, +1.85180923867e+001, +8.96221667177e+001, +9.91846280583e-005, +1.22115467779e-001
+2.99320900000e+004, +1.86535208314e+001, +8.96221752569e+001, +9.91823657511e-005, +1.23005755345e-001
+3.01516820000e+004, +1.87900508516e+001, +8.96227715850e+001, +9.91806910906e-005, +1.23710506285e-001
+3.03728840000e+004, +1.89273925826e+001, +8.96227703331e+001, +9.91780299656e-005, +1.24615154505e-001
+3.05957080000e+004, +1.90658685442e+001, +8.96221956869e+001, +9.91760430937e-005, +1.25718076120e-001
+3.08201680000e+004, +1.92053889149e+001, +8.96221471668e+001, +9.91742196841e-005, +1.26654320357e-001
+3.10462740000e+004, +1.93456929302e+001, +8.96211380477e+001, +9.91711709376e-005, +1.27920304828e-001
+3.12740390000e+004, +1.94870835912e+001, +8.96201767179e+001, +9.91684359015e-005, +1.29182182347e-001
+3.15034750000e+004, +1.96296533274e+001, +8.96193762106e+001, +9.91664386856e-005, +1.30401543415e-001
+3.17345950000e+004, +1.97734266230e+001, +8.96193884589e+001, +9.91652533208e-005, +1.31352415355e-001
+3.19674090000e+004, +1.99181370526e+001, +8.96187858028e+001, +9.91634887444e-005, +1.32523209732e-001
+3.22019320000e+004, +2.00642281179e+001, +8.96187006833e+001, +9.91633163976e-005, +1.33525018170e-001
+3.24381760000e+004, +2.02113501342e+001, +8.96192763379e+001, +9.91629512111e-005, +1.34301037128e-001
+3.26761520000e+004, +2.03595324660e+001, +8.96189253889e+001, +9.91624889626e-005, +1.35410387678e-001
+3.29158740000e+004, +2.05085800731e+001, +8.96188350050e+001, +9.91609600448e-005, +1.36434048498e-001
+3.31573550000e+004, +2.06588364599e+001, +8.96184723706e+001, +9.91599916687e-005, +1.37564384651e-001
+3.34006080000e+004, +2.08093188947e+001, +8.96160343931e+001, +9.91548296523e-005, +1.39451858775e-001
+3.36456450000e+004, +2.09611748334e+001, +8.96141135642e+001, +9.91509874677e-005, +1.41172211393e-001
+3.38924800000e+004, +2.11143786519e+001, +8.96133281107e+001, +9.91482832523e-005, +1.42493474735e-001
+3.41411260000e+004, +2.12685203086e+001, +8.96120657912e+001, +9.91447250740e-005, +1.44002291764e-001
+3.43915960000e+004, +2.14239599595e+001, +8.96115784031e+001, +9.91419757381e-005, +1.45236962842e-001
+3.46439030000e+004, +2.15813338531e+001, +8.96122785581e+001, +9.91429088704e-005, +1.46040111301e-001
+3.48980610000e+004, +2.17396153722e+001, +8.96130027245e+001, +9.91427094783e-005, +1.46836434054e-001
+3.51540840000e+004, +2.18990823183e+001, +8.96135738997e+001, +9.91426182909e-005, +1.47695221146e-001
+3.54119860000e+004, +2.20594770799e+001, +8.96141926447e+001, +9.91414383099e-005, +1.48538762695e-001
+3.56717790000e+004, +2.22212735664e+001, +8.96137390758e+001, +9.91412613212e-005, +1.49804134324e-001
+3.59334780000e+004, +2.23839324870e+001, +8.96140598117e+001, +9.91396569235e-005, +1.50775395042e-001
+3.61970970000e+004, +2.25478587282e+001, +8.96129768830e+001, +9.91383729804e-005, +1.52305741871e-001
+3.64626500000e+004, +2.27125675937e+001, +8.96117917181e+001, +9.91352638772e-005, +1.53888112802e-001
+3.67301520000e+004, +2.28787220934e+001, +8.96110798211e+001, +9.91332087474e-005, +1.55298146484e-001
+3.69996150000e+004, +2.30463067951e+001, +8.96099072502e+001, +9.91320756834e-005, +1.56907329165e-001
+3.72710560000e+004, +2.32149903608e+001, +8.96092136965e+001, +9.91303957349e-005, +1.58336792129e-001
+3.75444880000e+004, +2.33850676163e+001, +8.96084654682e+001, +9.91293903181e-005, +1.59802175965e-001
+3.78199260000e+004, +2.35565054350e+001, +8.96072790749e+001, +9.91288616784e-005, +1.61461459226e-001
+3.80973850000e+004, +2.37290346384e+001, +8.96061887633e+001, +9.91276422356e-005, +1.63095553967e-001
+3.83768790000e+004, +2.39027068687e+001, +8.96057470867e+001, +9.91259317817e-005, +1.64473501054e-001
+3.86584230000e+004, +2.40777880321e+001, +8.96052059504e+001, +9.91247887544e-005, +1.65905626989e-001
+3.89420340000e+004, +2.42541725861e+001, +8.96044838243e+001, +9.91237254110e-005, +1.67426667017e-001
+3.92277240000e+004, +2.44316064866e+001, +8.96047250093e+001, +9.91216928011e-005, +1.68548652363e-001
+3.95155110000e+004, +2.46105231660e+001, +8.96046790944e+001, +9.91203981204e-005, +1.69802683467e-001
+3.98054090000e+004, +2.47906411437e+001, +8.96041639848e+001, +9.91186630316e-005, +1.71268296330e-001
+4.00974340000e+004, +2.49720273223e+001, +8.96033642867e+001, +9.91167254215e-005, +1.72869953822e-001
+4.03916010000e+004, +2.51551611511e+001, +8.96028034017e+001, +9.91164484936e-005, +1.74383951043e-001
+4.06879260000e+004, +2.53394979675e+001, +8.96016463181e+001, +9.91156168844e-005, +1.76173551980e-001
+4.09864260000e+004, +2.55248648713e+001, +8.96006857505e+001, +9.91135396179e-005, +1.77890236179e-001
+4.12871150000e+004, +2.57119294616e+001, +8.95999554251e+001, +9.91127843267e-005, +1.79521675161e-001
+4.15900100000e+004, +2.59002100453e+001, +8.95992183293e+001, +9.91114358723e-005, +1.81169448956e-001
+4.18951270000e+004, +2.60899311011e+001, +8.95985155399e+001, +9.91103227253e-005, +1.82816540264e-001
+4.22024830000e+004, +2.62807728590e+001, +8.95984133728e+001, +9.91082010212e-005, +1.84200662069e-001
+4.25120930000e+004, +2.64731046293e+001, +8.95981284683e+001, +9.91064312434e-005, +1.85680340964e-001
+4.28239750000e+004, +2.66666084728e+001, +8.95980520719e+001, +9.91037874901e-005, +1.87073117753e-001
+4.31381450000e+004, +2.68619176430e+001, +8.95973425313e+001, +9.91025784980e-005, +1.88775906759e-001
+4.34546200000e+004, +2.70585719992e+001, +8.95968004094e+001, +9.91010588644e-005, +1.90413939728e-001
+4.37734160000e+004, +2.72566473432e+001, +8.95950697501e+001, +9.90994584476e-005, +1.92631101894e-001
+4.40945510000e+004, +2.74561393888e+001, +8.95936074471e+001, +9.90977407308e-005, +1.94741691533e-001
+4.44180430000e+004, +2.76572587369e+001, +8.95920817179e+001, +9.90966189778e-005, +1.96904663129e-001
+4.47439070000e+004, +2.78595054388e+001, +8.95901866796e+001, +9.90942651245e-005, +1.99265969953e-001
+4.50721620000e+004, +2.80635063258e+001, +8.95890797689e+001, +9.90928920605e-005, +2.01267244195e-001
+4.54028260000e+004, +2.82690075052e+001, +8.95876809089e+001, +9.90915363335e-005, +2.03431229614e-001
+4.57359150000e+004, +2.84757671377e+001, +8.95865617811e+001, +9.90893285901e-005, +2.05475313877e-001
+4.60714480000e+004, +2.86841146848e+001, +8.95853936119e+001, +9.90873808861e-005, +2.07563515082e-001
+4.64094420000e+004, +2.88943617984e+001, +8.95841795908e+001, +9.90867203517e-005, +2.09697118683e-001
+4.67499160000e+004, +2.91058573687e+001, +8.95834858131e+001, +9.90850694304e-005, +2.11584445569e-001
+4.70928880000e+004, +2.93186641237e+001, +8.95828489173e+001, +9.90826183229e-005, +2.13457335534e-001
+4.74383760000e+004, +2.95340354717e+001, +8.95829805053e+001, +9.90835612115e-005, +2.14957539840e-001
+4.77863980000e+004, +2.97502668380e+001, +8.95829135021e+001, +9.90820980295e-005, +2.16566126190e-001
+4.81369740000e+004, +2.99680680014e+001, +8.95826076326e+001, +9.90805861420e-005, +2.18311581085e-001
+4.84901220000e+004, +3.01877268477e+001, +8.95818518632e+001, +9.90799322071e-005, +2.20309938857e-001
+4.88458600000e+004, +3.04089982074e+001, +8.95811394807e+001, +9.90792884752e-005, +2.22302854374e-001
+4.92042090000e+004, +3.06313295883e+001, +8.95796252791e+001, +9.90768148090e-005, +2.24737689401e-001
+4.95651860000e+004, +3.08551037224e+001, +8.95778099235e+001, +9.90737522887e-005, +2.27357072835e-001
+4.99288120000e+004, +3.10810424873e+001, +8.95757644967e+001, +9.90723742947e-005, +2.30131457065e-001
+5.02951050000e+004, +3.13080731194e+001, +8.95741008577e+001, +9.90692222247e-005, +2.32721481562e-001
+5.06640850000e+004, +3.15370988244e+001, +8.95726274008e+001, +9.90671308666e-005, +2.35234899163e-001
+5.10357730000e+004, +3.17678058525e+001, +8.95707813283e+001, +9.90650511690e-005, +2.37979272004e-001
+5.14101870000e+004, +3.19997420188e+001, +8.95694425584e+001, +9.90615599667e-005, +2.40464437371e-001
+5.17873480000e+004, +3.22337551495e+001, +8.95677889365e+001, +9.90592432451e-005, +2.43153223175e-001
+5.21672760000e+004, +3.24699463870e+001, +8.95667212390e+001, +9.90583581293e-005, +2.45539971208e-001
+5.25499910000e+004, +3.27071970086e+001, +8.95657784126e+001, +9.90554420781e-005, +2.47872272175e-001
+5.29355140000e+004, +3.29469463727e+001, +8.95643523207e+001, +9.90548197867e-005, +2.50509244313e-001
+5.33238650000e+004, +3.31888303244e+001, +8.95638850434e+001, +9.90553363982e-005, +2.52619052482e-001
+5.37150660000e+004, +3.34326827198e+001, +8.95632426696e+001, +9.90564196839e-005, +2.54849972582e-001
+5.41091360000e+004, +3.36769979870e+001, +8.95617889976e+001, +9.90535856171e-005, +2.57566740444e-001
+5.45060970000e+004, +3.39234678947e+001, +8.95618874807e+001, +9.90518503511e-005, +2.59393471534e-001
+5.49059710000e+004, +3.41723997061e+001, +8.95615114975e+001, +9.90520149492e-005, +2.61521149241e-001
+5.53087780000e+004, +3.44222976500e+001, +8.95602766106e+001, +9.90496930468e-005, +2.64175493129e-001
+5.57145410000e+004, +3.46741036366e+001, +8.95583045580e+001, +9.90475899272e-005, +2.67301395771e-001
+5.61232800000e+004, +3.49274887244e+001, +8.95565165311e+001, +9.90447450831e-005, +2.70344680218e-001
+5.65350170000e+004, +3.51827651924e+001, +8.95544021086e+001, +9.90420088183e-005, +2.73618896149e-001
+5.69497760000e+004, +3.54405144224e+001, +8.95529522972e+001, +9.90409754009e-005, +2.76520189418e-001
+5.73675770000e+004, +3.56999915982e+001, +8.95513345475e+001, +9.90394962652e-005, +2.79552688227e-001
+5.77884430000e+004, +3.59609330955e+001, +8.95499246865e+001, +9.90368208975e-005, +2.82480872469e-001
+5.82123970000e+004, +3.62242484725e+001, +8.95487892524e+001, +9.90354242175e-005, +2.85267107442e-001
+5.86394610000e+004, +3.64896421786e+001, +8.95469096136e+001, +9.90344256162e-005, +2.88554129087e-001
+5.90696580000e+004, +3.67567857631e+001, +8.95457186558e+001, +9.90329124352e-005, +2.91430664472e-001
+5.95030120000e+004, +3.70261724373e+001, +8.95443795918e+001, +9.90321640846e-005, +2.94431843840e-001
+5.99395440000e+004, +3.72976744886e+001, +8.95439124119e+001, +9.90318042814e-005, +2.96894935243e-001
+6.03792790000e+004, +3.75709275287e+001, +8.95431749240e+001, +9.90308077568e-005, +2.99553651638e-001
+6.08222400000e+004, +3.78460837278e+001, +8.95422490461e+001, +9.90295502364e-005, +3.02359035548e-001
+6.12684510000e+004, +3.81235298929e+001, +8.95412499216e+001, +9.90290050704e-005, +3.05240379177e-001
+6.17179350000e+004, +3.84031088663e+001, +8.95394321045e+001, +9.90287043528e-005, +3.08697232207e-001
+6.21707170000e+004, +3.86845031584e+001, +8.95374379262e+001, +9.90277988552e-005, +3.12305544626e-001
+6.26268210000e+004, +3.89688338794e+001, +8.95345750905e+001, +9.90291030935e-005, +3.16548036713e-001
+6.30862710000e+004, +3.92543476224e+001, +8.95319480221e+001, +9.90281229975e-005, +3.20667086730e-001
+6.35490910000e+004, +3.95424403363e+001, +8.95282566122e+001, +9.90283484675e-005, +3.25568029058e-001
+6.40153070000e+004, +3.98305133081e+001, +8.95252032163e+001, +9.90232761248e-005, +3.30062411785e-001
+6.44849430000e+004, +4.01215474778e+001, +8.95253075852e+001, +9.90203783539e-005, +3.32401034435e-001
+6.49580240000e+004, +4.04150397088e+001, +8.95246973567e+001, +9.90182832881e-005, +3.35262999194e-001
+6.54345760000e+004, +4.07104756352e+001, +8.95237163091e+001, +9.90156881460e-005, +3.38410829759e-001
+6.59146250000e+004, +4.10077439398e+001, +8.95230889062e+001, +9.90123066340e-005, +3.41330938416e-001
+6.63981950000e+004, +4.13076427560e+001, +8.95219793056e+001, +9.90100216842e-005, +3.44627111644e-001
+6.68853120000e+004, +4.16101849651e+001, +8.95203661964e+001, +9.90088015267e-005, +3.48322657575e-001
+6.73760040000e+004, +4.19149853609e+001, +8.95177342074e+001, +9.90076644866e-005, +3.52799545103e-001
+6.78702950000e+004, +4.22220134879e+001, +8.95160000258e+001, +9.90065299782e-005, +3.56661704836e-001
+6.83682120000e+004, +4.25314915993e+001, +8.95138502669e+001, +9.90058575789e-005, +3.60871697157e-001
+6.88697830000e+004, +4.28433148936e+001, +8.95111216114e+001, +9.90053523089e-005, +3.65557756230e-001
+6.93750330000e+004, +4.31576370510e+001, +8.95084635867e+001, +9.90053367922e-005, +3.70241754136e-001
+6.98839900000e+004, +4.34731952197e+001, +8.95032902980e+001, +9.90028462001e-005, +3.76873960810e-001
+7.03966800000e+004, +4.37884833835e+001, +8.95019878333e+001, +9.89945878520e-005, +3.80602604279e-001
+7.09131320000e+004, +4.41087859004e+001, +8.95024169457e+001, +9.89924769185e-005, +3.83056286439e-001
+7.14333730000e+004, +4.44322100355e+001, +8.95016555549e+001, +9.89920828005e-005, +3.86455443312e-001
+7.19574300000e+004, +4.47584095712e+001, +8.95004371853e+001, +9.89925760330e-005, +3.90244341823e-001
+7.24853320000e+004, +4.50860897730e+001, +8.94990306085e+001, +9.89910588241e-005, +3.94208148680e-001
+7.30171070000e+004, +4.54152652554e+001, +8.94976500936e+001, +9.89875720720e-005, +3.98180496862e-001
+7.35527830000e+004, +4.57478288172e+001, +8.94963146272e+001, +9.89862171787e-005, +4.02162526069e-001
+7.40923890000e+004, +4.60822890704e+001, +8.94948497285e+001, +9.89837032656e-005, +4.06280871908e-001
+7.46359530000e+004, +4.64195463491e+001, +8.94936109075e+001, +9.89819439142e-005, +4.10257895551e-001
+7.51835060000e+004, +4.67597572990e+001, +8.94917520890e+001, +9.89812009523e-005, +4.14781638296e-001
+7.57350750000e+004, +4.71025176636e+001, +8.94895289901e+001, +9.89805712866e-005, +4.19649612371e-001
+7.62906910000e+004, +4.74486192196e+001, +8.94876596726e+001, +9.89816749478e-005, +4.24281113677e-001
+7.68503830000e+004, +4.77968667229e+001, +8.94857048253e+001, +9.89819549573e-005, +4.29025803227e-001
+7.74141810000e+004, +4.81466732169e+001, +8.94825929058e+001, +9.89801673591e-005, +4.34780570469e-001
+7.79821160000e+004, +4.84984224389e+001, +8.94803653735e+001, +9.89771324027e-005, +4.39842417086e-001
+7.85542170000e+004, +4.88536602175e+001, +8.94788437753e+001, +9.89759705478e-005, +4.44361491555e-001
+7.91305150000e+004, +4.92096070263e+001, +8.94753535697e+001, +9.89709704883e-005, +4.50596607574e-001
+7.97110410000e+004, +4.95685581966e+001, +8.94746212255e+001, +9.89668344549e-005, +4.54516958076e-001
+8.02958250000e+004, +4.99317978392e+001, +8.94729097146e+001, +9.89659944695e-005, +4.59339144641e-001
+8.08849000000e+004, +5.02971991878e+001, +8.94706078781e+001, +9.89641599101e-005, +4.64721177886e-001
+8.14782970000e+004, +5.06654677899e+001, +8.94686092592e+001, +9.89627070958e-005, +4.69891058655e-001
+8.20760470000e+004, +5.10373482177e+001, +8.94663201078e+001, +9.89630249512e-005, +4.75379039670e-001
+8.26781820000e+004, +5.14111251268e+001, +8.94638135470e+001, +9.89617358460e-005, +4.81109546078e-001
+8.32847350000e+004, +5.17871535756e+001, +8.94610752519e+001, +9.89595137385e-005, +4.87103367769e-001
+8.38957380000e+004, +5.21674611081e+001, +8.94590846768e+001, +9.89602035022e-005, +4.92492818100e-001
+8.45112230000e+004, +5.25496834621e+001, +8.94578380657e+001, +9.89592524493e-005, +4.97244528481e-001
+8.51312230000e+004, +5.29351101034e+001, +8.94553932904e+001, +9.89590370539e-005, +5.03150184438e-001
+8.57557720000e+004, +5.33228512364e+001, +8.94531638234e+001, +9.89578734865e-005, +5.08910458465e-001
+8.63849030000e+004, +5.37138484073e+001, +8.94509349696e+001, +9.89574758708e-005, +5.14731532823e-001
+8.70186490000e+004, +5.41071903409e+001, +8.94488210728e+001, +9.89561253971e-005, +5.20497031475e-001
+8.76570450000e+004, +5.45040455702e+001, +8.94459563385e+001, +9.89559105957e-005, +5.27039698603e-001
+8.83001240000e+004, +5.49028736940e+001, +8.94436703928e+001, +9.89540153956e-005, +5.33086633393e-001
+8.89479210000e+004, +5.53043763843e+001, +8.94407682522e+001, +9.89516732504e-005, +5.39786215810e-001
+8.96004710000e+004, +5.57094941007e+001, +8.94372714562e+001, +9.89505259739e-005, +5.47140099352e-001
+9.02578080000e+004, +5.61158720396e+001, +8.94335598075e+001, +9.89463645110e-005, +5.54766299458e-001
+9.09199670000e+004, +5.65270122123e+001, +8.94309722809e+001, +9.89453695864e-005, +5.61383549395e-001
+9.15869840000e+004, +5.69388244955e+001, +8.94263647742e+001, +9.89402729895e-005, +5.70051931708e-001
+9.22588940000e+004, +5.73536434698e+001, +8.94285450216e+001, +9.89353053767e-005, +5.72022616335e-001
+9.29357340000e+004, +5.77751382289e+001, +8.94276542647e+001, +9.89365410572e-005, +5.77124603420e-001
+9.36175390000e+004, +5.81986908848e+001, +8.94243820620e+001, +9.89359685989e-005, +5.84679136895e-001
+9.43043460000e+004, +5.86235801949e+001, +8.94225397036e+001, +9.89324362773e-005, +5.90832643707e-001
+9.49961920000e+004, +5.90525345208e+001, +8.94209857659e+001, +9.89305220031e-005, +5.96757324130e-001
+9.56931140000e+004, +5.94855387409e+001, +8.94176464046e+001, +9.89300913934e-005, +6.04599871128e-001
+9.63951480000e+004, +5.99208936233e+001, +8.94145557752e+001, +9.89283047099e-005, +6.12256801155e-001
+9.71023330000e+004, +6.03593655334e+001, +8.94113611816e+001, +9.89264018513e-005, +6.20102228987e-001
+9.78147050000e+004, +6.08031787826e+001, +8.94080439024e+001, +9.89279678095e-005, +6.28181908351e-001
+9.85323040000e+004, +6.12478903265e+001, +8.94049936240e+001, +9.89257175517e-005, +6.36036904440e-001
+9.92551680000e+004, +6.16963705522e+001, +8.94025399161e+001, +9.89243048314e-005, +6.43336228610e-001
+9.99833340000e+004, +6.21479226240e+001, +8.94002481936e+001, +9.89225584247e-005, +6.50530431605e-001
+1.00716843000e+005, +6.26027979801e+001, +8.93981542820e+001, +9.89208436189e-005, +6.57579552086e-001
+1.01455733000e+005, +6.30612293835e+001, +8.93958903067e+001, +9.89194814789e-005, +6.64886566171e-001
+1.02200043000e+005, +6.35234112125e+001, +8.93933465143e+001, +9.89187273909e-005, +6.72579710417e-001
+1.02949815000e+005, +6.39888648209e+001, +8.93905544814e+001, +9.89177884042e-005, +6.80625900499e-001
+1.03705086000e+005, +6.44577124734e+001, +8.93875173767e+001, +9.89168208982e-005, +6.89029406155e-001
+1.04465899000e+005, +6.49307637099e+001, +8.93843327538e+001, +9.89170198314e-005, +6.97694935624e-001
+1.05232293000e+005, +6.54066674577e+001, +8.93810208233e+001, +9.89162802066e-005, +7.06589176720e-001
+1.06004310000e+005, +6.58852080101e+001, +8.93782484046e+001, +9.89142718586e-005, +7.14946712887e-001
+1.06781990000e+005, +6.63677586337e+001, +8.93757166941e+001, +9.89130269785e-005, +7.23115460216e-001
+1.07565376000e+005, +6.68529125841e+001, +8.93729709543e+001, +9.89103999034e-005, +7.31605043315e-001
+1.08354509000e+005, +6.73415608506e+001, +8.93701203686e+001, +9.89076941619e-005, +7.40302749942e-001
+1.09149431000e+005, +6.78341880434e+001, +8.93674508218e+001, +9.89055857815e-005, +7.48878689428e-001
+1.09950185000e+005, +6.83300716529e+001, +8.93647611922e+001, +9.89029739324e-005, +7.57560580825e-001
+1.10756813000e+005, +6.88293749036e+001, +8.93618515697e+001, +9.89000631109e-005, +7.66591358263e-001
+1.11569359000e+005, +6.93333373439e+001, +8.93589196189e+001, +9.88985930337e-005, +7.75751988646e-001
+1.12387867000e+005, +6.98411239288e+001, +8.93560291334e+001, +9.88973127201e-005, +7.84956633312e-001
+1.13212379000e+005, +7.03519193482e+001, +8.93528858689e+001, +9.88950297488e-005, +7.94556835993e-001
+1.14042940000e+005, +7.08674529856e+001, +8.93499106582e+001, +9.88941485797e-005, +8.04059003647e-001
+1.14879594000e+005, +7.13863581732e+001, +8.93466268927e+001, +9.88926985233e-005, +8.14037546512e-001
+1.15722386000e+005, +7.19089017472e+001, +8.93433966953e+001, +9.88910275797e-005, +8.24050034228e-001
+1.16571362000e+005, +7.24356180542e+001, +8.93405070425e+001, +9.88898370014e-005, +8.33738986605e-001
+1.17426565000e+005, +7.29673712614e+001, +8.93376085701e+001, +9.88902447720e-005, +8.43550522433e-001
+1.18288043000e+005, +7.35021310067e+001, +8.93341860781e+001, +9.88894340370e-005, +8.54122958011e-001
+1.19155840000e+005, +7.40406881371e+001, +8.93305109702e+001, +9.88884561611e-005, +8.65130048109e-001
+1.20030005000e+005, +7.45831770470e+001, +8.93268538779e+001, +9.88874580202e-005, +8.76228962517e-001
+1.20910582000e+005, +7.51277340238e+001, +8.93218961324e+001, +9.88839242706e-005, +8.89126880569e-001
+1.21797619000e+005, +7.56768553639e+001, +8.93190606897e+001, +9.88812024317e-005, +8.99370478163e-001
+1.22691164000e+005, +7.62317622189e+001, +8.93153633287e+001, +9.88807606555e-005, +9.10884159157e-001
+1.23591265000e+005, +7.67903927024e+001, +8.93118462348e+001, +9.88798770713e-005, +9.22272597617e-001
+1.24497968000e+005, +7.73525777753e+001, +8.93077498065e+001, +9.88782930767e-005, +9.34554597642e-001
+1.25411324000e+005, +7.79172119567e+001, +8.93043835075e+001, +9.88746080487e-005, +9.45953901693e-001
+1.26331380000e+005, +7.84866720430e+001, +8.93026741788e+001, +9.88718454878e-005, +9.55208784151e-001
+1.27258186000e+005, +7.90622710515e+001, +8.93000843675e+001, +9.88715365738e-005, +9.65787421750e-001
+1.28191792000e+005, +7.96425661801e+001, +8.92953078210e+001, +9.88717700918e-005, +9.79515053618e-001
+1.29132246000e+005, +8.02188139471e+001, +8.92889845959e+001, +9.88617337554e-005, +9.95454621464e-001
+1.30079600000e+005, +8.08040175717e+001, +8.92882529432e+001, +9.88576730135e-005, +1.00374832192e+000
+1.31033904000e+005, +8.13952533099e+001, +8.92860235419e+001, +9.88557215029e-005, +1.01425953440e+000
+1.31995210000e+005, +8.19919550142e+001, +8.92828842152e+001, +9.88551239442e-005, +1.02618710413e+000
+1.32963567000e+005, +8.25928562770e+001, +8.92788122150e+001, +9.88542976936e-005, +1.03957720326e+000
+1.33939029000e+005, +8.31978197369e+001, +8.92750938580e+001, +9.88530720823e-005, +1.05259064519e+000
+1.34921647000e+005, +8.38079100440e+001, +8.92714189328e+001, +9.88526678296e-005, +1.06568426999e+000
+1.35911474000e+005, +8.44213443816e+001, +8.92690918386e+001, +9.88509698408e-005, +1.07691310897e+000
+1.36908563000e+005, +8.50396602713e+001, +8.92663914466e+001, +9.88497183211e-005, +1.08880825277e+000
+1.37912966000e+005, +8.56623623678e+001, +8.92628964545e+001, +9.88482852889e-005, +1.10200593907e+000
+1.38924739000e+005, +8.62886831564e+001, +8.92604861659e+001, +9.88457971083e-005, +1.11369290647e+000
+1.39943933000e+005, +8.69204938902e+001, +8.92576379229e+001, +9.88443357338e-005, +1.12616799267e+000
+1.40970605000e+005, +8.75583270187e+001, +8.92527228513e+001, +9.88444032870e-005, +1.14194243489e+000
+1.42004809000e+005, +8.81996433504e+001, +8.92472890432e+001, +9.88431165713e-005, +1.15867047900e+000
+1.43046601000e+005, +8.88459725539e+001, +8.92422736771e+001, +9.88421890994e-005, +1.17493767113e+000
+1.44096035000e+005, +8.94964777542e+001, +8.92370678675e+001, +9.88406383096e-005, +1.19167103532e+000
+1.45153168000e+005, +9.01518685107e+001, +8.92327142760e+001, +9.88392409764e-005, +1.20724728390e+000
+1.46218056000e+005, +9.08120782146e+001, +8.92285277464e+001, +9.88378684620e-005, +1.22272324968e+000
+1.47290757000e+005, +9.14777127905e+001, +8.92258819699e+001, +9.88371683630e-005, +1.23590939809e+000
+1.48371328000e+005, +9.21455103480e+001, +8.92226480535e+001, +9.88335409582e-005, +1.25013212058e+000
+1.49459826000e+005, +9.28197868605e+001, +8.92197173079e+001, +9.88316286084e-005, +1.26402738705e+000
+1.50556309000e+005, +9.35000385844e+001, +8.92165361832e+001, +9.88308110404e-005, +1.27848185195e+000
+1.51660837000e+005, +9.41840800442e+001, +8.92134394442e+001, +9.88287399963e-005, +1.29292516999e+000
+1.52773467000e+005, +9.48741869419e+001, +8.92094446752e+001, +9.88277533374e-005, +1.30901288872e+000
+1.53894261000e+005, +9.55694802291e+001, +8.92050949100e+001, +9.88268910636e-005, +1.32586082038e+000
+1.55023277000e+005, +9.62695152419e+001, +8.92000039138e+001, +9.88256475174e-005, +1.34412575759e+000
+1.56160575000e+005, +9.69721084989e+001, +8.91941867115e+001, +9.88217676722e-005, +1.36377999011e+000
+1.57306218000e+005, +9.76794269992e+001, +8.91902392498e+001, +9.88175245850e-005, +1.38045652979e+000
+1.58460265000e+005, +9.83949889984e+001, +8.91855260397e+001, +9.88163604395e-005, +1.39866248499e+000
+1.59622778000e+005, +9.91154778478e+001, +8.91804324722e+001, +9.88148724059e-005, +1.41771449388e+000
+1.60793820000e+005, +9.98431862604e+001, +8.91754802531e+001, +9.88153106803e-005, +1.43675220139e+000
+1.61973453000e+005, +1.00576990363e+002, +8.91704913264e+001, +9.88164870362e-005, +1.45606835447e+000
+1.63161741000e+005, +1.01312878190e+002, +8.91637180965e+001, +9.88143894678e-005, +1.47869736726e+000
+1.64358746000e+005, +1.02052454977e+002, +8.91605468833e+001, +9.88107407394e-005, +1.49513955928e+000
+1.65564532000e+005, +1.02801490337e+002, +8.91583173561e+001, +9.88110181994e-005, +1.51011329099e+000
+1.66779165000e+005, +1.03555854854e+002, +8.91546085645e+001, +9.88110964929e-005, +1.52789711638e+000
+1.68002709000e+005, +1.04317280797e+002, +8.91500683884e+001, +9.88125983996e-005, +1.54739674837e+000
+1.69235228000e+005, +1.05082909418e+002, +8.91415668467e+001, +9.88126856937e-005, +1.57434420540e+000
+1.70476790000e+005, +1.05838641072e+002, +8.91377195494e+001, +9.87984073230e-005, +1.59277257234e+000
+1.71727461000e+005, +1.06615787636e+002, +8.91366498339e+001, +9.87990108203e-005, +1.60645819864e+000
+1.72987306000e+005, +1.07400358322e+002, +8.91310259488e+001, +9.88010764320e-005, +1.62882061104e+000
+1.74256395000e+005, +1.08183829374e+002, +8.91197138228e+001, +9.87967133208e-005, +1.66205929737e+000
+1.75534794000e+005, +1.08962329371e+002, +8.91184964011e+001, +9.87829281045e-005, +1.67633457655e+000
+1.76822571000e+005, +1.09758178739e+002, +8.91187384463e+001, +9.87797561276e-005, +1.68811473073e+000
+1.78119796000e+005, +1.10565474436e+002, +8.91170485143e+001, +9.87815658274e-005, +1.70379191683e+000
+1.79426538000e+005, +1.11380304415e+002, +8.91130071479e+001, +9.87847286132e-005, +1.72420357357e+000
+1.80742867000e+005, +1.12199881932e+002, +8.91083478332e+001, +9.87867670951e-005, +1.74601394007e+000
+1.82068852000e+005, +1.13022381740e+002, +8.91036693986e+001, +9.87860880699e-005, +1.76804100047e+000
+1.83404566000e+005, +1.13852326130e+002, +8.90992781249e+001, +9.87866434006e-005, +1.78974887271e+000
+1.84750078000e+005, +1.14686500543e+002, +8.90947210531e+001, +9.87855883689e-005, +1.81198258535e+000
+1.86105462000e+005, +1.15524398981e+002, +8.90904357227e+001, +9.87824979100e-005, +1.83386025941e+000
+1.87470789000e+005, +1.16370015160e+002, +8.90855807360e+001, +9.87807464171e-005, +1.85714318335e+000
+1.88846133000e+005, +1.17220611159e+002, +8.90814498528e+001, +9.87779944203e-005, +1.87916803516e+000
+1.90231566000e+005, +1.18079177789e+002, +8.90765816685e+001, +9.87766886688e-005, +1.90296315017e+000
+1.91627164000e+005, +1.18942357398e+002, +8.90712377803e+001, +9.87739770185e-005, +1.92796626568e+000
+1.93033000000e+005, +1.19814829875e+002, +8.90668317334e+001, +9.87737502486e-005, +1.95132093647e+000
+1.94449150000e+005, +1.20693268832e+002, +8.90623759168e+001, +9.87731666828e-005, +1.97501221938e+000
+1.95875689000e+005, +1.21579099480e+002, +8.90573473700e+001, +9.87733392930e-005, +2.00017677746e+000
+1.97312694000e+005, +1.22471533911e+002, +8.90523549828e+001, +9.87735943721e-005, +2.02552872924e+000
+1.98760241000e+005, +1.23370385013e+002, +8.90462496895e+001, +9.87737095586e-005, +2.05353884883e+000
+2.00218407000e+005, +1.24270031857e+002, +8.90398935203e+001, +9.87692059610e-005, +2.08229786088e+000
+2.01687271000e+005, +1.25172143306e+002, +8.90344800450e+001, +9.87614968940e-005, +2.10923881823e+000
+2.03166912000e+005, +1.26088027729e+002, +8.90306983662e+001, +9.87594931917e-005, +2.13299308593e+000
+2.04657407000e+005, +1.27009907855e+002, +8.90248795398e+001, +9.87568811189e-005, +2.16148522826e+000
+2.06158837000e+005, +1.27939707001e+002, +8.90193751495e+001, +9.87551871358e-005, +2.18959811776e+000
+2.07671282000e+005, +1.28878484005e+002, +8.90144142457e+001, +9.87551720027e-005, +2.21682181158e+000
+2.09194823000e+005, +1.29824729792e+002, +8.90091757074e+001, +9.87555892160e-005, +2.24496613676e+000
+2.10729540000e+005, +1.30776588539e+002, +8.90034257449e+001, +9.87549830693e-005, +2.27454816123e+000
+2.12275518000e+005, +1.31735474432e+002, +8.89985216270e+001, +9.87544367270e-005, +2.30249962505e+000
+2.13832836000e+005, +1.32701308049e+002, +8.89939735855e+001, +9.87538394519e-005, +2.32991265070e+000
+2.15401580000e+005, +1.33675169598e+002, +8.89883726260e+001, +9.87539085208e-005, +2.36007670933e+000
+2.16981833000e+005, +1.34652727607e+002, +8.89820682890e+001, +9.87514245201e-005, +2.39214950969e+000
+2.18573679000e+005, +1.35637596309e+002, +8.89760677356e+001, +9.87490666981e-005, +2.42384901334e+000
+2.20177203000e+005, +1.36629367412e+002, +8.89702566349e+001, +9.87464962523e-005, +2.45542711396e+000
+2.21792491000e+005, +1.37631594712e+002, +8.89641519395e+001, +9.87462147740e-005, +2.48810044245e+000
+2.23419629000e+005, +1.38639235425e+002, +8.89584191805e+001, +9.87445634074e-005, +2.52018588675e+000
+2.25058704000e+005, +1.39655176522e+002, +8.89533240721e+001, +9.87435839631e-005, +2.55107065006e+000
+2.26709805000e+005, +1.40681591352e+002, +8.89490243275e+001, +9.87447544028e-005, +2.58037573191e+000
+2.28373018000e+005, +1.41713971925e+002, +8.89445382597e+001, +9.87448192570e-005, +2.61040546738e+000
+2.30048433000e+005, +1.42753842149e+002, +8.89402466042e+001, +9.87448298791e-005, +2.64025107074e+000
+2.31736139000e+005, +1.43802038206e+002, +8.89346210371e+001, +9.87452749335e-005, +2.67375432206e+000
+2.33436227000e+005, +1.44858870932e+002, +8.89292651070e+001, +9.87463683649e-005, +2.70694318284e+000
+2.35148788000e+005, +1.45921356659e+002, +8.89222596535e+001, +9.87459767540e-005, +2.74463601059e+000
+2.36873912000e+005, +1.46995580165e+002, +8.89161507375e+001, +9.87482633349e-005, +2.78051107234e+000
+2.38611692000e+005, +1.48076187739e+002, +8.89090687634e+001, +9.87495006102e-005, +2.81925090207e+000
+2.40362221000e+005, +1.49160143772e+002, +8.89020213784e+001, +9.87476952185e-005, +2.85823190988e+000
+2.42125593000e+005, +1.50254462645e+002, +8.88960555538e+001, +9.87475197535e-005, +2.89484353295e+000
+2.43901901000e+005, +1.51358261355e+002, +8.88900870818e+001, +9.87482902560e-005, +2.93187359051e+000
+2.45691241000e+005, +1.52470070185e+002, +8.88844881240e+001, +9.87490080514e-005, +2.96830640167e+000
+2.47493708000e+005, +1.53589015040e+002, +8.88782402934e+001, +9.87490403220e-005, +3.00683511556e+000
+2.49309398000e+005, +1.54715450480e+002, +8.88721780992e+001, +9.87486176423e-005, +3.04525406283e+000
+2.51138409000e+005, +1.55849097160e+002, +8.88653991691e+001, +9.87475038130e-005, +3.08600319399e+000
+2.52980838000e+005, +1.56989162774e+002, +8.88584555770e+001, +9.87451957216e-005, +3.12759942574e+000
+2.54836784000e+005, +1.58137957636e+002, +8.88514479642e+001, +9.87431270557e-005, +3.16982351134e+000
+2.56706345000e+005, +1.59290437574e+002, +8.88440362942e+001, +9.87381165813e-005, +3.21352592670e+000
+2.58589622000e+005, +1.60455373953e+002, +8.88370307535e+001, +9.87356154881e-005, +3.25664217936e+000
+2.60486716000e+005, +1.61630856628e+002, +8.88307187774e+001, +9.87343752069e-005, +3.29830240578e+000
+2.62397727000e+005, +1.62815836986e+002, +8.88246004757e+001, +9.87336782438e-005, +3.33986614771e+000
+2.64322758000e+005, +1.64010599746e+002, +8.88198186837e+001, +9.87336866325e-005, +3.37805960588e+000
+2.66261911000e+005, +1.65216245683e+002, +8.88147709899e+001, +9.87349495460e-005, +3.41744406964e+000
+2.68215291000e+005, +1.66429597240e+002, +8.88092820974e+001, +9.87355091572e-005, +3.45848225306e+000
+2.70183001000e+005, +1.67649285397e+002, +8.88032644205e+001, +9.87345329703e-005, +3.50143201832e+000
+2.72165147000e+005, +1.68880852521e+002, +8.87967711934e+001, +9.87352574952e-005, +3.54628862519e+000
+2.74161835000e+005, +1.70114916265e+002, +8.87893899663e+001, +9.87321464375e-005, +3.59411291858e+000
+2.76173171000e+005, +1.71362761196e+002, +8.87819287476e+001, +9.87317755496e-005, +3.64278716829e+000
+2.78199263000e+005, +1.72617500226e+002, +8.87739840266e+001, +9.87300929000e-005, +3.69339006433e+000
+2.80240219000e+005, +1.73883387948e+002, +8.87661197700e+001, +9.87295250124e-005, +3.74433672523e+000
+2.82296147000e+005, +1.75155750608e+002, +8.87573703384e+001, +9.87273395889e-005, +3.79847644015e+000
+2.84367159000e+005, +1.76442743171e+002, +8.87495795479e+001, +9.87281641753e-005, +3.85037263448e+000
+2.86453365000e+005, +1.77738292332e+002, +8.87409031542e+001, +9.87284534343e-005, +3.90555314182e+000
+2.88554875000e+005, +1.79041540234e+002, +8.87322812063e+001, +9.87277426049e-005, +3.96112607999e+000
+2.90671803000e+005, +1.80356979267e+002, +8.87240613878e+001, +9.87284872734e-005, +4.01609709462e+000
+2.92804261000e+005, +1.81684408126e+002, +8.87168387678e+001, +9.87305320901e-005, +4.06855275514e+000
+2.94952364000e+005, +1.83016421546e+002, +8.87096442809e+001, +9.87297789920e-005, +4.12135633586e+000
+2.97116225000e+005, +1.84364217986e+002, +8.87055371487e+001, +9.87323675756e-005, +4.16491984859e+000
+2.99295962000e+005, +1.85718876258e+002, +8.86998467334e+001, +9.87332646153e-005, +4.21396276794e+000
+3.01491690000e+005, +1.87082731969e+002, +8.86948678973e+001, +9.87337896085e-005, +4.26116140694e+000
+3.03703526000e+005, +1.88459365266e+002, +8.86891088019e+001, +9.87357302606e-005, +4.31145491211e+000
+3.05931589000e+005, +1.89843055453e+002, +8.86828594045e+001, +9.87360522131e-005, +4.36381132956e+000
+3.08175998000e+005, +1.91239042228e+002, +8.86749214964e+001, +9.87374091858e-005, +4.42238777877e+000
+3.10436872000e+005, +1.92642757657e+002, +8.86670535477e+001, +9.87374672117e-005, +4.48129548490e+000
+3.12714333000e+005, +1.94058303258e+002, +8.86589284973e+001, +9.87382896554e-005, +4.54173589684e+000
+3.15008502000e+005, +1.95483861860e+002, +8.86508799723e+001, +9.87389170558e-005, +4.60255232497e+000
+3.17319502000e+005, +1.96918056376e+002, +8.86423103528e+001, +9.87386003977e-005, +4.66576402809e+000
+3.19647456000e+005, +1.98363261078e+002, +8.86338611441e+001, +9.87385294643e-005, +4.72925029175e+000
+3.21992488000e+005, +1.99815843949e+002, +8.86254458603e+001, +9.87368627081e-005, +4.79322128644e+000
+3.24354725000e+005, +2.01278275367e+002, +8.86167410517e+001, +9.87347946760e-005, +4.85887323942e+000
+3.26734291000e+005, +2.02756422590e+002, +8.86069574991e+001, +9.87351204235e-005, +4.92916738230e+000
+3.29131315000e+005, +2.04242981905e+002, +8.85986976519e+001, +9.87343262810e-005, +4.99474202978e+000
+3.31545924000e+005, +2.05742872237e+002, +8.85903444090e+001, +9.87346932944e-005, +5.06140825694e+000
+3.33978248000e+005, +2.07259845563e+002, +8.85826680535e+001, +9.87379778019e-005, +5.12648652890e+000
+3.36428415000e+005, +2.08785868452e+002, +8.85744741788e+001, +9.87402289885e-005, +5.19408137184e+000
+3.38896558000e+005, +2.10323279408e+002, +8.85667303607e+001, +9.87425688264e-005, +5.26074581649e+000
+3.41382808000e+005, +2.11872620703e+002, +8.85584532891e+001, +9.87451678697e-005, +5.33009691524e+000
+3.43887298000e+005, +2.13430218138e+002, +8.85498685285e+001, +9.87462908190e-005, +5.40125008892e+000
+3.46410162000e+005, +2.14996622147e+002, +8.85398175941e+001, +9.87461326339e-005, +5.47859381916e+000
+3.48951534000e+005, +2.16574091281e+002, +8.85291927186e+001, +9.87457496469e-005, +5.55893941300e+000
+3.51511550000e+005, +2.18163599833e+002, +8.85197597610e+001, +9.87456270269e-005, +5.63564400885e+000
+3.54090347000e+005, +2.19767420374e+002, +8.85101209922e+001, +9.87466814603e-005, +5.71403287981e+000
+3.56688064000e+005, +2.21384000348e+002, +8.85007090366e+001, +9.87481752502e-005, +5.79241883970e+000
+3.59304838000e+005, +2.23011745727e+002, +8.84926975050e+001, +9.87494086714e-005, +5.86618057513e+000
+3.61940809000e+005, +2.24654659650e+002, +8.84859149350e+001, +9.87521031220e-005, +5.93598133517e+000
+3.64596119000e+005, +2.26317025604e+002, +8.84784421336e+001, +9.87579712665e-005, +6.00941256114e+000
+3.67270908000e+005, +2.27986315940e+002, +8.84712779966e+001, +9.87615235273e-005, +6.08223415359e+000
+3.69965321000e+005, +2.29665183027e+002, +8.84630680484e+001, +9.87638493016e-005, +6.15992017378e+000
+3.72679501000e+005, +2.31356041669e+002, +8.84544747480e+001, +9.87659967166e-005, +6.23995775742e+000
+3.75413593000e+005, +2.33050173018e+002, +8.84440119187e+001, +9.87641658499e-005, +6.32819246542e+000
+3.78167744000e+005, +2.34761194037e+002, +8.84334012068e+001, +9.87642110320e-005, +6.41811287039e+000
+3.80942099000e+005, +2.36483915885e+002, +8.84234813057e+001, +9.87639262594e-005, +6.50613841787e+000
+3.83736808000e+005, +2.38218143828e+002, +8.84133260727e+001, +9.87631563723e-005, +6.59605668014e+000
+3.86552020000e+005, +2.39965622654e+002, +8.84035213262e+001, +9.87626196037e-005, +6.68549117540e+000
+3.89387885000e+005, +2.41728930851e+002, +8.83958633085e+001, +9.87634137204e-005, +6.76691361373e+000
+3.92244555000e+005, +2.43510292181e+002, +8.83872547106e+001, +9.87662268251e-005, +6.85335331413e+000
+3.95122183000e+005, +2.45297983813e+002, +8.83787470097e+001, +9.87663058256e-005, +6.94007525847e+000
+3.98020921000e+005, +2.47105962474e+002, +8.83696483694e+001, +9.87692170199e-005, +7.03045229635e+000
+4.00940926000e+005, +2.48924812029e+002, +8.83614008448e+001, +9.87711934755e-005, +7.11801795020e+000
+4.03882352000e+005, +2.50753909085e+002, +8.83515578102e+001, +9.87718520888e-005, +7.21338121119e+000
+4.06845358000e+005, +2.52600432299e+002, +8.83409193544e+001, +9.87740265176e-005, +7.31338205129e+000
+4.09830101000e+005, +2.54462253070e+002, +8.83301765509e+001, +9.87768523622e-005, +7.41497703412e+000
+4.12836742000e+005, +2.56336919058e+002, +8.83199086570e+001, +9.87793604272e-005, +7.51552255184e+000
+4.15865440000e+005, +2.58230375268e+002, +8.83106768096e+001, +9.87838229995e-005, +7.61262632636e+000
+4.18916357000e+005, +2.60132366904e+002, +8.82989423361e+001, +9.87860853213e-005, +7.72195014608e+000
+4.21989657000e+005, +2.62059516371e+002, +8.82906632891e+001, +9.87927243152e-005, +7.81700693970e+000
+4.25085504000e+005, +2.63996918267e+002, +8.82801188300e+001, +9.87977382559e-005, +7.92336100880e+000
+4.28204062000e+005, +2.65947025483e+002, +8.82700410783e+001, +9.88021726114e-005, +8.02864594705e+000
+4.31345500000e+005, +2.67911387140e+002, +8.82614539068e+001, +9.88066262775e-005, +8.12808251903e+000
+4.34509984000e+005, +2.69890396122e+002, +8.82512270734e+001, +9.88110422749e-005, +8.23627402155e+000
+4.37697683000e+005, +2.71875222401e+002, +8.82383681080e+001, +9.88121171631e-005, +8.35783385368e+000
+4.40908769000e+005, +2.73875741632e+002, +8.82252127618e+001, +9.88135664961e-005, +8.48218573255e+000
+4.44143412000e+005, +2.75885676942e+002, +8.82129288060e+001, +9.88131578659e-005, +8.60355536257e+000
+4.47401785000e+005, +2.77915008394e+002, +8.82016568550e+001, +9.88144513212e-005, +8.72148870666e+000
+4.50684063000e+005, +2.79967940987e+002, +8.81902954895e+001, +9.88187975807e-005, +8.84140177363e+000
+4.53990421000e+005, +2.82025353242e+002, +8.81813855208e+001, +9.88195304413e-005, +8.95021025481e+000
+4.57321035000e+005, +2.84105370678e+002, +8.81750976487e+001, +9.88230090620e-005, +9.04738372964e+000
+4.60676083000e+005, +2.86206897735e+002, +8.81683103230e+001, +9.88285893056e-005, +9.14819436253e+000
+4.64055746000e+005, +2.88315384823e+002, +8.81599436939e+001, +9.88311378852e-005, +9.25766884649e+000
+4.67460202000e+005, +2.90446782067e+002, +8.81510432057e+001, +9.88361652579e-005, +9.37120243614e+000
+4.70889635000e+005, +2.92589267466e+002, +8.81427008646e+001, +9.88396445158e-005, +9.48290836608e+000
+4.74344227000e+005, +2.94753402943e+002, +8.81280630348e+001, +9.88447279587e-005, +9.62831189646e+000
+4.77824163000e+005, +2.96926293317e+002, +8.81144295618e+001, +9.88474480066e-005, +9.76990610775e+000
+4.81329628000e+005, +2.99121710502e+002, +8.81010331280e+001, +9.88523271660e-005, +9.91204302654e+000
+4.84860811000e+005, +3.01332393997e+002, +8.80872393934e+001, +9.88568611212e-005, +1.00578032558e+001
+4.88417900000e+005, +3.03554301041e+002, +8.80762672331e+001, +9.88598874382e-005, +1.01900637280e+001
+4.92001085000e+005, +3.05803695646e+002, +8.80672707463e+001, +9.88666152580e-005, +1.03135636134e+001
+4.95610557000e+005, +3.08062560166e+002, +8.80581160459e+001, +9.88710215820e-005, +1.04389402840e+001
+4.99246509000e+005, +3.10338311343e+002, +8.80482661246e+001, +9.88754488475e-005, +1.05693764578e+001
+5.02909136000e+005, +3.12637129481e+002, +8.80380504114e+001, +9.88818301031e-005, +1.07033786891e+001
+5.06598633000e+005, +3.14946852324e+002, +8.80273405442e+001, +9.88862565808e-005, +1.08412898078e+001
+5.10315197000e+005, +3.17276190082e+002, +8.80135007163e+001, +9.88912877374e-005, +1.09980641773e+001
+5.14059027000e+005, +3.19615139624e+002, +8.79972218799e+001, +9.88938097336e-005, +1.11698953468e+001
+5.17830323000e+005, +3.21980559379e+002, +8.79816846576e+001, +9.88992032261e-005, +1.13398214758e+001
+5.21629287000e+005, +3.24351899436e+002, +8.79666989718e+001, +9.89010906936e-005, +1.15081186889e+001
+5.25456120000e+005, +3.26755897339e+002, +8.79521924934e+001, +9.89076002011e-005, +1.16760908694e+001
+5.29311029000e+005, +3.29176883641e+002, +8.79390770529e+001, +9.89139408185e-005, +1.18379035455e+001
+5.33194218000e+005, +3.31629968091e+002, +8.79287634513e+001, +9.89246759726e-005, +1.19857783783e+001
+5.37105896000e+005, +3.34095361270e+002, +8.79159420067e+001, +9.89334829842e-005, +1.21495961954e+001
+5.41046271000e+005, +3.36581991190e+002, +8.79060804115e+001, +9.89433279050e-005, +1.22979172026e+001
+5.45015554000e+005, +3.39081363049e+002, +8.78941869448e+001, +9.89513592989e-005, +1.24595776883e+001
+5.49013956000e+005, +3.41613259273e+002, +8.78831739330e+001, +9.89634889430e-005, +1.26182305032e+001
+5.53041692000e+005, +3.44150919927e+002, +8.78719989663e+001, +9.89718267892e-005, +1.27790416669e+001
+5.57098977000e+005, +3.46708732694e+002, +8.78618340068e+001, +9.89805981506e-005, +1.29354862626e+001
+5.61186028000e+005, +3.49286666408e+002, +8.78513252049e+001, +9.89896595629e-005, +1.30956863190e+001
+5.65303062000e+005, +3.51886004807e+002, +8.78395441200e+001, +9.89992649586e-005, +1.32654456288e+001
+5.69450300000e+005, +3.54507709115e+002, +8.78274172172e+001, +9.90096884119e-005, +1.34392584631e+001
+5.73627963000e+005, +3.57128454710e+002, +8.78120577201e+001, +9.90142140075e-005, +1.36342774507e+001
+5.77836275000e+005, +3.59782823587e+002, +8.77950524515e+001, +9.90225449024e-005, +1.38423190046e+001
+5.82075461000e+005, +3.62440338369e+002, +8.77787219725e+001, +9.90263821523e-005, +1.40477904029e+001
+5.86345747000e+005, +3.65125521311e+002, +8.77618505405e+001, +9.90323552443e-005, +1.42592993535e+001
+5.90647360000e+005, +3.67836060441e+002, +8.77471525422e+001, +9.90399389833e-005, +1.44594423887e+001
+5.94980532000e+005, +3.70563763360e+002, +8.77325741340e+001, +9.90467341219e-005, +1.46608803073e+001
+5.99345493000e+005, +3.73290900223e+002, +8.77218244951e+001, +9.90482696450e-005, +1.48387564532e+001
+6.03742477000e+005, +3.76054193666e+002, +8.77103986968e+001, +9.90539921405e-005, +1.50235329777e+001
+6.08171718000e+005, +3.78846594505e+002, +8.76992913499e+001, +9.90619956143e-005, +1.52084748361e+001
+6.12633454000e+005, +3.81654014456e+002, +8.76870129589e+001, +9.90684304001e-005, +1.54028978698e+001
+6.17127923000e+005, +3.84485265916e+002, +8.76741436141e+001, +9.90755995795e-005, +1.56034517175e+001
+6.21655364000e+005, +3.87367210564e+002, +8.76568290236e+001, +9.90900449416e-005, +1.58373727269e+001
+6.26216020000e+005, +3.90280905513e+002, +8.76388686441e+001, +9.91070143121e-005, +1.60787355259e+001
+6.30810134000e+005, +3.93198108836e+002, +8.76215446914e+001, +9.91193822915e-005, +1.63177037498e+001
+6.35437952000e+005, +3.96148086149e+002, +8.76043283889e+001, +9.91344954496e-005, +1.65590594208e+001
+6.40099722000e+005, +3.99102052319e+002, +8.75888599629e+001, +9.91452220127e-005, +1.67901885054e+001
+6.44795691000e+005, +4.02071936982e+002, +8.75752884084e+001, +9.91545753500e-005, +1.70102846017e+001
+6.49526112000e+005, +4.05045024311e+002, +8.75644360504e+001, +9.91594978295e-005, +1.72127160589e+001
+6.54291236000e+005, +4.08059887762e+002, +8.75532916347e+001, +9.91692054608e-005, +1.74201334942e+001
+6.59091319000e+005, +4.11092858853e+002, +8.75416377923e+001, +9.91778270281e-005, +1.76331502946e+001
+6.63926617000e+005, +4.14149126945e+002, +8.75278602380e+001, +9.91864671291e-005, +1.78637395306e+001
+6.68797388000e+005, +4.17241607102e+002, +8.75144403449e+001, +9.91983364334e-005, +1.80947647409e+001
+6.73703892000e+005, +4.20421767833e+002, +8.74999329408e+001, +9.92253634297e-005, +1.83390315428e+001
+6.78646392000e+005, +4.23616757609e+002, +8.74847915571e+001, +9.92501384987e-005, +1.85902395028e+001
+6.83625152000e+005, +4.26819256410e+002, +8.74687997305e+001, +9.92709469241e-005, +1.88497938224e+001
+6.88640438000e+005, +4.30038401699e+002, +8.74534708922e+001, +9.92900565858e-005, +1.91069012349e+001
+6.93692517000e+005, +4.33277498027e+002, +8.74392522954e+001, +9.93082569242e-005, +1.93582324510e+001
+6.98781659000e+005, +4.36500928138e+002, +8.74237270984e+001, +9.93172370131e-005, +1.96204087975e+001
+7.03908138000e+005, +4.39733708180e+002, +8.74107015127e+001, +9.93231016794e-005, +1.98655872048e+001
+7.09072226000e+005, +4.43010051995e+002, +8.73955919614e+001, +9.93331969173e-005, +2.01303074681e+001
+7.14274199000e+005, +4.46293793000e+002, +8.73791203601e+001, +9.93393911266e-005, +2.04076889601e+001
+7.19514335000e+005, +4.49636681302e+002, +8.73638174952e+001, +9.93533619609e-005, +2.06805143373e+001
+7.24792915000e+005, +4.53004617455e+002, +8.73451391583e+001, +9.93670581472e-005, +2.09829400505e+001
+7.30110220000e+005, +4.56423967252e+002, +8.73258026656e+001, +9.93863945050e-005, +2.12951924848e+001
+7.35466534000e+005, +4.59871874140e+002, +8.73074688330e+001, +9.94063990166e-005, +2.16030512038e+001
+7.40862144000e+005, +4.63329369551e+002, +8.72890019638e+001, +9.94228548393e-005, +2.19146399482e+001
+7.46297338000e+005, +4.66811862720e+002, +8.72697383968e+001, +9.94390246999e-005, +2.22361267248e+001
+7.51772406000e+005, +4.70330774773e+002, +8.72499357402e+001, +9.94573071589e-005, +2.25661172497e+001
+7.57287640000e+005, +4.73861499367e+002, +8.72312577581e+001, +9.94725869471e-005, +2.28898148411e+001
+7.62843337000e+005, +4.77413801608e+002, +8.72145087336e+001, +9.94869945512e-005, +2.32008046974e+001
+7.68439791000e+005, +4.80992314146e+002, +8.71966766317e+001, +9.95012170196e-005, +2.35242298153e+001
+7.74077303000e+005, +4.84599196726e+002, +8.71795606263e+001, +9.95158107138e-005, +2.38452244949e+001
+7.79756174000e+005, +4.88261270502e+002, +8.71631616496e+001, +9.95361966614e-005, +2.41649987569e+001
+7.85476706000e+005, +4.91944451187e+002, +8.71474295820e+001, +9.95553074956e-005, +2.44821963968e+001
+7.91239206000e+005, +4.95686788252e+002, +8.71329685633e+001, +9.95808276293e-005, +2.47933899831e+001
+7.97043982000e+005, +4.99446073470e+002, +8.71186870849e+001, +9.96040660294e-005, +2.51057576197e+001
+8.02891343000e+005, +5.03219104670e+002, +8.71030428423e+001, +9.96242608727e-005, +2.54326434301e+001
+8.08781602000e+005, +5.07045540512e+002, +8.70856745642e+001, +9.96491936505e-005, +2.57795360703e+001
+8.14715074000e+005, +5.10873121950e+002, +8.70690223250e+001, +9.96687342801e-005, +2.61224256281e+001
+8.20692075000e+005, +5.14718887404e+002, +8.70464452304e+001, +9.96856649294e-005, +2.65216256273e+001
+8.26712926000e+005, +5.18605895081e+002, +8.70273370619e+001, +9.97052596839e-005, +2.68946333116e+001
+8.32777948000e+005, +5.22521566166e+002, +8.70069764649e+001, +9.97246014787e-005, +2.72831293950e+001
+8.38887464000e+005, +5.26460707805e+002, +8.69885930835e+001, +9.97429610248e-005, +2.76574925202e+001
+8.45041802000e+005, +5.30475639874e+002, +8.69673072842e+001, +9.97697152002e-005, +2.80652175487e+001
+8.51241290000e+005, +5.34497273305e+002, +8.69515888860e+001, +9.97925141525e-005, +2.84244115099e+001
+8.57486260000e+005, +5.38577004408e+002, +8.69356340713e+001, +9.98204057259e-005, +2.87911314386e+001
+8.63777044000e+005, +5.42686107654e+002, +8.69195808172e+001, +9.98479629662e-005, +2.91626273776e+001
+8.70113979000e+005, +5.46846798854e+002, +8.68992249232e+001, +9.98788101979e-005, +2.95802124867e+001
+8.76497405000e+005, +5.50992932897e+002, +8.68783090326e+001, +9.99011778239e-005, +3.00053306340e+001
+8.82927661000e+005, +5.55209543460e+002, +8.68556941448e+001, +9.99304013275e-005, +3.04537699210e+001
+8.89405091000e+005, +5.59430174277e+002, +8.68275555877e+001, +9.99540369629e-005, +3.09596002175e+001
+8.95930042000e+005, +5.63679303000e+002, +8.68056948532e+001, +9.99776297222e-005, +3.14094879242e+001
+9.02502861000e+005, +5.67971973424e+002, +8.67816698939e+001, +1.00002985131e-004, +3.18864713956e+001
+9.09123902000e+005, +5.72326495209e+002, +8.67603392736e+001, +1.00033692338e-004, +3.23436711727e+001
+9.15793516000e+005, +5.76712393868e+002, +8.67431209140e+001, +1.00064455650e-004, +3.27645632793e+001
+9.22512060000e+005, +5.81131108276e+002, +8.67343646897e+001, +1.00095927124e-004, +3.31042696838e+001
+9.29279894000e+005, +5.85590101622e+002, +8.67228144323e+001, +1.00128224889e-004, +3.34761340337e+001
+9.36097378000e+005, +5.90065455394e+002, +8.67099848624e+001, +1.00157370160e-004, +3.38638838242e+001
+9.42964878000e+005, +5.94607027319e+002, +8.66933710257e+001, +1.00191531306e-004, +3.42966551513e+001
+9.49882760000e+005, +5.99185582890e+002, +8.66775920930e+001, +1.00226119747e-004, +3.47254803724e+001
+9.56851394000e+005, +6.03766512129e+002, +8.66534412704e+001, +1.00254396929e-004, +3.52450292658e+001
+9.63871151000e+005, +6.08390840163e+002, +8.66305773073e+001, +1.00284177678e-004, +3.57573380294e+001
+9.70942408000e+005, +6.13052253533e+002, +8.66061762367e+001, +1.00314064364e-004, +3.62919377027e+001
+9.78065542000e+005, +6.17792883184e+002, +8.65762817083e+001, +1.00350432621e-004, +3.68943451770e+001
+9.85240933000e+005, +6.22532287201e+002, +8.65516688575e+001, +1.00381236049e-004, +3.74443242436e+001
+9.92468965000e+005, +6.27289721004e+002, +8.65234964948e+001, +1.00408717735e-004, +3.80383519431e+001
+9.99750024000e+005, +6.32071011731e+002, +8.64938698348e+001, +1.00434040254e-004, +3.86545120588e+001
+1.00708450000e+006, +6.36910866446e+002, +8.64669055282e+001, +1.00463119580e-004, +3.92496700170e+001
+1.01447278300e+006, +6.41804101896e+002, +8.64406806435e+001, +1.00494821377e-004, +3.98444139889e+001
+1.02191526900e+006, +6.46755074322e+002, +8.64162092005e+001, +1.00529835772e-004, +4.04274770064e+001
+1.02941235600e+006, +6.51790878691e+002, +8.63931837750e+001, +1.00572200427e-004, +4.10036752720e+001
+1.03696444300e+006, +6.56916066492e+002, +8.63756127485e+001, +1.00622859158e-004, +4.15271539454e+001
+1.04457193500e+006, +6.62084817709e+002, +8.63569502273e+001, +1.00673907891e-004, +4.20691204945e+001
+1.05223523700e+006, +6.67277065941e+002, +8.63373297206e+001, +1.00722272091e-004, +4.26270776693e+001
+1.05995476000e+006, +6.72521726122e+002, +8.63166348249e+001, +1.00772278067e-004, +4.32045296058e+001
+1.06773091600e+006, +6.77766144655e+002, +8.62948645654e+001, +1.00816005517e-004, +4.37984353151e+001
+1.07556412000e+006, +6.83002751362e+002, +8.62728090417e+001, +1.00852512309e-004, +4.43991973052e+001
+1.08345479100e+006, +6.88287520461e+002, +8.62487641051e+001, +1.00889916777e-004, +4.50309725116e+001
+1.09140335100e+006, +6.93610602376e+002, +8.62241660551e+001, +1.00926877740e-004, +4.56763699196e+001
+1.09941022300e+006, +6.99010029046e+002, +8.61986307592e+001, +1.00968805098e-004, +4.63427890784e+001
+1.10747583700e+006, +7.04453269410e+002, +8.61720851431e+001, +1.01010865942e-004, +4.70293196660e+001
+1.11560062200e+006, +7.09964318745e+002, +8.61409183371e+001, +1.01055991700e-004, +4.77825634556e+001
+1.12378501300e+006, +7.15526167039e+002, +8.61069793048e+001, +1.01101860684e-004, +4.85797621418e+001
+1.13202944700e+006, +7.21142617606e+002, +8.60769220334e+001, +1.01149732253e-004, +4.93385146342e+001
+1.14033436500e+006, +7.26827004431e+002, +8.60461295491e+001, +1.01200829597e-004, +5.01171204280e+001
+1.14870021100e+006, +7.32543183227e+002, +8.60190030083e+001, +1.01250575469e-004, +5.08572593765e+001
+1.15712743100e+006, +7.38339946151e+002, +8.59950772542e+001, +1.01305607924e-004, +5.15672731303e+001
+1.16561647500e+006, +7.44198582161e+002, +8.59755097149e+001, +1.01363374900e-004, +5.22299865826e+001
+1.17416779800e+006, +7.50109246331e+002, +8.59570383994e+001, +1.01422049178e-004, +5.28860390425e+001
+1.18278185600e+006, +7.56068302496e+002, +8.59383493302e+001, +1.01480913747e-004, +5.35521811907e+001
+1.19145911000e+006, +7.62079120612e+002, +8.59174205858e+001, +1.01540107502e-004, +5.42555924281e+001
+1.20020002200e+006, +7.68141365191e+002, +8.58977448167e+001, +1.01599963056e-004, +5.49503014097e+001
+1.20900506100e+006, +7.74308007273e+002, +8.58801583646e+001, +1.01667484437e-004, +5.56284983902e+001
+1.21787469600e+006, +7.80507973555e+002, +8.58618038266e+001, +1.01732833289e-004, +5.63233061778e+001
+1.22680940100e+006, +7.86749809214e+002, +8.58394716981e+001, +1.01796693926e-004, +5.70795788705e+001
+1.23580965400e+006, +7.93047205535e+002, +8.58164764744e+001, +1.01861217756e-004, +5.78539020452e+001
+1.24487593600e+006, +7.99360440105e+002, +8.57913508087e+001, +1.01921079582e-004, +5.86640617080e+001
+1.25400873000e+006, +8.05669066453e+002, +8.57595587054e+001, +1.01973133491e-004, +5.95728764055e+001
+1.26320852600e+006, +8.12010835185e+002, +8.57236822311e+001, +1.02022547331e-004, +6.05488473569e+001
+1.27247581500e+006, +8.18415308993e+002, +8.56887783906e+001, +1.02073670195e-004, +6.15235754486e+001
+1.28181109100e+006, +8.24900121999e+002, +8.56532535924e+001, +1.02128389159e-004, +6.25210642494e+001
+1.29121485300e+006, +8.31498671672e+002, +8.56191266030e+001, +1.02190952219e-004, +6.35150117927e+001
+1.30068760500e+006, +8.38173841546e+002, +8.55854450283e+001, +1.02256486495e-004, +6.45161760375e+001
+1.31022985100e+006, +8.45006074120e+002, +8.55535864881e+001, +1.02334811939e-004, +6.55105188807e+001
+1.31984210200e+006, +8.51879860819e+002, +8.55209909839e+001, +1.02411362730e-004, +6.65265849341e+001
+1.32952487200e+006, +8.58817220190e+002, +8.54885701173e+001, +1.02488875801e-004, +6.75528176762e+001
+1.33927867800e+006, +8.65803748210e+002, +8.54579537549e+001, +1.02565803242e-004, +6.85635683040e+001
+1.34910404000e+006, +8.72842100133e+002, +8.54269434598e+001, +1.02642113183e-004, +6.95918561253e+001
+1.35900148500e+006, +8.79842365130e+002, +8.53963993419e+001, +1.02707391677e-004, +7.06175252524e+001
+1.36897154000e+006, +8.86934964470e+002, +8.53675556625e+001, +1.02777123387e-004, +7.16318371539e+001
+1.37901473800e+006, +8.94095963237e+002, +8.53378142657e+001, +1.02848035986e-004, +7.26727695962e+001
+1.38913161700e+006, +9.01328450653e+002, +8.53093607252e+001, +1.02920720498e-004, +7.37067482453e+001
+1.39932271600e+006, +9.08630953377e+002, +8.52787340012e+001, +1.02994413027e-004, +7.47879750474e+001
+1.40958858000e+006, +9.16062475589e+002, +8.52419734165e+001, +1.03075070931e-004, +7.59853815498e+001
+1.41992975800e+006, +9.23570757785e+002, +8.52015157914e+001, +1.03156975417e-004, +7.72580612682e+001
+1.43034680100e+006, +9.31174911775e+002, +8.51685063424e+001, +1.03243835050e-004, +7.84287385698e+001
+1.44084026800e+006, +9.38813163226e+002, +8.51393656402e+001, +1.03328188769e-004, +7.95478492851e+001
+1.45141071700e+006, +9.46516743361e+002, +8.51172261785e+001, +1.03413956948e-004, +8.05650106958e+001
+1.46205871500e+006, +9.54319455629e+002, +8.51066031932e+001, +1.03505459678e-004, +8.14054501086e+001
+1.47278483000e+006, +9.62222082167e+002, +8.51057245994e+001, +1.03602382169e-004, +8.20942619827e+001
+1.48358963500e+006, +9.70182360145e+002, +8.51139573531e+001, +1.03699973837e-004, +8.26345152378e+001
+1.49447370700e+006, +9.78185750187e+002, +8.51151259926e+001, +1.03794149275e-004, +8.32963184703e+001
+1.50543762900e+006, +9.86225043458e+002, +8.51108830229e+001, +1.03884398591e-004, +8.40536637394e+001
+1.51648198400e+006, +9.94238964376e+002, +8.50985642484e+001, +1.03963908258e-004, +8.49496563491e+001
+1.52760736500e+006, +1.00181758301e+003, +8.50677885519e+001, +1.03988643201e-004, +8.61333212028e+001
+1.53881436500e+006, +1.00955976037e+003, +8.50313964734e+001, +1.04023368403e-004, +8.74378123997e+001
+1.55010358300e+006, +1.01759617116e+003, +8.49934838156e+001, +1.04081796011e-004, +8.88046392190e+001
+1.56147562200e+006, +1.02592427028e+003, +8.49569971439e+001, +1.04163559584e-004, +9.01822351116e+001
+1.57293109000e+006, +1.03451107122e+003, +8.49201081338e+001, +1.04264483904e-004, +9.16005010602e+001
+1.58447059900e+006, +1.04397385249e+003, +8.48915968313e+001, +1.04447277184e-004, +9.29558267012e+001
+1.59609476500e+006, +1.05391160490e+003, +8.48650468276e+001, +1.04669262115e-004, +9.43271048667e+001
+1.60780421000e+006, +1.06387046924e+003, +8.48329384778e+001, +1.04883531582e-004, +9.58122237822e+001
+1.61959955900e+006, +1.07387342214e+003, +8.47918889591e+001, +1.05091817991e-004, +9.74793146305e+001
+1.63148144200e+006, +1.08383927168e+003, +8.47412270916e+001, +1.05286098399e-004, +9.93383036624e+001
+1.64345049400e+006, +1.09395953059e+003, +8.46787945030e+001, +1.05484609691e-004, +1.01452827271e+002
+1.65550735500e+006, +1.10434508540e+003, +8.45824307298e+001, +1.05693798656e-004, +1.04265183687e+002
+1.66765266900e+006, +1.11453547244e+003, +8.44891890413e+001, +1.05875750933e-004, +1.07032819152e+002
+1.67988708500e+006, +1.12445103360e+003, +8.44059667289e+001, +1.06024771410e-004, +1.09610651490e+002
+1.69221125600e+006, +1.13420264935e+003, +8.43255959300e+001, +1.06150700875e-004, +1.12144531301e+002
+1.70462584100e+006, +1.14375331563e+003, +8.42508584576e+001, +1.06251097466e-004, +1.14573377112e+002
+1.71713150300e+006, +1.15129816604e+003, +8.41913252389e+001, +1.06161907746e-004, +1.16519346096e+002
+1.72972891100e+006, +1.15893078716e+003, +8.41398316226e+001, +1.06077684075e-004, +1.18327994162e+002
+1.74241873700e+006, +1.16722344758e+003, +8.40860240880e+001, +1.06048368073e-004, +1.20265063185e+002
+1.75520166000e+006, +1.17612154244e+003, +8.40383199635e+001, +1.06069395767e-004, +1.22155857795e+002
+1.76807836200e+006, +1.18579291183e+003, +8.39904144126e+001, +1.06153465955e-004, +1.24146405554e+002
+1.78104953100e+006, +1.19761232450e+003, +8.39600420992e+001, +1.06424789439e-004, +1.26015181146e+002
+1.79411586200e+006, +1.21088301570e+003, +8.39433550096e+001, +1.06817114033e-004, +1.27762250084e+002
+1.80727805000e+006, +1.22388157621e+003, +8.39086908005e+001, +1.07170585229e-004, +1.29870046611e+002
+1.82053680100e+006, +1.23639157341e+003, +8.38746733023e+001, +1.07470720226e-004, +1.31927422472e+002
+1.83389282200e+006, +1.24855420561e+003, +8.38163948119e+001, +1.07725719377e-004, +1.34487868309e+002
+1.84734682700e+006, +1.25968469708e+003, +8.37409785050e+001, +1.07879034381e-004, +1.37335099073e+002
+1.86089953400e+006, +1.26852675152e+003, +8.36141415493e+001, +1.07818632096e-004, +1.41090175931e+002
+1.87455166800e+006, +1.27784911110e+003, +8.35009067046e+001, +1.07795927965e-004, +1.44636534120e+002
+1.88830395900e+006, +1.28772797025e+003, +8.33931652515e+001, +1.07814856384e-004, +1.48160376045e+002
+1.90215714100e+006, +1.29787334605e+003, +8.32982754261e+001, +1.07852047440e-004, +1.51462638414e+002
+1.91611195400e+006, +1.30865485690e+003, +8.32109628784e+001, +1.07936526102e-004, +1.54701290946e+002
+1.93016914400e+006, +1.32065967813e+003, +8.31608724854e+001, +1.08122076159e-004, +1.57266849568e+002
+1.94432946100e+006, +1.33311441310e+003, +8.31142131837e+001, +1.08336257823e-004, +1.59827840132e+002
+1.95859366300e+006, +1.34575736833e+003, +8.30736504208e+001, +1.08557902722e-004, +1.62289432700e+002
+1.97296251200e+006, +1.35879967929e+003, +8.30332971830e+001, +1.08802370806e-004, +1.64812222539e+002
+1.98743677500e+006, +1.37200589319e+003, +8.29921717042e+001, +1.09050134813e-004, +1.67391515046e+002
+2.00201722600e+006, +1.38641715713e+003, +8.29679870300e+001, +1.09387347834e-004, +1.69730583455e+002
+2.01670464300e+006, +1.40161016890e+003, +8.29472201893e+001, +1.09775765506e-004, +1.72094751721e+002
+2.03149981200e+006, +1.41635992150e+003, +8.29203328143e+001, +1.10116680854e-004, +1.74565390981e+002
+2.04640352300e+006, +1.43090539285e+003, +8.28870009810e+001, +1.10429336432e-004, +1.77184163371e+002
+2.06141657200e+006, +1.44491850190e+003, +8.28609784108e+001, +1.10692385394e-004, +1.79570542481e+002
+2.07653976100e+006, +1.45808714464e+003, +8.28156728217e+001, +1.10876686212e-004, +1.82351066291e+002
+2.09177389900e+006, +1.46863592753e+003, +8.27582402188e+001, +1.10851435296e-004, +1.85130809193e+002
+2.10711979900e+006, +1.47985957287e+003, +8.27021669790e+001, +1.10871256857e-004, +1.87982261295e+002
+2.12257828200e+006, +1.49170248213e+003, +8.26449385931e+001, +1.10930358386e-004, +1.90964415061e+002
+2.13815017200e+006, +1.50431381690e+003, +8.25914369517e+001, +1.11040042936e-004, +1.93971945590e+002
+2.15383630300e+006, +1.51760380437e+003, +8.25354933272e+001, +1.11191028138e-004, +1.97154932519e+002
+2.16963751200e+006, +1.53262549094e+003, +8.24665152202e+001, +1.11456158704e-004, +2.00935768876e+002
+2.18555464400e+006, +1.54845050018e+003, +8.23989649021e+001, +1.11769380636e-004, +2.04820201975e+002
+2.20158854800e+006, +1.56440386611e+003, +8.23428562610e+001, +1.12083825068e-004, +2.08448851653e+002
+2.21774008300e+006, +1.58087704450e+003, +8.22914168556e+001, +1.12425562604e-004, +2.12050368965e+002
+2.23401011000e+006, +1.59735650959e+003, +8.22479145450e+001, +1.12758576190e-004, +2.15462620762e+002
+2.25039949900e+006, +1.61485306182e+003, +8.22484073185e+001, +1.13163601028e-004, +2.17808916473e+002
+2.26690912500e+006, +1.63288927342e+003, +8.22676974643e+001, +1.13599357179e-004, +2.19696868741e+002
+2.28353987100e+006, +1.65089013836e+003, +8.22766307047e+001, +1.14017630522e-004, +2.21863732755e+002
+2.30029262600e+006, +1.66870037294e+003, +8.22714392898e+001, +1.14406941162e-004, +2.24407080629e+002
+2.31716828400e+006, +1.68663467731e+003, +8.22407995618e+001, +1.14786011674e-004, +2.27712614806e+002
+2.33416774700e+006, +1.70408779233e+003, +8.21900549976e+001, +1.15115243061e-004, +2.31564293783e+002
+2.35129192300e+006, +1.72061341136e+003, +8.20843639513e+001, +1.15355697650e-004, +2.36954020391e+002
+2.36854172800e+006, +1.73742339760e+003, +8.19807686143e+001, +1.15605107189e-004, +2.42380080844e+002
+2.38591808200e+006, +1.75445280491e+003, +8.18725488905e+001, +1.15856979394e-004, +2.48036727091e+002
+2.40342191500e+006, +1.77191656561e+003, +8.17622791259e+001, +1.16125903416e-004, +2.53881136387e+002
+2.42105416200e+006, +1.78947174442e+003, +8.16537903418e+001, +1.16390181883e-004, +2.59749370058e+002
+2.43881576300e+006, +1.80686658163e+003, +8.15279805243e+001, +1.16627811256e-004, +2.66199158467e+002
+2.45670767000e+006, +1.82482991048e+003, +8.13940014601e+001, +1.16888412700e-004, +2.73065467048e+002
+2.47473083700e+006, +1.84300311387e+003, +8.12770653742e+001, +1.17156282176e-004, +2.79503378020e+002
+2.49288622800e+006, +1.86200145875e+003, +8.11646303882e+001, +1.17466336492e-004, +2.85995708796e+002
+2.51117481200e+006, +1.88123698083e+003, +8.10554740254e+001, +1.17780395762e-004, +2.92491165872e+002
+2.52959756700e+006, +1.90205595585e+003, +8.09862170395e+001, +1.18193978934e-004, +2.97999018912e+002
+2.54815547700e+006, +1.92367901545e+003, +8.09324123006e+001, +1.18649330496e-004, +3.03170775279e+002
+2.56684953300e+006, +1.94553237274e+003, +8.08662173383e+001, +1.19101240411e-004, +3.08834270623e+002
+2.58568073500e+006, +1.96747019408e+003, +8.07953447232e+001, +1.19543174461e-004, +3.14719270756e+002
+2.60465008900e+006, +1.98931813099e+003, +8.07042168108e+001, +1.19959287755e-004, +3.21336926610e+002
+2.62375860700e+006, +2.01060463689e+003, +8.06076588761e+001, +1.20326531642e-004, +3.28118780218e+002
+2.64300731100e+006, +2.02977274359e+003, +8.04650100576e+001, +1.20538951890e-004, +3.36231630697e+002
+2.66239723000e+006, +2.05004164931e+003, +8.03235631217e+001, +1.20805509153e-004, +3.44579181679e+002
+2.68192940000e+006, +2.07151347006e+003, +8.01742056241e+001, +1.21127505656e-004, +3.53510214774e+002
+2.70160486300e+006, +2.09423875637e+003, +8.00182940786e+001, +1.21506743515e-004, +3.63002210289e+002
+2.72142467200e+006, +2.11858977483e+003, +7.98603401955e+001, +1.21964700547e-004, +3.72973813407e+002
+2.74138988400e+006, +2.14858585224e+003, +7.96248410396e+001, +1.22699410602e-004, +3.86944612457e+002
+2.76150156800e+006, +2.17941301500e+003, +7.93930630191e+001, +1.23460913988e-004, +4.01165330306e+002
+2.78176079800e+006, +2.20973491179e+003, +7.91875272202e+001, +1.24182668538e-004, +4.14535541876e+002
+2.80216865500e+006, +2.23969777657e+003, +7.90209325839e+001, +1.24879936072e-004, +4.26551231068e+002
+2.82272623100e+006, +2.26852770776e+003, +7.88850123092e+001, +1.25508086686e-004, +4.37323711115e+002
+2.84343462300e+006, +2.29413680991e+003, +7.88736338299e+001, +1.25995632957e-004, +4.42707641643e+002
+2.86429493900e+006, +2.31713160730e+003, +7.89605355781e+001, +1.26369253768e-004, +4.43696129471e+002
+2.88530829200e+006, +2.34087110301e+003, +7.90059029568e+001, +1.26753709980e-004, +4.46422521426e+002
+2.90647580600e+006, +2.36638195634e+003, +7.90221104212e+001, +1.27208867001e-004, +4.50630522000e+002
+2.92779861100e+006, +2.39354232332e+003, +7.90017241566e+001, +1.27723014174e-004, +4.56638702259e+002
+2.94927784700e+006, +2.42291637118e+003, +7.89216995585e+001, +1.28313885686e-004, +4.65564129383e+002
+2.97091466100e+006, +2.45714566385e+003, +7.86744957054e+001, +1.29068589762e-004, +4.82540726916e+002
+2.99271021000e+006, +2.49213088595e+003, +7.84480953138e+001, +1.29849054203e-004, +4.99063100538e+002
+3.01466565700e+006, +2.52717947747e+003, +7.82462018827e+001, +1.30621280981e-004, +5.14803268531e+002
+3.03678217700e+006, +2.56236762059e+003, +7.80735937711e+001, +1.31392482383e-004, +5.29526425101e+002
+3.05906095000e+006, +2.59752498153e+003, +7.79190853143e+001, +1.32149434817e-004, +5.43643406709e+002
+3.08150316700e+006, +2.63433240810e+003, +7.79318025695e+001, +1.33052268634e-004, +5.50775162852e+002
+3.10411002700e+006, +2.67101412728e+003, +7.79584695618e+001, +1.33935768200e-004, +5.57228675259e+002
+3.12688273800e+006, +2.70706256500e+003, +7.79346039296e+001, +1.34742799173e-004, +5.65851846966e+002
+3.14982251600e+006, +2.74337143781e+003, +7.78808507772e+001, +1.35528335978e-004, +5.75958057371e+002
+3.17293058800e+006, +2.77882690742e+003, +7.77789534880e+001, +1.36227858795e-004, +5.88232687325e+002
+3.19620818800e+006, +2.81013532453e+003, +7.75733153689e+001, +1.36652205903e-004, +6.04713509463e+002
+3.21965656000e+006, +2.83866692615e+003, +7.72684948578e+001, +1.36871739840e-004, +6.25592760162e+002
+3.24327695600e+006, +2.86932590904e+003, +7.69884641239e+001, +1.37189133011e-004, +6.46020776076e+002
+3.26707063800e+006, +2.90249665931e+003, +7.66841076173e+001, +1.37593371989e-004, +6.68502053143e+002
+3.29103887900e+006, +2.93828784493e+003, +7.63949884393e+001, +1.38108721503e-004, +6.91165010755e+002
+3.31518295800e+006, +2.97794732406e+003, +7.61095700833e+001, +1.38784188617e-004, +7.14903607104e+002
+3.33950416500e+006, +3.02703343562e+003, +7.57978911619e+001, +1.39853921023e-004, +7.42661667860e+002
+3.36400380000e+006, +3.07653404500e+003, +7.55120264549e+001, +1.40925808706e-004, +7.69677390646e+002
+3.38868317200e+006, +3.12585586317e+003, +7.52237214010e+001, +1.41955665054e-004, +7.97235331417e+002
+3.41354360000e+006, +3.17563276203e+003, +7.49502299395e+001, +1.42984008968e-004, +8.24578452346e+002
+3.43858641100e+006, +3.22578629658e+003, +7.47062915856e+001, +1.44018044876e-004, +8.50856397963e+002
+3.46381294400e+006, +3.27347033920e+003, +7.45418954810e+001, +1.44968141125e-004, +8.72490110733e+002
+3.48922454700e+006, +3.32134947313e+003, +7.43933900536e+001, +1.45912127741e-004, +8.93545752195e+002
+3.51482257700e+006, +3.37045462641e+003, +7.42183738508e+001, +1.46864918604e-004, +9.16668156364e+002
+3.54060840200e+006, +3.42093673604e+003, +7.40206640255e+001, +1.47833819734e-004, +9.41751910643e+002
+3.56658340000e+006, +3.47361320071e+003, +7.38159938898e+001, +1.48863587240e-004, +9.68176006758e+002
+3.59274895900e+006, +3.52684715559e+003, +7.36021117448e+001, +1.49880585165e-004, +9.95650463362e+002
+3.61910647600e+006, +3.58121005703e+003, +7.33703693038e+001, +1.50901399227e-004, +1.02488476389e+003
+3.64565736100e+006, +3.63804907795e+003, +7.31137202105e+001, +1.51974859987e-004, +1.05675526251e+003
+3.67240303000e+006, +3.69843041680e+003, +7.27961163631e+001, +1.53111592647e-004, +1.09389512103e+003
+3.69934491400e+006, +3.76020438079e+003, +7.24453325869e+001, +1.54239422561e-004, +1.13413640935e+003
+3.72648445300e+006, +3.82559515907e+003, +7.20323464771e+001, +1.55419583466e-004, +1.18011968571e+003
+3.75382309500e+006, +3.89474307227e+003, +7.13340194455e+001, +1.56443938701e-004, +1.24651457179e+003
+3.78136230200e+006, +3.96599570382e+003, +7.06982801723e+001, +1.57543295685e-004, +1.31093101662e+003
+3.80910354500e+006, +4.04023379485e+003, +7.01239805243e+001, +1.58756150266e-004, +1.37362281813e+003
+3.83704830600e+006, +4.11785671808e+003, +6.96258428380e+001, +1.60116897614e-004, +1.43362875997e+003
+3.86519807900e+006, +4.19824243462e+003, +6.92057790196e+001, +1.61608113344e-004, +1.49042926171e+003
+3.89355436700e+006, +4.29200593090e+003, +6.90904336521e+001, +1.63888487919e-004, +1.53179104931e+003
+3.92211868600e+006, +4.38889941942e+003, +6.90525725265e+001, +1.66325762590e-004, +1.56908060732e+003
+3.95089256100e+006, +4.48455911105e+003, +6.89815534073e+001, +1.68633053340e-004, +1.60847009272e+003
+3.97987753100e+006, +4.58015945321e+003, +6.88708152406e+001, +1.70846312927e-004, +1.65101914715e+003
+4.00907514300e+006, +4.67287312152e+003, +6.87431845877e+001, +1.72885834550e-004, +1.69414500699e+003
+4.03848695800e+006, +4.75079206394e+003, +6.86490568264e+001, +1.74376809439e-004, +1.72966589367e+003
+4.06811454700e+006, +4.81693805395e+003, +6.85609650271e+001, +1.75411340262e-004, +1.76064392938e+003
+4.09795949300e+006, +4.88810720085e+003, +6.83722640623e+001, +1.76477138881e-004, +1.80163215108e+003
+4.12802339100e+006, +4.96803815614e+003, +6.80690151661e+001, +1.77680495029e-004, +1.85551003793e+003
+4.15830784700e+006, +5.05662846454e+003, +6.76479931117e+001, +1.78995799864e-004, +1.92301460784e+003
+4.18881447900e+006, +5.15609016019e+003, +6.70710990349e+001, +1.80428008366e-004, +2.00875375205e+003
+4.21954491800e+006, +5.28421964138e+003, +6.57914230445e+001, +1.81785060320e-004, +2.16684483437e+003
+4.25050080400e+006, +5.41411305424e+003, +6.45983070582e+001, +1.83126094751e-004, +2.32244781343e+003
+4.28168379200e+006, +5.54380092853e+003, +6.35255741117e+001, +1.84459465668e-004, +2.47141709893e+003
+4.31309554800e+006, +5.67553483840e+003, +6.25619860237e+001, +1.85870742442e-004, +2.61522244191e+003
+4.34473775100e+006, +5.80741249581e+003, +6.17385125954e+001, +1.87376225105e-004, +2.74978815585e+003
+4.37661209000e+006, +5.92851865751e+003, +6.16650478169e+001, +1.89759575878e-004, +2.81382458471e+003
+4.40872027000e+006, +6.05319848752e+003, +6.17162011512e+001, +1.92431777987e-004, +2.86824286981e+003
+4.44106400500e+006, +6.18748583089e+003, +6.15959281836e+001, +1.95047249217e-004, +2.94330484926e+003
+4.47364502400e+006, +6.33228687330e+003, +6.12962361348e+001, +1.97594813144e-004, +3.04127781743e+003
+4.50646506700e+006, +6.48722360900e+003, +6.08241027894e+001, +2.00041693767e-004, +3.16247221430e+003
+4.53952588800e+006, +6.66899461626e+003, +5.98116157205e+001, +2.02103150889e-004, +3.35346872812e+003
+4.57282925400e+006, +6.87410147330e+003, +5.82505156949e+001, +2.03447499392e-004, +3.61719529568e+003
+4.60637694300e+006, +7.07673480856e+003, +5.67375433289e+001, +2.04449742322e-004, +3.88141236098e+003
+4.64017074900e+006, +7.27987858086e+003, +5.53033397635e+001, +2.05293758908e-004, +4.14393693090e+003
+4.67421247600e+006, +7.47904382730e+003, +5.39340946737e+001, +2.05850543476e-004, +4.40302863080e+003
+4.70850394400e+006, +7.67559699885e+003, +5.27120245729e+001, +2.06416534239e-004, +4.65004124346e+003
+4.74304698500e+006, +7.83618010679e+003, +5.21843260825e+001, +2.07724265446e-004, +4.80454371848e+003
+4.77784344400e+006, +8.01365358291e+003, +5.15370109676e+001, +2.09019186743e-004, +4.98456441658e+003
+4.81289518100e+006, +8.20732579964e+003, +5.07368732445e+001, +2.10133506513e-004, +5.19427475203e+003
+4.84820406800e+006, +8.41046105826e+003, +4.97839911887e+001, +2.10830707895e-004, +5.43039140814e+003
+4.88377199200e+006, +8.63761627779e+003, +4.86710575848e+001, +2.11377368052e-004, +5.70411834572e+003
+4.91960085400e+006, +8.89167028148e+003, +4.70973485427e+001, +2.10711383799e-004, +6.05304693844e+003
+4.95569256700e+006, +9.16538058113e+003, +4.52867102001e+001, +2.09176873463e-004, +6.44839107728e+003
+4.99204906000e+006, +9.44240638811e+003, +4.34485364902e+001, +2.07025929365e-004, +6.85511493268e+003
+5.02867227500e+006, +9.73980524164e+003, +4.14795812363e+001, +2.04176917498e-004, +7.29698235910e+003
+5.06556417000e+006, +1.00399708177e+004, +3.94325283238e+001, +2.00361433977e-004, +7.75460334166e+003
+5.10272671500e+006, +1.03901114274e+004, +3.72081250105e+001, +1.95968676464e-004, +8.27514370229e+003
+5.14016189600e+006, +1.07963440424e+004, +3.48485976138e+001, +1.91015132038e-004, +8.86017996916e+003
+5.17787171300e+006, +1.11798042872e+004, +3.23645477881e+001, +1.83951673957e-004, +9.44312578496e+003
+5.21585818100e+006, +1.15186134255e+004, +2.97884204120e+001, +1.74612327309e-004, +9.99661151984e+003
+5.25412333000e+006, +1.18135616307e+004, +2.71438774325e+001, +1.63260541031e-004, +1.05124594825e+004
+5.29266920300e+006, +1.20304317421e+004, +2.45146922686e+001, +1.50105926306e-004, +1.09459472914e+004
+5.33149786100e+006, +1.20085303044e+004, +2.23413987866e+001, +1.36265742895e-004, +1.11071136121e+004
+5.37061137800e+006, +1.20050366887e+004, +2.01182558048e+001, +1.22367599573e-004, +1.12725458484e+004
+5.41001184300e+006, +1.20281245495e+004, +1.77843004700e+001, +1.08078120508e-004, +1.14533380063e+004
+5.44970136300e+006, +1.20662851723e+004, +1.53099208310e+001, +9.30445277246e-005, +1.16380733940e+004
+5.48968205700e+006, +1.21267787819e+004, +1.27256706013e+001, +7.74461591496e-005, +1.18288959441e+004
+5.52995606200e+006, +1.22334456190e+004, +9.74606741548e+000, +5.96015651530e-005, +1.20568886209e+004
+5.57052553000e+006, +1.23485447861e+004, +6.59079949638e+000, +4.04945905803e-005, +1.22669358381e+004
+5.61139262800e+006, +1.24534917960e+004, +3.36046034303e+000, +2.07046424512e-005, +1.24320782333e+004
+5.65255953900e+006, +1.25197479369e+004, +1.62934118898e-003, +1.00244366417e-008, +1.25197479318e+004
+5.69402846400e+006, +1.25720874926e+004, -3.44984069680e+000, -2.11456897644e-005, +1.25493051171e+004
+5.73580161700e+006, +1.26365011435e+004, -7.31970745138e+000, -4.46726748922e-005, +1.25335222366e+004
+5.77788123100e+006, +1.27098133759e+004, -1.16225348791e+001, -7.05320294557e-005, +1.24492124849e+004
+5.82026955500e+006, +1.26726202259e+004, -1.56534248663e+001, -9.35005232826e-005, +1.22026104400e+004
+5.86296885200e+006, +1.25673619555e+004, -1.93214971144e+001, -1.12876117641e-004, +1.18595288907e+004
+5.90598140400e+006, +1.23866708347e+004, -2.26616343910e+001, -1.28608117868e-004, +1.14303738632e+004
+5.94930951000e+006, +1.21521623233e+004, -2.55042434360e+001, -1.39977717862e-004, +1.09679753905e+004
+5.99295548400e+006, +1.18741987093e+004, -2.68240258740e+001, -1.42299157738e-004, +1.05964954254e+004
+6.03692165900e+006, +1.15956250731e+004, -2.82977888668e+001, -1.44919485035e-004, +1.02098974203e+004
+6.08121038200e+006, +1.13147278974e+004, -2.98690207388e+001, -1.47475569208e-004, +9.81174902450e+003
+6.12582402200e+006, +1.10393180095e+004, -3.14783215846e+001, -1.49766507415e-004, +9.41474763764e+003
+6.17076496100e+006, +1.07501341970e+004, -3.32582555933e+001, -1.52055917258e-004, +8.98933902613e+003
+6.21603560100e+006, +1.04026585614e+004, -3.55244958285e+001, -1.54762311838e-004, +8.46638232922e+003
+6.26163836000e+006, +1.00522227641e+004, -3.78259393887e+001, -1.56690343594e-004, +7.94002409767e+003
+6.30757567600e+006, +9.71882743843e+003, -3.99198974650e+001, -1.57367269120e-004, +7.45378030939e+003
+6.35385000100e+006, +9.41707281288e+003, -4.18344743618e+001, -1.57330345650e-004, +7.01642381304e+003
+6.40046380900e+006, +9.13057032160e+003, -4.35944960785e+001, -1.56556945136e-004, +6.61270693833e+003
+6.44741959100e+006, +8.87622007052e+003, -4.51273163652e+001, -1.55278082942e-004, +6.26247311627e+003
+6.49471985500e+006, +8.64668015625e+003, -4.65156249243e+001, -1.53738864882e-004, +5.95027119257e+003
+6.54236712800e+006, +8.43183183155e+003, -4.78437872817e+001, -1.52058794862e-004, +5.65905973922e+003
+6.59036395600e+006, +8.22451383358e+003, -4.91419444833e+001, -1.50222082274e-004, +5.38037250825e+003
+6.63871290400e+006, +8.02487386834e+003, -5.04221242145e+001, -1.48283642001e-004, +5.11285912620e+003
+6.68741655400e+006, +7.83668043507e+003, -5.16872893172e+001, -1.46340220444e-004, +4.85837443833e+003
+6.73647751000e+006, +7.66828220505e+003, -5.30912259559e+001, -1.44861899939e-004, +4.60513073692e+003
+6.78589839200e+006, +7.49759987344e+003, -5.44048691300e+001, -1.42990052956e-004, +4.36400701337e+003
+6.83568184100e+006, +7.33090900524e+003, -5.56456147021e+001, -1.40911472070e-004, +4.13690474416e+003
+6.88583051600e+006, +7.16396064996e+003, -5.67732330941e+001, -1.38511971045e-004, +3.92552143446e+003
+6.93634709800e+006, +7.00225494601e+003, -5.78789445499e+001, -1.36073325122e-004, +3.72316792605e+003
+6.98723428500e+006, +6.85470394574e+003, -5.89674203799e+001, -1.33789073420e-004, +3.53377396264e+003
+7.03849479700e+006, +6.71335085831e+003, -5.99908584247e+001, -1.31452939340e-004, +3.35760300275e+003
+7.09013137100e+006, +6.56055124900e+003, -6.09045324637e+001, -1.28683699135e-004, +3.19017470571e+003
+7.14214676700e+006, +6.40736302632e+003, -6.16993660265e+001, -1.25714766943e-004, +3.03771768487e+003
+7.19454376400e+006, +6.24941670378e+003, -6.24000004699e+001, -1.22515167580e-004, +2.89532993525e+003
+7.24732516200e+006, +6.07294218126e+003, -6.28570092321e+001, -1.18677519431e-004, +2.77055354809e+003
+7.30049378000e+006, +5.87787833582e+003, -6.30495969703e+001, -1.14224882057e-004, +2.66396641999e+003
+7.35405246000e+006, +5.70346719793e+003, -6.33046293507e+001, -1.10276263433e-004, +2.56226447343e+003
+7.40800406200e+006, +5.55065357357e+003, -6.36327824925e+001, -1.06845092808e-004, +2.46517077347e+003
+7.46235147100e+006, +5.41346925799e+003, -6.40338022867e+001, -1.03801867053e-004, +2.37023780229e+003
+7.51709758900e+006, +5.29159291960e+003, -6.45023192985e+001, -1.01123712033e-004, +2.27789613561e+003
+7.57224534100e+006, +5.21349919017e+003, -6.52676800492e+001, -9.95269840150e-005, +2.18122111804e+003
+7.62779767400e+006, +5.13104009816e+003, -6.59853270764e+001, -9.77928274606e-005, +2.08818236654e+003
+7.68375755600e+006, +5.04743769554e+003, -6.66621914031e+001, -9.59948021549e-005, +1.99954993819e+003
+7.74012797800e+006, +4.96151440103e+003, -6.72805102527e+001, -9.41041391901e-005, +1.91623525243e+003
+7.79691195000e+006, +4.87514948765e+003, -6.78565479600e+001, -9.21744167039e-005, +1.83757457753e+003
+7.85411250700e+006, +4.78151711520e+003, -6.83371677084e+001, -9.00489016170e-005, +1.76506812568e+003
+7.91173270500e+006, +4.68917776091e+003, -6.87927063741e+001, -8.79408270647e-005, +1.69627840263e+003
+7.96977562200e+006, +4.59684652604e+003, -6.92126035565e+001, -8.58224585220e-005, +1.63142688562e+003
+8.02824436100e+006, +4.50682540006e+003, -6.95958116894e+001, -8.37391881291e-005, +1.57126213818e+003
+8.08714204400e+006, +4.41992770084e+003, -6.99919656382e+001, -8.17342104843e-005, +1.51228670208e+003
+8.14647181800e+006, +4.33141965273e+003, -7.03250387601e+001, -7.96811291947e-005, +1.45831880785e+003
+8.20623685400e+006, +4.24159923015e+003, -7.06246924664e+001, -7.76043036599e-005, +1.40717007822e+003
+8.26644034500e+006, +4.15733052543e+003, -7.09272198967e+001, -7.56477247154e-005, +1.35848648381e+003
+8.32708550800e+006, +4.07731986193e+003, -7.12399776044e+001, -7.37894086798e-005, +1.31128686602e+003
+8.38817558200e+006, +4.00128226534e+003, -7.15487899184e+001, -7.20164911517e-005, +1.26639383897e+003
+8.44971383200e+006, +3.92845646695e+003, -7.18888755293e+001, -7.03285745478e-005, +1.22120380605e+003
+8.51170354500e+006, +3.86159598843e+003, -7.22219480885e+001, -6.87574604681e-005, +1.17906324153e+003
+8.57414803400e+006, +3.79674893205e+003, -7.25668650085e+001, -6.72388090431e-005, +1.13747785914e+003
+8.63705063500e+006, +3.73365475440e+003, -7.29184545583e+001, -6.57651301804e-005, +1.09669558061e+003
+8.70041470900e+006, +3.67386441734e+003, -7.32820471651e+001, -6.43646609151e-005, +1.05682613844e+003
+8.76424364200e+006, +3.61516551361e+003, -7.36586056111e+001, -6.29977648302e-005, +1.01716320239e+003
+8.82854084300e+006, +3.55976934533e+003, -7.41509924606e+001, -6.17335492672e-005, +9.72184305807e+002
+8.89330974900e+006, +3.50552379748e+003, -7.46473582665e+001, -6.04962371114e-005, +9.28119488319e+002
+8.95855381900e+006, +3.45286021156e+003, -7.50815675492e+001, -5.92748130298e-005, +8.88917003998e+002
+9.02427654000e+006, +3.40165287984e+003, -7.54616568492e+001, -5.80716350884e-005, +8.53909595660e+002
+9.09048142300e+006, +3.35150693127e+003, -7.57632148562e+001, -5.68756080269e-005, +8.24235229555e+002
+9.15717200500e+006, +3.30420213475e+003, -7.59672515648e+001, -5.57144079641e-005, +8.01191190696e+002
+9.22435185100e+006, +3.25917933507e+003, -7.60313714763e+001, -5.45702403920e-005, +7.86735215947e+002
+9.29202454800e+006, +3.21442488159e+003, -7.61221352978e+001, -5.34499071834e-005, +7.70989463806e+002
+9.36019371300e+006, +3.16956518217e+003, -7.62054591729e+001, -5.23388804460e-005, +7.55754057994e+002
+9.42886298900e+006, +3.12538339152e+003, -7.63013843618e+001, -5.12544322480e-005, +7.40136641943e+002
+9.49803604300e+006, +3.08118037752e+003, -7.63960155187e+001, -5.01816542077e-005, +7.24723527511e+002
+9.56771657200e+006, +3.03569368117e+003, -7.64495092633e+001, -4.90918312644e-005, +7.11269569161e+002
+9.63790830000e+006, +2.99116815459e+003, -7.65367676420e+001, -4.80370688914e-005, +6.96407748296e+002
+9.70861497500e+006, +2.94796456161e+003, -7.66540718292e+001, -4.70213769141e-005, +6.80477955891e+002
+9.77984037600e+006, +2.90564676014e+003, -7.67871279233e+001, -4.60340769559e-005, +6.64142484871e+002
+9.85158830900e+006, +2.86479577034e+003, -7.69634001811e+001, -4.50886607027e-005, +6.46221790039e+002
+9.92386260800e+006, +2.82708570192e+003, -7.72353271223e+001, -4.42191357818e-005, +6.24636679111e+002
+9.99666713200e+006, +2.79032340891e+003, -7.75522200768e+001, -4.33798971807e-005, +6.01453418339e+002
+1.00700057730e+007, +2.75300617596e+003, -7.78336953662e+001, -4.25335994658e-005, +5.80195904198e+002
+1.01438824490e+007, +2.71527296233e+003, -7.80713282321e+001, -4.16819839270e-005, +5.61230145938e+002
+1.02183011080e+007, +2.67796777791e+003, -7.82869904534e+001, -4.08420818516e-005, +5.43653252814e+002
+1.02932657240e+007, +2.63791627086e+003, -7.84250284325e+001, -3.99580840961e-005, +5.29297887972e+002
+1.03687803040e+007, +2.59546686901e+003, -7.84694965626e+001, -3.90349430840e-005, +5.18806844017e+002
+1.04448488830e+007, +2.55537921724e+003, -7.85359450057e+001, -3.81611434278e-005, +5.07889620157e+002
+1.05214755240e+007, +2.51797936030e+003, -7.86320735071e+001, -3.73414200695e-005, +4.96315298670e+002
+1.05986643210e+007, +2.48307482403e+003, -7.87499263297e+001, -3.65706457538e-005, +4.84426998374e+002
+1.06764194000e+007, +2.45033037005e+003, -7.88963949233e+001, -3.58436591477e-005, +4.71893712235e+002
+1.07547449140e+007, +2.42541496768e+003, -7.91773330887e+001, -3.52542733929e-005, +4.55419937499e+002
+1.08336450480e+007, +2.40005668439e+003, -7.94338287585e+001, -3.46609044413e-005, +4.40100724029e+002
+1.09131240180e+007, +2.37376962181e+003, -7.96623286434e+001, -3.40566539000e-005, +4.25970751540e+002
+1.09931860700e+007, +2.34705880285e+003, -7.98519303059e+001, -3.34481872675e-005, +4.13534480308e+002
+1.10738354830e+007, +2.31982978360e+003, -8.00222824959e+001, -3.28366913507e-005, +4.01945701675e+002
+1.11550765640e+007, +2.28910115385e+003, -8.00960475406e+001, -3.21730149900e-005, +3.93718659558e+002
+1.12369136550e+007, +2.25779996842e+003, -8.01379151472e+001, -3.15059834887e-005, +3.86709594308e+002
+1.13193511280e+007, +2.22790756412e+003, -8.01958138519e+001, -3.08678459834e-005, +3.79371429958e+002
+1.14023933880e+007, +2.19974935940e+003, -8.02670424527e+001, -3.02622225550e-005, +3.71881588279e+002
+1.14860448710e+007, +2.17287442624e+003, -8.03579537449e+001, -2.96828362196e-005, +3.63939671357e+002
+1.15703100480e+007, +2.14810034006e+003, -8.04774042638e+001, -2.91409493310e-005, +3.55374318899e+002
+1.16551934200e+007, +2.12608302644e+003, -8.06462465493e+001, -2.86462389460e-005, +3.45551408785e+002
+1.17406995230e+007, +2.10415323133e+003, -8.08027238191e+001, -2.81568438416e-005, +3.36315773469e+002
+1.18268329250e+007, +2.08223427131e+003, -8.09445335926e+001, -2.76716075273e-005, +3.27723985647e+002
+1.19135982280e+007, +2.06029205104e+003, -8.10747678352e+001, -2.71903800541e-005, +3.19644944289e+002
+1.20010000690e+007, +2.03841869171e+003, -8.11966307787e+001, -2.67146479031e-005, +3.11967643862e+002
+1.20890431160e+007, +2.01655749239e+003, -8.12942794536e+001, -2.62425578898e-005, +3.05225160116e+002
+1.21777320740e+007, +1.99513303989e+003, -8.13863251724e+001, -2.57809661172e-005, +2.98813721778e+002
+1.22670716820e+007, +1.97362683800e+003, -8.14702549612e+001, -2.53229194033e-005, +2.92733933072e+002
+1.23570667130e+007, +1.95235088770e+003, -8.15465178051e+001, -2.48724417253e-005, +2.87008059023e+002
+1.24477219760e+007, +1.93131297285e+003, -8.16163997871e+001, -2.44296424700e-005, +2.81585166627e+002
+1.25390423130e+007, +1.90982853127e+003, -8.16573003042e+001, -2.39844585277e-005, +2.77103906951e+002
+1.26310326040e+007, +1.88840795395e+003, -8.16886513553e+001, -2.35446183965e-005, +2.72973514317e+002
+1.27236977650e+007, +1.86766685445e+003, -8.17322128956e+001, -2.31189904873e-005, +2.68570205954e+002
+1.28170427460e+007, +1.84780395296e+003, -8.17791138783e+001, -2.27092278669e-005, +2.64216986343e+002
+1.29110725350e+007, +1.82827666898e+003, -8.18317787427e+001, -2.23085524557e-005, +2.59761436967e+002
+1.30057921550e+007, +1.80940778962e+003, -8.19054852236e+001, -2.19215503812e-005, +2.54776289573e+002
+1.31012066680e+007, +1.79193045070e+003, -8.19940047212e+001, -2.15564067630e-005, +2.49574194259e+002
+1.31973211710e+007, +1.77404417978e+003, -8.20847532862e+001, -2.11905073024e-005, +2.44300290641e+002
+1.32941408000e+007, +1.75644547508e+003, -8.21735134266e+001, -2.08319591802e-005, +2.39181431112e+002
+1.33916707280e+007, +1.73887650996e+003, -8.22591072426e+001, -2.04775681871e-005, +2.34215239874e+002
+1.34899161650e+007, +1.72128474715e+003, -8.23458358058e+001, -2.01268924534e-005, +2.29263716570e+002
+1.35888823610e+007, +1.70258874023e+003, -8.24140750573e+001, -1.97664406890e-005, +2.24763656899e+002
+1.36885746040e+007, +1.68422091505e+003, -8.24845407923e+001, -1.94139579146e-005, +2.20285473716e+002
+1.37889982200e+007, +1.66674530717e+003, -8.25633874935e+001, -1.90760392730e-005, +2.15725606421e+002
+1.38901585740e+007, +1.65004331413e+003, -8.26509244256e+001, -1.87510639543e-005, +2.11063887309e+002
+1.39920610730e+007, +1.63387257457e+003, -8.27456230979e+001, -1.84359804860e-005, +2.06316849853e+002
+1.40947111590e+007, +1.62009548015e+003, -8.28861261285e+001, -1.81530004877e-005, +2.00635477366e+002
+1.41981143180e+007, +1.60721961055e+003, -8.30365794923e+001, -1.78833695062e-005, +1.94852305840e+002
+1.43022760750e+007, +1.59360905529e+003, -8.31738939482e+001, -1.76078887275e-005, +1.89410615218e+002
+1.44072019950e+007, +1.57943926440e+003, -8.32879496640e+001, -1.73283237595e-005, +1.84604255068e+002
+1.45128976840e+007, +1.56454530743e+003, -8.33830898824e+001, -1.70432157574e-005, +1.80283067019e+002
+1.46193687880e+007, +1.54825476917e+003, -8.34390122982e+001, -1.67448128551e-005, +1.76904740722e+002
+1.47266209980e+007, +1.52974426587e+003, -8.34364012843e+001, -1.64240379776e-005, +1.74858971774e+002
+1.48346600440e+007, +1.51211409286e+003, -8.34472005815e+001, -1.61168658135e-005, +1.72560593695e+002
+1.49434916970e+007, +1.49518254116e+003, -8.34732448135e+001, -1.58211624228e-005, +1.69953161776e+002
+1.50531217720e+007, +1.48478547775e+003, -8.35250111339e+001, -1.55983301081e-005, +1.67438489824e+002
+1.51635561280e+007, +1.46916778321e+003, -8.35868027221e+001, -1.53237199113e-005, +1.64102852890e+002
+1.52748006650e+007, +1.45511377997e+003, -8.37452974826e+001, -1.50712275605e-005, +1.58532407017e+002
+1.53868613250e+007, +1.44146840903e+003, -8.38864478017e+001, -1.48251208756e-005, +1.53515318291e+002
+1.54997440980e+007, +1.42777086490e+003, -8.40060773335e+001, -1.45805298832e-005, +1.49092080275e+002
+1.56134550130e+007, +1.41423166292e+003, -8.41062425290e+001, -1.43396947582e-005, +1.45219191249e+002
+1.57280001470e+007, +1.40075591603e+003, -8.41872454997e+001, -1.41016610355e-005, +1.41865425834e+002
+1.58433856190e+007, +1.38731921820e+003, -8.41995566677e+001, -1.38649787966e-005, +1.40208022777e+002
+1.59596175950e+007, +1.37392381851e+003, -8.41783773419e+001, -1.36305893391e-005, +1.39359489863e+002
+1.60767022850e+007, +1.36070570361e+003, -8.41720767273e+001, -1.34009882385e-005, +1.38167612849e+002
+1.61946459440e+007, +1.34767780966e+003, -8.41819890771e+001, -1.31762513956e-005, +1.36612796147e+002
+1.63134548740e+007, +1.33474151172e+003, -8.42124962106e+001, -1.29554342317e-005, +1.34594414777e+002
+1.64331354230e+007, +1.32191003106e+003, -8.42752442692e+001, -1.27388481346e-005, +1.31860093513e+002
+1.65536939860e+007, +1.30894971538e+003, -8.43874328544e+001, -1.25245215913e-005, +1.28016838067e+002
+1.66751370030e+007, +1.29636160554e+003, -8.44891263841e+001, -1.23158648522e-005, +1.24495642760e+002
+1.67974709640e+007, +1.28405314272e+003, -8.45807599464e+001, -1.21119401574e-005, +1.21269343000e+002
+1.69207024050e+007, +1.27205282368e+003, -8.46537892400e+001, -1.19127913173e-005, +1.18521790671e+002
+1.70448379100e+007, +1.26035395286e+003, -8.47185417860e+001, -1.17185014584e-005, +1.16013502979e+002
+1.71698841120e+007, +1.24980815946e+003, -8.47207777447e+001, -1.15358602010e-005, +1.14994213499e+002
+1.72958476900e+007, +1.23911129452e+003, -8.47340430805e+001, -1.13540743869e-005, +1.13724330527e+002
+1.74227353770e+007, +1.22846497340e+003, -8.47540715331e+001, -1.11749007604e-005, +1.12319602711e+002
+1.75505539510e+007, +1.21772616067e+003, -8.47739429598e+001, -1.09968891647e-005, +1.10917172166e+002
+1.76793102420e+007, +1.20699277630e+003, -8.48090945100e+001, -1.08211815266e-005, +1.09202071777e+002
+1.78090111280e+007, +1.19579552647e+003, -8.48603179689e+001, -1.06435755104e-005, +1.07124284799e+002
+1.79396635410e+007, +1.18455335267e+003, -8.49284438020e+001, -1.04678356734e-005, +1.04714295223e+002
+1.80712744590e+007, +1.17360416613e+003, -8.49888265347e+001, -1.02965041841e-005, +1.02514338889e+002
+1.82038509170e+007, +1.16286112084e+003, -8.50430627931e+001, -1.01287854443e-005, +1.00479330049e+002
+1.83373999960e+007, +1.15240434470e+003, -8.50999981280e+001, -9.96545503192e-006, +9.84348708474e+001
+1.84719288320e+007, +1.14235957358e+003, -8.51571166512e+001, -9.80748118963e-006, +9.64421654039e+001
+1.86074446140e+007, +1.13307486767e+003, -8.52222841366e+001, -9.65784753580e-006, +9.43741110880e+001
+1.87439545810e+007, +1.12362622706e+003, -8.52794958319e+001, -9.50834968349e-006, +9.24690060424e+001
+1.88814660280e+007, +1.11426306084e+003, -8.53262321634e+001, -9.36107295269e-006, +9.07926077685e+001
+1.90199863010e+007, +1.10473185447e+003, -8.53637019491e+001, -9.21389822930e-006, +8.92959044844e+001
+1.91595228010e+007, +1.09519969358e+003, -8.53897595127e+001, -9.06820504806e-006, +8.80289507105e+001
+1.93000829850e+007, +1.08543224853e+003, -8.53825946078e+001, -8.92178734653e-006, +8.73791667578e+001
+1.94416743610e+007, +1.07570026721e+003, -8.53788252460e+001, -8.77735425331e-006, +8.66662635483e+001
+1.95843044960e+007, +1.06605812078e+003, -8.53761177635e+001, -8.63529314885e-006, +8.59396340351e+001
+1.97279810090e+007, +1.05646844952e+003, -8.53784512948e+001, -8.49531870805e-006, +8.51236807835e+001
+1.98727115780e+007, +1.04690620178e+003, -8.53861312500e+001, -8.35720644821e-006, +8.42133417803e+001
+2.00185039350e+007, +1.03703840488e+003, -8.54006324440e+001, -8.21831089470e-006, +8.31579543575e+001
+2.01653658700e+007, +1.02721898749e+003, -8.54192427181e+001, -8.08141857681e-006, +8.20379742111e+001
+2.03133052290e+007, +1.01773401582e+003, -8.54415839034e+001, -7.94873282640e-006, +8.08848842066e+001
+2.04623299170e+007, +1.00845150196e+003, -8.54665095001e+001, -7.81914307829e-006, +7.97098218309e+001
+2.06124478970e+007, +9.99495250759e+002, -8.54925584928e+001, -7.69353617187e-006, +7.85489059726e+001
+2.07636671880e+007, +9.90786000513e+002, -8.55215947549e+001, -7.57125603051e-006, +7.73638924763e+001
+2.09159958710e+007, +9.82440281926e+002, -8.55562041783e+001, -7.45315599024e-006, +7.61205872359e+001
+2.10694420840e+007, +9.74301505012e+002, -8.55868333062e+001, -7.33788523578e-006, +7.49706993019e+001
+2.12240140260e+007, +9.66376791869e+002, -8.56162406566e+001, -7.22547978773e-006, +7.38663702858e+001
+2.13797199550e+007, +9.58576741322e+002, -8.56464174704e+001, -7.11524849855e-006, +7.27667615557e+001
+2.15365681920e+007, +9.51008320218e+002, -8.56757228943e+001, -7.00793181000e-006, +7.17072092658e+001
+2.16945671150e+007, +9.44313616508e+002, -8.57084101605e+001, -6.90821711939e-006, +7.06652110333e+001
+2.18537251680e+007, +9.37465846639e+002, -8.57389174666e+001, -6.80844579234e-006, +6.96550094998e+001
+2.20140508530e+007, +9.30559081486e+002, -8.57642021683e+001, -6.70928484052e-006, +6.87322987699e+001
+2.21755527370e+007, +9.23427419912e+002, -8.57868626175e+001, -6.60957056301e-006, +6.78413222271e+001
+2.23382394490e+007, +9.16103221735e+002, -8.58105887202e+001, -6.50958961462e-006, +6.69248986327e+001
+2.25021196800e+007, +9.08164233388e+002, -8.58168892401e+001, -6.40623109086e-006, +6.62453250261e+001
+2.26672021880e+007, +8.99963377455e+002, -8.58124401586e+001, -6.30211157367e-006, +6.57168168462e+001
+2.28334957920e+007, +8.91945793934e+002, -8.58195381205e+001, -6.20053495709e-006, +6.50211573544e+001
+2.30010093780e+007, +8.84197213377e+002, -8.58335970946e+001, -6.10201299170e-006, +6.42399155963e+001
+2.31697518950e+007, +8.76759672490e+002, -8.58556755155e+001, -6.00678685957e-006, +6.33625896825e+001
+2.33397323590e+007, +8.69584725773e+002, -8.58972466834e+001, -5.91455109341e-006, +6.22147659153e+001
+2.35109598520e+007, +8.62982629632e+002, -8.59709974196e+001, -5.82743163810e-006, +6.06343869352e+001
+2.36834435240e+007, +8.56355606472e+002, -8.60381774470e+001, -5.74103715065e-006, +5.91671154253e+001
+2.38571925880e+007, +8.49773444540e+002, -8.60932473397e+001, -5.65579405202e-006, +5.78975065381e+001
+2.40322163300e+007, +8.43294170456e+002, -8.61359551059e+001, -5.57207595136e-006, +5.68289157415e+001
+2.42085241000e+007, +8.36909062949e+002, -8.61735247813e+001, -5.48985473103e-006, +5.58510904525e+001
+2.43861253180e+007, +8.30277752683e+002, -8.62002605609e+001, -5.40685846686e-006, +5.50219775778e+001
+2.45650294740e+007, +8.23663740801e+002, -8.62212109496e+001, -5.32485244348e-006, +5.42831543015e+001
+2.47452461260e+007, +8.17248442853e+002, -8.62433438795e+001, -5.24503379870e-006, +5.35453426319e+001
+2.49267849030e+007, +8.10835207050e+002, -8.62671030596e+001, -5.16611519827e-006, +5.27896375726e+001
+2.51096555050e+007, +8.04317505405e+002, -8.62907100631e+001, -5.08740319713e-006, +5.20346047095e+001
+2.52938677010e+007, +7.97751186847e+002, -8.63153601638e+001, -5.00926123753e-006, +5.12673039567e+001
+2.54794313360e+007, +7.91257273969e+002, -8.63421451164e+001, -4.93244755407e-006, +5.04808317748e+001
+2.56663563230e+007, +7.84721908237e+002, -8.63668243292e+001, -4.85621569638e-006, +4.97265647736e+001
+2.58546526490e+007, +7.78275001472e+002, -8.63916376675e+001, -4.78137366255e-006, +4.89816564351e+001
+2.60443303750e+007, +7.71975620183e+002, -8.64168966867e+001, -4.70826319448e-006, +4.82455395968e+001
+2.62353996360e+007, +7.65745927339e+002, -8.64390359801e+001, -4.63636725740e-006, +4.75608953712e+001
+2.64278706400e+007, +7.59305268457e+002, -8.64586936956e+001, -4.56398602915e-006, +4.69008513005e+001
+2.66217536710e+007, +7.53047846840e+002, -8.64769473107e+001, -4.49349762365e-006, +4.62748876754e+001
+2.68170590870e+007, +7.46884396888e+002, -8.64985955724e+001, -4.42436466394e-006, +4.56144750149e+001
+2.70137973250e+007, +7.40898404031e+002, -8.65237334628e+001, -4.35705774863e-006, +4.49244338948e+001
+2.72119788950e+007, +7.35047257043e+002, -8.65504699778e+001, -4.29128830754e-006, +4.42272728023e+001
+2.74116143860e+007, +7.29927648517e+002, -8.65706919266e+001, -4.23045393525e-006, +4.36620732506e+001
+2.76127144650e+007, +7.24795821772e+002, -8.65983901460e+001, -4.17023836184e-006, +4.30053406816e+001
+2.78152898760e+007, +7.19512716125e+002, -8.66250670018e+001, -4.10980442257e-006, +4.23574518951e+001
+2.80193514440e+007, +7.14111901555e+002, -8.66596951686e+001, -4.04939240062e-006, +4.16086570176e+001
+2.82249100700e+007, +7.08580698341e+002, -8.66953233342e+001, -3.98890873405e-006, +4.08464990178e+001
+2.84319767370e+007, +7.02632359191e+002, -8.67416432145e+001, -3.92679809016e-006, +3.99365031610e+001
+2.86405625100e+007, +6.96483020152e+002, -8.67985016780e+001, -3.86429960163e-006, +3.88969154595e+001
+2.88506785330e+007, +6.90392974653e+002, -8.68514370653e+001, -3.80280792091e-006, +3.79199282132e+001
+2.90623360310e+007, +6.84441185279e+002, -8.69011526057e+001, -3.74274499282e-006, +3.70000182559e+001
+2.92755463150e+007, +6.78629951844e+002, -8.69467344366e+001, -3.68409826673e-006, +3.61467621614e+001
+2.94903207750e+007, +6.72886196007e+002, -8.69960584847e+001, -3.62647838817e-006, +3.52623684592e+001
+2.97066708860e+007, +6.67252592411e+002, -8.70549713453e+001, -3.57011708614e-006, +3.42819810518e+001
+2.99246082100e+007, +6.61756080069e+002, -8.71037144299e+001, -3.51507415585e-006, +3.34373395686e+001
+3.01441443880e+007, +6.56337483889e+002, -8.71417874278e+001, -3.46101734109e-006, +3.27279617919e+001
+3.03652911520e+007, +6.51128255362e+002, -8.71692408705e+001, -3.40862292338e-006, +3.21566004157e+001
+3.05880603170e+007, +6.46021660290e+002, -8.71914630744e+001, -3.35732439378e-006, +3.16541497075e+001
+3.08124637860e+007, +6.41482069403e+002, -8.71603284195e+001, -3.30936460771e-006, +3.17798755944e+001
+3.10385135480e+007, +6.36904686432e+002, -8.71315722686e+001, -3.26173884747e-006, +3.18723652322e+001
+3.12662216810e+007, +6.32238162383e+002, -8.71147854494e+001, -3.21421235255e-006, +3.18238432641e+001
+3.14956003510e+007, +6.27485295769e+002, -8.71086765844e+001, -3.16679964728e-006, +3.16514240805e+001
+3.17266618130e+007, +6.22640434775e+002, -8.71149342455e+001, -3.11948039201e-006, +3.13391246539e+001
+3.19594184150e+007, +6.17468516371e+002, -8.71450372098e+001, -3.07111945329e-006, +3.07547999754e+001
+3.21938825900e+007, +6.12134490438e+002, -8.71933982811e+001, -3.02254223499e-006, +2.99730757342e+001
+3.24300668680e+007, +6.06893804250e+002, -8.72386364625e+001, -2.97495511630e-006, +2.92378556936e+001
+3.26679838660e+007, +6.01797722526e+002, -8.72857052073e+001, -2.92860518364e-006, +2.84985304266e+001
+3.29076462970e+007, +5.96737674540e+002, -8.73308608482e+001, -2.88293829983e-006, +2.77891297211e+001
+3.31490669650e+007, +5.91850052984e+002, -8.73832596768e+001, -2.83862110083e-006, +2.70208308214e+001
+3.33922587700e+007, +5.87233103995e+002, -8.74493074498e+001, -2.79611074694e-006, +2.61337992502e+001
+3.36372347060e+007, +5.82589294917e+002, -8.75043724098e+001, -2.75391317087e-006, +2.53677712655e+001
+3.38840078610e+007, +5.77975604326e+002, -8.75485100660e+001, -2.71229682005e-006, +2.47220495068e+001
+3.41325914190e+007, +5.73361940235e+002, -8.75794880281e+001, -2.67111181960e-006, +2.42149888796e+001
+3.43829986640e+007, +5.68767974626e+002, -8.75998193870e+001, -2.63045175869e-006, +2.38193221077e+001
+3.46352429740e+007, +5.64212011188e+002, -8.75827844342e+001, -2.59034502384e-006, +2.37961248640e+001
+3.48893378260e+007, +5.59667529236e+002, -8.75584912514e+001, -2.55072181883e-006, +2.38415409777e+001
+3.51452967960e+007, +5.55141762273e+002, -8.75399332501e+001, -2.51163413721e-006, +2.38283906589e+001
+3.54031335610e+007, +5.50601759192e+002, -8.75227079599e+001, -2.47291936088e-006, +2.37988979733e+001
+3.56628618950e+007, +5.46051857976e+002, -8.75089139747e+001, -2.43459779783e-006, +2.37335743146e+001
+3.59244956780e+007, +5.41363238379e+002, -8.74970993606e+001, -2.39609318274e-006, +2.36413135822e+001
+3.61880488860e+007, +5.36613243370e+002, -8.74886033533e+001, -2.35775687972e-006, +2.35133760819e+001
+3.64535356020e+007, +5.32002674297e+002, -8.74832017560e+001, -2.32046575486e-006, +2.33614563032e+001
+3.67209700110e+007, +5.27517015731e+002, -8.74848295057e+001, -2.28414607792e-006, +2.31495086622e+001
+3.69903664020e+007, +5.23170916208e+002, -8.74929827879e+001, -2.24884341484e-006, +2.28844082458e+001
+3.72617391670e+007, +5.18986679862e+002, -8.75110907621e+001, -2.21464099613e-006, +2.25375158037e+001
+3.75351028070e+007, +5.15157135062e+002, -8.75594241163e+001, -2.18236870022e-006, +2.19370417556e+001
+3.78104719280e+007, +5.11273910841e+002, -8.75980480658e+001, -2.15020530129e-006, +2.14273318758e+001
+3.80878612410e+007, +5.07371398257e+002, -8.76330180263e+001, -2.11830663622e-006, +2.09543773690e+001
+3.83672855680e+007, +5.03451374493e+002, -8.76605938554e+001, -2.08667338880e-006, +2.05503795847e+001
+3.86487598390e+007, +4.99488675271e+002, -8.76796121625e+001, -2.05519942484e-006, +2.02229669294e+001
+3.89322990910e+007, +4.95206438201e+002, -8.76763054737e+001, -2.02273552214e-006, +2.00781467367e+001
+3.92179184760e+007, +4.90979900531e+002, -8.76670798712e+001, -1.99085303290e-006, +1.99857726654e+001
+3.95056332520e+007, +4.86859068639e+002, -8.76626146167e+001, -1.95975997202e-006, +1.98559416165e+001
+3.97954587930e+007, +4.82867253089e+002, -8.76558848294e+001, -1.92952672955e-006, +1.97498091729e+001
+4.00874105840e+007, +4.78993817674e+002, -8.76576192315e+001, -1.90011113646e-006, +1.95768938342e+001
+4.03815042230e+007, +4.75431276460e+002, -8.76554882819e+001, -1.87224075433e-006, +1.94489571702e+001
+4.06777554240e+007, +4.72058586918e+002, -8.76573603402e+001, -1.84542304862e-006, +1.92955761398e+001
+4.09761800160e+007, +4.68621569683e+002, -8.76627351749e+001, -1.81865151761e-006, +1.91111626797e+001
+4.12767939430e+007, +4.65081339544e+002, -8.76724122173e+001, -1.79177977032e-006, +1.88883008216e+001
+4.15796132660e+007, +4.61489650730e+002, -8.76863447054e+001, -1.76501122519e-006, +1.86303045461e+001
+4.18846541660e+007, +4.57813950586e+002, -8.77024687579e+001, -1.73822087244e-006, +1.83531840916e+001
+4.21919329400e+007, +4.53923586064e+002, -8.77338672117e+001, -1.71093567784e-006, +1.79486684997e+001
+4.25014660060e+007, +4.50083475741e+002, -8.77622199027e+001, -1.68413912300e-006, +1.75742752450e+001
+4.28132699030e+007, +4.46326733841e+002, -8.77866230708e+001, -1.65794644256e-006, +1.72376327273e+001
+4.31273612890e+007, +4.42633956470e+002, -8.78069766561e+001, -1.63227666175e-006, +1.69378898196e+001
+4.34437569470e+007, +4.39011445605e+002, -8.78251422005e+001, -1.60714717506e-006, +1.66601834921e+001
+4.37624737810e+007, +4.35459309689e+002, -8.78294862548e+001, -1.58253799939e-006, +1.64923904275e+001
+4.40835288200e+007, +4.31958510692e+002, -8.78354769404e+001, -1.55838885159e-006, +1.63146706849e+001
+4.44069392190e+007, +4.28487380116e+002, -8.78481435972e+001, -1.53462038573e-006, +1.60889087193e+001
+4.47327222560e+007, +4.25039021136e+002, -8.78664342756e+001, -1.51120168502e-006, +1.58238377938e+001
+4.50608953380e+007, +4.21611644759e+002, -8.78872245147e+001, -1.48811871272e-006, +1.55433593298e+001
+4.53914759990e+007, +4.18185646373e+002, -8.79194453525e+001, -1.46530676827e-006, +1.51820413363e+001
+4.57244819030e+007, +4.14787050634e+002, -8.79588868373e+001, -1.44284903217e-006, +1.47733088616e+001
+4.60599308400e+007, +4.11396535581e+002, -8.80006952097e+001, -1.42066938993e-006, +1.43525433151e+001
+4.63978407350e+007, +4.08048314281e+002, -8.80423628389e+001, -1.39887981362e-006, +1.39391616225e+001
+4.67382296410e+007, +4.04715620184e+002, -8.80830466133e+001, -1.37738301823e-006, +1.35381044396e+001
+4.70811157460e+007, +4.01393250111e+002, -8.81243781922e+001, -1.35615930157e-006, +1.31375728194e+001
+4.74265173690e+007, +3.98083246747e+002, -8.81615640893e+001, -1.33520882229e-006, +1.27710098068e+001
+4.77744529650e+007, +3.94761686818e+002, -8.82001104277e+001, -1.31445305484e-006, +1.23990037785e+001
+4.81249411240e+007, +3.91416310634e+002, -8.82396821574e+001, -1.29384972200e-006, +1.20237254797e+001
+4.84780005730e+007, +3.88067324234e+002, -8.82773150013e+001, -1.27346255214e-006, +1.16660781174e+001
+4.88336501750e+007, +3.84682814190e+002, -8.83107774303e+001, -1.25318432161e-006, +1.13397664381e+001
+4.91919089320e+007, +3.82750048095e+002, -8.81595855233e+001, -1.23770636229e-006, +1.22923120658e+001
+4.95527959860e+007, +3.79418591658e+002, -8.81918962356e+001, -1.21801963476e-006, +1.19714633413e+001
+4.99163306200e+007, +3.76018225265e+002, -8.82050855925e+001, -1.19832117348e-006, +1.17776588021e+001
+5.02825322560e+007, +3.72609995171e+002, -8.81957512638e+001, -1.17880542825e-006, +1.17315798060e+001
+5.06514204600e+007, +3.69191611818e+002, -8.81661040414e+001, -1.15946548823e-006, +1.18148912674e+001
+5.10230149430e+007, +3.65690497035e+002, -8.81007312214e+001, -1.14006349297e-006, +1.21198692059e+001
+5.13973355570e+007, +3.62187300896e+002, -8.80131527511e+001, -1.12086052376e-006, +1.25570615428e+001
+5.17744023030e+007, +3.58846603603e+002, -8.79253044098e+001, -1.10237434004e-006, +1.29910926695e+001
+5.21542353270e+007, +3.55637294623e+002, -8.78461432712e+001, -1.08450338837e-006, +1.33659300744e+001
+5.25368549240e+007, +3.52582517550e+002, -8.77761839636e+001, -1.06730767790e-006, +1.36813185306e+001
+5.29222815370e+007, +3.49680100199e+002, -8.77168573550e+001, -1.05076982633e-006, +1.39304899079e+001
+5.33105357580e+007, +3.46946085541e+002, -8.76966572852e+001, -1.03494685052e-006, +1.39437933080e+001
+5.37016383330e+007, +3.44250842829e+002, -8.76766882150e+001, -1.01941369735e-006, +1.39553538661e+001
+5.40956101560e+007, +3.41613401604e+002, -8.76559048872e+001, -1.00422133530e-006, +1.39722496226e+001
+5.44924722790e+007, +3.38999772716e+002, -8.76383722578e+001, -9.89268094151e-007, +1.39689973914e+001
+5.48922459050e+007, +3.36434883647e+002, -8.76165348296e+001, -9.74617642814e-007, +1.39914244627e+001
+5.52949523950e+007, +3.33944072794e+002, -8.75713709554e+001, -9.60324736919e-007, +1.41508404367e+001
+5.57006132630e+007, +3.31451439745e+002, -8.75294334790e+001, -9.46185305739e-007, +1.42875986123e+001
+5.61092501850e+007, +3.28924888933e+002, -8.74994092351e+001, -9.32113201280e-007, +1.43508903919e+001
+5.65208849940e+007, +3.26405456566e+002, -8.74776433728e+001, -9.18221817690e-007, +1.43648460902e+001
+5.69355396830e+007, +3.23876802725e+002, -8.74660381821e+001, -9.04464797617e-007, +1.43190990356e+001
+5.73532364070e+007, +3.21324975581e+002, -8.74780155470e+001, -8.90811527472e-007, +1.41391729412e+001
+5.77739974830e+007, +3.18754853109e+002, -8.75104211043e+001, -8.77272290270e-007, +1.38459704071e+001
+5.81978453930e+007, +3.16181673886e+002, -8.75385462641e+001, -8.63871265925e-007, +1.35791361254e+001
+5.86248027820e+007, +3.13620494147e+002, -8.75611347846e+001, -8.50647455476e-007, +1.33456104979e+001
+5.90548924620e+007, +3.11102272670e+002, -8.75834318903e+001, -8.37685568248e-007, +1.31174924302e+001
+5.94881374140e+007, +3.08592161509e+002, -8.75983313022e+001, -8.24884234441e-007, +1.29314781314e+001
+5.99245607840e+007, +3.06116929659e+002, -8.76009836544e+001, -8.12310030542e-007, +1.28135957370e+001
+6.03641858910e+007, +3.03641154852e+002, -8.76041759162e+001, -7.99874085410e-007, +1.26930608108e+001
+6.08070362240e+007, +3.01190718138e+002, -8.76114959019e+001, -7.87644791850e-007, +1.25521796652e+001
+6.12531354440e+007, +2.98740797575e+002, -8.76231587958e+001, -7.75554903318e-007, +1.23893208887e+001
+6.17025073850e+007, +2.96302073014e+002, -8.76378664376e+001, -7.63629726956e-007, +1.22121878185e+001
+6.21551760580e+007, +2.93920579809e+002, -8.76576078818e+001, -7.51986061439e-007, +1.20128478474e+001
+6.26111656490e+007, +2.91537190555e+002, -8.76777497660e+001, -7.40466626618e-007, +1.18130334614e+001
+6.30705005200e+007, +2.89151550790e+002, -8.77024391656e+001, -7.29071482842e-007, +1.15918703461e+001
+6.35332052140e+007, +2.86759922009e+002, -8.77276859623e+001, -7.17787988553e-007, +1.13697343819e+001
+6.39993044520e+007, +2.84343991397e+002, -8.77539662289e+001, -7.06569942658e-007, +1.11436245046e+001
+6.44688231390e+007, +2.81903765013e+002, -8.77826149699e+001, -6.95418041826e-007, +1.09071413013e+001
+6.49417863590e+007, +2.79418665129e+002, -8.78093943678e+001, -6.84279949877e-007, +1.06804897727e+001
+6.54182193850e+007, +2.76950363990e+002, -8.78374710740e+001, -6.73308259160e-007, +1.04505251723e+001
+6.58981476700e+007, +2.74514096310e+002, -8.78655086340e+001, -6.62536999615e-007, +1.02243559272e+001
+6.63815968570e+007, +2.72094916749e+002, -8.78910643727e+001, -6.51926451850e-007, +1.00129731156e+001
+6.68685927780e+007, +2.69690022335e+002, -8.79181051031e+001, -6.41469578211e-007, +9.79727902489e+000
+6.73591614510e+007, +2.67342200936e+002, -8.79492094444e+001, -6.31266470904e-007, +9.56694901131e+000
+6.78533290870e+007, +2.64978311625e+002, -8.79799405889e+001, -6.21139749453e-007, +9.34032227240e+000
+6.83511220900e+007, +2.62610500260e+002, -8.80081060243e+001, -6.11116585171e-007, +9.12784353225e+000
+6.88525670560e+007, +2.60233624881e+002, -8.80336826374e+001, -6.01184265363e-007, +8.92912986502e+000
+6.93576907780e+007, +2.57862479845e+002, -8.80566490793e+001, -5.91376145848e-007, +8.74446974407e+000
+6.98665202440e+007, +2.55499213454e+002, -8.80604946935e+001, -5.81690156904e-007, +8.64718923186e+000
+7.03790826390e+007, +2.53117443649e+002, -8.80593754382e+001, -5.72070360919e-007, +8.57152166282e+000
+7.08954053510e+007, +2.50755753297e+002, -8.80593330468e+001, -5.62605247771e-007, +8.49173124348e+000
+7.14155159660e+007, +2.48419455727e+002, -8.80646565168e+001, -5.53305969356e-007, +8.38954560705e+000
+7.19394422740e+007, +2.46084161284e+002, -8.80740413334e+001, -5.44115780371e-007, +8.27039405218e+000
+7.24672122670e+007, +2.43735495866e+002, -8.81045585613e+001, -5.35007252293e-007, +8.06171242091e+000
+7.29988541430e+007, +2.41385617662e+002, -8.81470784536e+001, -5.26003139206e-007, +7.80494928744e+000
+7.35343963090e+007, +2.39024574299e+002, -8.81708745168e+001, -5.17071747240e-007, +7.62938708160e+000
+7.40738673780e+007, +2.36657554802e+002, -8.81789589699e+001, -5.08225079574e-007, +7.52045904743e+000
+7.46172961730e+007, +2.34306144671e+002, -8.81695929008e+001, -4.99508228013e-007, +7.48401866830e+000
+7.51647117300e+007, +2.32014554320e+002, -8.81445073410e+001, -4.91013678726e-007, +7.51235189860e+000
+7.57161432970e+007, +2.29715850179e+002, -8.80864280979e+001, -4.82592258172e-007, +7.67065366034e+000
+7.62716203360e+007, +2.27477974659e+002, -8.80360234580e+001, -4.74396329296e-007, +7.79593063104e+000
+7.68311725270e+007, +2.25279803569e+002, -8.79862620391e+001, -4.66376479135e-007, +7.91613456570e+000
+7.73948297650e+007, +2.23108776359e+002, -8.79434457466e+001, -4.58505990404e-007, +8.00646730967e+000
+7.79626221680e+007, +2.20967258568e+002, -8.79046438685e+001, -4.50786745626e-007, +8.07916228612e+000
+7.85345800700e+007, +2.18879117509e+002, -8.78792622240e+001, -4.43267580837e-007, +8.09971053989e+000
+7.91107340330e+007, +2.16806787029e+002, -8.78582096423e+001, -4.35867098170e-007, +8.10263080873e+000
+7.96911148400e+007, +2.14733823655e+002, -8.78358145425e+001, -4.28549310905e-007, +8.10903218080e+000
+8.02757534990e+007, +2.12708001006e+002, -8.78196698845e+001, -4.21410196623e-007, +8.09242391853e+000
+8.08646812490e+007, +2.10661047659e+002, -8.78103202575e+001, -4.14312714359e-007, +8.04889912817e+000
+8.14579295550e+007, +2.08575591682e+002, -8.77866328233e+001, -4.07217201534e-007, +8.05538485367e+000
+8.20555301130e+007, +2.06528775547e+002, -8.77524240015e+001, -4.00275135670e-007, +8.09955083287e+000
+8.26575148550e+007, +2.04511088606e+002, -8.77213683658e+001, -3.93469535507e-007, +8.13118538379e+000
+8.32639159420e+007, +2.02510244387e+002, -8.76866889556e+001, -3.86773065302e-007, +8.17410848609e+000
+8.38747657750e+007, +2.00529345741e+002, -8.76541104861e+001, -3.80191696294e-007, +8.20807870187e+000
+8.44900969920e+007, +1.98557475490e+002, -8.76194188528e+001, -3.73702146514e-007, +8.24748696353e+000
+8.51099424680e+007, +1.96614163413e+002, -8.75855811359e+001, -3.67340592941e-007, +8.28278222452e+000
+8.57343353230e+007, +1.94672386412e+002, -8.75480625578e+001, -3.61053785838e-007, +8.32834178196e+000
+8.63633089160e+007, +1.92744272268e+002, -8.75084680886e+001, -3.54863709461e-007, +8.37892725836e+000
+8.69968968550e+007, +1.90835011047e+002, -8.74666951314e+001, -3.48778559559e-007, +8.43492777926e+000
+8.76351329900e+007, +1.88944756859e+002, -8.74296148692e+001, -3.42799007362e-007, +8.47353696297e+000
+8.82780514230e+007, +1.87070244306e+002, -8.73953406546e+001, -3.36917209801e-007, +8.50126230736e+000
+8.89256865050e+007, +1.85193346835e+002, -8.73671370731e+001, -3.31100316783e-007, +8.50703351787e+000
+8.95780728380e+007, +1.83325282711e+002, -8.73411800732e+001, -3.25366622331e-007, +8.50418645695e+000
+9.02352452780e+007, +1.81446392413e+002, -8.73155709355e+001, -3.19679971017e-007, +8.49803935253e+000
+9.08972389390e+007, +1.79565403539e+002, -8.72886377833e+001, -3.14054952915e-007, +8.49425840622e+000
+9.15640891900e+007, +1.77694290525e+002, -8.72619301962e+001, -3.08512192575e-007, +8.48848221407e+000
+9.22358316610e+007, +1.75822678812e+002, -8.72344135884e+001, -3.03032520228e-007, +8.48341746873e+000
+9.29125022420e+007, +1.73969562926e+002, -8.72011163176e+001, -2.97646557347e-007, +8.49498762377e+000
+9.35941370880e+007, +1.72142646203e+002, -8.71676134400e+001, -2.92367496037e-007, +8.50631511599e+000
+9.42807726170e+007, +1.70337804725e+002, -8.71343015471e+001, -2.87186886411e-007, +8.51604243069e+000
+9.49724455180e+007, +1.68539869501e+002, -8.71031341165e+001, -2.82078401627e-007, +8.51772007123e+000
+9.56691927440e+007, +1.66781718129e+002, -8.70728992498e+001, -2.77095503435e-007, +8.51676280355e+000
+9.63710515240e+007, +1.64995328957e+002, -8.70344765744e+001, -2.72121719455e-007, +8.53604022653e+000
+9.70780593570e+007, +1.63222957834e+002, -8.69892426108e+001, -2.67227048291e-007, +8.57303284383e+000
+9.77902540170e+007, +1.61452540110e+002, -8.69422706681e+001, -2.62392061798e-007, +8.61222005648e+000
+9.85076735580e+007, +1.59683428875e+002, -8.68965699271e+001, -2.57615819545e-007, +8.64503590110e+000
+9.92303563110e+007, +1.57874334820e+002, -8.68439082750e+001, -2.52829588682e-007, +8.69198299522e+000
+9.99583408880e+007, +1.56069217948e+002, -8.67899736002e+001, -2.48105501859e-007, +8.73928703913e+000
+1.00691666184e+008, +1.54284466826e+002, -8.67370575162e+001, -2.43469282354e-007, +8.78161138361e+000
+1.01430371382e+008, +1.52517543480e+002, -8.66868172456e+001, -2.38916094596e-007, +8.81455717659e+000
+1.02174495950e+008, +1.50760872839e+002, -8.66417254629e+001, -2.34433590365e-007, +8.83148042581e+000
+1.02924079645e+008, +1.49021080452e+002, -8.66020254824e+001, -2.30031151041e-007, +8.83264104080e+000
+1.03679162518e+008, +1.47289435894e+002, -8.65659026508e+001, -2.25693842880e-007, +8.82270003651e+000
+1.04439784913e+008, +1.45574201858e+002, -8.65290308260e+001, -2.21432406683e-007, +8.81346881128e+000
+1.05205987469e+008, +1.43860446248e+002, -8.64909118918e+001, -2.17223124301e-007, +8.80524623972e+000
+1.05977811123e+008, +1.42147060363e+002, -8.64502426365e+001, -2.13063488693e-007, +8.80108164329e+000
+1.06755297115e+008, +1.40443270848e+002, -8.64049198164e+001, -2.08966250611e-007, +8.80647026348e+000
+1.07538486984e+008, +1.38754385905e+002, -8.63617688582e+001, -2.04940019381e-007, +8.80486049054e+000
+1.08327422577e+008, +1.37057581444e+002, -8.63118284891e+001, -2.00948326528e-007, +8.81640588304e+000
+1.09122146044e+008, +1.35357399465e+002, -8.62553911844e+001, -1.96997655210e-007, +8.84008841161e+000
+1.09922699849e+008, +1.33653073279e+002, -8.61914713170e+001, -1.93086332928e-007, +8.87756137026e+000
+1.10729126764e+008, +1.31950701474e+002, -8.61277874897e+001, -1.89224513146e-007, +8.91081858157e+000
+1.11541469877e+008, +1.30216558696e+002, -8.60466394681e+001, -1.85359712885e-007, +8.97770528770e+000
+1.12359772589e+008, +1.28479681336e+002, -8.59646782572e+001, -1.81537234829e-007, +9.04130011481e+000
+1.13184078623e+008, +1.26737267645e+002, -8.58860771147e+001, -1.77753710664e-007, +9.09210883389e+000
+1.14014432022e+008, +1.24989978742e+002, -8.58070115202e+001, -1.74008923665e-007, +9.13878617225e+000
+1.14850877149e+008, +1.23241666193e+002, -8.57233499757e+001, -1.70306978263e-007, +9.19041867040e+000
+1.15693458697e+008, +1.21522777740e+002, -8.56373460858e+001, -1.66689728990e-007, +9.24413085600e+000
+1.16542221683e+008, +1.19813580386e+002, -8.55609737427e+001, -1.63131623648e-007, +9.27334820684e+000
+1.17397211457e+008, +1.18074884503e+002, -8.54920776174e+001, -1.59578470016e-007, +9.28032465926e+000
+1.18258473700e+008, +1.16312660415e+002, -8.54117166121e+001, -1.56034565079e-007, +9.30444149306e+000
+1.19126054430e+008, +1.14539640175e+002, -8.53191952768e+001, -1.52517016345e-007, +9.34696264338e+000
+1.20000000000e+008, +1.12779266057e+002, -8.52121896926e+001, -1.49056215134e-007, +9.41321587312e+000
END
